SMILES,Tg,PID,Polymer Class,Tensile_Strength,Elastic_Modulus
*C*,-54.0,P010001,Polyolefins,24.28,0.66
*CC(*)C,-3.0,P010002,Polyolefins,27.7,1.03
*CC(*)CC,-24.1,P010003,Polyolefins,25.74,0.8
*CC(*)CCC,-37.0,P010004,Polyolefins,22.07,0.69
*CC(*)C(C)C,60.0,P010006,Polyolefins,35.07,1.18
*CC(*)CCCC,-50.0,P010007,Polyolefins,19.47,0.6
*CC(*)CC(C)C,35.2,P010008,Polyolefins,31.27,1.1
*CC(*)CCCCC,-45.5,P010009,Polyolefins,21.62,0.56
*CC(*)CCCCCCC,-47.0,P010012,Polyolefins,16.36,0.44
*CC(*)CCCCCCCC,-35.0,P010013,Polyolefins,18.08,0.42
*CC(*)(C)C,-72.0,P010014,Polyolefins,21.4,0.54
*CC(*)(C)CC,-5.0,P010015,Polyolefins,31.27,0.94
*CCC(*)(C)C,-12.0,P010016,Polyolefins,28.7,0.81
*CC(C)C(*)(C)C,37.0,P010017,Polyolefins,35.18,1.15
*CCCC(*)(C)C,-20.0,P010018,Polyolefins,28.42,0.81
*CCCC(*)(C)CC,-23.0,P010019,Polyolefins,26.9,0.65
*CCCCCCCC(*)C,-58.0,P010020,Polyolefins,16.77,0.36
*CC(*)C1CCCC1,75.0,P010023,Polyolefins,40.37,1.2
*CC(*)CC1CCCC1,60.0,P010024,Polyolefins,38.34,1.22
*CC(*)C1CCCCC1,119.7,P010025,Polyolefins,43.33,1.51
*CC(*)CC1CCCCC1,75.0,P010026,Polyolefins,40.57,1.34
*CC(*)Cc1ccccc1,70.0,P010027,Polyvinyls,52.01,1.84
*CC(*)CCc1ccccc1,10.0,P010028,Polyvinyls,41.13,1.52
*CC(*)CCCCCC,-54.0,P010040,Polyolefins,18.47,0.41
*CC(*)CCCCCCCCCC,-6.0,P010042,Polyolefins,18.95,0.44
*CC(*)CCCCCCCCCCCC,10.0,P010043,Polyolefins,15.96,0.45
*CC(*)CCCCCCCCCCCCCCCC,55.0,P010044,Polyolefins,17.4,0.44
*CC(*)CC(C)(C)C,190.0,P010055,Polyolefins,47.39,1.96
*CC(*)CCC1CCCCC1,40.0,P010060,Polyolefins,31.0,0.98
*CC(*)(C)CCC,27.0,P010065,Polyolefins,28.05,1.0
*/C=C/CCC*,-99.6,P010068,Polydienes,15.91,0.34
*/C=C/CCC*,-99.6,P010082,Polydienes,18.92,0.32
*/C=C/CCC*,-99.6,P010098,Polydienes,17.58,0.34
*/C=C/CC*,-69.0,P010070,Polydienes,20.78,0.59
*/C=C/CC*,-69.0,P010071,Polydienes,19.68,0.55
*/C=C/CC*,-69.0,P010072,Polydienes,20.68,0.51
*/C=C/CC*,-103.0,P010070,Polydienes,18.97,0.41
*/C=C/CC*,-103.0,P010071,Polydienes,19.7,0.35
*/C=C/CC*,-103.0,P010072,Polydienes,17.72,0.38
*/C=C/CC*,-91.0,P010070,Polydienes,18.73,0.47
*/C=C/CC*,-91.0,P010071,Polydienes,19.04,0.42
*/C=C/CC*,-91.0,P010072,Polydienes,20.47,0.44
*CCC(C)C(*)C,-26.0,P010075,Polyolefins,24.46,0.69
*CC(*)CCCCCCCCCCCCCC,-24.0,P010080,Polyolefins,10.71,0.19
*/C=C/CCCCCC*,-78.0,P010081,Polydienes,15.97,0.29
*/C=C/CCC*,-92.5,P010068,Polydienes,17.34,0.41
*/C=C/CCC*,-92.5,P010082,Polydienes,18.75,0.39
*/C=C/CCC*,-92.5,P010098,Polydienes,18.38,0.36
*CC(*)C1CCCC(C)C1,141.0,P010091,Polyolefins,43.8,1.62
*CC(*)C1CCC(C)CC1,132.0,P010092,Polyolefins,47.67,1.67
*CC/C=C(/*)CCCCCCC,-83.0,P010096,Polydienes,14.41,0.19
*CC/C=C(/*)C(C)C,-47.0,P010097,Polydienes,24.95,0.64
*/C=C/CCC*,-105.0,P010068,Polydienes,17.36,0.3
*/C=C/CCC*,-105.0,P010082,Polydienes,18.3,0.33
*/C=C/CCC*,-105.0,P010098,Polydienes,18.0,0.3
*/C=C/C1CCC(*)C1,31.0,P010103,Polydienes,38.48,1.2
*/C=C/CCCCCCCCCC*,-53.0,P010106,Polydienes,13.56,0.25
*/C=C/*,-4.0,P014362,Polydienes,29.61,1.0
*CC1(*)CCCCC1,100.0,P014500,Polyolefins,41.67,1.5
*CC/C=C(/*)C(C)(C)C,25.0,P014525,Polydienes,32.33,1.1
*CC/C=C(/*)C(C)(C)C,25.0,P060023,Polydienes,33.57,1.02
*CC(*)c1ccccc1,98.0,P020001,"Polystyrenes, Polyvinyls",52.35,2.1
*CC(*)c1ccccc1,98.0,P322231,"Polystyrenes, Polyvinyls",56.59,2.0
*CC(*)c1ccccc1C,131.0,P020002,"Polystyrenes, Polyvinyls",61.44,2.58
*CC(*)c1ccccc1COC,89.0,P020005,"Polystyrenes, Polyvinyls",56.28,2.06
*CC(*)c1ccccc1COCC,74.0,P020006,"Polystyrenes, Polyvinyls",47.06,1.93
*CC(*)c1ccccc1COCCC,97.0,P020007,"Polystyrenes, Polyvinyls",55.85,2.11
*CC(*)c1ccccc1COC(C)C,88.0,P020008,"Polystyrenes, Polyvinyls",48.71,2.07
*CC(*)c1ccccc1COCCCC,67.0,P020009,"Polystyrenes, Polyvinyls",50.35,1.64
*CC(*)c1ccccc1COCCCCC,47.0,P020010,"Polystyrenes, Polyvinyls",48.04,1.5
*CC(*)c1ccccc1COCCC(C)C,78.0,P020011,"Polystyrenes, Polyvinyls",47.43,1.81
*CC(*)c1ccccc1COCc1ccccc1,72.0,P020012,"Polystyrenes, Polyvinyls",70.64,2.55
*CC(*)c1ccccc1COCCc1ccccc1,63.0,P020013,"Polystyrenes, Polyvinyls",66.29,2.42
*CC(*)c1ccccc1C(=O)NC,189.0,P020014,"Polystyrenes, Polyvinyls",65.75,2.53
*CC(*)c1ccccc1C(=O)N(C)C,190.0,P020015,"Polystyrenes, Polyvinyls",68.74,2.66
*CC(*)c1ccccc1C(=O)Nc1ccccc1,191.0,P020016,"Polystyrenes, Polyvinyls",90.15,3.15
*CC(*)c1ccccc1C(=O)O,177.0,P020017,"Polystyrenes, Polyvinyls",58.7,2.58
*CC(*)c1ccccc1C(=O)OC,130.0,P020018,"Polystyrenes, Polyvinyls",60.94,2.1
*CC(*)c1ccccc1C(=O)OCC,118.0,P020019,"Polystyrenes, Polyvinyls",61.98,2.14
*CC(*)c1ccccc1C(=O)OCCC,108.0,P020020,"Polystyrenes, Polyvinyls",59.96,2.2
*CC(*)c1ccccc1C(=O)OC(C)C,146.0,P020021,"Polystyrenes, Polyvinyls",61.85,2.15
*CC(*)c1ccccc1C(=O)OCCCC,66.0,P020022,"Polystyrenes, Polyvinyls",53.27,1.78
*CC(*)c1ccccc1C(=O)OCC(C)C,127.0,P020023,"Polystyrenes, Polyvinyls",52.97,2.02
*CC(*)c1ccccc1C(=O)OCCCCC,92.0,P020024,"Polystyrenes, Polyvinyls",55.88,1.84
*CC(*)c1ccccc1C(=O)OCCC(C)C,68.0,P020025,"Polystyrenes, Polyvinyls",53.27,1.88
*CC(*)c1ccccc1C(=O)OCCCCCC,45.0,P020026,"Polystyrenes, Polyvinyls",46.23,1.47
*CC(*)c1ccccc1C(=O)Oc1ccccc1,124.0,P020027,"Polystyrenes, Polyvinyls",78.49,2.83
*CC(*)c1ccccc1C(=O)OCCN(C)C,69.0,P020028,"Polystyrenes, Polyvinyls",48.56,1.74
*CC(*)c1ccc(C(=O)OCCN(C)C)cc1,91.0,P020029,"Polystyrenes, Polyvinyls",57.87,2.02
*CC(*)c1ccccc1Cl,119.0,P020032,"Polystyrenes, Polyvinyls",57.36,2.36
*CC(*)c1ccccc1F,160.5,P020033,"Polystyrenes, Polyvinyls",62.54,2.34
*CC(*)c1cccc(C)c1,75.0,P020035,"Polystyrenes, Polyvinyls",53.28,2.12
*CC(*)c1cccc(Cl)c1,90.0,P020039,"Polystyrenes, Polyvinyls",59.6,2.29
*CC(*)c1cccc(F)c1,86.0,P020040,"Polystyrenes, Polyvinyls",53.72,2.26
*CC(*)c1ccc(C)cc1,103.0,P020041,"Polystyrenes, Polyvinyls",60.98,2.36
*CC(*)c1ccc(CC)cc1,71.4,P020042,"Polystyrenes, Polyvinyls",56.47,1.84
*CC(*)c1ccc(C(C)C)cc1,62.4,P020043,"Polystyrenes, Polyvinyls",49.1,2.08
*CC(*)c1ccc(CCCC)cc1,6.0,P020045,"Polystyrenes, Polyvinyls",39.59,1.69
*CC(*)c1ccc(C(C)(C)C)cc1,138.0,P020046,"Polystyrenes, Polyvinyls",66.25,2.52
*CC(*)c1ccc(CCCCCC)cc1,-27.0,P020049,"Polystyrenes, Polyvinyls",38.1,1.44
*CC(*)c1ccc(CCCCCCCC)cc1,-45.0,P020050,"Polystyrenes, Polyvinyls",36.45,1.1
*CC(*)c1ccc(CCCCCCCCC)cc1,-53.0,P020051,"Polystyrenes, Polyvinyls",30.38,1.08
*CC(*)c1ccc(CCCCCCCCCC)cc1,-65.0,P020052,"Polystyrenes, Polyvinyls",28.77,0.86
*CC(*)c1ccc(CCCCCCCCCCCC)cc1,-52.0,P020053,"Polystyrenes, Polyvinyls",26.49,0.97
*CC(*)c1ccc(CCCCCCCCCCCCCC)cc1,-36.0,P020054,"Polystyrenes, Polyvinyls",28.56,0.79
*CC(*)c1ccc(CCCCCCCCCCCCCCCC)cc1,4.5,P020055,"Polystyrenes, Polyvinyls",29.1,0.93
*CC(*)c1ccc(CCCCCCCCCCCCCCCCCC)cc1,32.0,P020056,"Polystyrenes, Polyvinyls",26.56,1.0
*CC(*)c1ccc(-c2ccccc2)cc1,161.5,P020058,"Polystyrenes, Polyvinyls",80.02,2.95
*CC(*)c1ccc(COCCOCC)cc1,0.0,P020059,"Polystyrenes, Polyvinyls",39.87,1.3
*CC(*)c1ccc(C#N)cc1,180.0,P020060,"Polystyrenes, Polyvinyls",65.03,2.77
*CC(*)c1ccc(Cl)cc1,124.0,P020061,"Polystyrenes, Polyvinyls",63.08,2.18
*CC(*)c1ccc(Br)cc1,132.0,P020062,"Polystyrenes, Polyvinyls",60.16,2.15
*CC(*)c1ccc(C(F)(F)C(F)(F)C(F)(F)C(F)(F)C(F)(F)C(F)(F)C(F)(F)F)cc1,42.0,P020063,"Polystyrenes, Polyvinyls",61.07,1.72
*CC(*)c1ccc(/C(C)=N/O)cc1,134.0,P020064,"Polystyrenes, Polyvinyls",64.3,2.41
*CC(*)c1ccc(C(C)(C)O)cc1,170.0,P020065,"Polystyrenes, Polyvinyls",58.94,2.42
*CC(*)c1ccc(C(C)(O)CC)cc1,190.0,P020066,"Polystyrenes, Polyvinyls",65.15,2.75
*CC(*)c1ccc(C(C)(O)CCC)cc1,135.0,P020067,"Polystyrenes, Polyvinyls",54.98,2.28
*CC(*)c1ccc(C(C)(O)CCCC)cc1,90.0,P020068,"Polystyrenes, Polyvinyls",57.07,1.88
*CC(*)c1ccc(C(C)(O)CCCCC)cc1,100.0,P020069,"Polystyrenes, Polyvinyls",49.22,2.0
*CC(*)c1ccc(C(O)CCN(C)C)cc1,43.0,P020070,"Polystyrenes, Polyvinyls",49.45,1.59
*CC(*)c1ccc(C(O)CCN2CCCCC2)cc1,54.0,P020071,"Polystyrenes, Polyvinyls",49.23,1.82
*CC(*)c1ccc(C(O)CCN2CCOCC2)cc1,50.0,P020072,"Polystyrenes, Polyvinyls",51.2,1.7
*CC(*)c1ccc(COC)cc1,77.0,P020074,"Polystyrenes, Polyvinyls",50.28,2.05
*CC(*)c1ccc(COCCO)cc1,46.0,P020075,"Polystyrenes, Polyvinyls",46.71,1.6
*CC(*)c1ccc(COCCC)cc1,22.0,P020076,"Polystyrenes, Polyvinyls",44.41,1.56
*CC(*)c1ccc(COCCCC)cc1,10.0,P020077,"Polystyrenes, Polyvinyls",41.1,1.44
*CC(*)c1ccc(COCCCCO)cc1,20.0,P020078,"Polystyrenes, Polyvinyls",40.01,1.42
*CC(*)c1ccc(COC(C)CC)cc1,40.0,P020079,"Polystyrenes, Polyvinyls",46.71,1.66
*CC(*)c1ccc(COCCCCCC)cc1,-20.0,P020080,"Polystyrenes, Polyvinyls",39.35,1.27
*CC(*)c1ccc(COCCOCCCC)cc1,-38.0,P020083,"Polystyrenes, Polyvinyls",31.6,1.05
*CC(*)c1ccc(C(=O)N(C)C)cc1,125.0,P020084,"Polystyrenes, Polyvinyls",57.73,2.23
*CC(*)c1ccc(C(=O)N(CC)CC)cc1,102.0,P020085,"Polystyrenes, Polyvinyls",49.91,1.86
*CC(*)c1ccc(C(=O)N2CCCCC2)cc1,114.0,P020086,"Polystyrenes, Polyvinyls",56.44,2.22
*CC(*)c1ccc(C(=O)CCN2CCCCC2)cc1,38.0,P020087,"Polystyrenes, Polyvinyls",48.49,1.82
*CC(*)c1ccc(C(=O)N2CCOCC2)cc1,127.0,P020088,"Polystyrenes, Polyvinyls",56.9,2.15
*CC(*)c1ccc(C(=O)OC)cc1,122.0,P020090,"Polystyrenes, Polyvinyls",56.9,2.43
*CC(*)c1ccc(C(=O)OCC)cc1,94.0,P020091,"Polystyrenes, Polyvinyls",56.6,2.01
*CC(*)c1ccc(C(=O)OCCC)cc1,92.0,P020092,"Polystyrenes, Polyvinyls",51.44,1.86
*CC(*)c1ccc(C(=O)OC(C)C)cc1,95.0,P020093,"Polystyrenes, Polyvinyls",55.97,2.16
*CC(*)c1ccc(C(=O)OCCCC)cc1,76.0,P020094,"Polystyrenes, Polyvinyls",54.36,1.82
*CC(*)c1ccc(C(=O)OCC(C)C)cc1,90.0,P020095,"Polystyrenes, Polyvinyls",58.21,2.04
*CC(*)c1ccc(C(=O)OCCCCCC)cc1,66.0,P020096,"Polystyrenes, Polyvinyls",50.48,1.73
*CC(*)c1ccc(C(=O)CC)cc1,102.0,P020098,"Polystyrenes, Polyvinyls",53.76,2.19
*CC(*)c1ccc(C(=O)CCC)cc1,74.0,P020099,"Polystyrenes, Polyvinyls",52.77,1.96
*CC(*)c1ccc(C(=O)CCCC)cc1,70.0,P020100,"Polystyrenes, Polyvinyls",46.11,1.83
*CC(*)c1ccc(C(=O)CCCCC)cc1,66.0,P020101,"Polystyrenes, Polyvinyls",45.19,1.71
*CC(*)c1ccc(C(=O)CCCCCCC)cc1,50.0,P020102,"Polystyrenes, Polyvinyls",42.48,1.54
*CC(*)c1ccc(C(=O)Cc2ccccc2)cc1,78.0,P020103,"Polystyrenes, Polyvinyls",67.43,2.97
*CC(*)c1ccc(C(=O)c2ccccc2)cc1,98.0,P020104,"Polystyrenes, Polyvinyls",76.44,2.9
*CC(*)c1ccc(C(=O)c2ccc(C)cc2)cc1,99.0,P020105,"Polystyrenes, Polyvinyls",79.49,2.86
*CC(*)c1ccc(F)cc1,95.0,P020108,"Polystyrenes, Polyvinyls",54.75,2.21
*CC(*)c1ccc(I)cc1,158.0,P020110,"Polystyrenes, Polyvinyls",73.8,2.28
*CC(*)c1ccc(OC)cc1,108.4,P020112,"Polystyrenes, Polyvinyls",52.28,2.22
*CC(*)c1ccc(OCC)cc1,86.0,P020113,"Polystyrenes, Polyvinyls",49.66,2.0
*CC(*)c1ccc(OCCC)cc1,70.0,P020114,"Polystyrenes, Polyvinyls",49.98,1.88
*CC(*)c1ccc(OCCCC)cc1,52.0,P020115,"Polystyrenes, Polyvinyls",50.98,1.68
*CC(*)c1ccc(OCCC(C)C)cc1,57.0,P020116,"Polystyrenes, Polyvinyls",49.37,1.76
*CC(*)c1ccc(Oc2ccccc2)cc1,85.0,P020117,"Polystyrenes, Polyvinyls",72.31,3.01
*CC(*)c1ccc(S(=O)(=O)OCCC)cc1,217.0,P020119,"Polystyrenes, Polyvinyls",64.48,2.71
*CC(*)c1ccc([Si](C)(C)C)cc1,136.0,P020120,"Polystyrenes, Polyvinyls",56.21,2.32
*CC(*)c1c(Cl)cccc1Cl,165.0,P020121,"Polystyrenes, Polyvinyls",59.86,2.51
*CC(*)c1ccc(C)cc1C,112.0,P020122,"Polystyrenes, Polyvinyls",55.88,2.13
*CC(*)c1ccc(Cl)cc1C,145.0,P020125,"Polystyrenes, Polyvinyls",59.16,2.47
*CC(*)c1ccc(Cl)cc1Cl,135.0,P020126,"Polystyrenes, Polyvinyls",59.45,2.49
*CC(*)c1cc(C)ccc1C,143.0,P020130,"Polystyrenes, Polyvinyls",58.13,2.46
*CC(*)c1cc(C(C)(C)C)ccc1C,87.0,P020131,"Polystyrenes, Polyvinyls",59.13,2.08
*CC(*)c1cc(Cl)ccc1Cl,108.0,P020133,"Polystyrenes, Polyvinyls",65.95,2.18
*CC(*)c1cc(Br)ccc1OCCCC,47.0,P020136,"Polystyrenes, Polyvinyls",53.0,1.89
*CC(*)c1cc(Br)ccc1OCC,80.0,P020137,"Polystyrenes, Polyvinyls",54.82,1.82
*CC(*)c1cc(Br)ccc1OC,86.0,P020138,"Polystyrenes, Polyvinyls",62.02,2.04
*CC(*)c1cc(Br)ccc1OCCC,54.0,P020139,"Polystyrenes, Polyvinyls",52.42,1.67
*CC(*)c1cc(Br)ccc1OC(C)C,35.0,P020140,"Polystyrenes, Polyvinyls",54.07,1.95
*CC(*)c1cc(Br)ccc1OCCCCC,49.0,P020141,"Polystyrenes, Polyvinyls",52.65,1.64
*CC(*)c1cc(Br)ccc1OCCC(C)C,37.0,P020142,"Polystyrenes, Polyvinyls",50.8,1.64
*CC(*)c1cc(C)cc(C)c1,112.0,P020143,"Polystyrenes, Polyvinyls",59.53,2.21
*CC(*)c1ccc(C)c(C)c1,111.0,P020144,"Polystyrenes, Polyvinyls",62.73,2.34
*CC(*)c1ccc(Cl)c(C)c1,114.0,P020145,"Polystyrenes, Polyvinyls",57.36,2.05
*CC(*)c1ccc(Cl)c(Cl)c1,128.0,P020146,"Polystyrenes, Polyvinyls",62.16,2.37
*CC(*)c1ccc(Cl)c(F)c1,122.0,P020147,"Polystyrenes, Polyvinyls",57.14,2.47
*CC(*)c1c(C)cc(C)cc1C,126.0,P020148,"Polystyrenes, Polyvinyls",62.48,2.11
*CC(*)c1cc(C)c(C)cc1C,104.0,P020149,"Polystyrenes, Polyvinyls",52.86,2.31
*CC(*)(C)c1ccccc1,168.0,P020151,"Polystyrenes, Polyvinyls",67.46,2.42
*CC(*)(C)c1ccc(C(C)C)cc1,140.0,P020152,"Polystyrenes, Polyvinyls",56.81,2.34
*C(F)(F)C(*)(F)c1ccccc1,206.0,P020153,Other polymers,76.44,2.51
*C(F)(F)C(*)(F)c1c(F)c(F)c(F)c(F)c1F,194.0,P020154,Other polymers,69.18,2.47
*CC(*)c1cccc2ccccc12,160.0,P020156,"Polystyrenes, Polyvinyls",72.04,3.0
*CC(*)c1ccc(C(C)=O)cc1,115.5,P020157,"Polystyrenes, Polyvinyls",52.65,2.04
*CC(*)c1ccc(C(=O)CCN2CCOCC2)cc1,41.0,P020158,"Polystyrenes, Polyvinyls",52.49,1.58
*CC(*)(C(=O)OC)c1ccccc1,121.0,P020177,"Polystyrenes, Polyacrylics, Polyvinyls",57.7,2.27
*CC(*)(C)c1ccc(C)cc1,176.0,P020181,"Polystyrenes, Polyvinyls",64.53,2.67
*CC(*)c1ccc(C(=O)C(F)(F)F)cc1,95.0,P020185,"Polystyrenes, Polyvinyls",63.43,2.27
*CC(*)c1ccc(C(=O)c2ccc(OC)cc2)cc1,103.0,P020186,"Polystyrenes, Polyvinyls",71.26,3.06
*CC(*)c1ccc(B(O[Si](C)(C)C)O[Si](C)(C)C)cc1,84.0,P020187,"Polystyrenes, Polyvinyls",51.58,1.79
*CC(*)c1cccc(B(O[Si](C)(C)C)O[Si](C)(C)C)c1,35.0,P020188,"Polystyrenes, Polyvinyls",46.41,1.72
*CC(*)c1ccc2ccccc2c1,146.5,P020189,"Polystyrenes, Polyvinyls",81.29,3.48
*CC(*)c1ccncc1,150.0,P020190,"Polystyrenes, Polyvinyls",59.04,2.59
*CC(*)c1cccc(C)n1,92.0,P020191,"Polystyrenes, Polyvinyls",53.81,1.99
*CC(*)c1ccc(C)nc1,136.0,P020192,"Polystyrenes, Polyvinyls",66.44,2.5
*CC(*)n1cc2ccccc2n1,41.5,P020193,Polyvinyls,61.42,2.54
*CC(c1ccccn1)C(c1ccccc1)C(*)c1ccccn1,150.0,P020194,"Polystyrenes, Polyvinyls",93.03,3.84
*CC(*)c1ccc(O)cc1,158.0,P020195,"Polystyrenes, Polyvinyls",61.29,2.54
*CC(*)c1ccc(OC(C)=O)cc1,113.0,P020198,"Polystyrenes, Polyvinyls",58.64,2.34
*CC(*)c1ccc(CCC)cc1,46.75,P024305,"Polystyrenes, Polyvinyls",47.49,1.81
*CC(*)c1ccc(COCC(CC)CCCC)cc1,-23.0,P024504,"Polystyrenes, Polyvinyls",34.48,1.2
*CC(*)c1ccc(COCCOCCCCCCCC)cc1,-42.0,P024505,"Polystyrenes, Polyvinyls",24.65,0.94
*C([2H])([2H])C(*)([2H])c1c([2H])c([2H])c([2H])c([2H])c1[2H],97.0,P029029,"Polystyrenes, Polyvinyls",57.37,1.99
*CC(*)O,76.5,P030001,Polyvinyls,34.55,1.29
*CC(*)C(C)=O,115.0,P030006,Polyvinyls,43.83,1.35
*CC(*)C#N,95.0,P030010,Polyvinyls,36.34,1.33
*CC(*)(C)C#N,88.5,P030011,Polyvinyls,43.11,1.36
*CC(*)c1ccccn1,100.0,P030014,"Polystyrenes, Polyvinyls",51.48,2.01
*CC(*)c1ccccn1,100.0,P322232,"Polystyrenes, Polyvinyls",53.18,2.37
*CC(*)n1c2ccccc2c2ccccc21,225.0,P030015,Polyvinyls,101.09,4.24
*CC(*)C[Si](C)(C)C,114.0,P030017,Polyvinyls,37.64,1.34
*CC(*)OC,-25.8,P030018,Polyvinyls,28.63,0.85
*CC(*)OCC,-33.0,P030019,Polyvinyls,25.13,0.69
*CC(*)OCCCC,-51.0,P030020,Polyvinyls,19.36,0.54
*CC(*)OCCCCC,-66.0,P030021,Polyvinyls,17.32,0.37
*CC(*)OCCCCCC,-74.0,P030022,Polyvinyls,14.91,0.27
*CC(*)OCCCCCCCCCC,-62.0,P030023,Polyvinyls,11.2,0.13
*CC(*)OC(C)=O,32.0,P030024,Polyvinyls,32.2,0.99
*CC(*)OC(=O)CC,11.9,P030025,Polyvinyls,31.01,0.95
*CC(*)OC(=O)c1ccccc1,70.4,P030026,Polyvinyls,55.78,1.96
*CC(*)OCC(C)C,-22.0,P030027,Polyvinyls,23.52,0.63
*CC(*)O[N+](=O)[O-],37.5,P030035,Polyvinyls,29.95,0.98
*/C=C/C(C)C(*)C(=O)OC,53.0,P030036,Polyvinyls,33.71,1.13
*C#C/C(COS(=O)(=O)c1ccc(C)cc1)=C(/*)COS(=O)(=O)c1ccc(C)cc1,-73.0,P030037,Polyvinyls,62.59,1.72
*CC(*)CC[Si](C)(C)C,132.0,P030038,Polyvinyls,44.48,1.45
*CC(*)OC=O,37.0,P030040,Polyvinyls,31.64,1.11
*CC(*)OC(C)C,-7.5,P030045,Polyvinyls,26.34,0.84
*CC(*)(C)OC,67.0,P030046,Polyvinyls,34.5,1.33
*CC(*)OC(C)CC,-26.0,P030048,Polyvinyls,22.2,0.62
*CC(*)OC(=O)C(F)(F)F,55.0,P030049,Polyvinyls,38.77,1.27
*C1CC(*)(C#N)C1,220.0,P030062,Polyvinyls,59.76,2.22
*CC(*)Cc1cccc(C)c1,40.0,P030067,Polyvinyls,46.33,1.76
*CC(*)Cc1ccccc1C,80.0,P030068,Polyvinyls,49.12,2.25
*CC(*)Cc1ccc(C)cc1,65.0,P030069,Polyvinyls,49.04,1.87
*CC(*)OC(=O)c1ccc(C(C)(C)C)cc1,121.0,P030071,Polyvinyls,60.47,2.23
*/C=C/C(C*)OC,-10.5,P030077,Polyvinyls,25.15,0.85
*CC/C=C(/*)c1ccccc1,39.5,P030078,Polyvinyls,46.03,1.96
*C(*)O,134.0,P030079,Polyvinyls,45.61,1.65
*CC(*)OCC(CC)CCCC,-66.0,P030080,Polyvinyls,15.26,0.26
*CC(*)SCCCC,-20.0,P030081,Polyvinyls,23.62,0.61
*CC(*)SCC,-7.0,P030083,Polyvinyls,28.33,0.83
*C(F)(F)C(*)(F)OC(F)(F)C(F)(F)C(F)(F)C(F)(F)F,-10.0,P030084,Other polymers,37.96,0.76
*C(F)(F)C(*)(F)OC(F)(F)C(F)(F)F,29.0,P030085,Other polymers,37.78,1.08
*C(F)(F)C(*)(OC(F)(F)F)OC(F)(F)F,-60.0,P030086,Other polymers,30.81,0.52
*C(OC(F)(F)F)C(*)(F)F,-10.0,P030087,Other polymers,29.4,0.85
*C(F)C(*)(F)OC(F)(F)F,-10.0,P030088,Other polymers,29.67,0.77
*C(F)(F)C(*)(F)OC(F)(F)F,-5.0,P030089,Other polymers,36.83,0.9
*CC(*)OCC(C)(C)CC,9.0,P030091,Polyvinyls,27.3,0.83
*CC(*)SC,-1.0,P030092,Polyvinyls,27.34,0.91
*CC(*)OCCCCCCCC,-79.5,P030093,Polyvinyls,11.49,0.14
*CC(*)(F)C(C)=O,142.0,P030095,Other polymers,43.23,1.64
*CC(*)C(=O)c1ccccc1,72.75,P030096,Polyvinyls,49.4,2.0
*CC(*)C(=O)c1ccc(Br)c(OC)c1,44.0,P030097,Polyvinyls,52.63,1.94
*CC(*)C(=O)c1ccc(C(C)(C)C)cc1,103.5,P030098,Polyvinyls,61.75,1.97
*CC(*)C(=O)c1ccc(Cl)cc1,63.0,P030099,Polyvinyls,53.98,2.06
*CC(*)C(=O)c1ccc(CC)cc1,49.25,P030100,Polyvinyls,52.58,1.87
*CC(*)C(=O)c1ccc(C(C)C)cc1,62.5,P030101,Polyvinyls,54.87,1.99
*CC(*)C(=O)c1ccc(OC)cc1,46.0,P030102,Polyvinyls,50.96,1.68
*CC(*)C(=O)c1ccc(C)c(C)c1,42.0,P030103,Polyvinyls,48.95,1.95
*CC(*)C(=O)c1ccc(CCC)cc1,44.0,P030104,Polyvinyls,50.9,1.72
*CC(*)C(=O)c1ccc(C)cc1,59.5,P030105,Polyvinyls,49.71,1.85
*CC(*)OC(=O)c1ccccc1OC(C)=O,59.5,P030107,Polyvinyls,50.7,1.82
*CC(*)OC(=O)c1ccc(OC(C)=O)cc1,76.0,P030108,Polyvinyls,54.44,1.84
*CC(*)OC(=O)CCCC(=O)c1ccccc1,45.0,P030109,Polyvinyls,43.39,1.56
*CC(*)OC(=O)c1cccc(Br)c1,57.5,P030110,Polyvinyls,55.49,1.99
*CC(*)OC(=O)c1ccc(Br)cc1,85.5,P030111,Polyvinyls,64.04,2.04
*CC(*)OC(=O)c1ccc(OC(=O)CCC)cc1,61.0,P030112,Polyvinyls,54.8,1.69
*CC(*)OC(=O)c1ccccc1Cl,55.75,P030113,Polyvinyls,54.77,1.83
*CC(*)OC(=O)c1cccc(Cl)c1,61.75,P030114,Polyvinyls,59.43,1.86
*CC(*)OC(=O)c1ccc(Cl)cc1,70.25,P030115,Polyvinyls,51.88,2.17
*CC(*)OC(=O)C1CCCCC1,66.0,P030116,Polyvinyls,37.73,1.14
*CC(*)OC(=O)CC1CCCCC1,25.0,P030117,Polyvinyls,35.34,0.89
*CC(*)OC(=O)CCCC1CCCCC1,-10.0,P030118,Polyvinyls,25.28,0.69
*CC(*)OC(=O)c1ccc(OCC)cc1,70.0,P030120,Polyvinyls,54.94,2.07
*CC(*)OC(=O)c1ccc(CC)cc1,57.0,P030121,Polyvinyls,53.24,1.81
*CC(*)OC(=O)C(C)(CC)C(C)(C)C,120.0,P030122,Polyvinyls,45.26,1.31
*CC(*)OC(=O)C(F)(F)C(F)(F)C(F)(F)F,27.0,P030123,Polyvinyls,38.92,0.96
*CC(*)OC(=O)C1(F)C(F)(F)C(F)(F)C(F)(F)C(F)(F)C1(F)F,54.0,P030124,Polyvinyls,49.08,1.22
*CC(*)NC(=O)OC(C)(C)C,120.0,P030125,Polyvinyls,46.06,1.43
*CC(*)OC(=O)C(F)(F)C(F)(F)C(F)(F)C(F)(F)C(F)(F)C(F)(F)C(F)(F)C(F)(F)C(F)(F)F,-18.0,P030126,Polyvinyls,34.61,0.4
*CC(*)OC(=O)C(F)(F)C(F)(F)C(F)(F)C(F)(F)C(F)(F)F,-9.0,P030127,Polyvinyls,35.08,0.59
*CC(*)OC(=O)C(F)(F)C(F)(F)C(F)(F)C(F)(F)C(F)(F)C(F)(F)C(F)(F)F,-10.0,P030128,Polyvinyls,37.11,0.58
*CC(*)OC(=O)C(F)(F)C(F)(F)F,42.0,P030129,Polyvinyls,39.77,0.99
*CC(*)OC(=O)C(F)(F)C(F)(F)C(F)(F)C(F)(F)F,20.0,P030130,Polyvinyls,40.09,0.78
*CC(*)OC(=O)c1ccncc1,98.5,P030131,Polyvinyls,51.65,2.27
*CC(*)OC(=O)c1ccc(C(C)C)cc1,67.7,P030132,Polyvinyls,54.86,1.84
*CC(*)OC(=O)C(C)(C(C)C)C(C)C,120.0,P030133,Polyvinyls,37.25,1.44
*CC(*)OC(=O)c1ccccc1OC,65.0,P030134,Polyvinyls,54.98,1.88
*CC(*)OC(=O)c1cccc(OC)c1,44.0,P030135,Polyvinyls,47.02,1.97
*CC(*)OC(=O)c1ccc(OC)cc1,86.5,P030136,Polyvinyls,53.7,1.94
*CC(*)OC(=O)c1ccccc1C,42.5,P030137,Polyvinyls,48.47,1.81
*CC(*)OC(=O)c1cccc(C)c1,49.0,P030138,Polyvinyls,48.77,1.81
*CC(*)OC(=O)c1ccc(C)cc1,73.5,P030139,Polyvinyls,52.93,2.06
*CC(*)OC(=O)CC(C)(C)c1ccccc1,20.0,P030140,Polyvinyls,44.61,1.57
*CC(*)OC(=O)c1cccc([Si](C)(C)C)c1,80.0,P030141,Polyvinyls,54.83,1.88
*CC(*)OC(=O)c1ccc([Si](C)(C)C)cc1,130.5,P030142,Polyvinyls,64.33,2.17
*CC(*)OC(=O)C(C)(C)CCC,10.0,P030143,Polyvinyls,30.05,0.77
*CC(*)OC(=O)C(C)(C)C(C)(C)CC,90.0,P030144,Polyvinyls,35.51,1.12
*CC(*)OC(=O)C(C)(C)C(C)C(C)C,55.0,P030145,Polyvinyls,35.3,1.11
*CC(*)OC(=O)C(C)(C)CC(C)(C)C,55.0,P030146,Polyvinyls,39.79,1.1
*CC(*)OC(=O)c1cccnc1,86.5,P030147,Polyvinyls,51.79,1.96
*CC(*)OC(=O)c1cccc([N+](=O)[O-])c1,93.0,P030148,Polyvinyls,57.97,1.95
*CC(*)OC(F)(C(F)(F)F)C(F)(F)F,65.0,P030163,Polyvinyls,38.66,1.29
*CC(*)OC(=O)CCl,20.45,P030166,Polyvinyls,29.7,0.96
*CC(*)c1cccs1,71.0,P030168,"Polystyrenes, Polyvinyls",54.83,1.97
*CC(*)(CC(=O)OCCCCCCC)C(=O)OCCCCCCC,-23.0,P030177,"Polyacrylics, Polyvinyls",12.66,0.1
*CC(*)OC(=O)C1CCCC1,36.0,P030178,Polyvinyls,34.58,1.12
*CC(*)OC(=O)C1(C)CCCCC1,86.0,P030179,Polyvinyls,41.21,1.3
*CC(*)P(=O)(c1ccccc1)c1ccccc1,127.5,P030180,Polyvinyls,70.54,2.99
*CC(*)P(=O)(OCC)N(C)C,32.0,P030181,Polyvinyls,32.74,0.82
*CC(*)P(=O)(Oc1ccccc1)N(C)C,27.0,P030182,Polyvinyls,46.0,1.68
*CC(*)c1nc(C)nc(C)n1,70.0,P030183,"Polystyrenes, Polyvinyls",56.35,1.85
*C1Cc2ccccc2C1*,188.5,P030187,Polydienes,70.31,2.76
*CC(OC)C1C(=O)OC(=O)C1*,153.5,P030191,Polyanhydrides/thioanhydrides,49.64,1.69
*CC(OC)C(C(=O)O)C(*)C(=O)O,144.0,P030192,Polyvinyls,38.68,1.34
*CCC/C=C(/*)c1ccc(OC)cc1,11.0,P030195,Polyvinyls,45.59,1.54
*CCC/C=C(/*)c1ccccc1,0.0,P030196,Polyvinyls,42.12,1.46
*CCC/C=C(/*)c1ccc(Cl)cc1,16.0,P030197,Polyvinyls,43.93,1.65
*/C(C)=C(/*)[Si](C)(C)C,75.0,P030198,Polyvinyls,38.22,1.33
*/C(C)=C(/*)c1ccc([Si](C)(C)C)cc1,-5.0,P030205,Polyvinyls,50.87,1.82
*CC(*)CNc1ccc([N+](=O)[O-])cc1,144.0,P034237,Polyvinyls,57.59,2.11
*CC(*)CNc1ccc([N+](=O)[O-])cn1,151.0,P034238,Polyvinyls,56.83,2.12
*CC(*)CNc1ccc([N+](=O)[O-])cc1C,151.0,P034239,Polyvinyls,62.38,2.39
*CC(*)CNc1ccc([N+](=O)[O-])c(C(F)(F)F)c1,153.0,P034240,Polyvinyls,56.44,2.39
*CC(*)CNc1ccc([N+](=O)[O-])cc1[N+](=O)[O-],160.0,P034241,Polyvinyls,59.86,2.47
*CC1CC(*)C(OC(=O)CCCCCCCCCCOc2ccc(-c3ccc(C#N)cc3)cc2)C1OC(=O)CCCCCCCCCCOc1ccc(-c2ccc(C#N)cc2)cc1,14.5,P034359,Polyvinyls,78.42,3.09
*CC1CC(*)C(OC(=O)CCCCCCCCCCOc2ccc(-c3ccc(C#N)cc3)cc2)C1,30.5,P034360,Polyvinyls,60.36,2.14
*CCC1CC(OC(=O)CCCCCCCCCCOc2ccc(-c3ccc(C#N)cc3)cc2)CC1*,24.0,P034361,Polyvinyls,53.21,1.89
*CC(*)n1ccnc1,175.0,P034424,Polyvinyls,58.58,2.69
*CC/C=C(/*)[Sn](CCCC)(CCCC)CCCC,-80.0,P034524,Polyvinyls,14.09,0.1
*C(F)(F)C(*)(F)OC(F)C(F)F,35.0,P034596,Other polymers,32.94,0.97
*CC(*)C(=O)c1ccc(Br)cc1,101.5,P034597,Polyvinyls,60.63,2.3
*CC(*)OC(=O)CC1CCCC1,-3.0,P034603,Polyvinyls,31.17,0.74
*CC(*)N1CCCC1=O,158.0,P039005,Polyvinyls,52.08,1.55
*CCC1CC2C(CC(*)C2OC(=O)CCCCCCCCCCOc2ccc(-c3ccc(C#N)cc3)cc2)C1OC(=O)CCCCCCCCCCOc1ccc(-c2ccc(C#N)cc2)cc1,23.5,P039028,Polyvinyls,82.02,3.01
*CC(*)C(=O)O,115.0,P040001,"Polyacrylics, Polyvinyls",40.77,1.48
*CC(*)C(=O)OC,10.0,P040002,"Polyacrylics, Polyvinyls",28.83,0.94
*CC(*)C(=O)OCC,-20.0,P040003,"Polyacrylics, Polyvinyls",28.03,0.81
*CC(*)C(=O)OCCC,-38.5,P040004,"Polyacrylics, Polyvinyls",21.65,0.62
*CC(*)C(=O)OC(C)C,-5.0,P040005,"Polyacrylics, Polyvinyls",31.92,0.8
*CC(*)C(=O)OCCCC,-49.0,P040006,"Polyacrylics, Polyvinyls",21.09,0.52
*CC(*)C(=O)OCC(C)C,25.0,P040007,"Polyacrylics, Polyvinyls",33.49,0.89
*CC(*)C(=O)OC(C)CC,-20.0,P040008,"Polyacrylics, Polyvinyls",26.54,0.67
*CC(*)C(=O)OC(C)(C)C,40.0,P040010,"Polyacrylics, Polyvinyls",36.07,1.17
*CC(*)C(=O)OCCCCCC,-57.0,P040011,"Polyacrylics, Polyvinyls",16.96,0.4
*CC(*)C(=O)OCCCCCCC,-60.0,P040012,"Polyacrylics, Polyvinyls",17.77,0.28
*CC(*)C(=O)OCCCCCCCC,-65.0,P040013,"Polyacrylics, Polyvinyls",15.08,0.24
*CC(*)C(=O)OCCCCCCCCCCCCCCCCCC,-42.5,P040017,"Polyacrylics, Polyvinyls",5.0,0.1
*CC(*)C(=O)OC1CC2CCC1(C)C2(C)C,100.0,P040020,"Polyacrylics, Polyvinyls",41.55,1.34
*CC(*)C(=O)OCC(F)(F)F,3.1,P040021,"Polyacrylics, Polyvinyls",32.14,0.89
*CC(*)C(=O)OCC(F)(F)C(F)(F)F,-26.0,P040022,"Polyacrylics, Polyvinyls",29.14,0.65
*CC(*)C(=O)OC(C(F)(F)F)C(F)(F)F,42.3,P040023,"Polyacrylics, Polyvinyls",40.94,1.13
*CC(*)C(=O)OC(F)(C(F)(F)F)C(F)(F)F,10.0,P040024,"Polyacrylics, Polyvinyls",36.34,0.82
*CC(*)C(=O)OCC(F)(F)C(F)C(F)(F)F,-22.0,P040027,"Polyacrylics, Polyvinyls",30.78,0.65
*CC(*)C(=O)OCC(F)(F)C(F)(F)C(F)(F)F,-30.0,P040028,"Polyacrylics, Polyvinyls",31.56,0.61
*CC(*)C(=O)OCC(F)(F)C(F)(F)C(F)(F)C(F)(F)F,-37.0,P040030,"Polyacrylics, Polyvinyls",32.26,0.5
*CC(*)C(=O)OCC(F)(F)C(F)(F)C(F)(F)C(F)(F)C(F)(F)F,-39.0,P040031,"Polyacrylics, Polyvinyls",32.14,0.47
*CC(*)C(=O)OCC(F)(F)C(F)(F)C(F)(F)C(F)(F)C(F)(F)C(F)(F)C(F)(F)F,-17.0,P040032,"Polyacrylics, Polyvinyls",34.1,0.5
*CC(*)C(=O)OCCOC,-34.0,P040034,"Polyacrylics, Polyvinyls",21.02,0.58
*CC(*)C(=O)OCCOCC,-50.0,P040035,"Polyacrylics, Polyvinyls",19.75,0.43
*CC(*)C(=O)OCCCOC,-66.5,P040036,"Polyacrylics, Polyvinyls",16.78,0.4
*CC(*)C(=O)OCCCOCC,-61.5,P040037,"Polyacrylics, Polyvinyls",17.81,0.32
*CC(*)C(=O)OCCOCC(F)(F)F,-38.0,P040038,"Polyacrylics, Polyvinyls",24.05,0.55
*CC(*)C(=O)OCCOC(F)(F)C(F)F,-22.0,P040039,"Polyacrylics, Polyvinyls",22.62,0.54
*CC(*)C(=O)OCCOCC(F)(F)C(F)(F)C(F)(F)F,-45.0,P040040,"Polyacrylics, Polyvinyls",24.68,0.39
*CC(*)C(=O)OCC(F)(F)C(F)(F)OC(F)(F)F,-55.0,P040041,"Polyacrylics, Polyvinyls",27.74,0.41
*CC(*)C(=O)OCC(F)(F)C(F)(F)OC(F)(F)C(F)(F)F,-49.0,P040042,"Polyacrylics, Polyvinyls",25.0,0.41
*CC(*)C(=O)OCC(F)(F)C(F)(F)OC(F)(F)C(F)(F)C(F)(F)F,-68.0,P040043,"Polyacrylics, Polyvinyls",23.96,0.28
*CC(*)(C)C(=O)O,161.7,P040047,"Polyacrylics, Polyvinyls",42.85,1.79
*CC(*)(C)C(=O)OC,108.0,P040048,"Polyacrylics, Polyvinyls",37.67,1.46
*CC(*)(C)C(=O)OCC,66.0,P040049,"Polyacrylics, Polyvinyls",33.25,1.21
*CC(*)(C)C(=O)OCCC,43.0,P040050,"Polyacrylics, Polyvinyls",32.09,1.06
*CC(*)(C)C(=O)OC(C)C,85.0,P040051,"Polyacrylics, Polyvinyls",39.31,1.39
*CC(*)(C)C(=O)OCCCC,25.0,P040052,"Polyacrylics, Polyvinyls",30.3,0.85
*CC(*)(C)C(=O)OC(C)CC,60.0,P040053,"Polyacrylics, Polyvinyls",31.65,1.03
*CC(*)(C)C(=O)OC(C)(C)C,107.0,P040055,"Polyacrylics, Polyvinyls",43.47,1.54
*CC(*)(C)C(=O)OCCCCCC,-5.0,P040056,"Polyacrylics, Polyvinyls",26.28,0.62
*CC(*)(C)C(=O)OCCCCCCCC,-11.0,P040059,"Polyacrylics, Polyvinyls",21.17,0.5
*CC(*)(C)C(=O)OCCCCCCCCCCCC,-47.9,P040060,"Polyacrylics, Polyvinyls",12.32,0.12
*CC(*)(C)C(=O)OCCCCCCCCCCCCCC,-72.0,P040061,"Polyacrylics, Polyvinyls",7.23,0.1
*CC(*)(C)C(=O)OCCCCCCCCCCCCCCCCCC,-100.0,P040063,"Polyacrylics, Polyvinyls",5.0,0.1
*CC(*)(C)C(=O)OC1CCCCC1,88.0,P040064,"Polyacrylics, Polyvinyls",39.33,1.4
*CC(*)(C)C(=O)OC1CCCCC1C,85.0,P040066,"Polyacrylics, Polyvinyls",38.62,1.28
*CC(*)(C)C(=O)OC1CCC(C)CC1,109.0,P040067,"Polyacrylics, Polyvinyls",45.72,1.48
*CC(*)(C)C(=O)OC1CCCC(C)C1,89.0,P040068,"Polyacrylics, Polyvinyls",42.27,1.35
*CC(*)(C)C(=O)OC1CC(C)CC(C)(C)C1,125.0,P040069,"Polyacrylics, Polyvinyls",47.56,1.62
*CC(*)(C)C(=O)Oc1ccccc1,110.0,P040071,"Polyacrylics, Polyvinyls",52.87,2.08
*CC(*)(C)C(=O)OCc1ccccc1,54.0,P040073,"Polyacrylics, Polyvinyls",52.94,1.99
*CC(*)(C)C(=O)OCCc1ccccc1,49.0,P040074,"Polyacrylics, Polyvinyls",47.75,1.75
*CC(*)(C)C(=O)OCCF,90.0,P040081,"Polyacrylics, Polyvinyls",39.51,1.18
*CC(*)(C)C(=O)OCCCl,63.0,P040082,"Polyacrylics, Polyvinyls",33.97,1.07
*CC(*)(C)C(=O)OCCBr,52.0,P040083,"Polyacrylics, Polyvinyls",40.29,0.97
*CC(*)(C)C(=O)OCC(F)(F)F,75.0,P040084,"Polyacrylics, Polyvinyls",41.98,1.29
*CC(*)(C)C(=O)OCC(F)(F)C(F)F,80.0,P040085,"Polyacrylics, Polyvinyls",39.66,1.04
*CC(*)(C)C(=O)OC(C(F)(F)F)C(F)(F)F,75.0,P040088,"Polyacrylics, Polyvinyls",45.59,1.13
*CC(*)(C)C(=O)Oc1c(Cl)c(Cl)c(Cl)c(Cl)c1Cl,110.0,P040097,"Polyacrylics, Polyvinyls",60.89,2.14
*CC(*)(C)C(=O)OCc1ccccc1Cl,54.1,P040099,"Polyacrylics, Polyvinyls",55.09,1.91
*CC(*)(C)C(=O)OCCO,91.2,P040102,"Polyacrylics, Polyvinyls",39.12,1.3
*CC(*)(C)C(=O)OCCOCC,-16.0,P040103,"Polyacrylics, Polyvinyls",23.95,0.65
*CC(*)(C)C(=O)OCC1CCCO1,105.0,P040106,"Polyacrylics, Polyvinyls",40.83,1.36
*CC(*)(C)C(=O)OCc1ccco1,111.0,P040107,"Polyacrylics, Polyvinyls",51.94,2.15
*CC(*)(C)C(=O)OCCN(C)C,28.62,P040112,"Polyacrylics, Polyvinyls",30.22,0.9
*CC(*)(C)C(=O)OCCN(CC)CC,26.0,P040114,"Polyacrylics, Polyvinyls",26.48,0.85
*CC(*)(Cl)C(=O)OC,125.0,P040116,"Polyacrylics, Polyvinyls",46.07,1.48
*CC(*)(Cl)C(=O)OCC,84.0,P040117,"Polyacrylics, Polyvinyls",37.0,1.18
*CC(*)C(N)=O,193.0,P040127,"Polyacrylics, Polyvinyls",53.44,1.74
*CC(*)C(=O)NC(C)C,134.62,P040128,"Polyacrylics, Polyvinyls",39.29,1.6
*CC(*)C(=O)OC(CC)CC,-6.0,P040141,"Polyacrylics, Polyvinyls",25.47,0.67
*CC(*)C(=O)OCC(F)(F)C(F)(F)C(F)(F)C(F)F,-35.0,P040145,"Polyacrylics, Polyvinyls",25.22,0.44
*CC(*)C(=O)OCC(CC)CCCC,-62.0,P040147,"Polyacrylics, Polyvinyls",15.92,0.31
*CC(*)C(=O)OCCCCCCCCC,-89.0,P040148,"Polyacrylics, Polyvinyls",10.47,0.1
*CC(*)C(=O)OC1CCCCC1,25.0,P040149,"Polyacrylics, Polyvinyls",31.7,0.91
*CC(*)C(=O)OC1CC(C)CC(C)(C)C1,15.0,P040150,"Polyacrylics, Polyvinyls",34.32,1.01
*CC(*)(C)C(=O)OCCCCCCCCCC,-64.5,P040152,"Polyacrylics, Polyvinyls",13.88,0.12
*CC(*)(C)C(=O)OC1CC2CCC1(C)C2(C)C,180.5,P040155,"Polyacrylics, Polyvinyls",54.29,1.81
*CC(*)(Cl)C(=O)OCCC,66.0,P040156,"Polyacrylics, Polyvinyls",33.44,1.1
*CC(*)(Cl)C(=O)OCCCC,42.0,P040157,"Polyacrylics, Polyvinyls",34.04,0.92
*CC(*)(C#N)C(=O)OC,147.5,P040159,"Polyacrylics, Polyvinyls",43.92,1.74
*CC(*)C(=O)OCC(C)CC,-32.0,P040160,"Polyacrylics, Polyvinyls",25.84,0.62
*CC(*)C(=O)OCC(C)(C)C,22.0,P040164,"Polyacrylics, Polyvinyls",32.38,0.87
*CC(*)C(=O)OCCC#N,4.0,P040168,"Polyacrylics, Polyvinyls",27.61,0.76
*CC(*)C(=O)OCF,15.0,P040172,"Polyacrylics, Polyvinyls",32.92,0.84
*CC(*)C(=O)OCCOCCOC(F)(F)C(F)F,-40.0,P040175,"Polyacrylics, Polyvinyls",17.28,0.31
*CC(*)C(=O)OCCSC,-60.0,P040177,"Polyacrylics, Polyvinyls",20.66,0.44
*CC(*)C(=O)OCCCSC,-65.0,P040178,"Polyacrylics, Polyvinyls",20.32,0.37
*CC(*)C(=O)OCCSCC,-71.0,P040179,"Polyacrylics, Polyvinyls",19.17,0.35
*CC(*)C(=O)OCCCCSC,-70.0,P040180,"Polyacrylics, Polyvinyls",17.83,0.29
*CC(*)C(=O)OCCCSCC,-76.0,P040181,"Polyacrylics, Polyvinyls",17.41,0.26
*CC(*)C(=O)OCCSCC#N,-24.0,P040182,"Polyacrylics, Polyvinyls",21.84,0.57
*CC(*)C(=O)OCCSCCC#N,-50.0,P040183,"Polyacrylics, Polyvinyls",20.08,0.41
*CC(*)C(=O)OCCSCCCC#N,-58.0,P040184,"Polyacrylics, Polyvinyls",19.54,0.33
*CC(*)C(=O)OCCCSCCC#N,-58.0,P040185,"Polyacrylics, Polyvinyls",17.92,0.28
*CC(*)C(=O)OCCCCCCSCC#N,-59.0,P040186,"Polyacrylics, Polyvinyls",16.94,0.22
*CC(*)C(=O)OC12CC3CC(C)(CC(C)(C3)C1)C2,104.0,P040187,"Polyacrylics, Polyvinyls",44.08,1.26
*CC(*)C(=O)N1CCCCC1,108.0,P040188,"Polyacrylics, Polyvinyls",39.8,1.43
*CC(*)C(=O)N1CCOCC1,150.0,P040189,"Polyacrylics, Polyvinyls",51.99,1.72
*CC(*)C(=O)Oc1ccccc1,60.0,P040191,"Polyacrylics, Polyvinyls",54.08,2.0
*CC(*)C(=O)Oc1ccccc1C,51.5,P040192,"Polyacrylics, Polyvinyls",57.24,2.0
*CC(*)C(=O)Oc1cccc(C)c1,24.5,P040193,"Polyacrylics, Polyvinyls",50.54,1.79
*CC(*)C(=O)Oc1ccc(C)cc1,42.5,P040194,"Polyacrylics, Polyvinyls",55.53,2.01
*CC(*)C(=O)Oc1ccccc1C(C)(C)C,72.0,P040195,"Polyacrylics, Polyvinyls",59.92,2.0
*CC(*)C(=O)Oc1ccc(C(C)(C)C)cc1,71.0,P040196,"Polyacrylics, Polyvinyls",52.2,2.18
*CC(*)C(=O)Oc1ccc(OC)cc1,50.5,P040197,"Polyacrylics, Polyvinyls",48.71,1.85
*CC(*)C(=O)Oc1ccccc1C(=O)OC,46.0,P040198,"Polyacrylics, Polyvinyls",47.98,1.82
*CC(*)C(=O)Oc1ccccc1C(=O)OCC,30.0,P040199,"Polyacrylics, Polyvinyls",53.47,1.86
*CC(*)C(=O)Oc1cccc(C(=O)OC)c1,38.0,P040200,"Polyacrylics, Polyvinyls",54.45,1.71
*CC(*)C(=O)Oc1cccc(C(=O)OCC)c1,24.0,P040201,"Polyacrylics, Polyvinyls",51.35,1.72
*CC(*)C(=O)Oc1ccc(C(=O)OC)cc1,67.0,P040202,"Polyacrylics, Polyvinyls",56.76,1.99
*CC(*)C(=O)Oc1ccc(C(=O)OCC)cc1,37.0,P040203,"Polyacrylics, Polyvinyls",50.29,1.65
*CC(*)C(=O)Oc1ccc(C(=O)OCCCC)cc1,13.0,P040204,"Polyacrylics, Polyvinyls",46.06,1.57
*CC(*)C(=O)Oc1ccc(-c2ccccc2)cc1,110.0,P040205,"Polyacrylics, Polyvinyls",77.97,2.71
*CC(*)C(=O)OCc1ccccc1,9.25,P040206,"Polyacrylics, Polyvinyls",49.12,1.51
*CC(*)C(=O)OCCc1ccccc1,-3.0,P040207,"Polyacrylics, Polyvinyls",45.87,1.64
*CC(*)C(=O)Oc1cccc(N(C)C)c1,47.0,P040208,"Polyacrylics, Polyvinyls",46.14,1.79
*CC(*)C(=O)Oc1ccc(C#N)cc1,92.0,P040210,"Polyacrylics, Polyvinyls",53.93,2.22
*CC(*)C(=O)OCc1ccc(C#N)cc1,44.0,P040211,"Polyacrylics, Polyvinyls",51.36,1.69
*CC(*)C(=O)Oc1ccccc1Cl,318.0,P040212,"Polyacrylics, Polyvinyls",76.26,3.4
*CC(*)C(=O)Oc1ccc(Cl)cc1Cl,60.0,P040213,"Polyacrylics, Polyvinyls",50.46,1.81
*CC(*)C(=O)Oc1c(Cl)c(Cl)c(Cl)c(Cl)c1Cl,145.0,P040214,"Polyacrylics, Polyvinyls",72.85,2.25
*CC(*)C(=O)Oc1cccc2ccccc12,85.0,P040215,"Polyacrylics, Polyvinyls",65.5,3.09
*CC(*)C(=O)N(C)C,114.0,P040217,"Polyacrylics, Polyvinyls",40.65,1.37
*CC(*)C(=O)NC(C)(C)C,135.0,P040220,"Polyacrylics, Polyvinyls",45.84,1.53
*CC(*)(C)C(=O)OCCCCC,10.0,P040228,"Polyacrylics, Polyvinyls",24.53,0.81
*CC(*)(C)C(=O)OCC(CC)CCCC,-10.0,P040229,"Polyacrylics, Polyvinyls",21.01,0.59
*CC(*)(C)C(=O)OCCC(C)(C)C,45.0,P040230,"Polyacrylics, Polyvinyls",36.44,0.93
*CC(*)(C)C(=O)OC(C)C(C)(C)C,108.0,P040231,"Polyacrylics, Polyvinyls",44.07,1.31
*CC(*)(C)C(=O)OCCC(C)CC(C)(C)C,1.0,P040232,"Polyacrylics, Polyvinyls",27.09,0.72
*CC(*)(C)C(=O)OCCOC,24.0,P040233,"Polyacrylics, Polyvinyls",30.4,0.92
*CC(*)(C)C(=O)OCCOCCO,20.0,P040234,"Polyacrylics, Polyvinyls",25.25,0.78
*CC(*)(C)C(=O)OCC(C)O,76.0,P040235,"Polyacrylics, Polyvinyls",37.34,1.15
*CC(*)(C)C(=O)OCC(O)CO,84.4,P040236,"Polyacrylics, Polyvinyls",34.04,1.25
*CC(*)(C)C(=O)OCCNC(C)(C)C,41.0,P040237,"Polyacrylics, Polyvinyls",32.32,0.95
*CC(*)(C)C(=O)OCCC#N,91.0,P040239,"Polyacrylics, Polyvinyls",37.36,1.28
*CC(*)(C)C(=O)OCCO[N+](=O)[O-],55.0,P040241,"Polyacrylics, Polyvinyls",29.6,1.04
*CC(*)(C)C(=O)OCC(F)(F)C(F)(F)C(F)(F)C(F)F,47.0,P040244,"Polyacrylics, Polyvinyls",34.93,0.84
*CC(*)(C)C(=O)OC(F)(F)C(F)(F)C(F)(F)C(F)(F)C(F)(F)C(F)(F)C(F)(F)C(F)(F)F,49.0,P040245,"Polyacrylics, Polyvinyls",45.95,0.83
*CC(*)(C)C(=O)OCC(F)(F)C(F)(F)C(F)(F)C(F)(F)C(F)(F)C(F)(F)C(F)(F)C(F)F,-15.0,P040246,"Polyacrylics, Polyvinyls",29.13,0.4
*CC(*)(C)C(=O)OCCS(=O)CC,25.0,P040247,"Polyacrylics, Polyvinyls",27.99,0.87
*CC(*)(C)C(=O)O[Si](C)(C)C,97.5,P040248,"Polyacrylics, Polyvinyls",42.12,1.42
*CC(*)(C)C(=O)OCC1(C)COCOC1,142.0,P040250,"Polyacrylics, Polyvinyls",46.07,1.39
*CC(*)(C)C(=O)OCC1(C)COC(C)(C)OC1,108.0,P040251,"Polyacrylics, Polyvinyls",41.96,1.22
*CC(*)(C)C(=O)OCC(C)(C)C1OCC(C)(C)CO1,118.0,P040252,"Polyacrylics, Polyvinyls",44.79,1.36
*CC(*)(C)C(=O)OC12CC3CC(CC(C3)C1)C2,183.0,P040253,"Polyacrylics, Polyvinyls",48.74,1.72
*CC(*)(C)C(=O)OC12CC3CC(C)(CC(C)(C3)C1)C2,194.0,P040254,"Polyacrylics, Polyvinyls",50.57,1.74
*CC(*)(C)C(=O)Oc1ccc(CC#N)cc1,131.0,P040255,"Polyacrylics, Polyvinyls",65.52,2.39
*CC(*)(C)C(=O)Oc1ccc(C(=O)OC)cc1,109.0,P040256,"Polyacrylics, Polyvinyls",53.51,2.25
*CC(*)(CC)C(=O)OCC,27.0,P040261,"Polyacrylics, Polyvinyls",32.62,0.9
*CC(*)(CC(=O)OCC)C(=O)OCC,65.5,P040262,"Polyacrylics, Polyvinyls",32.3,1.0
*CC(*)(CC(=O)OCCCC)C(=O)OCCCC,24.0,P040263,"Polyacrylics, Polyvinyls",26.1,0.66
*CC(*)(C#N)C(=O)OCCCC,117.0,P040264,"Polyacrylics, Polyvinyls",39.09,1.26
*CC(*)(F)C(=O)OC,142.0,P040265,"Polyacrylics, Polyvinyls",48.74,1.47
*CC(*)(CF)C(=O)OCC,43.0,P040267,"Polyacrylics, Polyvinyls",33.34,0.98
*CC(*)(CC(=O)OC1CCCCC1)C(=O)OC1CCCCC1,142.0,P040269,"Polyacrylics, Polyvinyls",51.37,1.35
*CC(*)(CC(=O)OCC1CCCCC1)C(=O)OCC1CCCCC1,83.0,P040270,"Polyacrylics, Polyvinyls",40.31,1.02
*CC(*)(CC(=O)OCCC1CCCCC1)C(=O)OCCC1CCCCC1,48.0,P040271,"Polyacrylics, Polyvinyls",34.44,0.78
*CC(*)(CC(=O)OCCCC1CCCCC1)C(=O)OCCCC1CCCCC1,7.0,P040272,"Polyacrylics, Polyvinyls",25.0,0.42
*CC(*)(CC(=O)Oc1ccccc1)C(=O)Oc1ccccc1,132.0,P040273,"Polyacrylics, Polyvinyls",77.44,2.68
*CC(*)(CC(=O)OCc1ccccc1)C(=O)OCc1ccccc1,55.0,P040274,"Polyacrylics, Polyvinyls",65.77,2.57
*CC(*)(CC(=O)OCCc1ccccc1)C(=O)OCCc1ccccc1,45.0,P040275,"Polyacrylics, Polyvinyls",65.84,2.45
*CC(*)(CC(=O)OCCCc1ccccc1)C(=O)OCCCc1ccccc1,-8.0,P040276,"Polyacrylics, Polyvinyls",54.26,2.02
*CC(*)C(=O)Oc1ccc(Cl)cc1,330.0,P040278,"Polyacrylics, Polyvinyls",76.62,3.43
*CC(*)(C)C(=O)Oc1ccc(C#N)cc1,155.0,P040279,"Polyacrylics, Polyvinyls",66.65,2.28
*CC(*)C(=O)OCC(F)(F)C(F)(F)OC(F)(F)C(F)(F)C(F)(F)C(F)(F)F,-68.0,P040283,"Polyacrylics, Polyvinyls",25.58,0.2
*CC(*)C(=O)OCCC(C)OC,-56.0,P040288,"Polyacrylics, Polyvinyls",21.17,0.4
*CC(*)(C)C(=O)OC1CCC(C(C)(C)C)CC1,100.0,P040289,"Polyacrylics, Polyvinyls",48.55,1.3
*CC(*)(C)C(=O)OCC(F)(F)C(F)(F)C(F)(F)C(F)(F)C(F)(F)C(F)F,12.5,P040290,"Polyacrylics, Polyvinyls",32.28,0.62
*CC(*)(C)C(=O)OCC(C)(C)C,38.0,P040291,"Polyacrylics, Polyvinyls",37.08,0.98
*CC(*)(C)C(=O)Oc1ccc(C(C)(C)C)cc1,91.0,P040292,"Polyacrylics, Polyvinyls",61.84,2.03
*CC(*)(CC(=O)OC)C(=O)OC,95.0,P040294,"Polyacrylics, Polyvinyls",41.22,1.28
*C(*)C(=O)OCC,13.5,P040295,"Polyacrylics, Polyvinyls",31.28,1.02
*C(*)C(=O)OC,85.75,P040296,"Polyacrylics, Polyvinyls",36.55,1.43
*C(*)C(=O)OCCC,-15.0,P040297,"Polyacrylics, Polyvinyls",27.52,0.72
*CC(*)C(=O)Oc1ccc(C(=O)O)cc1,125.0,P040299,"Polyacrylics, Polyvinyls",61.09,2.39
*CC(*)(C)C(N)=O,88.7,P040300,"Polyacrylics, Polyvinyls",38.73,1.28
*C1C(=O)N(C2CCCCC2)C(=O)C1*,232.0,P040307,Polyimides/thioimides,54.69,2.08
*CC(*)(CC(=O)OCCCCC)C(=O)OCCCCC,2.0,P040308,"Polyacrylics, Polyvinyls",19.41,0.42
*CC(*)(CC(=O)OCCCCCC)C(=O)OCCCCCC,-7.0,P040310,"Polyacrylics, Polyvinyls",17.75,0.27
*CC(*)(CC(=O)OCCC)C(=O)OCCC,46.5,P040314,"Polyacrylics, Polyvinyls",27.14,0.82
*CC(*)(C#N)C(=O)OCC,115.0,P040320,"Polyacrylics, Polyvinyls",43.25,1.51
*CC(*)C(=O)OCCO,20.7,P040325,"Polyacrylics, Polyvinyls",27.21,0.88
*CC(*)(C)C(=O)Oc1ccc(C)cc1C,109.0,P040332,"Polyacrylics, Polyvinyls",55.23,2.41
*CC(*)(C)C(=O)Oc1cc(C)cc(C)c1,106.0,P040333,"Polyacrylics, Polyvinyls",53.55,2.29
*CC(*)(C#N)C(=O)OCCCCCC,86.0,P040338,"Polyacrylics, Polyvinyls",33.42,1.12
*CC(*)(C)C(=O)OCC1CO1,68.5,P040339,"Polyacrylics, Polyvinyls",34.05,1.15
*CC(*)(C)C(=O)OCCN(CC)c1ccc(/N=N/c2ccc([N+](=O)[O-])cc2)cc1,126.0,P044251,"Polyacrylics, Polyvinyls",70.27,2.59
*CC(*)C(=O)OCCN(CC)c1ccc(/N=N/c2ccc([N+](=O)[O-])cc2)cc1,102.0,P044252,"Polyacrylics, Polyvinyls",63.99,2.8
*CC(*)C(=O)OCCCCCC(=O)Oc1ccc(-c2ccc(C#N)cc2)cc1,38.0,P044290,"Polyacrylics, Polyvinyls",65.42,2.16
*CCCC(*)(C)C(=O)O,132.0,P044304,Polyvinyls,37.19,1.5
*CC(*)(C)C(=O)NC(=O)Oc1ccc(S(=O)(=O)c2ccc(O)cc2)cc1,182.0,P044346,"Polyacrylics, Polyvinyls",93.75,3.18
*CC(*)(C)C(=O)NC(=O)OCCOc1ccc(S(=O)(=O)c2ccc(OCCO)cc2)cc1,131.0,P044347,"Polyacrylics, Polyvinyls",76.92,2.72
*CC(*)(C)C(=O)NC(=O)OC(C)COc1ccc(S(=O)(=O)c2ccc(OCC(C)O)cc2)cc1,73.0,P044348,"Polyacrylics, Polyvinyls",63.18,2.55
*CC(*)(C)C(=O)NC(=O)Oc1c(Br)cc(S(=O)(=O)c2cc(Br)c(O)c(Br)c2)cc1Br,116.0,P044349,"Polyacrylics, Polyvinyls",90.36,2.85
*CC(*)(C)C(=O)NC(=O)OCCOc1c(Br)cc(S(=O)(=O)c2cc(Br)c(OCCO)c(Br)c2)cc1Br,110.0,P044350,"Polyacrylics, Polyvinyls",85.22,2.75
*CC(*)(C)C(=O)NC(=O)OC(C)COc1c(Br)cc(S(=O)(=O)c2cc(Br)c(OCC(C)O)c(Br)c2)cc1Br,45.0,P044351,"Polyacrylics, Polyvinyls",90.14,2.07
*CC(*)(C)C(=O)OCCOC(=O)c1cc([N+](=O)[O-])cc([N+](=O)[O-])c1,92.0,P044368,"Polyacrylics, Polyvinyls",57.44,1.72
*CC(*)C(=O)OCCCCCCOc1ccc(C(=O)Oc2ccc(C#N)cc2)cc1,19.5,P044370,"Polyacrylics, Polyvinyls",62.82,1.95
*CC(*)(C)C(=O)OCCCCn1c2ccccc2c2ccccc21,59.2,P044380,"Polyacrylics, Polyvinyls",76.16,3.36
*CC(*)C(=O)OCCCOc1ccc(/N=N/c2ccc([N+](=O)[O-])cc2)cc1,45.6,P044383,"Polyacrylics, Polyvinyls",68.47,2.14
*CC(*)C(=O)OCCCCOc1ccc(/N=N/c2ccc([N+](=O)[O-])cc2)cc1,36.7,P044384,"Polyacrylics, Polyvinyls",64.6,2.21
*CC(*)C(=O)OCCCCCCOc1ccc(/N=N/c2ccc([N+](=O)[O-])cc2)cc1,35.8,P044385,"Polyacrylics, Polyvinyls",54.54,2.13
*CC(*)C(=O)NCCCCCC(=O)O,68.0,P044463,"Polyacrylics, Polyvinyls",29.06,0.88
*CC(*)C(=O)OCc1c(Br)c(Br)c(Br)c(Br)c1Br,181.0,P044464,"Polyacrylics, Polyvinyls",87.14,2.67
*CC(*)(CCC(C)C(=O)OC)C(=O)OC,34.0,P044506,"Polyacrylics, Polyvinyls",31.53,0.85
*CC(*)C(=O)O[Na],114.4,P044508,"Polyacrylics, Polyvinyls",43.09,1.45
*CCC(C(=O)OC)C(*)C(=O)OC,31.2,P044512,"Polyacrylics, Polyvinyls",31.27,0.82
*CC(*)(C)C(=O)OCC#C,58.0,P044514,"Polyacrylics, Polyvinyls",39.0,1.13
*CC(*)(C#N)C(=O)OCC(C)C,51.0,P044520,"Polyacrylics, Polyvinyls",33.63,1.08
*CC(*)(C#N)C(=O)OC(C)C,66.0,P044521,"Polyacrylics, Polyvinyls",41.07,1.21
*CC(*)(C#N)C(=O)OCCCCCCC,102.0,P044522,"Polyacrylics, Polyvinyls",31.9,1.1
*CC(*)C(=O)OC1CCCCCCCCCCC1,37.0,P049038,"Polyacrylics, Polyvinyls",42.78,1.11
*CC(*)F,41.0,P050001,"Polyvinyls, Polyhalo-olefins",37.69,1.06
*CC(*)Cl,80.0,P050002,"Polyvinyls, Polyhalo-olefins",39.89,1.3
*CC(*)(F)F,-34.4,P050003,Polyhalo-olefins,29.09,0.78
*CC(*)(Cl)Cl,-16.5,P050004,Polyhalo-olefins,33.44,0.85
*C(F)C(*)(F)F,31.45,P050005,Polyhalo-olefins,34.54,1.22
*C(*)(F)F,120.0,P050006,Polyhalo-olefins,45.71,1.58
*C(F)(F)C(*)(F)Cl,52.1,P050007,Polyhalo-olefins,40.03,1.17
*CC/C=C(/*)Cl,-45.0,P050013,"Polyvinyls, Polydienes",27.35,0.65
*CC/C=C(/*)Cl,-45.0,P060015,"Polyvinyls, Polydienes",27.96,0.64
*C(*)F,102.0,P050014,Polyhalo-olefins,38.32,1.5
*CC(*)(F)C(F)(F)F,49.0,P050015,Polyhalo-olefins,42.03,1.16
*C(F)(F)C(*)(F)C(F)(F)F,158.5,P050016,Polyhalo-olefins,54.74,1.58
*CC(*)C(F)(F)F,29.5,P050017,Polyhalo-olefins,39.25,1.14
*CC(*)C(F)(F)C(F)(F)F,41.0,P050018,Polyhalo-olefins,38.76,1.18
*CC(*)C(F)(F)C(F)(F)C(F)(F)F,58.0,P050019,Polyhalo-olefins,37.99,1.25
*CCC(F)(F)C(*)(F)F,-108.0,P050023,Polyhalo-olefins,18.33,0.33
*CC(F)(F)CC(*)(C(F)(F)F)C(F)(F)F,132.0,P050026,Polyhalo-olefins,49.85,1.4
*CCCCCCCCC(Cl)C(*)Cl,-30.0,P050029,Polyhalo-olefins,18.34,0.41
*CCCCCCCCCCC(Cl)C(*)Cl,-32.0,P050030,Polyhalo-olefins,17.01,0.27
*CCCC(Cl)C(*)Cl,42.0,P050031,Polyhalo-olefins,34.62,0.98
*CC(F)(F)/C(F)=C(/*)Cl,-17.0,P050034,Polydienes,32.33,0.82
*/C=C(\F)C(F)(F)C*,-35.0,P050035,Polydienes,30.57,0.79
*/C(F)=C(\F)C(F)(C(*)(F)F)C(F)(F)F,-3.0,P050036,Polydienes,33.46,0.9
*C(*)(F)Cl,77.0,P050038,Polyhalo-olefins,38.61,1.32
*C(F)(F)C(*)(F)C(F)(F)C(F)(F)C(F)(F)C(F)(F)C(F)(F)F,232.5,P050039,Polyhalo-olefins,55.19,2.05
*CC(*)CCI,70.0,P050040,Polyvinyls,40.58,1.08
*CC(*)CCCCCCCCCI,-6.0,P050041,Polyvinyls,21.62,0.43
*CC(*)CCCI,30.0,P050042,Polyvinyls,36.77,0.96
*C(F)(F)C1(F)C(F)(F)C(*)(F)C(F)(F)C(F)(Cl)C1(F)F,147.0,P050043,Polyhalo-olefins,64.52,1.63
*C(F)(F)C1(F)C(F)(F)C(*)(F)C1(F)F,122.0,P050044,Polyhalo-olefins,46.28,1.71
*C(F)(F)C1(F)C(F)(F)C(*)(F)C(F)(F)C(F)(F)C1(F)F,101.0,P050045,Polyhalo-olefins,55.25,1.42
*C(F)(F)C1(F)C(F)(F)C(*)(F)C(F)(F)C1(F)F,117.0,P050046,Polyhalo-olefins,55.12,1.65
*CCCCCC(Cl)C(*)Cl,-17.0,P050049,Polyhalo-olefins,22.79,0.56
*CCC(Cl)C(*)Cl,70.0,P054499,Polyhalo-olefins,40.86,1.18
*CC/C=C(/*)C,-58.0,P060001,Polydienes,23.1,0.58
*CC/C=C(/*)C,-58.0,P060002,Polydienes,21.56,0.63
*CC/C=C(/*)C,-58.0,P060025,Polydienes,24.82,0.58
*CC/C=C(/*)C,-65.0,P060001,Polydienes,24.32,0.55
*CC/C=C(/*)C,-65.0,P060002,Polydienes,21.6,0.59
*CC/C=C(/*)C,-65.0,P060025,Polydienes,22.22,0.62
*/C=C/C(C)C*,-60.0,P060003,Polydienes,23.84,0.64
*/C=C/C(C)C*,-60.0,P060004,Polydienes,21.83,0.55
*/C=C/C(C)C*,-35.0,P060003,Polydienes,28.38,0.71
*/C=C/C(C)C*,-35.0,P060004,Polydienes,23.79,0.71
*CC/C(C)=C(/*)C,12.0,P060006,Polydienes,31.24,1.04
*CC/C(C)=C(/*)C,12.0,P060007,Polydienes,30.8,0.99
*CC/C(C)=C(/*)C,4.0,P060006,Polydienes,28.64,0.92
*CC/C(C)=C(/*)C,4.0,P060007,Polydienes,28.4,0.95
*C1C=CC(*)CC1,125.5,P060013,Polydienes,43.91,1.79
*CC/C=C(/*)Cl,-20.0,P050013,"Polyvinyls, Polydienes",30.54,0.84
*CC/C=C(/*)Cl,-20.0,P060015,"Polyvinyls, Polydienes",27.77,0.8
*CC(*)C=C,-7.0,P060017,Polydienes,25.36,0.86
*CC/C=C(/*)CCCCCCCCCC,-53.0,P060022,Polydienes,12.76,0.17
*CC/C=C(/*)C(C)(C)C,20.0,P014525,Polydienes,36.11,1.09
*CC/C=C(/*)C(C)(C)C,20.0,P060023,Polydienes,34.74,1.07
*CC/C=C(/*)C,-67.0,P060001,Polydienes,21.85,0.62
*CC/C=C(/*)C,-67.0,P060002,Polydienes,24.84,0.59
*CC/C=C(/*)C,-67.0,P060025,Polydienes,21.06,0.55
*CO*,-71.0,P070001,Polyoxides/ethers/acetals,20.41,0.62
*OC(*)C,-19.5,P070002,Polyoxides/ethers/acetals,30.56,0.84
*OC(*)CCC,-41.0,P070007,Polyoxides/ethers/acetals,23.74,0.68
*CCO*,-56.0,P070013,Polyoxides/ethers/acetals,21.43,0.57
*CC(C)O*,-70.2,P070014,Polyoxides/ethers/acetals,19.88,0.53
*CC(CCl)O*,-23.3,P070015,Polyoxides/ethers/acetals,27.92,0.77
*CC(CBr)O*,-14.0,P070017,Polyoxides/ethers/acetals,32.04,0.81
*CC(CC)O*,-71.5,P070019,Polyoxides/ethers/acetals,19.48,0.45
*CC(COC)O*,-62.0,P070021,Polyoxides/ethers/acetals,18.85,0.48
*CC(C)(C)O*,40.5,P070022,Polyoxides/ethers/acetals,31.97,1.01
*CC(CCCC)O*,-69.0,P070024,Polyoxides/ethers/acetals,16.78,0.44
*CC(O*)C(C)(C)C,41.0,P070025,Polyoxides/ethers/acetals,33.39,1.09
*CC(COCC)O*,-61.0,P070026,Polyoxides/ethers/acetals,17.18,0.47
*CC(COCC=C)O*,-75.5,P070027,Polyoxides/ethers/acetals,17.66,0.35
*CC(COCCCC)O*,-79.0,P070029,Polyoxides/ethers/acetals,14.09,0.25
*CC(CCCCCC)O*,-67.0,P070030,Polyoxides/ethers/acetals,15.61,0.32
*CC(COCCCCCC)O*,-85.5,P070031,Polyoxides/ethers/acetals,11.66,0.13
*CC(O*)c1ccccc1,34.0,P070032,Polyoxides/ethers/acetals,48.59,1.83
*CC(COc1ccccc1)O*,42.0,P070033,Polyoxides/ethers/acetals,49.04,1.75
*OC(F)(F)C(*)(F)F,-48.0,P070055,Polyoxides/ethers/acetals,26.21,0.64
*CCCO*,-73.6,P070056,Polyoxides/ethers/acetals,19.36,0.47
*CC(C)(C)CO*,-50.0,P070057,Polyoxides/ethers/acetals,21.84,0.59
*CC(CO)(CO)CO*,99.0,P070058,Polyoxides/ethers/acetals,35.89,1.24
*CC(CCl)(CCl)CO*,6.5,P070060,Polyoxides/ethers/acetals,29.32,0.76
*CCCCO*,-80.0,P070064,Polyoxides/ethers/acetals,17.77,0.37
*CCCCCCCCO*,-13.0,P070066,Polyoxides/ethers/acetals,19.94,0.51
*Oc1ccc(*)cc1,85.0,P070074,Polyoxides/ethers/acetals,58.53,2.23
*Oc1cccc(*)c1,53.0,P070075,Polyoxides/ethers/acetals,49.66,2.03
*Oc1c(C)cc(*)cc1C,212.0,P070076,Polyoxides/ethers/acetals,76.96,2.82
*Oc1c(C)cc(*)cc1C(C)CCC,100.0,P070077,Polyoxides/ethers/acetals,54.69,2.19
*Oc1c(C)cc(*)cc1C(C)CCCC,85.0,P070078,Polyoxides/ethers/acetals,54.03,2.04
*Oc1c(OC)cc(*)cc1OC,174.1,P070079,Polyoxides/ethers/acetals,62.04,2.51
*Oc1c(-c2ccccc2)cc(*)cc1-c1ccccc1,220.0,P070080,Polyoxides/ethers/acetals,105.83,3.95
*CCOCO*,-64.0,P070089,Polyoxides/ethers/acetals,18.33,0.47
*CCCCOCO*,-84.0,P070090,Polyoxides/ethers/acetals,14.11,0.27
*CCCCCOCO*,-80.0,P070091,Polyoxides/ethers/acetals,13.38,0.25
*CCCCSSCCCCO*,-76.0,P070123,"Polyoxides/ethers/acetals, Polysulfides",12.52,0.11
*CCCCSSCCCCOCO*,-76.0,P070124,"Polyoxides/ethers/acetals, Polysulfides",10.35,0.1
*CCSSCCOCO*,-57.5,P070125,"Polyoxides/ethers/acetals, Polysulfides",15.32,0.34
*CCSSCCO*,-53.0,P070126,"Polyoxides/ethers/acetals, Polysulfides",19.57,0.42
*CCSSSSCCO*,-40.0,P070127,"Polyoxides/ethers/acetals, Polysulfides",19.6,0.36
*CCOCCOC(=O)CCCCCCCC(=O)O*,-71.0,P070136,"Polyoxides/ethers/acetals, Polyesters/thioesters",9.78,0.1
*CCOCCOC(=O)CCCCCCCCC(=O)O*,-74.5,P070137,"Polyoxides/ethers/acetals, Polyesters/thioesters",8.61,0.1
*C(=O)OCCOC(=O)c1ccc(*)o1,88.95,P070140,"Polyoxides/ethers/acetals, Polyesters/thioesters",57.5,1.9
*OC(C)COCC(C)OC(=O)c1ccccc1C(*)=O,25.0,P070141,"Polyoxides/ethers/acetals, Polyesters/thioesters",44.57,1.46
*CCOCCOC(=O)c1cccc(C(=O)O*)c1,16.0,P070142,"Polyoxides/ethers/acetals, Polyesters/thioesters",43.4,1.56
*CCOC(=O)c1ccc(O*)cc1,84.0,P070143,"Polyoxides/ethers/acetals, Polyesters/thioesters",54.05,2.04
*Oc1ccc(C(=O)OCCOC(=O)c2ccc(*)cc2)cc1,74.0,P070158,"Polyoxides/ethers/acetals, Polyesters/thioesters",63.86,2.72
*CCCCOc1ccc(C(=O)OCCOC(=O)c2ccc(O*)cc2)cc1,53.0,P070163,"Polyoxides/ethers/acetals, Polyesters/thioesters",59.55,2.23
*Oc1ccc(C(=O)OCCCCCOC(=O)c2ccc(*)cc2)cc1,26.0,P070167,"Polyoxides/ethers/acetals, Polyesters/thioesters",62.13,2.07
*Oc1ccc(C(=O)OCCCCCCOC(=O)c2ccc(*)cc2)cc1,15.0,P070168,"Polyoxides/ethers/acetals, Polyesters/thioesters",62.05,2.33
*CC(=O)NCCCCCCNC(=O)CO*,10.0,P070170,"Polyoxides/ethers/acetals, Polyamides/thioamides",21.65,0.52
*CCCNC(=O)CCCCC(=O)NCCCO*,34.0,P070181,"Polyoxides/ethers/acetals, Polyamides/thioamides",19.59,0.62
*CC(=O)NCCCCCCNC(=O)Cc1ccc(O*)cc1,69.5,P070208,"Polyoxides/ethers/acetals, Polyamides/thioamides",47.01,1.75
*CC(=O)NCCCCCCNC(=O)CCc1ccc(O*)cc1,72.0,P070209,"Polyoxides/ethers/acetals, Polyamides/thioamides",41.2,1.43
*CC(=O)NCCCCCCNC(=O)COc1ccc(O*)cc1,67.0,P070210,"Polyoxides/ethers/acetals, Polyamides/thioamides",42.9,1.43
*CCCNC(=O)c1ccc(C(=O)NCCCO*)cc1,72.0,P070211,"Polyoxides/ethers/acetals, Polyamides/thioamides",47.3,1.69
*CCCCC(=O)NCc1ccc(CNC(=O)CCCCO*)cc1,70.0,P070214,"Polyoxides/ethers/acetals, Polyamides/thioamides",42.78,1.41
*CCC(=O)NCc1cc(C)c(CNC(=O)CCO*)cc1C,80.0,P070218,"Polyoxides/ethers/acetals, Polyamides/thioamides",48.84,1.59
*Oc1ccc(C(=O)NCC(C)(C)CCCNC(=O)c2ccc(*)cc2)cc1,155.0,P070229,"Polyoxides/ethers/acetals, Polyamides/thioamides",69.76,2.91
*Oc1ccc(NC(=O)c2cccc(C(=O)Nc3ccc(*)cc3)c2)cc1,264.0,P070231,"Polyoxides/ethers/acetals, Polyamides/thioamides",103.47,4.26
*Oc1ccc(NC(=O)c2ccc(C(=O)Nc3ccc(*)cc3)cc2)cc1,240.5,P070232,"Polyoxides/ethers/acetals, Polyamides/thioamides",115.12,4.02
*CCOCCOC(=O)NCCCCCCNC(=O)O*,17.0,P070256,"Polyoxides/ethers/acetals, Polyurethanes/thiourethanes",20.67,0.45
*CCOCCOCCOC(=O)NCCCCCCNC(=O)O*,-6.5,P070258,"Polyoxides/ethers/acetals, Polyurethanes/thiourethanes",15.71,0.21
*CC(=O)OC(=O)COc1ccc(O*)cc1,70.0,P070267,"Polyoxides/ethers/acetals, Polyanhydrides/thioanhydrides",55.23,2.07
*COc1ccc(C(=O)OC(=O)c2ccc(O*)cc2)cc1,84.0,P070269,"Polyoxides/ethers/acetals, Polyanhydrides/thioanhydrides",67.18,2.56
*CCOc1ccc(C(=O)OC(=O)c2ccc(O*)cc2)cc1,45.0,P070271,"Polyoxides/ethers/acetals, Polyanhydrides/thioanhydrides",64.38,2.74
*CCCOc1cccc(C(=O)OC(=O)c2cccc(O*)c2)c1,53.0,P070273,"Polyoxides/ethers/acetals, Polyanhydrides/thioanhydrides",72.57,2.66
*CCCOc1ccc(C(=O)OC(=O)c2ccc(O*)cc2)cc1,95.0,P070274,"Polyoxides/ethers/acetals, Polyanhydrides/thioanhydrides",77.42,2.86
*CCCCOc1cccc(C(=O)OC(=O)c2cccc(O*)c2)c1,20.0,P070276,"Polyoxides/ethers/acetals, Polyanhydrides/thioanhydrides",64.04,2.16
*CCCCOc1ccc(C(=O)OC(=O)c2ccc(O*)cc2)cc1,45.0,P070277,"Polyoxides/ethers/acetals, Polyanhydrides/thioanhydrides",64.59,2.64
*CCCCCOc1ccc(C(=O)OC(=O)c2ccc(O*)cc2)cc1,53.0,P070279,"Polyoxides/ethers/acetals, Polyanhydrides/thioanhydrides",59.32,2.27
*CCCCCOc1cccc(C(=O)OC(=O)c2cccc(O*)c2)c1,61.0,P070280,"Polyoxides/ethers/acetals, Polyanhydrides/thioanhydrides",62.48,2.44
*CCCCCCOc1ccc(C(=O)OC(=O)c2ccc(O*)cc2)cc1,47.0,P070282,"Polyoxides/ethers/acetals, Polyanhydrides/thioanhydrides",65.26,2.31
*COCOc1ccc(C(=O)OC(=O)c2ccc(O*)cc2)cc1,57.0,P070283,"Polyoxides/ethers/acetals, Polyanhydrides/thioanhydrides",60.22,2.67
*CCOCCOc1ccc(C(=O)OC(=O)c2ccc(O*)cc2)cc1,41.0,P070284,"Polyoxides/ethers/acetals, Polyanhydrides/thioanhydrides",58.99,2.15
*CC(=O)OC(=O)COc1ccc(C(C)(C)c2ccc(O*)cc2)cc1,105.0,P070285,"Polyoxides/ethers/acetals, Polyanhydrides/thioanhydrides",79.24,2.81
*Oc1ccc(Oc2ccc(OC(*)=O)cc2)cc1,118.0,P070305,"Polyoxides/ethers/acetals, Polycarbonates/thiocarbonates",71.05,3.21
*c1ccc(-c2ccc3nc(Oc4cc(-c5ccccc5)c5cc(*)ccc5n4)cc(-c4ccccc4)c3c2)cc1,300.0,P070306,"Polyoxides/ethers/acetals, Polyimines",187.18,8.39
*c1ccc(-c2ccc(-c3ccc4nc(Oc5cc(-c6ccccc6)c6cc(*)ccc6n5)cc(-c5ccccc5)c4c3)cc2)cc1,308.0,P070307,"Polyoxides/ethers/acetals, Polyimines",185.93,8.09
*c1ccc(Oc2ccc(-c3ccc4nc(Oc5cc(-c6ccccc6)c6cc(*)ccc6n5)cc(-c5ccccc5)c4c3)cc2)cc1,268.5,P070308,"Polyoxides/ethers/acetals, Polyimines",189.39,7.99
*Oc1ccc(C(C)(C)c2ccc(Oc3ccc(*)nn3)cc2)cc1,180.0,P070309,"Polyoxides/ethers/acetals, Polyimines",101.05,3.95
*c1ccc(Oc2ccc(-c3nc4ccc(-c5ccc6nc(*)c(-c7ccccc7)nc6c5)cc4nc3-c3ccccc3)cc2)cc1,306.0,P070310,"Polyoxides/ethers/acetals, Polyimines",216.21,8.44
*O[Si](C)(C)O[Si](C)(C)O[Si](C)(C)O[Si](C)(C)O[Si](C)(C)c1ccc(Oc2ccc([Si](*)(C)C)cc2)cc1,-65.0,P070313,"Polyoxides/ethers/acetals, Polysiloxanes/silanes",56.65,1.47
*O[Si](C)(C)O[Si](C)(C)O[Si](C)(C)O[Si](C)(C)c1ccc(Oc2ccc([Si](*)(C)C)cc2)cc1,-52.0,P070314,"Polyoxides/ethers/acetals, Polysiloxanes/silanes",59.05,1.83
*O[Si](C)(C)O[Si](C)(C)O[Si](C)(C)c1ccc(Oc2ccc([Si](*)(C)C)cc2)cc1,-37.0,P070315,"Polyoxides/ethers/acetals, Polysiloxanes/silanes",62.21,1.8
*Oc1ccc(S(=O)(=O)c2ccc(*)cc2)cc1,225.0,P070316,"Polyoxides/ethers/acetals, Polysulfones/sulfoxides/sufonates/sulfoamides",81.31,3.6
*Oc1ccc(S(=O)(=O)c2ccc(Oc3ccc(C(C)(C)c4ccc(*)cc4)cc3)cc2)cc1,186.0,P070317,"Polyoxides/ethers/acetals, Polysulfones/sulfoxides/sufonates/sulfoamides",113.85,4.31
*CCOCCOC(=O)c1ccccc1C(=O)O*,-50.0,P070319,"Polyoxides/ethers/acetals, Polyesters/thioesters",37.89,1.14
*OC(*)CCCCCC,-116.0,P070321,Polyoxides/ethers/acetals,11.85,0.11
*CCOCCOC(=O)C(=O)O*,-28.0,P070323,"Polyoxides/ethers/acetals, Polyesters/thioesters",27.38,0.61
*CCOCCOC(=O)CC(=O)O*,-41.5,P070324,"Polyoxides/ethers/acetals, Polyesters/thioesters",19.82,0.44
*CCOCCOC(=O)C(C)C(=O)O*,-29.0,P070325,"Polyoxides/ethers/acetals, Polyesters/thioesters",21.91,0.46
*CCOCCOC(=O)C(CCC)C(=O)O*,-38.0,P070326,"Polyoxides/ethers/acetals, Polyesters/thioesters",17.37,0.33
*CCOCCOC(=O)C(CCCCC)C(=O)O*,-47.0,P070327,"Polyoxides/ethers/acetals, Polyesters/thioesters",15.86,0.22
*CCOCCOC(=O)C(CCCCCCC)C(=O)O*,-58.0,P070328,"Polyoxides/ethers/acetals, Polyesters/thioesters",11.63,0.1
*CCOCCOC(=O)C(CCCCCCCCC)C(=O)O*,-59.0,P070329,"Polyoxides/ethers/acetals, Polyesters/thioesters",8.23,0.1
*CCOCCOC(=O)CCC(=O)O*,-38.2,P070330,"Polyoxides/ethers/acetals, Polyesters/thioesters",20.48,0.4
*CCOCCOC(=O)CCCC(=O)O*,-55.0,P070331,"Polyoxides/ethers/acetals, Polyesters/thioesters",15.8,0.3
*CCOCCOC(=O)CCCCC(=O)O*,-51.0,P070332,"Polyoxides/ethers/acetals, Polyesters/thioesters",14.73,0.23
*CCOCCOC(=O)CCCCCC(=O)O*,-41.5,P070333,"Polyoxides/ethers/acetals, Polyesters/thioesters",16.78,0.26
*CCOCCOC(=O)CCCCCCC(=O)O*,-66.0,P070334,"Polyoxides/ethers/acetals, Polyesters/thioesters",10.85,0.1
*CCOCCOC(=O)CCCCCCCCCCCCCCCCC(=O)O*,-68.0,P070335,"Polyoxides/ethers/acetals, Polyesters/thioesters",5.0,0.1
*CCOC(=O)c1ccc(C(C)(CC)c2ccc(C(=O)O*)cc2)cc1,95.0,P070337,Polyesters/thioesters,76.84,2.61
*c1ccc(Oc2ccc(-c3cnc4ccc(-c5ccc6nc(*)cnc6c5)cc4n3)cc2)cc1,280.0,P070341,"Polyoxides/ethers/acetals, Polyimines",151.39,6.67
*c1ccc(Oc2ccc(Oc3ccc(-c4cnc5ccc(-c6ccc7ncc(*)nc7c6)cc5n4)cc3)cc2)cc1,235.0,P070348,"Polyoxides/ethers/acetals, Polyimines",188.76,7.18
*c1ccc(Oc2ccc(Oc3ccc(Oc4ccc(-c5cnc6ccc(-c7ccc8ncc(*)nc8c7)cc6n5)cc4)cc3)cc2)cc1,216.0,P070349,"Polyoxides/ethers/acetals, Polyimines",187.13,8.17
*c1ccc(-c2cnc3ccc(Oc4ccc5ncc(*)nc5c4)cc3n2)cc1,306.0,P070350,"Polyoxides/ethers/acetals, Polyimines",138.5,6.34
*c1ccc(Oc2ccc(-c3cnc4ccc(Oc5ccc6nc(*)cnc6c5)cc4n3)cc2)cc1,270.0,P070351,"Polyoxides/ethers/acetals, Polyimines",174.79,6.59
*c1ccc(-c2nc3cc(Oc4ccc5nc(-c6ccccc6)c(*)nc5c4)ccc3nc2-c2ccccc2)cc1,304.0,P070352,"Polyoxides/ethers/acetals, Polyimines",186.74,8.02
*c1cccc(-c2nc3cc(Oc4ccc5nc(-c6ccccc6)c(*)nc5c4)ccc3nc2-c2ccccc2)c1,270.0,P070353,"Polyoxides/ethers/acetals, Polyimines",185.77,7.95
*Oc1ccc(Oc2ccc(Oc3ccc(C(=O)c4ccc(*)cc4)cc3)cc2)cc1,150.5,P070355,"Polyoxides/ethers/acetals, Polyketones/thioketones",112.6,4.23
*Oc1ccc(S(=O)(=O)c2ccc(Oc3ccc(Cc4ccc(*)cc4)cc3)cc2)cc1,189.55,P070356,"Polyoxides/ethers/acetals, Polysulfones/sulfoxides/sufonates/sulfoamides",120.4,4.38
*C(=O)c1ccc2nc(-c3ccccc3)c(-c3ccc(Oc4ccc(-c5nc6cc(*)ccc6nc5-c5ccccc5)cc4)cc3)nc2c1,271.0,P070357,"Polyoxides/ethers/acetals, Polyimines, Polyketones/thioketones",208.75,9.11
*c1ccc(Oc2ccc(-c3nc4cc(S(=O)(=O)c5ccc6nc(-c7ccccc7)c(*)nc6c5)ccc4nc3-c3ccccc3)cc2)cc1,290.0,P070359,"Polyoxides/ethers/acetals, Polyimines, Polysulfones/sulfoxides/sufonates/sulfoamides",190.91,8.83
*c1ccc(Oc2ccc(Oc3ccc(Oc4ccc(-c5cnc6ccc(-c7ccc8nc(*)cnc8c7)cc6n5)cc4)cc3)cc2)cc1,216.0,P070360,"Polyoxides/ethers/acetals, Polyimines",188.75,8.57
*c1ccc(Oc2ccc(Oc3ccc(-c4cnc5ccc(-c6ccc7nc(*)cnc7c6)cc5n4)cc3)cc2)cc1,235.0,P070361,"Polyoxides/ethers/acetals, Polyimines",178.91,7.14
*c1ccc(Oc2ccc(-c3cnc4ccc(-c5ccc6ncc(*)nc6c5)cc4n3)cc2)cc1,305.0,P070362,"Polyoxides/ethers/acetals, Polyimines",148.12,7.27
*c1ccc(-c2cnc3cc(Oc4ccc5nc(*)cnc5c4)ccc3n2)cc1,306.0,P070363,"Polyoxides/ethers/acetals, Polyimines",136.51,6.28
*c1ccc(Oc2ccc(-c3cnc4cc5nc(*)cnc5cc4n3)cc2)cc1,353.0,P070364,"Polyoxides/ethers/acetals, Polyimines",153.41,6.14
*c1ccc(Oc2ccc(-c3nc4cc(Oc5ccc6nc(-c7ccccc7)c(*)nc6c5)ccc4nc3-c3ccccc3)cc2)cc1,263.0,P070365,"Polyoxides/ethers/acetals, Polyimines",186.81,8.04
*c1ccc(Oc2ccc(-c3nc4cc(-c5ccc6nc(-c7ccccc7)c(*)nc6c5)ccc4nc3-c3ccccc3)cc2)cc1,300.0,P070366,"Polyoxides/ethers/acetals, Polyimines",187.62,7.91
*c1cccc(-c2nc3ccc(Oc4ccc5nc(*)c(-c6ccccc6)nc5c4)cc3nc2-c2ccccc2)c1,270.0,P070367,"Polyoxides/ethers/acetals, Polyimines",166.04,7.93
*c1ccc(-c2nc3ccc(Oc4ccc5nc(*)c(-c6ccccc6)nc5c4)cc3nc2-c2ccccc2)cc1,304.0,P070368,"Polyoxides/ethers/acetals, Polyimines",191.31,7.43
*CC(O)COc1ccc(C(C)(C)c2ccc(O*)cc2)cc1,91.0,P070369,Polyoxides/ethers/acetals,68.32,2.74
*CC(O)COc1ccc(Cc2ccc(O*)cc2)cc1,143.2,P070370,Polyoxides/ethers/acetals,79.83,3.05
*CC(O)COc1ccc(S(=O)(=O)c2ccc(O*)cc2)cc1,167.5,P070371,"Polyoxides/ethers/acetals, Polysulfones/sulfoxides/sufonates/sulfoamides",75.98,3.21
*OC(F)(F)C(F)(F)C(F)(F)C(*)(F)F,-55.0,P070372,Polyoxides/ethers/acetals,29.42,0.5
*CC(CCCCCCCCCC)O*,-41.0,P070376,Polyoxides/ethers/acetals,12.25,0.23
*CC(CC(Cl)(Cl)Cl)O*,-36.0,P070377,Polyoxides/ethers/acetals,28.98,0.68
*CCC(C)O*,-50.0,P070378,Polyoxides/ethers/acetals,24.66,0.6
*CC(C)CO*,-55.0,P070379,Polyoxides/ethers/acetals,21.12,0.55
*CC(CC)(CCl)CO*,20.0,P070381,Polyoxides/ethers/acetals,26.31,0.87
*CCOCC(CCl)O*,-40.0,P070382,Polyoxides/ethers/acetals,20.68,0.54
*CC(COC(F)(C(F)(F)F)C(F)(F)F)O*,-43.0,P070383,Polyoxides/ethers/acetals,29.36,0.56
*CC(O*)C1CC(F)(F)C1(F)F,-25.0,P070384,Polyoxides/ethers/acetals,29.88,0.71
*Oc1c(C)cc(*)cc1-c1ccccc1,180.0,P070385,Polyoxides/ethers/acetals,89.97,3.71
*Oc1c(-c2ccccc2)cc(*)cc1-c1ccc(C)cc1,218.0,P070386,Polyoxides/ethers/acetals,108.6,4.66
*Oc1c(-c2ccccc2)cc(*)cc1-c1ccc(C(C)(C)C)cc1,240.0,P070387,Polyoxides/ethers/acetals,112.25,4.19
*Oc1c(-c2ccccc2)cc(*)cc1-c1ccccc1-c1ccccc1,211.0,P070388,Polyoxides/ethers/acetals,112.16,4.78
*Oc1c(-c2ccccc2)cc(*)cc1-c1cccc2ccccc12,234.0,P070390,Polyoxides/ethers/acetals,121.07,5.22
*CC1CC(*)OCO1,68.0,P070391,Polyoxides/ethers/acetals,37.5,1.32
*CC1CC(*)OC(CCC)O1,58.0,P070394,Polyoxides/ethers/acetals,33.6,1.09
*Oc1ccc(CC2(Cc3ccc(*)cc3)c3ccccc3-c3ccccc32)cc1,138.0,P070395,Polyoxides/ethers/acetals,114.65,4.32
*CC(O)COc1ccc(O*)cc1,60.0,P070396,Polyoxides/ethers/acetals,53.91,2.03
*CC(O)COc1ccc(C(C)CC(C)(C)c2ccc(O*)cc2)cc1,75.0,P070397,Polyoxides/ethers/acetals,63.23,2.53
*Oc1ccc(CC(Cc2ccc(*)cc2)(C(=O)OCC)C(=O)OCC)cc1,54.0,P070398,Polyoxides/ethers/acetals,65.1,2.6
*Oc1ccc(CC(C#N)(Cc2ccc(*)cc2)c2ccccc2)cc1,143.0,P070399,Polyoxides/ethers/acetals,97.42,4.11
*Oc1ccc(CC(C#N)(C#N)Cc2ccc(*)cc2)cc1,147.0,P070400,Polyoxides/ethers/acetals,76.12,3.09
*Oc1ccc(-c2ccc(OC(*)(Oc3ccccc3)Oc3ccccc3)cc2)cc1,112.0,P070402,Polyoxides/ethers/acetals,97.68,4.38
*Oc1ccc(-c2ccc(OC(*)(Oc3ccccc3)Oc3ccccc3)c(C)c2)cc1C,125.0,P070403,Polyoxides/ethers/acetals,109.48,4.48
*CC(O)COc1ccc(C2CC(C(C)C)CCC2(C)c2ccc(O*)cc2)cc1,175.0,P070404,Polyoxides/ethers/acetals,74.91,3.06
*CC(COc1ccc(C(C)(C)c2ccc(O*)cc2)cc1)OC(C)=O,60.0,P070407,Polyoxides/ethers/acetals,63.83,2.61
*CC(COc1ccc(C(C)(C)c2ccc(O*)cc2)cc1)OC(=O)CCl,65.0,P070410,Polyoxides/ethers/acetals,65.86,2.42
*CC(COc1ccc(C(C)(C)c2ccc(O*)cc2)cc1)OC(=O)CC,60.0,P070411,Polyoxides/ethers/acetals,67.61,2.59
*CC(COc1ccc(C(C)(C)c2ccc(O*)cc2)cc1)OC(=O)c1ccccc1,65.0,P070412,Polyoxides/ethers/acetals,76.84,3.22
*CC(COc1ccc(C(C)(C)c2ccc(O*)cc2)cc1)OC(=O)c1ccccc1Cl,66.0,P070413,Polyoxides/ethers/acetals,85.11,3.15
*Oc1ccc(C(C)(C)c2ccc(OC(*)(Oc3ccccc3)Oc3ccccc3)cc2)cc1,92.0,P070414,Polyoxides/ethers/acetals,112.4,4.0
*CC(O)COc1ccc(C(C)(C)c2ccc(O*)c(Cl)c2)cc1Cl,85.0,P070416,Polyoxides/ethers/acetals,68.2,2.55
*CC(O)COc1c(Cl)cc(C(C)(C)c2cc(Cl)c(O*)c(Cl)c2)cc1Cl,135.0,P070417,Polyoxides/ethers/acetals,75.97,3.07
*CC(COc1c(Cl)cc(C(C)(C)c2cc(Cl)c(O*)c(Cl)c2)cc1Cl)OC(C)=O,100.0,P070418,Polyoxides/ethers/acetals,78.24,2.88
*CC(O)COc1ccc(C(C)(CC)c2ccc(O*)cc2)cc1,95.0,P070419,Polyoxides/ethers/acetals,63.55,2.41
*CC(O)COc1ccc(C(C)(c2ccccc2)c2ccc(O*)cc2)cc1,115.0,P070420,Polyoxides/ethers/acetals,91.63,3.67
*CC(COc1ccc(C(C)(c2ccccc2)c2ccc(O*)cc2)cc1)OC(C)=O,110.0,P070421,Polyoxides/ethers/acetals,95.26,3.46
*CC(COc1ccc(C(C)(c2ccccc2)c2ccc(O*)cc2)cc1)OC(=O)c1ccccc1,126.0,P070422,Polyoxides/ethers/acetals,111.66,4.3
*CC(COc1ccc(O*)cc1)OC(C)=O,49.0,P070424,Polyoxides/ethers/acetals,51.65,1.7
*CCOCCOCCOc1ccc(/C=C(\C)c2ccc(O*)cc2)cc1,16.0,P070425,Polyoxides/ethers/acetals,54.87,2.19
*CCOCCOCCOCCOc1ccc(/C=C(\C)c2ccc(O*)cc2)cc1,7.5,P070426,Polyoxides/ethers/acetals,54.2,1.88
*OC1CCCCC1*,68.5,P070428,Polyoxides/ethers/acetals,35.92,1.21
*CC(O)COc1ccc(C(C)(C)C2CCC(C)(c3ccc(O*)cc3)CC2)cc1,135.0,P070429,Polyoxides/ethers/acetals,80.65,2.99
*CC(O)COc1ccc(C2(C)CC(C)(C)c3cc(O*)ccc32)cc1,120.0,P070430,Polyoxides/ethers/acetals,79.88,2.62
*CC(O)COc1ccc(C2CCCC(CC)(c3ccc(O*)cc3)C2)cc1,140.0,P070431,Polyoxides/ethers/acetals,79.91,2.66
*CC(COc1ccc(C2CCCC(CC)(c3ccc(O*)cc3)C2)cc1)OC(C)=O,107.0,P070432,Polyoxides/ethers/acetals,77.24,2.68
*Oc1ccc(C(=O)OCCCOC(=O)c2ccc(*)cc2)cc1,57.0,P070433,"Polyoxides/ethers/acetals, Polyesters/thioesters",70.26,2.67
*Oc1ccc(C(=O)OCCCCOC(=O)c2ccc(*)cc2)cc1,38.0,P070434,"Polyoxides/ethers/acetals, Polyesters/thioesters",65.39,2.16
*CCC(=O)NCc1c(C)c(C)c(CNC(=O)CCO*)c(C)c1C,191.0,P070442,"Polyoxides/ethers/acetals, Polyamides/thioamides",60.35,2.28
*CCOCCOCCOCCOC(=O)NCCCCCCNC(=O)O*,-17.0,P070445,"Polyoxides/ethers/acetals, Polyurethanes/thiourethanes",9.49,0.1
*CCOCCOCCOCCOCCOCCOC(=O)NCCCCCCNC(=O)O*,-31.0,P070446,"Polyoxides/ethers/acetals, Polyurethanes/thiourethanes",5.0,0.1
*Oc1cccc(Oc2cccc(OC(*)=O)c2)c1,71.0,P070453,"Polyoxides/ethers/acetals, Polycarbonates/thiocarbonates",75.24,2.91
*c1ccc(Oc2ccc(-c3nnc(*)o3)cc2)cc1,240.0,P070458,"Polyoxides/ethers/acetals, Polyimines",109.78,4.48
*c1ccc(Oc2ccc(C(C)(C)c3ccc(Oc4ccc(-c5nnc(*)o5)cc4)cc3)cc2)cc1,180.0,P070459,"Polyoxides/ethers/acetals, Polyimines",128.22,5.27
*c1ccc(C2(c3ccc(-c4nnc(*)o4)cc3)OC(=O)c3ccccc32)cc1,380.0,P070460,"Polyoxides/ethers/acetals, Polyesters/thioesters, Polyimines",140.91,5.41
*c1ccc(-c2nnc(-c3cccc(-c4nnc(*)o4)c3)o2)cc1,278.0,P070461,"Polyoxides/ethers/acetals, Polyimines",130.23,5.5
*CCCCCCCCc1nc2ccc(-c3ccc4nc(*)oc4c3)cc2o1,223.5,P070462,"Polyoxides/ethers/acetals, Polyimines",115.35,4.91
*Oc1ccc(/N=N/c2ccc(Oc3ccc(C(C)(C)c4ccc(*)cc4)cc3)cc2)cc1,175.0,P070464,"Polyoxides/ethers/acetals, Polyimines",116.06,4.55
*Oc1ccc(Oc2ccc(C(=O)c3ccc(*)cc3)cc2)cc1,147.5,P070466,"Polyoxides/ethers/acetals, Polyketones/thioketones",89.18,3.61
*Oc1ccc(C(C)(C)c2ccc(Oc3ccc(C(=O)c4ccc(*)cc4)cc3)cc2)cc1,155.0,P070467,"Polyoxides/ethers/acetals, Polyketones/thioketones",119.27,4.52
*Oc1ccc(C(c2ccc(Oc3ccc(C(=O)c4ccc(*)cc4)cc3)cc2)(C(F)(F)F)C(F)(F)F)cc1,175.0,P070468,"Polyoxides/ethers/acetals, Polyketones/thioketones",121.5,4.93
*Oc1ccc(C(C)(C)c2ccc(Oc3ccc(C(=O)c4ccc(C(=O)c5ccc(*)cc5)cc4)cc3)cc2)cc1,160.0,P070469,"Polyoxides/ethers/acetals, Polyketones/thioketones",124.18,5.82
*Oc1ccc(C2(C)CCC(C(C)(C)c3ccc(Oc4ccc(C(=O)c5ccc(*)cc5)cc4)cc3)CC2)cc1,200.0,P070470,"Polyoxides/ethers/acetals, Polyketones/thioketones",110.19,4.46
*Oc1cccc(S(=O)(=O)c2ccc(*)cc2)c1,175.0,P070471,"Polyoxides/ethers/acetals, Polysulfones/sulfoxides/sufonates/sulfoamides",85.04,3.3
*Oc1ccc(S(=O)(=O)c2ccc(Oc3ccc(C(c4ccc(*)cc4)(C(F)(F)F)C(F)(F)F)cc3)cc2)cc1,199.7,P070472,"Polyoxides/ethers/acetals, Polysulfones/sulfoxides/sufonates/sulfoamides",120.78,4.6
*Oc1ccc(S(=O)(=O)c2ccc(Oc3c(C)cc(C(C)(C)c4cc(C)c(*)c(C)c4)cc3C)cc2)cc1,231.3,P070473,"Polyoxides/ethers/acetals, Polysulfones/sulfoxides/sufonates/sulfoamides",130.24,4.72
*Oc1ccc(S(=O)(=O)c2ccc(Oc3ccc(C(C)(C)c4ccc(*)c(Cl)c4)cc3Cl)cc2)cc1,205.0,P070474,"Polyoxides/ethers/acetals, Polysulfones/sulfoxides/sufonates/sulfoamides",130.05,4.39
*Oc1ccc(S(=O)(=O)c2ccc(Oc3ccc(C(C)(c4ccccc4)c4ccc(*)cc4)cc3)cc2)cc1,207.0,P070475,"Polyoxides/ethers/acetals, Polysulfones/sulfoxides/sufonates/sulfoamides",134.61,5.55
*Oc1c(-c2ccccc2)cc(*)cc1-c1cccc(C)c1,219.0,P070476,Polyoxides/ethers/acetals,95.41,4.04
*Oc1ccc(S(=O)(=O)c2ccc(Oc3ccc(C(C)(C)c4ccc(OCCCCOc5ccc(C(C)(C)c6ccc(*)cc6)cc5)cc4)cc3)cc2)cc1,140.0,P070477,"Polyoxides/ethers/acetals, Polysulfones/sulfoxides/sufonates/sulfoamides",146.5,5.29
*Oc1ccc(S(=O)(=O)c2ccc(-c3ccc(S(=O)(=O)c4ccc(*)cc4)cc3)cc2)cc1,282.0,P070479,"Polyoxides/ethers/acetals, Polysulfones/sulfoxides/sufonates/sulfoamides",132.96,5.49
*Oc1ccc(S(=O)(=O)c2ccc(Oc3ccc(-c4ccc(*)cc4)cc3)cc2)cc1,221.0,P070480,"Polyoxides/ethers/acetals, Polysulfones/sulfoxides/sufonates/sulfoamides",127.42,5.33
*Oc1ccc(Oc2ccc(S(=O)(=O)c3ccc(*)cc3)cc2)cc1,210.0,P070481,"Polyoxides/ethers/acetals, Polysulfones/sulfoxides/sufonates/sulfoamides",109.65,4.1
*Oc1ccc(Oc2ccc(Oc3ccc(S(=O)(=O)c4ccc(*)cc4)cc3)cc2)cc1,192.0,P070482,"Polyoxides/ethers/acetals, Polysulfones/sulfoxides/sufonates/sulfoamides",119.59,5.16
*Oc1ccc(S(=O)(=O)c2ccc(Oc3ccc(Sc4ccc(*)cc4)cc3)cc2)cc1,175.0,P070483,"Polyoxides/ethers/acetals, Polysulfides, Polysulfones/sulfoxides/sufonates/sulfoamides",113.3,4.52
*c1ccc2oc3ccc(S(*)(=O)=O)cc3c2c1,360.0,P070486,"Polyoxides/ethers/acetals, Polysulfones/sulfoxides/sufonates/sulfoamides",120.87,5.05
*c1ccc2oc3ccc(S(=O)(=O)c4ccc(Oc5ccc(S(*)(=O)=O)cc5)cc4)cc3c2c1,290.0,P070487,"Polyoxides/ethers/acetals, Polysulfones/sulfoxides/sufonates/sulfoamides",155.71,6.0
*Oc1ccc(S(=O)(=O)c2ccc(Oc3ccc(C4CCCC(C(C)c5ccc(*)cc5)C4)cc3)cc2)cc1,230.0,P070488,"Polyoxides/ethers/acetals, Polysulfones/sulfoxides/sufonates/sulfoamides",115.43,4.61
*Oc1ccc(S(=O)(=O)c2ccc(Oc3ccc(C(c4ccccc4)(c4ccccc4)c4ccc(*)cc4)cc3)cc2)cc1,230.0,P070489,"Polyoxides/ethers/acetals, Polysulfones/sulfoxides/sufonates/sulfoamides",149.47,6.35
*Oc1ccc(S(=O)(=O)c2ccc(Oc3ccc(C4(c5ccc(*)cc5)CC5CCC4C5)cc3)cc2)cc1,250.0,P070490,"Polyoxides/ethers/acetals, Polysulfones/sulfoxides/sufonates/sulfoamides",122.67,4.75
*Oc1ccc(S(=O)(=O)c2ccc3ccc(S(=O)(=O)c4ccc(*)cc4)cc3c2)cc1,250.0,P070491,"Polyoxides/ethers/acetals, Polysulfones/sulfoxides/sufonates/sulfoamides",120.88,4.75
*Oc1ccc(S(=O)(=O)c2ccc(Oc3ccc(C(c4ccc(*)cc4)C(C)C)cc3)cc2)cc1,200.0,P070492,"Polyoxides/ethers/acetals, Polysulfones/sulfoxides/sufonates/sulfoamides",123.2,5.21
*Oc1ccc(S(=O)(=O)c2ccc(Oc3ccc(C(=O)c4ccc(*)cc4)cc3)cc2)cc1,205.0,P070500,"Polyoxides/ethers/acetals, Polyketones/thioketones, Polysulfones/sulfoxides/sufonates/sulfoamides",107.47,5.31
*Oc1ccc(S(=O)(=O)N(C)CCCCN(C)S(=O)(=O)c2ccc(Oc3ccc(C(C)(C)c4ccc(*)cc4)cc3)cc2)cc1,120.0,P070502,"Polyoxides/ethers/acetals, Polysulfones/sulfoxides/sufonates/sulfoamides",110.59,3.94
*CC(CC)(CC)CO*,-30.0,P070504,Polyoxides/ethers/acetals,21.17,0.65
*CCOCCOCCOCCOCCOc1ccc(/C=C(\C)c2ccc(O*)cc2)cc1,17.0,P070505,Polyoxides/ethers/acetals,50.65,1.96
*Oc1ccc(S(=O)c2ccc(Oc3ccc(C(C)(C)c4ccc(*)cc4)cc3)cc2)cc1,165.0,P070506,"Polyoxides/ethers/acetals, Polysulfones/sulfoxides/sufonates/sulfoamides",106.74,4.4
*CCCCCCCOc1ccc(-c2ccc(O*)c3ccccc23)c2ccccc12,129.5,P070523,Polyoxides/ethers/acetals,94.78,4.74
*CCCCCCOc1ccc(-c2ccc(O*)c3ccccc23)c2ccccc12,109.0,P070524,Polyoxides/ethers/acetals,94.99,4.01
*CCCCCOc1ccc(-c2ccc(O*)c3ccccc23)c2ccccc12,151.0,P070525,Polyoxides/ethers/acetals,102.52,4.77
*CCCCOc1ccc(-c2ccc(O*)c3ccccc23)c2ccccc12,130.0,P070526,Polyoxides/ethers/acetals,96.89,4.39
*CCCOc1ccc(-c2ccc(O*)c3ccccc23)c2ccccc12,182.0,P070527,Polyoxides/ethers/acetals,123.39,4.48
*CCOCCOCCOC(=O)CCCCC(=O)O*,-49.0,P070529,"Polyoxides/ethers/acetals, Polyesters/thioesters",12.3,0.11
*CCOCCOCCOC(=O)c1ccc(-c2ccc(C(=O)O*)cc2)cc1,20.0,P070533,"Polyoxides/ethers/acetals, Polyesters/thioesters",56.13,1.99
*CCOCCOCCOC(=O)CCCCCC(=O)O*,-44.5,P070538,"Polyoxides/ethers/acetals, Polyesters/thioesters",10.7,0.1
*OC(CCl)C(*)CCl,95.0,P070549,Polyoxides/ethers/acetals,35.69,1.23
*CCOCC(=O)O*,-12.6,P070561,"Polyoxides/ethers/acetals, Polyesters/thioesters",24.58,0.75
*CCCCCCCC(=O)OCC1(C)COC(*)OC1,-26.0,P070562,"Polyoxides/ethers/acetals, Polyesters/thioesters",23.7,0.41
*CCCCCCCC(=O)OCCCCC1COC(*)O1,-44.0,P070563,"Polyoxides/ethers/acetals, Polyesters/thioesters",13.94,0.18
*CC(O)CO*,17.0,P070564,Polyoxides/ethers/acetals,28.98,0.85
*CCOCCOC(=O)c1ccccc1-c1ccccc1C(=O)O*,17.0,P070565,"Polyoxides/ethers/acetals, Polyesters/thioesters",57.63,2.34
*CCOCCOC(=O)c1ccc(-c2ccc(C(=O)O*)cc2)cc1,50.0,P070567,"Polyoxides/ethers/acetals, Polyesters/thioesters",67.6,2.45
*CCOCCOC(=O)c1ccc(C(=O)O*)cc1,21.9,P070572,"Polyoxides/ethers/acetals, Polyesters/thioesters",47.65,1.57
*Oc1cccc(NC(=O)CCCCC(=O)Nc2ccc(*)cc2)c1,160.0,P070574,"Polyoxides/ethers/acetals, Polyamides/thioamides",79.23,3.1
*Oc1ccc(NC(=O)CCCCC(=O)Nc2ccc(*)cc2)cc1,230.0,P070575,"Polyoxides/ethers/acetals, Polyamides/thioamides",85.45,3.44
*Oc1cccc(NC(=O)CCCCCCCC(=O)Nc2ccc(*)cc2)c1,120.0,P070576,"Polyoxides/ethers/acetals, Polyamides/thioamides",67.09,2.88
*Oc1ccc(NC(=O)CCCCCCCC(=O)Nc2ccc(*)cc2)cc1,160.0,P070577,"Polyoxides/ethers/acetals, Polyamides/thioamides",74.05,2.64
*Oc1cccc(NC(=O)CCCCCCCCCCC(=O)Nc2ccc(*)cc2)c1,110.0,P070578,"Polyoxides/ethers/acetals, Polyamides/thioamides",58.94,2.33
*Oc1ccc(NC(=O)CCCCCCCCCCC(=O)Nc2ccc(*)cc2)cc1,150.0,P070579,"Polyoxides/ethers/acetals, Polyamides/thioamides",69.69,2.77
*Oc1cccc(NC(=O)CCCCCC(=O)Nc2ccc(*)cc2)c1,130.0,P070583,"Polyoxides/ethers/acetals, Polyamides/thioamides",75.88,2.72
*Oc1ccc(NC(=O)CCCCCC(=O)Nc2ccc(*)cc2)cc1,180.0,P070584,"Polyoxides/ethers/acetals, Polyamides/thioamides",83.52,2.96
*Oc1cccc(NC(=O)CCCCCCCCC(=O)Nc2ccc(*)cc2)c1,125.0,P070585,"Polyoxides/ethers/acetals, Polyamides/thioamides",69.54,2.76
*Oc1ccc(NC(=O)CCCCCCCCC(=O)Nc2ccc(*)cc2)cc1,160.0,P070586,"Polyoxides/ethers/acetals, Polyamides/thioamides",65.62,2.73
*Oc1cccc(NC(=O)CCCCCCC(=O)Nc2ccc(*)cc2)c1,140.0,P070587,"Polyoxides/ethers/acetals, Polyamides/thioamides",71.89,2.99
*Oc1ccc(NC(=O)CCCCCCC(=O)Nc2ccc(*)cc2)cc1,180.0,P070588,"Polyoxides/ethers/acetals, Polyamides/thioamides",76.59,3.08
*Oc1cccc(NC(=O)CCCCCCCCCC(=O)Nc2ccc(*)cc2)c1,110.0,P070589,"Polyoxides/ethers/acetals, Polyamides/thioamides",68.47,2.32
*Oc1ccc(NC(=O)CCCCCCCCCC(=O)Nc2ccc(*)cc2)cc1,150.0,P070590,"Polyoxides/ethers/acetals, Polyamides/thioamides",67.45,2.82
*Oc1ccc(C(=O)c2cccc(C(=O)c3ccc(*)c(CC)c3)c2)cc1CC,126.0,P070591,"Polyoxides/ethers/acetals, Polyketones/thioketones",99.39,3.47
*Oc1c(C(C)C)cc(C(=O)c2cccc(C(=O)c3ccc(*)cc3)c2)cc1C(C)C,132.0,P070592,"Polyoxides/ethers/acetals, Polyketones/thioketones",88.18,4.05
*Oc1ccc(C(=O)c2cccc(C(=O)c3ccc(*)c(C(C)C)c3)c2)cc1CC,136.0,P070593,"Polyoxides/ethers/acetals, Polyketones/thioketones",91.14,3.83
*Oc1ccc(C(=O)c2cccc(C(=O)c3ccc(*)c(C(C)C)c3)c2)cc1C,147.0,P070594,"Polyoxides/ethers/acetals, Polyketones/thioketones",100.93,4.07
*Oc1ccc(C(=O)c2ccc(C(=O)c3ccc(*)c(C(C)C)c3)cc2)cc1C,149.0,P070595,"Polyoxides/ethers/acetals, Polyketones/thioketones",97.03,3.81
*c1ccc(-c2ccc(-c3cc(-c4ccc(Oc5ccc(-c6cc(*)nc7ccccc67)cc5)cc4)c4ccccc4n3)cc2)cc1,326.0,P070596,"Polyoxides/ethers/acetals, Polyimines",193.05,8.3
*c1ccc(-c2ccc(-c3nc4ccccc4c(-c4ccc(Oc5ccc(-c6c(-c7ccccc7)c(*)nc7ccccc67)cc5)cc4)c3-c3ccccc3)cc2)cc1,345.0,P070597,"Polyoxides/ethers/acetals, Polyimines",239.73,11.28
*c1ccc(Oc2ccc(-c3nc4ccc(Oc5ccc6nc(*)c(-c7ccccc7)c(-c7ccccc7)c6c5)cc4c(-c4ccccc4)c3-c3ccccc3)cc2)cc1,305.0,P070598,"Polyoxides/ethers/acetals, Polyimines",215.87,10.63
*c1ccc(-c2nc3ccc(Oc4ccc5nc(*)c(-c6ccccc6)c(-c6ccccc6)c5c4)cc3c(-c3ccccc3)c2-c2ccccc2)cc1,345.0,P070600,"Polyoxides/ethers/acetals, Polyimines",217.58,8.9
*c1ccc(Oc2ccc(-c3cc(-c4ccccc4)c4cc(Oc5ccc6nc(*)cc(-c7ccccc7)c6c5)ccc4n3)cc2)cc1,266.0,P070601,"Polyoxides/ethers/acetals, Polyimines",211.29,9.11
*c1ccc(-c2ccc(-c3nc4ccc(Oc5ccc6nc(*)c(-c7ccccc7)c(-c7ccccc7)c6c5)cc4c(-c4ccccc4)c3-c3ccccc3)cc2)cc1,351.0,P070602,"Polyoxides/ethers/acetals, Polyimines",252.89,10.52
*OC(F)(F)COC(=O)c1cccc(C(F)(F)C(F)(F)C(F)(F)c2cccc(C(=O)OCC(*)(F)F)c2)c1,30.0,P070623,"Polyoxides/ethers/acetals, Polyesters/thioesters",73.61,2.24
*OC(F)(F)COC(=O)c1cccc(C(=O)OCC(*)(F)F)c1,28.0,P070624,"Polyoxides/ethers/acetals, Polyesters/thioesters",50.1,1.69
*OC(F)(F)COC(=O)c1cc(OCCCCC)cc(C(=O)OCC(*)(F)F)c1,14.0,P070625,"Polyoxides/ethers/acetals, Polyesters/thioesters",39.83,1.35
*Oc1cccc(C(=O)OCC(F)(F)C(F)(F)C(F)(F)COC(=O)c2cccc(*)c2)c1,20.0,P070626,"Polyoxides/ethers/acetals, Polyesters/thioesters",63.11,2.12
*Oc1ccc(Oc2ccc(OC(=O)c3cccc(C(*)=O)c3)cc2)cc1,164.5,P070627,"Polyoxides/ethers/acetals, Polyesters/thioesters",100.81,3.58
*Oc1ccc(Oc2ccc(OC(=O)c3cc(OCCCCC)cc(C(*)=O)c3)cc2)cc1,126.0,P070628,"Polyoxides/ethers/acetals, Polyesters/thioesters",81.93,3.43
*ON(C(F)(F)C(*)(F)F)C(F)(F)C(F)(F)Br,-17.0,P070629,"Polyoxides/ethers/acetals, Polyimines",36.75,0.68
*ON(C(F)(F)F)C(F)(F)C(*)(F)F,-46.0,P070631,"Polyoxides/ethers/acetals, Polyimines",31.6,0.56
*Oc1ccc(S(=O)(=O)c2ccc(Oc3ccc(C4(c5ccc(*)cc5)CCCCC4)cc3)cc2)cc1,226.0,P070634,"Polyoxides/ethers/acetals, Polysulfones/sulfoxides/sufonates/sulfoamides",112.5,4.52
*c1ccc(-c2ccc(-c3nc4cc(Oc5ccc6nc(-c7ccccc7)c(*)nc6c5)ccc4nc3-c3ccccc3)cc2)cc1,410.0,P070635,"Polyoxides/ethers/acetals, Polyimines",193.71,8.41
*c1ccc(-c2nc3cc(Oc4ccc5nc(*)c(-c6ccccc6)nc5c4)ccc3nc2-c2ccccc2)cc1,326.0,P070636,"Polyoxides/ethers/acetals, Polyimines",197.91,8.16
*c1ccc(Oc2ccc(-c3nc4cc(Oc5ccc6nc(*)c(-c7ccccc7)nc6c5)ccc4nc3-c3ccccc3)cc2)cc1,243.0,P070637,"Polyoxides/ethers/acetals, Polyimines",186.08,8.47
*c1ccc(Oc2ccc(-c3nc4ccc(Oc5ccc6nc(*)c(-c7ccccc7)nc6c5)cc4nc3-c3ccccc3)cc2)cc1,437.0,P070638,"Polyoxides/ethers/acetals, Polyimines",221.54,10.1
*c1ccc(Oc2ccc(-c3nc4cc(-c5ccc6nc(*)c(-c7ccccc7)nc6c5)ccc4nc3-c3ccccc3)cc2)cc1,292.5,P070639,"Polyoxides/ethers/acetals, Polyimines",206.24,7.97
*c1ccc(-c2ccc(-c3cnc4cc(Oc5ccc6nc(*)cnc6c5)ccc4n3)cc2)cc1,390.0,P070640,"Polyoxides/ethers/acetals, Polyimines",181.58,7.83
*c1ccc(Oc2ccc(-c3ccc(Oc4ccc(-c5cnc6cc(-c7ccc8nc(*)cnc8c7)ccc6n5)cc4)cc3)cc2)cc1,213.0,P070641,"Polyoxides/ethers/acetals, Polyimines",178.91,8.44
*c1ccc(Oc2ccc(-c3cnc4cc(-c5ccc6nc(*)cnc6c5)ccc4n3)cc2)cc1,334.0,P070642,"Polyoxides/ethers/acetals, Polyimines",164.66,6.59
*c1ccc(Oc2ccc(Oc3ccc(-c4cnc5cc(-c6ccc7nc(*)cnc7c6)ccc5n4)cc3)cc2)cc1,195.0,P070643,"Polyoxides/ethers/acetals, Polyimines",154.76,7.33
*c1ccc(Oc2ccc(Oc3ccc(Oc4ccc(-c5cnc6cc(-c7ccc8nc(*)cnc8c7)ccc6n5)cc4)cc3)cc2)cc1,133.0,P070644,"Polyoxides/ethers/acetals, Polyimines",189.8,7.71
*c1ccc(Oc2ccc(-c3cnc4cc(Oc5ccc6nc(*)cnc6c5)ccc4n3)cc2)cc1,382.0,P070645,"Polyoxides/ethers/acetals, Polyimines",167.78,8.1
*Oc1ccc(NC(=O)c2cc(C(=O)Nc3ccc(*)cc3)c(C(=O)O)cc2C(=O)O)cc1,207.4,P070646,"Polyoxides/ethers/acetals, Polyamides/thioamides",111.65,4.03
*CCCCCCCC(=O)OCCOC(=O)CCCCCCCC1OCC2(COC(*)OC2)CO1,0.0,P070648,"Polyoxides/ethers/acetals, Polyesters/thioesters",17.61,0.1
*c1ccc(Oc2ccc(-c3cnc4cc5ncc(*)nc5cc4n3)cc2)cc1,353.0,P070649,"Polyoxides/ethers/acetals, Polyimines",137.7,6.4
*ON(C(F)(F)F)C(F)(Br)C(*)(F)F,3.0,P070651,"Polyoxides/ethers/acetals, Polyimines",39.67,0.92
*ON(C(F)(F)F)C(F)(C(*)(F)F)C(F)(F)F,-9.0,P070653,"Polyoxides/ethers/acetals, Polyimines",36.01,0.83
*CC(CO*)C(C)(C)C,-4.0,P070656,Polyoxides/ethers/acetals,32.15,0.82
*CC(C)(CC)CO*,-47.0,P070657,Polyoxides/ethers/acetals,23.56,0.53
*CC(C)(CO)CO*,62.0,P070661,Polyoxides/ethers/acetals,35.59,1.16
*Oc1ccc(C(=O)c2ccc(C(=O)c3ccc(*)cc3)cc2)cc1,157.0,P070666,"Polyoxides/ethers/acetals, Polyketones/thioketones",94.45,4.11
*Oc1ccc(Oc2ccc(C(=O)c3cccc(C(=O)c4ccc(*)cc4)c3)cc2)cc1,148.0,P070667,"Polyoxides/ethers/acetals, Polyketones/thioketones",111.18,5.03
*Oc1ccc(-c2ccc(Oc3ccc(C(=O)c4cccc(C(=O)c5ccc(*)cc5)c4)cc3)cc2)cc1,159.0,P070668,"Polyoxides/ethers/acetals, Polyketones/thioketones",141.11,5.69
*Oc1ccc(C(=O)c2ccc(Oc3ccc(C(=O)c4cccc(C(=O)c5ccc(*)cc5)c4)cc3)cc2)cc1,152.0,P070669,"Polyoxides/ethers/acetals, Polyketones/thioketones",130.45,5.08
*Oc1ccc(S(=O)(=O)c2ccc(Oc3ccc(C(=O)c4cccc(C(=O)c5ccc(*)cc5)c4)cc3)cc2)cc1,178.0,P070670,"Polyoxides/ethers/acetals, Polyketones/thioketones, Polysulfones/sulfoxides/sufonates/sulfoamides",142.3,5.21
*Oc1ccc(Oc2ccc(S(=O)(=O)c3ccc(-c4ccc(-c5ccc(S(=O)(=O)c6ccc(*)cc6)cc5)cc4)cc3)cc2)cc1,259.0,P070671,"Polyoxides/ethers/acetals, Polysulfones/sulfoxides/sufonates/sulfoamides",148.9,6.71
*Oc1ccc(S(=O)(=O)c2ccc(-c3ccc(-c4ccc(S(=O)(=O)c5ccc(Oc6ccc(-c7ccc(*)cc7)cc6)cc5)cc4)cc3)cc2)cc1,264.0,P070672,"Polyoxides/ethers/acetals, Polysulfones/sulfoxides/sufonates/sulfoamides",182.63,7.98
*Oc1ccc(S(=O)(=O)c2ccc(Oc3ccc(S(=O)(=O)c4ccc(-c5ccc(-c6ccc(S(=O)(=O)c7ccc(*)cc7)cc6)cc5)cc4)cc3)cc2)cc1,281.0,P070673,"Polyoxides/ethers/acetals, Polysulfones/sulfoxides/sufonates/sulfoamides",190.76,7.29
*Oc1ccc(S(=O)(=O)c2ccc(-c3ccc(-c4ccc(S(=O)(=O)c5ccc(*)cc5)cc4)cc3)cc2)cc1,311.0,P070674,"Polyoxides/ethers/acetals, Polysulfones/sulfoxides/sufonates/sulfoamides",162.64,6.17
*Oc1ccc(S(=O)(=O)c2ccc(Oc3ccc(-c4ccc(-c5ccc(*)cc5)cc4)cc3)cc2)cc1,251.0,P070675,"Polyoxides/ethers/acetals, Polysulfones/sulfoxides/sufonates/sulfoamides",148.71,6.3
*Oc1ccc(S(=O)(=O)c2ccc(-c3ccc(S(=O)(=O)c4ccc(Oc5ccc(-c6ccc(-c7ccc(*)cc7)cc6)cc5)cc4)cc3)cc2)cc1,263.0,P070676,"Polyoxides/ethers/acetals, Polysulfones/sulfoxides/sufonates/sulfoamides",186.57,7.01
*Oc1ccc(-c2ccc(-c3ccc(Oc4ccc(C(=O)c5cccc(C(=O)c6ccc(*)cc6)c5)cc4)cc3)cc2)cc1,174.0,P070677,"Polyoxides/ethers/acetals, Polyketones/thioketones",147.72,5.97
*Oc1ccc(C(=O)c2cccc(C(=O)c3ccc(*)cc3)c2)cc1,139.0,P070678,"Polyoxides/ethers/acetals, Polyketones/thioketones",97.01,3.87
*Oc1ccc(S(=O)(=O)c2ccc(Oc3ccc(C(=O)c4ccc(-c5ccc(C(=O)c6ccc(*)cc6)cc5)cc4)cc3)cc2)cc1,207.0,P070685,"Polyoxides/ethers/acetals, Polyketones/thioketones, Polysulfones/sulfoxides/sufonates/sulfoamides",147.05,6.4
*CCCOCCCOC(=O)c1ccc(-c2ccc(C(=O)O*)cc2)cc1,18.5,P070686,"Polyoxides/ethers/acetals, Polyesters/thioesters",54.86,2.2
*Oc1ccc(C(C)(C)c2ccc(Oc3ccc(C(=O)c4ccccc4-c4ccccc4C(=O)c4ccc(*)cc4)cc3)cc2)cc1,172.0,P070688,"Polyoxides/ethers/acetals, Polyketones/thioketones",155.03,6.7
*Oc1ccc(C(c2ccc(Oc3ccc(C(=O)c4ccccc4-c4ccccc4C(=O)c4ccc(*)cc4)cc3)cc2)(C(F)(F)F)C(F)(F)F)cc1,178.5,P070689,"Polyoxides/ethers/acetals, Polyketones/thioketones",145.48,6.42
*Oc1ccc(-c2ccc(Oc3ccc(C(=O)c4ccccc4-c4ccccc4C(=O)c4ccc(*)cc4)cc3)cc2)cc1,193.0,P070690,"Polyoxides/ethers/acetals, Polyketones/thioketones",137.8,6.93
*Oc1ccc(Oc2ccc(C(=O)c3ccccc3-c3ccccc3C(=O)c3ccc(*)cc3)cc2)cc1,175.0,P070691,"Polyoxides/ethers/acetals, Polyketones/thioketones",122.46,5.88
*Oc1ccc(C(=O)c2ccccc2)c(-c2cc(Oc3ccc(C(C)(C)c4ccc(*)cc4)cc3)ccc2C(=O)c2ccccc2)c1,156.0,P070692,Polyoxides/ethers/acetals,139.31,6.06
*Oc1ccc(C(=O)c2ccccc2)c(-c2cc(Oc3ccc(C(c4ccc(*)cc4)(C(F)(F)F)C(F)(F)F)cc3)ccc2C(=O)c2ccccc2)c1,164.0,P070693,Polyoxides/ethers/acetals,153.71,6.2
*Oc1ccc(C(=O)c2ccccc2)c(-c2cc(Oc3ccc(-c4ccc(*)cc4)cc3)ccc2C(=O)c2ccccc2)c1,174.0,P070694,Polyoxides/ethers/acetals,156.35,6.2
*Oc1ccc(Oc2ccc(C(=O)c3ccccc3)c(-c3cc(*)ccc3C(=O)c3ccccc3)c2)cc1,156.0,P070695,Polyoxides/ethers/acetals,128.92,5.71
*Oc1ccc(Oc2ccc(C(=O)c3cccc(-c4cccc(C(=O)c5ccc(*)cc5)c4)c3)cc2)cc1,154.0,P070696,"Polyoxides/ethers/acetals, Polyketones/thioketones",116.09,5.85
*Oc1ccc(Oc2ccc(C(=O)c3ccc(*)cc3)cc2)cc1C(C)(C)C,177.0,P070700,"Polyoxides/ethers/acetals, Polyketones/thioketones",107.73,4.0
*Oc1ccc(Oc2ccc(C(=O)c3ccc(*)cc3)cc2)cc1C,151.0,P070701,"Polyoxides/ethers/acetals, Polyketones/thioketones",92.28,4.02
*Oc1ccc(C(=O)Nc2cc(SCCC#N)c(NC(=O)c3ccc(*)cc3)cc2SCCC#N)cc1,158.0,P070702,"Polyoxides/ethers/acetals, Polyamides/thioamides",97.06,3.66
*c1ccc(Oc2ccc(-c3nc4cc5sc(*)nc5cc4s3)cc2)cc1,350.0,P070703,"Polyoxides/ethers/acetals, Polysulfides, Polyimines",141.33,6.36
*CNC(=O)OCc1ccc(COC(=O)NCc2ccc(C(C)(C)c3ccc(*)o3)o2)o1,55.0,P070709,"Polyoxides/ethers/acetals, Polyurethanes/thiourethanes",91.43,3.01
*CNC(=O)OCC(OC(=O)NCc1ccc(C(C)(C)c2ccc(*)o2)o1)c1ccco1,20.0,P070710,"Polyoxides/ethers/acetals, Polyurethanes/thiourethanes",76.49,3.23
*CNC(=O)OCc1ccc(COCc2ccc(COC(=O)NCc3ccc(C(C)(C)c4ccc(*)o4)o3)o2)o1,39.0,P070711,"Polyoxides/ethers/acetals, Polyurethanes/thiourethanes",90.89,3.81
*COC(=O)Nc1ccc(Cc2ccc(NC(=O)OCc3ccc(*)o3)cc2)cc1,81.0,P070712,"Polyoxides/ethers/acetals, Polyurethanes/thiourethanes",89.77,3.26
*CNC(=O)OCc1cocc1COC(=O)NCc1ccc(C(C)(C)c2ccc(*)o2)o1,25.0,P070713,"Polyoxides/ethers/acetals, Polyurethanes/thiourethanes",87.77,2.96
*COC(=O)NCc1ccc(CNC(=O)OCc2ccc(*)o2)o1,75.0,P070714,"Polyoxides/ethers/acetals, Polyurethanes/thiourethanes",63.12,2.7
*CNC(=O)OCC(OC(=O)NCc1ccc(*)o1)c1ccco1,30.0,P070715,"Polyoxides/ethers/acetals, Polyurethanes/thiourethanes",68.27,2.48
*COC(=O)NCCCCCCNC(=O)OCc1ccc(*)o1,33.0,P070716,"Polyoxides/ethers/acetals, Polyurethanes/thiourethanes",42.28,1.36
*CNC(=O)OC(c1ccco1)C(OC(=O)NCc1ccc(C(C)(C)c2ccc(*)o2)o1)c1ccco1,45.0,P070717,"Polyoxides/ethers/acetals, Polyurethanes/thiourethanes",105.04,3.53
*CNC(=O)OCCOC(=O)NCc1ccc(C(C)(C)c2ccc(*)o2)o1,50.0,P070718,"Polyoxides/ethers/acetals, Polyurethanes/thiourethanes",67.77,2.5
*CNC(=O)OCC(OC(=O)NCc1ccc(C(CCC)c2ccc(*)o2)o1)c1ccco1,43.0,P070719,"Polyoxides/ethers/acetals, Polyurethanes/thiourethanes",73.41,2.98
*c1ccc(Oc2ccc(C(C)(C)c3ccc(Oc4ccc(S(*)(=O)=O)cc4)cc3)cc2)s1,161.85,P070720,"Polyoxides/ethers/acetals, Polysulfides, Polysulfones/sulfoxides/sufonates/sulfoamides",124.5,4.23
*Oc1ccc(C(c2ccc(Oc3ccc(C(=O)Nc4ccc(NC(=O)c5ccc(*)cc5)cc4)cc3)cc2)(C(F)(F)F)C(F)(F)F)cc1,218.0,P070721,"Polyoxides/ethers/acetals, Polyamides/thioamides",132.89,6.2
*Oc1ccc(C(C)(C)c2ccc(Oc3ccc(C(=O)Nc4ccc(NC(=O)c5ccc(*)cc5)cc4)cc3)cc2)cc1,230.0,P070722,"Polyoxides/ethers/acetals, Polyamides/thioamides",147.17,5.41
*Oc1ccc(C(c2ccccc2)(c2ccccc2)c2ccc(Oc3ccc(C(=O)Nc4ccc(NC(=O)c5ccc(*)cc5)cc4)cc3)cc2)cc1,254.0,P070723,"Polyoxides/ethers/acetals, Polyamides/thioamides",163.49,7.12
*Oc1ccc(C(C)(C)c2ccc(Oc3ccc(C(=O)Nc4cccc(NC(=O)c5ccc(*)cc5)c4)cc3)cc2)cc1,214.0,P070724,"Polyoxides/ethers/acetals, Polyamides/thioamides",143.97,5.62
*Oc1ccc(C(C)(C)c2ccc(Oc3ccc(C(=O)Nc4ccc(-c5ccc(NC(=O)c6ccc(*)cc6)cc5C(F)(F)F)c(C(F)(F)F)c4)cc3)cc2)cc1,250.0,P070725,"Polyoxides/ethers/acetals, Polyamides/thioamides",159.12,7.17
*Oc1ccc(C(c2ccc(Oc3ccc(C(=O)Nc4ccc(-c5ccc(NC(=O)c6ccc(*)cc6)cc5C(F)(F)F)c(C(F)(F)F)c4)cc3)cc2)(C(F)(F)F)C(F)(F)F)cc1,240.0,P070726,"Polyoxides/ethers/acetals, Polyamides/thioamides",178.99,6.27
*c1ccc(-c2ccc(-n3c(-c4ccc(Oc5ccc(S(=O)(=O)c6ccc(Oc7ccc(-c8nc9ccccc9n8*)cc7)cc6)cc5)cc4)nc4ccccc43)cc2)cc1,289.0,P070727,"Polyoxides/ethers/acetals, Polyimines, Polysulfones/sulfoxides/sufonates/sulfoamides",208.71,9.23
*c1ccc(Oc2ccc(S(=O)(=O)c3ccc(Oc4ccc(-c5nc6ccccc6n5-c5ccc(-n6c(*)nc7ccccc76)cc5)cc4)cc3)cc2)cc1,270.0,P070728,"Polyoxides/ethers/acetals, Polyimines, Polysulfones/sulfoxides/sufonates/sulfoamides",224.45,8.33
*c1ccc(-c2ccc(-n3c(-c4ccc(Oc5ccc(C(=O)c6ccc(Oc7ccc(-c8nc9ccccc9n8*)cc7)cc6)cc5)cc4)nc4ccccc43)cc2)cc1,268.0,P070729,"Polyoxides/ethers/acetals, Polyimines, Polyketones/thioketones",205.52,9.02
*c1ccc(Oc2ccc(C(=O)c3ccc(Oc4ccc(-c5nc6ccccc6n5-c5ccc(-n6c(*)nc7ccccc76)cc5)cc4)cc3)cc2)cc1,242.0,P070730,"Polyoxides/ethers/acetals, Polyimines, Polyketones/thioketones",201.84,9.79
*c1ccc(-c2ccc(-n3c(-c4ccc(Oc5ccc(C(=O)c6ccc(C(=O)c7ccc(Oc8ccc(-c9nc%10ccccc%10n9*)cc8)cc7)cc6)cc5)cc4)nc4ccccc43)cc2)cc1,259.0,P070731,"Polyoxides/ethers/acetals, Polyimines, Polyketones/thioketones",239.43,10.54
*c1ccc(Oc2ccc(C(=O)c3ccc(C(=O)c4ccc(Oc5ccc(-c6nc7ccccc7n6-c6ccc(-n7c(*)nc8ccccc87)cc6)cc5)cc4)cc3)cc2)cc1,238.0,P070732,"Polyoxides/ethers/acetals, Polyimines, Polyketones/thioketones",204.27,9.46
*c1ccc(-c2ccc(-n3c(-c4ccc(Oc5ccc(C(=O)c6cccc(C(=O)c7ccc(Oc8ccc(-c9nc%10ccccc%10n9*)cc8)cc7)c6)cc5)cc4)nc4ccccc43)cc2)cc1,244.0,P070733,"Polyoxides/ethers/acetals, Polyimines, Polyketones/thioketones",217.03,10.0
*c1ccc(Oc2ccc(C(=O)c3cccc(C(=O)c4ccc(Oc5ccc(-c6nc7ccccc7n6-c6ccc(-n7c(*)nc8ccccc87)cc6)cc5)cc4)c3)cc2)cc1,219.0,P070734,"Polyoxides/ethers/acetals, Polyimines, Polyketones/thioketones",233.13,8.98
*c1ccc(-c2ccc(-n3c(-c4ccc(Oc5ccc(C(=O)c6ccc(Oc7ccc(C(=O)c8ccc(Oc9ccc(-c%10nc%11ccccc%11n%10*)cc9)cc8)cc7)cc6)cc5)cc4)nc4ccccc43)cc2)cc1,243.0,P070735,"Polyoxides/ethers/acetals, Polyimines, Polyketones/thioketones",273.66,10.57
*c1ccc(Oc2ccc(C(=O)c3ccc(Oc4ccc(C(=O)c5ccc(Oc6ccc(-c7nc8ccccc8n7-c7ccc(-n8c(*)nc9ccccc98)cc7)cc6)cc5)cc4)cc3)cc2)cc1,223.0,P070736,"Polyoxides/ethers/acetals, Polyimines, Polyketones/thioketones",253.67,11.22
*C1(F)OC(C(F)(F)F)(C(F)(F)Cl)OC1(*)F,330.0,P070742,Polyoxides/ethers/acetals,72.02,2.72
*C1OC(C(F)(F)F)(C(F)(F)F)OC1(*)F,256.0,P070743,Polyoxides/ethers/acetals,64.65,2.4
*Oc1ccc(NC(=O)c2cc(C(=O)Nc3ccc(*)cc3)cc(C(F)(F)C(F)(F)C(F)(F)C(F)(F)F)c2)cc1,257.0,P074245,"Polyoxides/ethers/acetals, Polyamides/thioamides",120.53,4.57
*Oc1cccc(NC(=O)c2cc(C(=O)Nc3ccc(*)cc3)cc(C(F)(F)C(F)(F)C(F)(F)C(F)(F)F)c2)c1,230.0,P074246,"Polyoxides/ethers/acetals, Polyamides/thioamides",117.81,4.22
*Oc1ccc(NC(=O)c2cc(C(=O)Nc3ccc(*)cc3)cc(C(F)(F)C(F)(F)C(F)(F)C(F)(F)C(F)(F)C(F)(F)C(F)(F)C(F)(F)F)c2)cc1,230.0,P074247,"Polyoxides/ethers/acetals, Polyamides/thioamides",101.01,3.73
*Oc1cccc(NC(=O)c2cc(C(=O)Nc3ccc(*)cc3)cc(C(F)(F)C(F)(F)C(F)(F)C(F)(F)C(F)(F)C(F)(F)C(F)(F)C(F)(F)F)c2)c1,210.0,P074248,"Polyoxides/ethers/acetals, Polyamides/thioamides",100.63,3.83
*Oc1cccc(NC(=O)c2cccc(C(=O)Nc3ccc(*)cc3)c2)c1,240.0,P074249,"Polyoxides/ethers/acetals, Polyamides/thioamides",108.9,4.3
*c1cccc(N2C(=O)c3ccc(Oc4cccc5c(Oc6ccc7c(c6)C(=O)N(*)C7=O)cccc45)cc3C2=O)c1,260.0,P074253,"Polyimides/thioimides, Polyoxides/ethers/acetals",148.87,6.0
*CCCCCCCCCCOc1ccc(OC(=O)c2ccc(OCCOCCOCCOc3ccc(C(=O)Oc4ccc(O*)cc4)cc3)cc2)cc1,64.0,P074254,"Polyoxides/ethers/acetals, Polyesters/thioesters",79.67,3.37
*c1cccc(N2C(=O)c3ccc(Oc4cc5ccccc5cc4Oc4ccc5c(c4)C(=O)N(*)C5=O)cc3C2=O)c1,237.0,P074256,"Polyimides/thioimides, Polyoxides/ethers/acetals",131.39,5.35
*c1cccc(N2C(=O)c3ccc(Oc4ccc5cc(Oc6ccc7c(c6)C(=O)N(*)C7=O)ccc5c4)cc3C2=O)c1,230.0,P074257,"Polyimides/thioimides, Polyoxides/ethers/acetals",143.68,6.14
*c1cccc(N2C(=O)c3ccc(Oc4ccc5ccc(Oc6ccc7c(c6)C(=O)N(*)C7=O)cc5c4)cc3C2=O)c1,254.0,P074258,"Polyimides/thioimides, Polyoxides/ethers/acetals",138.17,5.68
*c1ccc(Oc2ccc(N3C(=O)c4ccc(Oc5cccc6c(Oc7ccc8c(c7)C(=O)N(*)C8=O)cccc56)cc4C3=O)cc2)cc1,240.0,P074259,"Polyimides/thioimides, Polyoxides/ethers/acetals",172.83,6.13
*c1ccc(Oc2ccc(N3C(=O)c4ccc(Oc5cc6ccccc6cc5Oc5ccc6c(c5)C(=O)N(*)C6=O)cc4C3=O)cc2)cc1,220.5,P074260,"Polyimides/thioimides, Polyoxides/ethers/acetals",148.19,6.04
*c1ccc(Oc2ccc(N3C(=O)c4ccc(Oc5ccc6ccc(Oc7ccc8c(c7)C(=O)N(*)C8=O)cc6c5)cc4C3=O)cc2)cc1,245.0,P074262,"Polyimides/thioimides, Polyoxides/ethers/acetals",153.89,6.89
*c1ccc(Oc2cccc(N3C(=O)c4ccc(Oc5cccc6c(Oc7ccc8c(c7)C(=O)N(*)C8=O)cccc56)cc4C3=O)c2)cc1,235.0,P074263,"Polyimides/thioimides, Polyoxides/ethers/acetals",171.87,5.98
*c1ccc(Oc2cccc(N3C(=O)c4ccc(Oc5cc6ccccc6cc5Oc5ccc6c(c5)C(=O)N(*)C6=O)cc4C3=O)c2)cc1,226.0,P074264,"Polyimides/thioimides, Polyoxides/ethers/acetals",146.01,6.83
*c1ccc(Oc2cccc(N3C(=O)c4ccc(Oc5ccc6cc(Oc7ccc8c(c7)C(=O)N(*)C8=O)ccc6c5)cc4C3=O)c2)cc1,225.0,P074265,"Polyimides/thioimides, Polyoxides/ethers/acetals",166.36,6.39
*c1ccc(Oc2cccc(N3C(=O)c4ccc(Oc5ccc6ccc(Oc7ccc8c(c7)C(=O)N(*)C8=O)cc6c5)cc4C3=O)c2)cc1,221.0,P074266,"Polyimides/thioimides, Polyoxides/ethers/acetals",167.54,5.93
*c1ccc(C(C)(C)c2ccc(N3C(=O)c4ccc(Oc5cccc6c(Oc7ccc8c(c7)C(=O)N(*)C8=O)cccc56)cc4C3=O)cc2)cc1,265.0,P074267,"Polyimides/thioimides, Polyoxides/ethers/acetals",149.04,6.23
*c1ccc(C(C)(C)c2ccc(N3C(=O)c4ccc(Oc5ccc6cc(Oc7ccc8c(c7)C(=O)N(*)C8=O)ccc6c5)cc4C3=O)cc2)cc1,236.0,P074268,"Polyimides/thioimides, Polyoxides/ethers/acetals",149.07,6.22
*c1ccc(C(C)(C)c2ccc(N3C(=O)c4ccc(Oc5ccc6ccc(Oc7ccc8c(c7)C(=O)N(*)C8=O)cc6c5)cc4C3=O)cc2)cc1,247.0,P074269,"Polyimides/thioimides, Polyoxides/ethers/acetals",156.92,6.58
*c1ccc(C(C)(C)c2ccc(C(C)(C)c3ccc(N4C(=O)c5ccc(Oc6cccc7c(Oc8ccc9c(c8)C(=O)N(*)C9=O)cccc67)cc5C4=O)cc3)cc2)cc1,253.0,P074270,"Polyimides/thioimides, Polyoxides/ethers/acetals",187.23,7.25
*c1ccc(C(C)(C)c2ccc(C(C)(C)c3ccc(N4C(=O)c5ccc(Oc6ccc7cc(Oc8ccc9c(c8)C(=O)N(*)C9=O)ccc7c6)cc5C4=O)cc3)cc2)cc1,246.0,P074271,"Polyimides/thioimides, Polyoxides/ethers/acetals",187.36,7.98
*c1ccc(C(C)(C)c2ccc(C(C)(C)c3ccc(N4C(=O)c5ccc(Oc6ccc7ccc(Oc8ccc9c(c8)C(=O)N(*)C9=O)cc7c6)cc5C4=O)cc3)cc2)cc1,246.0,P074272,"Polyimides/thioimides, Polyoxides/ethers/acetals",180.36,7.76
*c1ccc(Oc2ccc(Oc3ccc(N4C(=O)c5ccc(Oc6cc7ccccc7cc6Oc6ccc7c(c6)C(=O)N(*)C7=O)cc5C4=O)cc3)cc2)cc1,224.5,P074273,"Polyimides/thioimides, Polyoxides/ethers/acetals",178.67,7.69
*c1ccc(Oc2ccc(Oc3ccc(N4C(=O)c5ccc(Oc6ccc7ccc(Oc8ccc9c(c8)C(=O)N(*)C9=O)cc7c6)cc5C4=O)cc3)cc2)cc1,228.0,P074274,"Polyimides/thioimides, Polyoxides/ethers/acetals",185.63,6.6
*c1ccc(Oc2cccc(Oc3ccc(N4C(=O)c5ccc(Oc6cc7ccccc7cc6Oc6ccc7c(c6)C(=O)N(*)C7=O)cc5C4=O)cc3)c2)cc1,208.0,P074275,"Polyimides/thioimides, Polyoxides/ethers/acetals",174.03,6.86
*c1ccc(Oc2ccc(-c3ccc(Oc4ccc(N5C(=O)c6ccc(Oc7cc8ccccc8cc7Oc7ccc8c(c7)C(=O)N(*)C8=O)cc6C5=O)cc4)cc3)cc2)cc1,222.5,P074276,"Polyimides/thioimides, Polyoxides/ethers/acetals",174.02,7.24
*c1ccc(Oc2ccc(-c3ccc(Oc4ccc(N5C(=O)c6ccc(Oc7ccc8cc(Oc9ccc%10c(c9)C(=O)N(*)C%10=O)ccc8c7)cc6C5=O)cc4)cc3)cc2)cc1,230.0,P074277,"Polyimides/thioimides, Polyoxides/ethers/acetals",207.28,8.72
*c1ccc(Oc2ccc(-c3ccc(Oc4ccc(N5C(=O)c6ccc(Oc7ccc8ccc(Oc9ccc%10c(c9)C(=O)N(*)C%10=O)cc8c7)cc6C5=O)cc4)cc3)cc2)cc1,231.0,P074278,"Polyimides/thioimides, Polyoxides/ethers/acetals",198.02,8.45
*c1c(C)cc(Cc2cc(C)c(N3C(=O)c4ccc(Oc5cccc6c(Oc7ccc8c(c7)C(=O)N(*)C8=O)cccc56)cc4C3=O)c(C)c2)cc1C,281.0,P074279,"Polyimides/thioimides, Polyoxides/ethers/acetals",162.02,7.46
*c1c(C)cc(Cc2cc(C)c(N3C(=O)c4ccc(Oc5cc6ccccc6cc5Oc5ccc6c(c5)C(=O)N(*)C6=O)cc4C3=O)c(C)c2)cc1C,265.0,P074280,"Polyimides/thioimides, Polyoxides/ethers/acetals",152.03,6.33
*c1c(C)cc(Cc2cc(C)c(N3C(=O)c4ccc(Oc5ccc6ccc(Oc7ccc8c(c7)C(=O)N(*)C8=O)cc6c5)cc4C3=O)c(C)c2)cc1C,272.0,P074281,"Polyimides/thioimides, Polyoxides/ethers/acetals",165.91,7.17
*c1c(C)cc(-c2cc(C)c(N3C(=O)c4ccc(Oc5cc6ccccc6cc5Oc5ccc6c(c5)C(=O)N(*)C6=O)cc4C3=O)c(C)c2)cc1C,308.0,P074282,"Polyimides/thioimides, Polyoxides/ethers/acetals",174.76,7.67
*c1cc(N2C(=O)c3ccc(Oc4cccc5c(Oc6ccc7c(c6)C(=O)N(*)C7=O)cccc45)cc3C2=O)cc(C(F)(F)F)c1,250.0,P074283,"Polyimides/thioimides, Polyoxides/ethers/acetals",135.45,5.95
*c1cc(N2C(=O)c3ccc(Oc4cc5ccccc5cc4Oc4ccc5c(c4)C(=O)N(*)C5=O)cc3C2=O)cc(C(F)(F)F)c1,250.0,P074284,"Polyimides/thioimides, Polyoxides/ethers/acetals",153.4,5.66
*c1cc(N2C(=O)c3ccc(Oc4ccc5ccc(Oc6ccc7c(c6)C(=O)N(*)C7=O)cc5c4)cc3C2=O)cc(C(F)(F)F)c1,235.0,P074285,"Polyimides/thioimides, Polyoxides/ethers/acetals",136.66,6.35
*c1ccc(C(c2ccc(N3C(=O)c4ccc(Oc5cccc6c(Oc7ccc8c(c7)C(=O)N(*)C8=O)cccc56)cc4C3=O)cc2)(C(F)(F)F)C(F)(F)F)cc1,276.0,P074286,"Polyimides/thioimides, Polyoxides/ethers/acetals",164.21,6.89
*c1ccc(C(c2ccc(N3C(=O)c4ccc(Oc5cc6ccccc6cc5Oc5ccc6c(c5)C(=O)N(*)C6=O)cc4C3=O)cc2)(C(F)(F)F)C(F)(F)F)cc1,256.0,P074287,"Polyimides/thioimides, Polyoxides/ethers/acetals",156.58,6.74
*c1ccc(C(c2ccc(N3C(=O)c4ccc(Oc5ccc6cc(Oc7ccc8c(c7)C(=O)N(*)C8=O)ccc6c5)cc4C3=O)cc2)(C(F)(F)F)C(F)(F)F)cc1,218.0,P074288,"Polyimides/thioimides, Polyoxides/ethers/acetals",179.86,6.8
*c1ccc(C(c2ccc(N3C(=O)c4ccc(Oc5ccc6ccc(Oc7ccc8c(c7)C(=O)N(*)C8=O)cc6c5)cc4C3=O)cc2)(C(F)(F)F)C(F)(F)F)cc1,256.0,P074289,"Polyimides/thioimides, Polyoxides/ethers/acetals",152.31,6.94
*Oc1cccc(NC(=O)c2ccc(C(=O)c3cccc(C(=O)Nc4ccc(*)cc4)c3)cc2)c1,237.0,P074292,"Polyoxides/ethers/acetals, Polyamides/thioamides, Polyketones/thioketones",118.72,4.99
*CC(O)CN(C)S(=O)(=O)c1cccc(S(=O)(=O)N(C)CC(O)COc2ccc(C(C)(C)c3ccc(O*)cc3)cc2)c1,76.0,P074294,"Polyoxides/ethers/acetals, Polysulfones/sulfoxides/sufonates/sulfoamides",76.37,2.74
*CC(O)CN(C)S(=O)(=O)c1cccc(S(=O)(=O)N(C)CC(O)COc2ccc(Sc3ccc(O*)cc3)cc2)c1,90.0,P074295,"Polyoxides/ethers/acetals, Polysulfides, Polysulfones/sulfoxides/sufonates/sulfoamides",85.94,3.13
*CC(O)CN(C)S(=O)(=O)c1cccc(S(=O)(=O)N(C)CC(O)COc2ccc(S(=O)(=O)c3ccc(O*)cc3)cc2)c1,100.0,P074296,"Polyoxides/ethers/acetals, Polysulfones/sulfoxides/sufonates/sulfoamides",91.12,3.05
*CC(O)CN(C)S(=O)(=O)c1cccc(S(=O)(=O)N(C)CC(O)COc2ccc(O*)cc2)c1,66.0,P074297,"Polyoxides/ethers/acetals, Polysulfones/sulfoxides/sufonates/sulfoamides",69.26,2.5
*CC(O)CN(C)S(=O)(=O)c1cccc(S(=O)(=O)N(C)CC(O)COc2ccc(-c3ccc(O*)cc3)cc2)c1,58.0,P074298,"Polyoxides/ethers/acetals, Polysulfones/sulfoxides/sufonates/sulfoamides",81.53,2.95
*CC(O)CN(C)S(=O)(=O)c1ccc(-c2ccc(S(=O)(=O)N(C)CC(O)COc3ccc(C(C)(C)c4ccc(O*)cc4)cc3)cc2)cc1,101.0,P074299,"Polyoxides/ethers/acetals, Polysulfones/sulfoxides/sufonates/sulfoamides",97.9,4.04
*CC(O)CN(C)S(=O)(=O)c1ccc(-c2ccc(S(=O)(=O)N(C)CC(O)COc3ccc(O*)cc3)cc2)cc1,84.0,P074300,"Polyoxides/ethers/acetals, Polysulfones/sulfoxides/sufonates/sulfoamides",82.49,3.13
*CC(O)CN(CCO)S(=O)(=O)c1ccc(-c2ccc(S(=O)(=O)N(CCO)CC(O)COc3ccc(C(C)(C)c4ccc(O*)cc4)cc3)cc2)cc1,76.0,P074301,"Polyoxides/ethers/acetals, Polysulfones/sulfoxides/sufonates/sulfoamides",102.9,3.88
*Oc1ccc(NC(=O)/C=C/c2ccc(/C=C/C(=O)Nc3ccc(*)cc3)cc2)cc1,205.0,P074307,"Polyoxides/ethers/acetals, Polyamides/thioamides",107.94,4.46
*Oc1ccc(NC(=O)c2ccc(Oc3ccc(C(=O)Nc4ccc(*)cc4)cc3)cc2)cc1,274.0,P074310,"Polyoxides/ethers/acetals, Polyamides/thioamides",133.82,5.29
*Oc1ccc(Oc2ccc(NC(=O)c3ccc(Oc4ccc(Oc5ccc(C(=O)Nc6ccc(*)cc6)cc5)cc4)cc3)cc2)cc1,236.0,P074311,"Polyoxides/ethers/acetals, Polyamides/thioamides",137.97,5.92
*Oc1ccc(Oc2ccc(NC(=O)c3ccc(Oc4ccc(Oc5ccc(C(=O)Nc6ccc(*)cc6)cc5)cc4C)cc3)cc2)cc1C,218.5,P074312,"Polyoxides/ethers/acetals, Polyamides/thioamides",148.07,6.57
*Oc1ccc(Oc2ccc(NC(=O)c3ccc(Oc4ccc(Oc5ccc(C(=O)Nc6ccc(*)cc6)cc5)cc4-c4ccccc4)cc3)cc2)cc1-c1ccccc1,200.5,P074313,"Polyoxides/ethers/acetals, Polyamides/thioamides",190.87,7.48
*Oc1cccc(Oc2ccc(NC(=O)c3ccc(Oc4cccc(Oc5ccc(C(=O)Nc6ccc(*)cc6)cc5)c4)cc3)cc2)c1,176.5,P074314,"Polyoxides/ethers/acetals, Polyamides/thioamides",160.17,5.67
*Oc1cccc(Oc2cccc(NC(=O)c3cccc(Oc4cccc(Oc5cccc(C(=O)Nc6cccc(*)c6)c5)c4)c3)c2)c1,137.5,P074315,"Polyoxides/ethers/acetals, Polyamides/thioamides",142.53,5.88
*c1cccc(Oc2ccc(-c3ccc(Oc4cccc(-n5c(=O)c6cc7c(=O)n(*)c(=O)c7cc6c5=O)c4)cc3)cc2)c1,251.0,P074317,"Polyimides/thioimides, Polyoxides/ethers/acetals",188.06,7.2
*CCCCCCOc1ccc(C(=O)N(C(=O)c2ccc(O*)cc2)c2ccccc2)cc1,100.0,P074321,"Polyimides/thioimides, Polyoxides/ethers/acetals",79.81,3.39
*CCCCCCOc1ccc(C(=O)N(C(=O)c2ccc(O*)cc2)c2ccc(Oc3ccccc3)cc2)cc1,78.0,P074322,"Polyimides/thioimides, Polyoxides/ethers/acetals",97.44,4.13
*CCCCCCOc1ccc(C(=O)N(C(=O)c2ccc(O*)cc2)c2cc(C)cc(C)c2)cc1,75.0,P074323,"Polyimides/thioimides, Polyoxides/ethers/acetals",85.81,3.44
*CCCCCCOc1ccc(C(=O)N(C(=O)c2ccc(O*)cc2)c2cccc3ccccc23)cc1,56.0,P074324,"Polyimides/thioimides, Polyoxides/ethers/acetals",90.92,3.57
*CCCCCCOC(=O)OCCCCCCOC(=O)OCCCCCCOc1ccc(-c2ccc(O*)cc2)cc1,16.6,P074354,"Polyoxides/ethers/acetals, Polycarbonates/thiocarbonates",40.6,1.51
*CCCCCCOC(=O)Nc1ccc(C)c(NC(=O)OCCCCCCOc2ccc(-c3ccc(O*)cc3)cc2)c1,87.0,P074369,"Polyoxides/ethers/acetals, Polyurethanes/thiourethanes",75.24,2.79
*Oc1ccc(C(=O)Nc2ccc(Cc3ccc(NC(=O)c4ccc(Oc5ccc(C(=O)c6ccc(S(=O)(=O)c7ccc(C(=O)c8ccc(*)cc8)cc7)cc6)cc5)cc4)cc3)cc2)cc1,240.0,P074373,"Polyoxides/ethers/acetals, Polyamides/thioamides, Polyketones/thioketones, Polysulfones/sulfoxides/sufonates/sulfoamides",200.7,7.11
*Oc1ccc(C(=O)Nc2ccc(S(=O)(=O)c3ccc(NC(=O)c4ccc(Oc5ccc(C(=O)c6ccc(S(=O)(=O)c7ccc(C(=O)c8ccc(*)cc8)cc7)cc6)cc5)cc4)cc3)cc2)cc1,260.0,P074374,"Polyoxides/ethers/acetals, Polyamides/thioamides, Polyketones/thioketones, Polysulfones/sulfoxides/sufonates/sulfoamides",202.1,8.68
*Oc1c(C)c(C)c(NC(=O)c2ccc(C(=O)Nc3ccc(*)cc3)cc2)c(C)c1C,333.0,P074377,"Polyoxides/ethers/acetals, Polyamides/thioamides",115.35,4.58
*Oc1c(C)c(C)c(Oc2ccc(NC(=O)c3ccc(C(=O)Nc4ccc(*)cc4)cc3)cc2)c(C)c1C,310.0,P074379,"Polyoxides/ethers/acetals, Polyamides/thioamides",138.04,5.21
*Oc1ccc(OC(=O)c2ccc(OCCCCCCCCOc3ccc(C(*)=O)cc3)cc2)cc1C(=O)CC,70.0,P074381,"Polyoxides/ethers/acetals, Polyesters/thioesters",71.87,2.72
*Oc1ccc(Oc2ccc(C(=O)Nc3ccc(Cc4ccc(NC(=O)c5ccc(*)cc5)cc4)cc3)cc2)cc1,216.0,P074398,"Polyoxides/ethers/acetals, Polyamides/thioamides",121.67,5.78
*Oc1ccc(Oc2ccc(C(=O)Nc3ccc(Oc4ccc(S(=O)(=O)c5ccc(Oc6ccc(NC(=O)c7ccc(*)cc7)cc6)cc5)cc4)cc3)cc2)cc1,220.0,P074399,"Polyoxides/ethers/acetals, Polyamides/thioamides, Polysulfones/sulfoxides/sufonates/sulfoamides",160.72,7.4
*Oc1ccc(Oc2ccc(NC(=O)c3ccc(Oc4ccc(Oc5ccc(C(=O)Nc6ccc(*)cc6)cc5)cc4C)cc3)cc2)cc1,200.0,P074400,"Polyoxides/ethers/acetals, Polyamides/thioamides",144.37,6.16
*Oc1ccc(Oc2ccc(C(=O)Nc3ccc(Oc4ccc(-c5ccc(Oc6ccc(NC(=O)c7ccc(*)cc7)cc6)cc5)cc4)cc3)cc2)cc1C,220.0,P074401,"Polyoxides/ethers/acetals, Polyamides/thioamides",177.61,7.48
*Oc1ccc(Oc2ccc(C(=O)Nc3ccc(Oc4ccc(S(=O)(=O)c5ccc(Oc6ccc(NC(=O)c7ccc(*)cc7)cc6)cc5)cc4)cc3)cc2)cc1C,217.0,P074402,"Polyoxides/ethers/acetals, Polyamides/thioamides, Polysulfones/sulfoxides/sufonates/sulfoamides",163.47,6.69
*Oc1ccc(Oc2ccc(C(=O)Nc3ccc(Oc4ccc(NC(=O)c5ccc(*)cc5)cc4)cc3)cc2)cc1-c1ccccc1,219.0,P074403,"Polyoxides/ethers/acetals, Polyamides/thioamides",164.11,6.87
*Oc1ccc(Oc2ccc(C(=O)Nc3ccc(Cc4ccc(NC(=O)c5ccc(*)cc5)cc4)cc3)cc2)cc1-c1ccccc1,218.0,P074404,"Polyoxides/ethers/acetals, Polyamides/thioamides",151.57,6.1
*Oc1ccc(Oc2ccc(NC(=O)c3ccc(Oc4ccc(Oc5ccc(C(=O)Nc6ccc(*)cc6)cc5)cc4-c4ccccc4)cc3)cc2)cc1,209.0,P074405,"Polyoxides/ethers/acetals, Polyamides/thioamides",172.14,6.85
*Oc1ccc(Oc2ccc(C(=O)Nc3ccc(Oc4ccc(-c5ccc(Oc6ccc(NC(=O)c7ccc(*)cc7)cc6)cc5)cc4)cc3)cc2)cc1-c1ccccc1,232.0,P074406,"Polyoxides/ethers/acetals, Polyamides/thioamides",168.62,7.58
*Oc1ccc(Oc2ccc(C(=O)Nc3ccc(Oc4ccc(S(=O)(=O)c5ccc(Oc6ccc(NC(=O)c7ccc(*)cc7)cc6)cc5)cc4)cc3)cc2)cc1-c1ccccc1,231.0,P074407,"Polyoxides/ethers/acetals, Polyamides/thioamides, Polysulfones/sulfoxides/sufonates/sulfoamides",196.73,7.15
*CC(O)CN(C)S(=O)(=O)c1cccc(S(=O)(=O)N(C)CC(O)COc2ccc(C3(c4ccc(O*)cc4)c4ccccc4-c4ccccc43)cc2)c1,127.0,P074408,"Polyoxides/ethers/acetals, Polysulfones/sulfoxides/sufonates/sulfoamides",114.08,4.56
*Oc1ccc(S(=O)(=O)c2ccc(Oc3ccc(C4(c5ccc(*)cc5)c5ccccc5-c5ccccc54)cc3)cc2)cc1,278.5,P074409,"Polyoxides/ethers/acetals, Polysulfones/sulfoxides/sufonates/sulfoamides",170.48,7.15
*CCc1ccc(*)o1,25.5,P074419,Polyoxides/ethers/acetals,51.83,1.9
*c1ccc(Oc2ccc(N3C(=O)c4ccc(Oc5ccc6cc(Oc7ccc8c(c7)C(=O)N(*)C8=O)ccc6c5)cc4C3=O)cc2)cc1,249.0,P074433,"Polyimides/thioimides, Polyoxides/ethers/acetals",173.82,6.73
*Oc1ccc(C(C)(C)c2ccc(C(C)(C)c3ccc(Oc4ccc(C(=O)Nc5ccc(NC(=O)c6ccc(*)cc6)cc5)cc4)cc3)cc2)cc1,163.0,P074436,"Polyoxides/ethers/acetals, Polyamides/thioamides",149.15,6.65
*Oc1ccc(C(C)(C)c2ccc(C(C)(C)c3ccc(Oc4ccc(C(=O)Nc5cccc(NC(=O)c6ccc(*)cc6)c5)cc4)cc3)cc2)cc1,173.0,P074437,"Polyoxides/ethers/acetals, Polyamides/thioamides",150.64,6.34
*Oc1ccc(NC(=O)c2ccc(Oc3ccc(C(C)(C)c4ccc(C(C)(C)c5ccc(Oc6ccc(C(=O)Nc7ccc(*)cc7)cc6)cc5)cc4)cc3)cc2)cc1,174.0,P074438,"Polyoxides/ethers/acetals, Polyamides/thioamides",149.5,6.9
*Oc1cccc(NC(=O)c2ccc(Oc3ccc(C(C)(C)c4ccc(C(C)(C)c5ccc(Oc6ccc(C(=O)Nc7ccc(*)cc7)cc6)cc5)cc4)cc3)cc2)c1,168.0,P074439,"Polyoxides/ethers/acetals, Polyamides/thioamides",158.96,6.5
*Oc1ccc(C(C)(C)c2ccc(C(C)(C)c3ccc(Oc4ccc(C(=O)Nc5ccc(Cc6ccc(NC(=O)c7ccc(*)cc7)cc6)cc5)cc4)cc3)cc2)cc1,162.0,P074440,"Polyoxides/ethers/acetals, Polyamides/thioamides",166.05,6.36
*Oc1ccc(Oc2ccc(NC(=O)c3ccc(Oc4ccc(C(C)(C)c5ccc(C(C)(C)c6ccc(Oc7ccc(C(=O)Nc8ccc(*)cc8)cc7)cc6)cc5)cc4)cc3)cc2)cc1,165.0,P074441,"Polyoxides/ethers/acetals, Polyamides/thioamides",173.96,8.21
*Oc1ccc(NC(=O)c2ccc(Oc3ccc(C(C)(C)c4ccc(C(C)(C)c5ccc(Oc6ccc(C(=O)Nc7ccc(Oc8ccc(C(C)(C)c9ccc(*)cc9)cc8)cc7)cc6)cc5)cc4)cc3)cc2)cc1,163.0,P074442,"Polyoxides/ethers/acetals, Polyamides/thioamides",201.1,7.67
*Oc1ccc(NC(=O)c2ccc(Oc3ccc(C(C)(C)c4ccc(C(C)(C)c5ccc(Oc6ccc(C(=O)Nc7ccc(Oc8ccc(-c9ccc(*)cc9)cc8)cc7)cc6)cc5)cc4)cc3)cc2)cc1,177.0,P074443,"Polyoxides/ethers/acetals, Polyamides/thioamides",197.82,9.04
*Oc1ccc(S(=O)(=O)c2ccc(Oc3ccc(NC(=O)c4ccc(Oc5ccc(C(C)(C)c6ccc(C(C)(C)c7ccc(Oc8ccc(C(=O)Nc9ccc(*)cc9)cc8)cc7)cc6)cc5)cc4)cc3)cc2)cc1,177.0,P074444,"Polyoxides/ethers/acetals, Polyamides/thioamides, Polysulfones/sulfoxides/sufonates/sulfoamides",216.26,8.2
*Oc1ccc(NC(=O)c2ccc(Oc3ccc(C(C)(C)c4ccc(C(C)(C)c5ccc(Oc6ccc(C(=O)Nc7ccc(Oc8ccc(C(c9ccc(*)cc9)(C(F)(F)F)C(F)(F)F)cc8)cc7)cc6)cc5)cc4)cc3)cc2)cc1,169.0,P074445,"Polyoxides/ethers/acetals, Polyamides/thioamides",209.6,8.58
*Oc1ccc(C(C)(C)c2cccc(C(C)(C)c3ccc(Oc4ccc(C(=O)Nc5ccc(NC(=O)c6ccc(*)cc6)cc5)cc4)cc3)c2)cc1,154.0,P074446,"Polyoxides/ethers/acetals, Polyamides/thioamides",135.06,6.51
*Oc1ccc(C(C)(C)c2cccc(C(C)(C)c3ccc(Oc4ccc(C(=O)Nc5cccc(NC(=O)c6ccc(*)cc6)c5)cc4)cc3)c2)cc1,155.0,P074447,"Polyoxides/ethers/acetals, Polyamides/thioamides",140.45,6.05
*Oc1ccc(NC(=O)c2ccc(Oc3ccc(C(C)(C)c4cccc(C(C)(C)c5ccc(Oc6ccc(C(=O)Nc7ccc(*)cc7)cc6)cc5)c4)cc3)cc2)cc1,155.0,P074448,"Polyoxides/ethers/acetals, Polyamides/thioamides",163.74,6.61
*Oc1cccc(NC(=O)c2ccc(Oc3ccc(C(C)(C)c4cccc(C(C)(C)c5ccc(Oc6ccc(C(=O)Nc7ccc(*)cc7)cc6)cc5)c4)cc3)cc2)c1,147.0,P074449,"Polyoxides/ethers/acetals, Polyamides/thioamides",174.68,6.31
*Oc1ccc(C(C)(C)c2cccc(C(C)(C)c3ccc(Oc4ccc(C(=O)Nc5ccc(Cc6ccc(NC(=O)c7ccc(*)cc7)cc6)cc5)cc4)cc3)c2)cc1,149.0,P074450,"Polyoxides/ethers/acetals, Polyamides/thioamides",168.53,6.81
*Oc1ccc(Oc2ccc(NC(=O)c3ccc(Oc4ccc(C(C)(C)c5cccc(C(C)(C)c6ccc(Oc7ccc(C(=O)Nc8ccc(*)cc8)cc7)cc6)c5)cc4)cc3)cc2)cc1,147.0,P074451,"Polyoxides/ethers/acetals, Polyamides/thioamides",183.67,7.71
*Oc1ccc(NC(=O)c2ccc(Oc3ccc(C(C)(C)c4cccc(C(C)(C)c5ccc(Oc6ccc(C(=O)Nc7ccc(Oc8ccc(C(C)(C)c9ccc(*)cc9)cc8)cc7)cc6)cc5)c4)cc3)cc2)cc1,147.0,P074452,"Polyoxides/ethers/acetals, Polyamides/thioamides",201.97,7.95
*Oc1ccc(NC(=O)c2ccc(Oc3ccc(C(C)(C)c4cccc(C(C)(C)c5ccc(Oc6ccc(C(=O)Nc7ccc(Oc8ccc(-c9ccc(*)cc9)cc8)cc7)cc6)cc5)c4)cc3)cc2)cc1,167.0,P074453,"Polyoxides/ethers/acetals, Polyamides/thioamides",197.8,8.05
*Oc1ccc(S(=O)(=O)c2ccc(Oc3ccc(NC(=O)c4ccc(Oc5ccc(C(C)(C)c6cccc(C(C)(C)c7ccc(Oc8ccc(C(=O)Nc9ccc(*)cc9)cc8)cc7)c6)cc5)cc4)cc3)cc2)cc1,167.0,P074454,"Polyoxides/ethers/acetals, Polyamides/thioamides, Polysulfones/sulfoxides/sufonates/sulfoamides",190.37,8.32
*Oc1ccc(NC(=O)c2ccc(Oc3ccc(C(C)(C)c4cccc(C(C)(C)c5ccc(Oc6ccc(C(=O)Nc7ccc(Oc8ccc(C(c9ccc(*)cc9)(C(F)(F)F)C(F)(F)F)cc8)cc7)cc6)cc5)c4)cc3)cc2)cc1,154.0,P074455,"Polyoxides/ethers/acetals, Polyamides/thioamides",180.09,7.74
*Oc1ccc(NC(=O)c2cccc(C(=O)Nc3ccc(Oc4ccc(C(c5ccc(*)cc5)(C(F)(F)F)C(F)(F)F)cc4)cc3)c2)cc1,228.5,P074466,"Polyoxides/ethers/acetals, Polyamides/thioamides",143.62,6.13
*Oc1ccc(NC(=O)c2cc(C(=O)Nc3ccc(Oc4ccc(C(c5ccc(*)cc5)(C(F)(F)F)C(F)(F)F)cc4)cc3)cc(C(C)(C)C)c2)cc1,255.5,P074467,"Polyoxides/ethers/acetals, Polyamides/thioamides",147.16,5.46
*Oc1ccc(NC(=O)c2ccc(S(=O)(=O)c3ccc(C(=O)Nc4ccc(Oc5ccc(C(c6ccc(*)cc6)(C(F)(F)F)C(F)(F)F)cc5)cc4)cc3)cc2)cc1,250.0,P074468,"Polyoxides/ethers/acetals, Polyamides/thioamides, Polysulfones/sulfoxides/sufonates/sulfoamides",167.45,7.1
*Oc1ccc(NC(=O)c2cc(C(=O)Nc3ccc(Oc4ccc(C(c5ccc(*)cc5)(C(F)(F)F)C(F)(F)F)cc4)cc3)cc([N+](=O)[O-])c2)cc1,232.0,P074469,"Polyoxides/ethers/acetals, Polyamides/thioamides",146.46,5.68
*Oc1ccc(NC(=O)c2ccc(C(=O)Nc3ccc(Oc4ccc(C(c5ccc(*)cc5)(C(F)(F)F)C(F)(F)F)cc4)cc3)cc2)cc1,243.0,P074470,"Polyoxides/ethers/acetals, Polyamides/thioamides",147.11,5.97
*Oc1ccc(NC(=O)c2ccc(P(=O)(c3ccccc3)c3ccc(C(=O)Nc4ccc(*)cc4)cc3)cc2)cc1,254.0,P074471,"Polyoxides/ethers/acetals, Polyamides/thioamides",152.84,6.11
*Oc1cccc(NC(=O)c2ccc(P(=O)(c3ccccc3)c3ccc(C(=O)Nc4cccc(Oc5ccc(P(=O)(c6ccccc6)c6ccc(*)cc6)cc5)c4)cc3)cc2)c1,235.0,P074473,"Polyoxides/ethers/acetals, Polyamides/thioamides",188.6,7.82
*Oc1ccc(NC(=O)c2ccc(P(=O)(c3ccccc3)c3ccc(C(=O)Nc4ccc(Oc5ccc(P(=O)(c6ccccc6)c6ccc(*)cc6)cc5)cc4)cc3)cc2)cc1,225.0,P074474,"Polyoxides/ethers/acetals, Polyamides/thioamides",181.72,7.3
*c1ccc2c(c1)C(=O)N(c1ccc(N3C(=O)c4ccc(-c5c(-c6ccccc6)c(-c6ccccc6)c(-c6ccc(Oc7ccc(-c8c(-c9ccccc9)c(-c9ccccc9)c(*)c(-c9ccccc9)c8-c8ccccc8)cc7)cc6)c(-c6ccccc6)c5-c5ccccc5)cc4C3=O)cc1)C2=O,353.0,P074475,"Polyimides/thioimides, Polyoxides/ethers/acetals",316.54,14.18
*c1ccc2c(c1)C(=O)N(c1ccc(Oc3ccc(N4C(=O)c5ccc(-c6c(-c7ccccc7)c(-c7ccccc7)c(-c7ccc(Oc8ccc(-c9c(-c%10ccccc%10)c(-c%10ccccc%10)c(*)c(-c%10ccccc%10)c9-c9ccccc9)cc8)cc7)c(-c7ccccc7)c6-c6ccccc6)cc5C4=O)cc3)cc1)C2=O,329.0,P074476,"Polyimides/thioimides, Polyoxides/ethers/acetals",338.23,15.07
*c1ccc2c(c1)C(=O)N(c1cccc(Oc3ccc(N4C(=O)c5ccc(-c6c(-c7ccccc7)c(-c7ccccc7)c(-c7ccc(Oc8ccc(-c9c(-c%10ccccc%10)c(-c%10ccccc%10)c(*)c(-c%10ccccc%10)c9-c9ccccc9)cc8)cc7)c(-c7ccccc7)c6-c6ccccc6)cc5C4=O)cc3)c1)C2=O,309.0,P074477,"Polyimides/thioimides, Polyoxides/ethers/acetals",327.63,14.2
*c1ccc2c(c1)C(=O)N(c1ccc(Oc3ccc(N4C(=O)c5ccc(-c6c(-c7ccccc7)c(-c7ccccc7)c(-c7ccc(Sc8ccc(-c9c(-c%10ccccc%10)c(-c%10ccccc%10)c(*)c(-c%10ccccc%10)c9-c9ccccc9)cc8)cc7)c(-c7ccccc7)c6-c6ccccc6)cc5C4=O)cc3)cc1)C2=O,322.0,P074479,"Polyimides/thioimides, Polyoxides/ethers/acetals, Polysulfides",343.63,14.16
*c1ccc2c(c1)C(=O)N(c1cccc(Oc3ccc(N4C(=O)c5ccc(-c6c(-c7ccccc7)c(-c7ccccc7)c(-c7ccc(Sc8ccc(-c9c(-c%10ccccc%10)c(-c%10ccccc%10)c(*)c(-c%10ccccc%10)c9-c9ccccc9)cc8)cc7)c(-c7ccccc7)c6-c6ccccc6)cc5C4=O)cc3)c1)C2=O,300.0,P074480,"Polyimides/thioimides, Polyoxides/ethers/acetals, Polysulfides",313.12,15.81
*Oc1ccc(/C=C/C(=O)c2ccc(Oc3ccc(C(C)(C)c4ccc(*)cc4)cc3)cc2)cc1,152.0,P074486,"Polyoxides/ethers/acetals, Polyketones/thioketones",105.85,4.93
*Oc1ccc(/C=C/C(=O)c2ccc(Oc3ccc(C(C)(C)c4ccc(*)c(C)c4)cc3C)cc2)cc1,157.0,P074487,"Polyoxides/ethers/acetals, Polyketones/thioketones",115.44,4.97
*Oc1ccc(/C=C/C(=O)c2ccc(Oc3ccc(C(C)(c4ccccc4)c4ccc(*)cc4)cc3)cc2)cc1,167.0,P074488,"Polyoxides/ethers/acetals, Polyketones/thioketones",122.74,5.13
*Oc1ccc(C2(c3ccc(Oc4ccc(/C=C/C(=O)c5ccc(*)cc5)cc4)cc3)c3ccccc3-c3ccccc32)cc1,195.0,P074489,"Polyoxides/ethers/acetals, Polyketones/thioketones",145.02,5.87
*Oc1cc(Oc2ccc(C(C)(C)c3ccc(*)cc3)cc2)cc([N+](=O)[O-])c1,150.0,P074542,Polyoxides/ethers/acetals,98.97,3.98
*CC(COc1ccc(S(=O)(=O)c2ccc(O*)cc2)cc1)OC(C)=O,130.0,P074566,"Polyoxides/ethers/acetals, Polysulfones/sulfoxides/sufonates/sulfoamides",75.75,3.11
*Oc1c(-c2ccccc2)cc(*)cc1-c1cccc(-c2ccccc2)c1-c1ccccc1,212.0,P074567,Polyoxides/ethers/acetals,125.06,5.81
*CC(C[N-][N+]#N)O*,-35.0,P079027,Polyoxides/ethers/acetals,25.79,0.56
*OC(=O)c1cccc(C(=O)Oc2ccc3c(c2)Oc2cc(*)ccc2C32OC(=O)c3ccccc32)c1,276.0,P079048,"Polyoxides/ethers/acetals, Polyesters/thioesters",141.76,4.91
*SC(*)(F)F,-118.0,P080002,Polysulfides,18.92,0.37
*CCS*,-1.5,P080004,Polysulfides,29.57,0.98
*CCSS*,-27.0,P080005,Polysulfides,25.7,0.7
*CCSSSS*,-24.0,P080006,Polysulfides,24.79,0.69
*CC(C)S*,-43.0,P080007,Polysulfides,23.83,0.73
*CC(CC)S*,-47.0,P080010,Polysulfides,23.7,0.58
*CC(COCC=C)S*,-59.0,P080011,Polysulfides,19.52,0.4
*CCCS*,-53.5,P080012,Polysulfides,24.41,0.59
*CC(C)(C)CS*,-49.3,P080014,Polysulfides,25.03,0.55
*CC(C)(C)S*,-14.0,P080015,Polysulfides,30.68,0.86
*CCC(C)S*,-59.0,P080016,Polysulfides,20.41,0.53
*CC(C)(CC)CS*,-50.0,P080017,Polysulfides,21.27,0.54
*CCCCCSS*,-72.0,P080021,Polysulfides,17.69,0.35
*CCCCCCSS*,-74.0,P080024,Polysulfides,15.23,0.26
*CCCCCCCCCCSS*,-65.0,P080034,Polysulfides,11.67,0.13
*CCCCCCCCCCSSS*,-70.0,P080035,Polysulfides,10.95,0.1
*CCCCCCCCCCSSSS*,-76.0,P080036,Polysulfides,10.76,0.1
*CCC(=O)NCCCCCCNC(=O)CCS*,27.0,P080055,"Polysulfides, Polyamides/thioamides",19.73,0.58
*SC1CCCCC1*,-43.0,P080085,Polysulfides,31.28,0.79
*SC1CCCC(*)C1,-52.0,P080086,Polysulfides,27.37,0.73
*Sc1ccc(*)cc1,90.0,P080097,Polysulfides,53.92,2.36
*Cc1ccc(CSS*)cc1,23.0,P080099,Polysulfides,46.2,1.73
*Cc1ccc(CSSSS*)cc1,3.0,P080100,Polysulfides,48.1,1.58
*CC(S*)c1ccccc1,-2.5,P080101,Polysulfides,45.83,1.65
*CCCCC(=O)NCc1ccc(CNC(=O)CCCCS*)cc1,70.0,P080108,"Polysulfides, Polyamides/thioamides",46.6,1.36
*CCCCCCC(=O)NCc1ccc(CNC(=O)CCCCCCS*)cc1,65.0,P080110,"Polysulfides, Polyamides/thioamides",33.78,1.25
*CCCCCCCCCCC(=O)NCCc1ccc(CCNC(=O)CCCCCCCCCCS*)cc1,58.0,P080117,"Polysulfides, Polyamides/thioamides",23.57,0.81
*Oc1ccc(Sc2ccc(OC(*)=O)cc2)cc1,110.0,P080119,"Polysulfides, Polycarbonates/thiocarbonates",73.02,3.17
*OC(=O)c1ccc(SCCCCSc2ccc(C(*)=O)cc2)cc1,62.0,P080124,"Polysulfides, Polyanhydrides/thioanhydrides",71.34,2.45
*C(=O)OCC(C)(C)CSCC(C)(C)COC(=O)C1(C)CNC(*)(C)CN1,40.0,P080133,"Polysulfides, Polyesters/thioesters, Polyimines",34.89,0.7
*c1ccc(Sc2ccc(-c3nc4cc(-c5ccc6nc(-c7ccccc7)c(*)nc6c5)ccc4nc3-c3ccccc3)cc2)cc1,288.0,P080135,"Polysulfides, Polyimines",182.58,8.65
*c1cccc(-c2nc3ccc(-c4ccc5nc(*)sc5c4)cc3s2)c1,495.0,P080136,"Polysulfides, Polyimines",176.88,7.65
*CCCCCCCCc1nc2ccc(-c3ccc4nc(*)sc4c3)cc2s1,238.0,P080140,"Polysulfides, Polyimines",114.76,4.54
*c1ccc(Sc2ccc(-c3nc4ccc(-c5ccc6nc(*)c(-c7ccccc7)nc6c5)cc4nc3-c3ccccc3)cc2)cc1,288.0,P080144,"Polysulfides, Polyimines",189.95,8.64
*c1ccc(-c2nc3cc4sc(*)nc4cc3s2)cc1,25.0,P080152,"Polysulfides, Polyimines",97.03,4.04
*Cc1ccc(CSSS*)cc1,8.0,P080176,Polysulfides,48.96,1.49
*N=P(Cl)(Cl)N=P(Cl)(Cl)/N=S(/*)Cl,-40.0,P080181,"Polysulfides, Polyphosphazenes, Polyimines",34.81,0.74
*Sc1c(C)cc(*)cc1C,198.0,P084366,Polysulfides,75.09,2.98
*Sc1cc(C)c(*)cc1C,298.0,P084367,Polysulfides,86.59,3.2
*Sc1cccc(Sc2ccc(Sc3ccc(*)cc3)cc2)c1,75.0,P084372,Polysulfides,96.11,3.57
*Sc1cccc(Sc2ccc(Sc3ccc(*)cc3)cc2)c1,75.0,P382548,Polysulfides,95.9,3.71
*Oc1ccc(OC(=O)c2ccc(Sc3cccc(OC(=O)c4ccc(C(=O)Oc5cccc(Sc6ccc(C(*)=O)cc6)c5)cc4)c3)cc2)cc1C,135.0,P084392,"Polysulfides, Polyesters/thioesters",158.71,5.92
*Oc1ccc(OC(=O)c2cccc(Sc3ccc(OC(=O)c4ccc(C(=O)Oc5ccc(Sc6cccc(C(*)=O)c6)cc5)cc4)cc3)c2)cc1C,106.5,P084393,"Polysulfides, Polyesters/thioesters",128.63,5.37
*Oc1ccc(OC(=O)c2cccc(Sc3ccc(OC(=O)c4ccc(C(=O)Oc5ccc(Sc6cccc(C(*)=O)c6)cc5)cc4)cc3)c2)cc1-c1ccccc1,128.0,P084394,"Polysulfides, Polyesters/thioesters",151.01,6.65
*CCc1ccc(*)s1,26.0,P084418,Polysulfides,48.46,1.69
*c1ccc2c(c1)C(=O)N(c1ccc(N3C(=O)c4ccc(-c5c(-c6ccccc6)c(-c6ccccc6)c(-c6ccc(Sc7ccc(-c8c(-c9ccccc9)c(-c9ccccc9)c(*)c(-c9ccccc9)c8-c8ccccc8)cc7)cc6)c(-c6ccccc6)c5-c5ccccc5)cc4C3=O)cc1)C2=O,344.0,P084478,"Polyimides/thioimides, Polysulfides",321.92,13.83
*/C(OC)=C(\OC)c1ccc(*)s1,91.0,P084485,Polysulfides,55.93,2.19
*CCOC(=O)CCC(=O)O*,-11.1,P090003,Polyesters/thioesters,25.81,0.75
*CCCOC(=O)CCC(=O)O*,-34.7,P090004,Polyesters/thioesters,21.41,0.49
*CCCCOC(=O)CCC(=O)O*,-32.0,P090005,Polyesters/thioesters,23.5,0.46
*CCCOC(=O)CCCC(=O)O*,-33.0,P090007,Polyesters/thioesters,20.29,0.46
*CCOC(=O)CCCCC(=O)O*,-54.5,P090009,Polyesters/thioesters,19.95,0.38
*CCCOC(=O)CCCCC(=O)O*,-55.0,P090010,Polyesters/thioesters,18.49,0.33
*CCCCCCCCCCOC(=O)CCCCC(=O)O*,-68.0,P090011,Polyesters/thioesters,7.48,0.1
*CCCOC(=O)CCCCCCC(=O)O*,-52.5,P090014,Polyesters/thioesters,14.85,0.22
*CCCCCCCCCCOC(=O)CCCCCCC(=O)O*,-22.0,P090015,Polyesters/thioesters,8.8,0.1
*CCOC(=O)CCCCCCCC(=O)O*,-45.0,P090016,Polyesters/thioesters,17.59,0.28
*CCOC(=O)CCCCCCCCC(=O)O*,-23.0,P090020,Polyesters/thioesters,17.32,0.32
*CCCCOC(=O)CCCCCCCCC(=O)O*,-57.0,P090022,Polyesters/thioesters,11.23,0.1
*CCCCCCOC(=O)CCCCCCCCC(=O)O*,-38.0,P090023,Polyesters/thioesters,10.08,0.1
*CCCCCCCCCCOC(=O)CCCCCCCCC(=O)O*,-54.0,P090025,Polyesters/thioesters,5.0,0.1
*CCOC(=O)c1ccc(C(=O)O*)cc1,77.0,P090027,Polyesters/thioesters,56.1,2.18
*CCOC(=O)c1cccc(C(=O)O*)c1,58.0,P090028,Polyesters/thioesters,54.52,1.75
*CCCCOC(=O)c1ccc(C(=O)O*)cc1,48.4,P090029,Polyesters/thioesters,46.99,1.67
*CCCCOC(=O)c1cccc(C(=O)O*)c1,19.0,P090030,Polyesters/thioesters,46.22,1.57
*CCCCCOC(=O)c1ccc(C(=O)O*)cc1,16.0,P090031,Polyesters/thioesters,44.82,1.53
*CCCCCCOC(=O)c1ccc(C(=O)O*)cc1,13.0,P090032,Polyesters/thioesters,41.02,1.35
*CCCCCCCCCCOC(=O)c1ccc(C(=O)O*)cc1,10.5,P090033,Polyesters/thioesters,37.43,1.24
*CC1CCC(COC(=O)c2ccc(C(=O)O*)cc2)CC1,84.5,P090034,Polyesters/thioesters,61.67,1.85
*Oc1c(Cl)cc(C(C)(C)c2cc(Cl)c(OC(=O)CCCCC(*)=O)c(Cl)c2)cc1Cl,100.0,P090037,Polyesters/thioesters,81.59,2.71
*Oc1ccc(C(C)(C)c2ccc(OC(=O)C3CCC(C(*)=O)CC3)cc2)cc1,150.0,P090038,Polyesters/thioesters,77.21,3.27
*Oc1ccc(C(C)(C)c2ccc(OC(=O)c3ccc(C(*)=O)cc3)cc2)cc1,201.0,P090039,Polyesters/thioesters,103.02,4.35
*Oc1ccc(Cc2ccc(OC(=O)c3cccc(C(*)=O)c3)cc2)cc1,150.0,P090040,Polyesters/thioesters,93.39,4.07
*Oc1ccc(C(C)(C)c2ccc(OC(=O)c3cccc(C(*)=O)c3)cc2)cc1,180.0,P090041,Polyesters/thioesters,94.03,4.09
*CCOC(=O)c1ccc2ccc(C(=O)O*)cc2c1,119.0,P090042,Polyesters/thioesters,68.87,3.19
*CCOC(=O)c1ccc2cc(C(=O)O*)ccc2c1,120.0,P090043,Polyesters/thioesters,82.38,3.29
*O[Si](C)(C)CC(C)(C)COC(=O)c1cccc(C(=O)OCC(C)(C)C[Si](*)(C)C)c1,-52.0,P090044,"Polyesters/thioesters, Polysiloxanes/silanes",40.53,0.92
*CCCCCC(=O)S*,19.0,P090046,Polyesters/thioesters,30.14,0.85
*CCCCCCOC(=O)CCC(=O)O*,-50.0,P090049,Polyesters/thioesters,16.12,0.3
*CCCCOC(=O)CCCCC(=O)O*,-66.0,P090051,Polyesters/thioesters,15.59,0.24
*CCCCCOC(=O)CCCCC(=O)O*,-69.0,P090052,Polyesters/thioesters,14.57,0.15
*OC1CCC(OC(=O)CCCCC(*)=O)CC1,77.8,P090053,Polyesters/thioesters,34.44,1.13
*CC#CCOC(=O)CCCCCCCCC(=O)O*,-26.5,P090055,Polyesters/thioesters,18.3,0.33
*CCOC(=O)c1ccccc1C(=O)O*,96.5,P090060,Polyesters/thioesters,61.13,2.13
*Oc1cccc(OC(=O)c2cccc(C(*)=O)c2)c1,147.0,P090061,Polyesters/thioesters,86.24,2.83
*Oc1ccc(C(C)(C)c2ccc(OC(=O)c3ccc(C(*)=O)cc3)c(C)c2)cc1C,178.5,P090062,Polyesters/thioesters,102.31,3.61
*Oc1ccc(C2(c3ccc(OC(=O)c4cccc(C(*)=O)c4)cc3)c3ccccc3-c3ccccc32)cc1,269.5,P090064,Polyesters/thioesters,145.49,5.53
*c1ccc(OC(=O)c2ccc(C(=O)Oc3ccc(C4(*)OC(=O)c5ccccc54)cc3)cc2)cc1,279.0,P090065,Polyesters/thioesters,129.2,5.44
*c1ccc(OC(=O)c2cccc(C(=O)Oc3ccc(C4(*)OC(=O)c5ccccc54)cc3)c2)cc1,282.5,P090066,Polyesters/thioesters,118.5,4.98
*CCOC(=O)c1cccc2c(C(=O)O*)cccc12,78.0,P090075,Polyesters/thioesters,66.47,2.77
*CCOC(=O)c1ccc(C(=O)O*)c2ccccc12,64.0,P090076,Polyesters/thioesters,76.92,2.72
*CC(=O)O*,45.0,P090085,Polyesters/thioesters,38.85,1.21
*CCCC(=O)O*,1.5,P090087,Polyesters/thioesters,29.78,0.91
*CCCCC(=O)O*,-66.0,P090088,Polyesters/thioesters,19.19,0.48
*CCCCCC(=O)O*,-60.0,P090089,Polyesters/thioesters,21.63,0.49
*CCCCCCCCCCC(=O)O*,-46.05,P090090,Polyesters/thioesters,13.95,0.29
*CCCCCCCCCCCCC(=O)O*,-36.0,P090091,Polyesters/thioesters,11.74,0.23
*CCCCCCCCCCCCCCC(=O)O*,-22.1,P090092,Polyesters/thioesters,12.98,0.2
*CCCCCCC(=O)O*,-14.0,P090093,Polyesters/thioesters,24.61,0.67
*CCCCCCOC(=O)CCCCC(=O)O*,-69.0,P090101,Polyesters/thioesters,12.61,0.1
*CCCCCCCCCCOC(=O)CCCCCCCCCCCCCCCCC(=O)O*,-17.0,P090105,Polyesters/thioesters,5.0,0.1
*CCCCCCCCCCCCCCCCOC(=O)CCCCCCC(=O)O*,-26.0,P090111,Polyesters/thioesters,5.0,0.1
*CCOC(=O)/C=C/C(=O)O*,-10.0,P090113,Polyesters/thioesters,26.16,0.69
*CCCOC(=O)c1ccc(C(=O)O*)cc1,52.0,P090134,Polyesters/thioesters,46.46,1.94
*CCCCCCCCCCOC(=O)c1cccc(C(=O)O*)c1,-22.5,P090135,Polyesters/thioesters,36.87,1.13
*CC(C)C(C)COC(=O)c1ccc(C(=O)O*)cc1,37.5,P090136,Polyesters/thioesters,52.55,1.69
*CC(CC)C(CC)COC(=O)c1ccc(C(=O)O*)cc1,32.0,P090137,Polyesters/thioesters,47.48,1.46
*CC(CCC)C(CCC)COC(=O)c1ccc(C(=O)O*)cc1,30.0,P090138,Polyesters/thioesters,45.07,1.31
*CC(CCCC)C(CCCC)COC(=O)c1ccc(C(=O)O*)cc1,16.0,P090139,Polyesters/thioesters,37.56,1.25
*CC(CCCCCC)C(CCCCCC)COC(=O)c1ccc(C(=O)O*)cc1,-15.5,P090140,Polyesters/thioesters,32.93,0.85
*CC(CCCCCCCCCC)C(CCCCCCCCCC)COC(=O)c1ccc(C(=O)O*)cc1,-38.0,P090141,Polyesters/thioesters,17.6,0.37
*CC(CCCCCCCCCCCCCCCC)C(CCCCCCCCCCCCCCCC)COC(=O)c1ccc(C(=O)O*)cc1,-26.0,P090142,Polyesters/thioesters,5.0,0.1
*CC(C(C)C)C(COC(=O)c1ccc(C(=O)O*)cc1)C(C)C,65.0,P090143,Polyesters/thioesters,55.27,1.79
*Oc1ccc(OC(=O)c2ccc(C(*)=O)cc2)cc1CCC(C)CC,237.0,P090144,Polyesters/thioesters,85.02,3.1
*Oc1ccc(OC(=O)c2ccc(C(*)=O)cc2)cc1C1CCCCC1,206.0,P090146,Polyesters/thioesters,88.64,3.65
*Oc1ccc(OC(=O)c2ccc(C(*)=O)cc2)cc1C1CC2CCC1C2,267.0,P090147,Polyesters/thioesters,92.2,4.0
*CCCCCOC(=O)c1cccc(C(=O)O*)c1,7.0,P090163,Polyesters/thioesters,46.14,1.47
*CCCCCCOC(=O)c1cccc(C(=O)O*)c1,5.5,P090164,Polyesters/thioesters,39.78,1.54
*Oc1ccc(-c2ccc(OC(=O)CCCCCCCCCCCCC(*)=O)cc2)cc1,95.0,P090167,Polyesters/thioesters,59.62,2.38
*CC1CCC(COC(=O)CCC(=O)O*)CC1,-1.0,P090170,Polyesters/thioesters,29.48,0.76
*CCOC(=O)CCCCCC(=O)O*,-46.0,P090171,Polyesters/thioesters,17.14,0.4
*CCCCCCCOC(=O)c1ccc(C(=O)O*)cc1,-1.0,P090172,Polyesters/thioesters,42.14,1.23
*CCCCCCOC(=O)C(=O)O*,66.5,P090173,Polyesters/thioesters,30.72,0.99
*Oc1ccc(C(*)=O)cc1,161.0,P090174,Polyesters/thioesters,61.75,2.68
*OC(C)CC(*)=O,3.4,P090175,Polyesters/thioesters,31.16,0.78
*OC(C)C(*)=O,58.4,P090176,Polyesters/thioesters,34.38,1.17
*CCC(=O)O*,-24.0,P090177,Polyesters/thioesters,24.82,0.71
*CC(CC)(CC)C(=O)O*,60.0,P090182,Polyesters/thioesters,32.27,1.03
*CC(C)(C)C(=O)O*,-12.0,P090183,Polyesters/thioesters,31.59,0.77
*OC(CC)CC(*)=O,-15.4,P090184,Polyesters/thioesters,27.42,0.68
*CC(C)(CC)C(=O)O*,-9.0,P090185,Polyesters/thioesters,26.72,0.79
*CC(C)C(=O)O*,-25.0,P090187,Polyesters/thioesters,29.86,0.83
*CC(C)(CCC)C(=O)O*,1.9,P090188,Polyesters/thioesters,31.02,0.81
*OC(CC(*)=O)C(Cl)(Cl)Cl,163.5,P090189,Polyesters/thioesters,53.86,1.68
*CCCCCCCCCOC(=O)c1ccc(C(=O)O*)cc1,35.0,P090190,Polyesters/thioesters,43.2,1.35
*CCCCCCCCOC(=O)c1ccc(C(=O)O*)cc1,45.0,P090191,Polyesters/thioesters,45.67,1.42
*Oc1ccc(OC(=O)CCCCC(*)=O)cc1,90.0,P090192,Polyesters/thioesters,51.39,1.75
*CC1CCC(COC(=O)C2CCC(C(=O)O*)CC2)CC1,77.0,P090208,Polyesters/thioesters,40.54,1.1
*CC1CCC(COC(=O)c2cccc(C(=O)O*)c2)CC1,70.0,P090212,Polyesters/thioesters,52.22,1.93
*CCCCCCCCCCOC(=O)CCCCCNC(=O)CCCCC(=O)NCCCCCC(=O)O*,-12.0,P090224,"Polyesters/thioesters, Polyamides/thioamides",5.0,0.1
*CCCCCCCCCCOC(=O)c1ccc(-c2ccc(C(=O)O*)cc2)cc1,52.0,P090227,Polyesters/thioesters,62.01,2.13
*CCCCCCCCCCCCCCCCCCCCOC(=O)CC(=O)O*,-35.1,P090259,Polyesters/thioesters,5.0,0.1
*CCOC(=O)C1CCC(C(=O)O*)CC1,25.0,P090271,Polyesters/thioesters,31.32,0.95
*CCOC(=O)c1ccc(-c2ccc(C(=O)O*)cc2)cc1,40.0,P090276,Polyesters/thioesters,68.16,2.41
*OC(C)COC(=O)c1cccc(C(*)=O)c1,77.0,P090288,Polyesters/thioesters,57.19,1.81
*CCCCCCOC(=O)CCCCCNC(=O)CCCCC(=O)NCCCCCC(=O)O*,-7.0,P090296,"Polyesters/thioesters, Polyamides/thioamides",5.66,0.1
*CCCCCCOC(=O)c1ccc(-c2ccc(C(=O)O*)cc2)cc1,51.0,P090300,Polyesters/thioesters,58.4,2.27
*Oc1cccc(C(*)=O)c1,162.0,P090336,Polyesters/thioesters,61.58,2.68
*Oc1ccc(CC(*)=O)cc1,117.0,P090339,Polyesters/thioesters,58.82,2.25
*OC(CC(*)=O)C(C)(Cl)Cl,109.0,P090342,Polyesters/thioesters,45.43,1.34
*SC(C)C(*)=O,12.0,P090353,Polyesters/thioesters,32.55,0.93
*CCC(C)CCC(=O)S*,-50.0,P090354,Polyesters/thioesters,22.71,0.47
*Oc1ccc(Cc2ccc(OC(=O)CCCCC(*)=O)cc2)cc1,60.5,P090357,Polyesters/thioesters,60.69,2.66
*CCCCCCCCOC(=O)c1ccc(-c2ccc(C(=O)O*)cc2)cc1,47.0,P090367,Polyesters/thioesters,65.21,2.24
*CC(F)(F)C(F)(F)C(F)(F)COC(=O)CCCCC(=O)O*,-60.5,P090377,Polyesters/thioesters,18.34,0.22
*CCCCCOC(=O)c1ccc(-c2ccc(C(=O)O*)cc2)cc1,47.5,P090383,Polyesters/thioesters,62.71,2.45
*Oc1cccc(OC(=O)CCC(*)=O)c1,38.2,P090411,Polyesters/thioesters,48.84,1.66
*Oc1ccc(OC(=O)c2ccc(C(*)=O)cc2)cc1,267.0,P090413,Polyesters/thioesters,92.55,3.42
*CCCCOC(=O)CCCCCNC(=O)CCCCC(=O)NCCCCCC(=O)O*,-15.0,P090423,"Polyesters/thioesters, Polyamides/thioamides",7.46,0.1
*CCCCOC(=O)CCCCCCCC(=O)O*,-62.5,P090424,Polyesters/thioesters,10.84,0.1
*CCCCOC(=O)c1ccc(-c2ccc(C(=O)O*)cc2)cc1,70.0,P090429,Polyesters/thioesters,71.75,2.83
*CCCCOC(=O)CCCC(=O)O*,-36.5,P090437,Polyesters/thioesters,19.95,0.41
*CCCCOC(=O)COCC(=O)O*,-23.0,P090441,"Polyoxides/ethers/acetals, Polyesters/thioesters",22.59,0.52
*CC(C)(C)COC(=O)CCCCC(=O)O*,-31.55,P090457,Polyesters/thioesters,20.98,0.42
*CCCOC(=O)C1CCC(C(=O)O*)CC1,-6.0,P090459,Polyesters/thioesters,28.66,0.69
*OC(C)CCOC(=O)c1ccc(-c2ccc(C(*)=O)cc2)cc1,92.5,P090465,Polyesters/thioesters,76.84,2.91
*CCCOC(=O)c1cccc(C(=O)O*)c1,36.0,P090466,Polyesters/thioesters,51.43,1.65
*CC(C)(C)COC(=O)CCC(=O)O*,-18.0,P090469,Polyesters/thioesters,27.18,0.67
*CC(C)(C)COC(=O)c1ccc(C(=O)O*)cc1,68.0,P090479,Polyesters/thioesters,53.77,1.81
*Cc1ccc(COC(=O)c2cccc(C(=O)O*)c2)cc1,143.0,P090498,Polyesters/thioesters,71.29,3.26
*Oc1c(C)cc(-c2cc(C)c(OC(=O)CCCCC(*)=O)c(C)c2)cc1C,108.0,P090506,Polyesters/thioesters,79.17,2.83
*Oc1c(C)cc(C(C)(C)c2cc(C)c(OC(=O)CCCCC(*)=O)c(C)c2)cc1C,93.0,P090507,Polyesters/thioesters,75.45,2.53
*Oc1ccc(C(C)(C)c2ccc(OC(=O)CCCCC(*)=O)cc2)cc1,54.0,P090508,Polyesters/thioesters,60.18,2.28
*Oc1c(-c2ccccc2)cc(Cc2cc(-c3ccccc3)c(OC(=O)CCCCC(*)=O)c(-c3ccccc3)c2)cc1-c1ccccc1,115.0,P090509,Polyesters/thioesters,137.19,5.84
*Oc1cc(CCCC)cc(OC(=O)c2cccc(C(*)=O)c2)c1,97.5,P090510,Polyesters/thioesters,71.18,2.88
*O[Sn](CCCC)(CCCC)OC(=O)CCCCC(*)=O,110.0,P090511,Polyesters/thioesters,30.48,0.94
*O[Sn](CCCC)(CCCC)OC(=O)c1ccc(C(*)=O)cc1,315.0,P090512,Polyesters/thioesters,76.7,3.02
*CCCCCCCCCCOC(=O)c1ccc2cc(C(=O)O*)ccc2c1,50.5,P090514,Polyesters/thioesters,59.48,2.34
*CCC(C)CCC(=O)O*,-53.0,P090515,Polyesters/thioesters,22.63,0.51
*OC(C)CCCC(C)C(*)=O,-33.0,P090516,Polyesters/thioesters,21.25,0.51
*Oc1cc(CC)cc(OC(=O)c2cccc(C(*)=O)c2)c1,138.0,P090517,Polyesters/thioesters,77.25,2.96
*CC(F)(F)C(F)(F)C(F)(F)COC(=O)c1cc(C(=O)O*)cc(C(F)(F)C(F)(F)C(F)(F)C(F)(F)C(F)(F)C(F)(F)C(F)(F)F)c1,27.0,P090518,Polyesters/thioesters,56.51,1.31
*CC(F)(F)C(F)(F)C(F)(F)COC(=O)c1cccc(-c2cccc(C(=O)O*)c2)c1,45.0,P090519,Polyesters/thioesters,76.05,2.37
*CC(F)(F)C(F)(F)C(F)(F)COC(=O)c1cccc(C(F)(F)C(F)(F)C(F)(F)C(F)(F)C(F)(F)c2cccc(C(=O)O*)c2)c1,29.0,P090520,Polyesters/thioesters,72.64,2.2
*CC(F)(F)C(F)(F)C(F)(F)COC(=O)c1cccc(C(F)(F)C(F)(F)C(F)(F)c2cccc(C(=O)O*)c2)c1,24.0,P090521,Polyesters/thioesters,75.06,1.96
*Oc1cc(CCCCCC)cc(OC(=O)c2cccc(C(*)=O)c2)c1,67.5,P090526,Polyesters/thioesters,58.5,2.38
*Oc1ccc(-c2ccc(OC(=O)c3cccc(C(*)=O)c3)cc2)cc1,185.5,P090527,Polyesters/thioesters,90.58,3.81
*CC(F)(F)C(F)(F)C(F)(F)COC(=O)c1cccc(C(=O)O*)c1,23.5,P090528,Polyesters/thioesters,47.09,1.62
*Oc1ccc(C(C)(C)c2ccc(OC(=O)c3cccc(C(*)=O)c3)c(C)c2)cc1C,162.0,P090529,Polyesters/thioesters,104.72,3.96
*Oc1c(C)cc(C(C)(C)c2cc(C)c(OC(=O)c3cccc(C(*)=O)c3)c(C)c2)cc1C,187.0,P090530,Polyesters/thioesters,93.95,4.03
*Oc1ccc(C2(c3ccc(OC(=O)c4cccc(C(*)=O)c4)cc3)CCCCC2)cc1,127.0,P090534,Polyesters/thioesters,100.43,3.41
*Oc1c(C)cc(-c2cc(C)c(OC(=O)CCCCCCCCC(*)=O)c(C)c2)cc1C,57.0,P090535,Polyesters/thioesters,67.97,2.09
*OC1C(C)(C)C(OC(=O)C2CCC(C(*)=O)CC2)C1(C)C,169.0,P090536,Polyesters/thioesters,51.51,1.62
*OC1C(C)(C)C(OC(=O)c2ccc(C(*)=O)cc2)C1(C)C,184.0,P090537,Polyesters/thioesters,70.47,2.49
*CCCCOC(=O)C1CCC(C(=O)O*)CC1,-10.5,P090538,Polyesters/thioesters,29.58,0.7
*CCCCCCOC(=O)c1ccc2cc(C(=O)O*)ccc2c1,64.0,P090539,Polyesters/thioesters,59.01,2.28
*CCCCCOC(=O)c1ccc2cc(C(=O)O*)ccc2c1,58.5,P090540,Polyesters/thioesters,63.73,2.47
*CCCCOC(=O)c1ccc2cc(C(=O)O*)ccc2c1,66.0,P090541,Polyesters/thioesters,70.67,2.77
*CCCOC(=O)c1ccc2cc(C(=O)O*)ccc2c1,88.0,P090542,Polyesters/thioesters,69.91,2.77
*Oc1c(C)cc(C(C)(C)c2cc(C)c(OC(=O)CCCCCCCCC(*)=O)c(C)c2)cc1C,45.0,P090543,Polyesters/thioesters,62.93,2.14
*Oc1cc(C)cc(OC(=O)c2cccc(C(*)=O)c2)c1,163.0,P090544,Polyesters/thioesters,86.89,3.1
*CC(C)(C)COC(=O)C1CCC(C(=O)O*)CC1,30.0,P090546,Polyesters/thioesters,35.14,0.86
*Oc1cc(CCCCCCCCC)cc(OC(=O)c2cccc(C(*)=O)c2)c1,41.5,P090549,Polyesters/thioesters,63.79,2.3
*Oc1cc(CCCCCCCC)cc(OC(=O)c2cccc(C(*)=O)c2)c1,50.5,P090550,Polyesters/thioesters,63.73,2.43
*Oc1ccc(-c2ccc(OC(=O)c3cc(CCCCC)cc(C(*)=O)c3)cc2)cc1,138.0,P090551,Polyesters/thioesters,92.55,3.81
*CC(F)(F)C(F)(F)C(F)(F)COC(=O)c1cccc(C(=O)O*)c1OCCCCC,17.0,P090552,Polyesters/thioesters,42.43,1.2
*CC(F)(F)C(F)(F)C(F)(F)COC(=O)c1ccc(OCCCCC)c(C(=O)O*)c1,9.0,P090553,Polyesters/thioesters,47.29,1.27
*CC(F)(F)C(F)(F)C(F)(F)COC(=O)c1cc(OCCCCC)cc(C(=O)O*)c1,-30.0,P090554,Polyesters/thioesters,36.51,1.12
*Oc1ccc(Cc2ccc(OC(=O)c3cc(OCCCCC)cc(C(*)=O)c3)cc2)cc1,110.0,P090555,Polyesters/thioesters,76.85,3.45
*Oc1c(-c2ccccc2)cc(-c2cc(-c3ccccc3)c(OC(=O)CCCCCCCCC(*)=O)c(-c3ccccc3)c2)cc1-c1ccccc1,98.0,P090556,Polyesters/thioesters,127.06,5.18
*Oc1ccc(C2(c3ccc(OC(=O)CCCCCCCCC(*)=O)cc3)c3ccccc3-c3ccccc32)cc1,151.0,P090557,Polyesters/thioesters,101.93,4.25
*Oc1cccc(C(F)(F)C(F)(F)C(F)(F)c2cccc(OC(=O)c3cccc(C(F)(F)C(F)(F)C(F)(F)c4cccc(C(*)=O)c4)c3)c2)c1,74.0,P090558,Polyesters/thioesters,115.19,4.09
*Oc1ccc(C(C)(C)c2ccc(OC(=O)c3ccc(C(C)(CC)c4ccc(C(*)=O)cc4)cc3)cc2)cc1,211.0,P090559,Polyesters/thioesters,117.8,4.97
*Oc1ccc(C(C)(C)c2ccc(OC(=O)c3cccc(C(F)(F)C(F)(F)C(F)(F)c4cccc(C(*)=O)c4)c3)cc2)cc1,122.0,P090560,Polyesters/thioesters,101.62,4.59
*Oc1ccc(C(C)(C)c2ccc(OC(=O)CCCCCCCCC(*)=O)cc2)cc1,14.25,P090561,Polyesters/thioesters,55.83,1.85
*Oc1c(-c2ccccc2)cc(Cc2cc(-c3ccccc3)c(OC(=O)CCCCCCCCC(*)=O)c(-c3ccccc3)c2)cc1-c1ccccc1,92.0,P090566,Polyesters/thioesters,117.01,5.64
*Oc1c(C)cc(-c2cc(C)c(OC(=O)CCCCCC(*)=O)c(C)c2)cc1C,96.0,P090567,Polyesters/thioesters,76.04,2.49
*Oc1c(C)cc(C(C)(C)c2cc(C)c(OC(=O)CCCCCC(*)=O)c(C)c2)cc1C,84.0,P090568,Polyesters/thioesters,62.06,2.42
*Oc1c(-c2ccccc2)cc(Cc2cc(-c3ccccc3)c(OC(=O)CCCCCC(*)=O)c(-c3ccccc3)c2)cc1-c1ccccc1,111.0,P090569,Polyesters/thioesters,147.73,5.44
*Oc1cc(CCC)cc(OC(=O)c2cccc(C(*)=O)c2)c1,129.0,P090570,Polyesters/thioesters,74.79,2.72
*Oc1ccc(C(C)(C)c2ccc(OC(=O)c3ccc(C(*)=O)cc3)c(CCCC)c2)cc1CCCC,160.0,P090571,Polyesters/thioesters,90.04,3.45
*Oc1ccc(C(C)(C)c2ccc(OC(=O)c3ccc(C(*)=O)cc3)c(C(C)CC)c2)cc1C(C)CC,90.0,P090572,Polyesters/thioesters,86.52,3.14
*Oc1ccc(C(C)(C)c2ccc(OC(=O)c3ccc(C(*)=O)cc3)c(Cl)c2)cc1Cl,190.0,P090573,Polyesters/thioesters,99.04,4.32
*Oc1ccc(C(C)(C)c2ccc(OC(=O)c3ccc(C(*)=O)cc3)c(C(C)C)c2)cc1C(C)C,140.0,P090574,Polyesters/thioesters,104.15,3.65
*Oc1cccc(OC(=O)c2cc(OCCCCC)cc(C(*)=O)c2)c1,96.0,P090575,Polyesters/thioesters,69.82,2.75
*Oc1c(C)cc(C(C)(C)c2cc(C)c(OC(=O)c3ccc(C(*)=O)cc3)c(C)c2)cc1C,239.0,P090577,Polyesters/thioesters,100.31,4.0
*Oc1ccc(C2(c3ccc(OC(=O)c4ccc(C(*)=O)cc4)cc3)c3ccccc3-c3ccccc32)cc1,285.0,P090580,Polyesters/thioesters,152.23,6.62
*Oc1cc(CCCCCCCCCCCCC)cc(OC(=O)c2cccc(C(*)=O)c2)c1,25.5,P090582,Polyesters/thioesters,56.16,2.01
*Oc1cc(CCCCCCCCCCC)cc(OC(=O)c2cccc(C(*)=O)c2)c1,34.5,P090583,Polyesters/thioesters,52.46,2.06
*CC(C)(C)CS(=O)(=O)CC(C)(C)COC(=O)c1ccc(C(=O)O*)cc1,105.0,P090587,"Polyesters/thioesters, Polysulfones/sulfoxides/sufonates/sulfoamides",55.27,2.01
*c1ccc(OC(=O)c2cccc(C(=O)Oc3ccc(C4(*)NC(=O)c5ccccc54)cc3)c2)cc1,325.0,P090590,"Polyesters/thioesters, Polyamides/thioamides",147.6,5.55
*c1ccc(OC(=O)c2ccc(C(=O)Oc3ccc(C4(*)NC(=O)c5ccccc54)cc3)cc2)cc1,327.0,P090591,"Polyesters/thioesters, Polyamides/thioamides",124.91,5.18
*c1ccc(OC(=O)c2cc(C(=O)Oc3ccc(C4(*)OC(=O)c5ccccc54)cc3)cc(C(C)(C)C)c2)cc1,279.0,P090592,Polyesters/thioesters,141.44,5.08
*c1ccc(OC(=O)c2cc(Cl)cc(C(=O)Oc3ccc(C4(*)OC(=O)c5ccccc54)cc3)c2)cc1,313.0,P090593,Polyesters/thioesters,131.31,5.37
*OC1CCC(OC(=O)CCCCCCCCC(*)=O)CC1,66.0,P090595,Polyesters/thioesters,26.53,0.71
*OC(C)COC(=O)c1ccccc1C(*)=O,95.0,P090598,Polyesters/thioesters,60.11,1.98
*OC(C)COC(=O)c1ccc(C(*)=O)cc1,98.0,P090610,Polyesters/thioesters,58.26,2.12
*Oc1ccc(C2(c3ccc(OC(=O)c4ccc(C(*)=O)cc4)cc3)CCc3ccccc32)cc1,312.0,P090625,Polyesters/thioesters,134.5,5.27
*Oc1ccc(-c2ccc(OC(=O)c3ccc(C(*)=O)cc3)cc2)cc1-c1ccccc1,132.0,P090627,Polyesters/thioesters,121.24,4.3
*CCCCCCCOC(=O)c1ccc(-c2ccc(C(=O)O*)cc2)cc1,44.0,P090631,Polyesters/thioesters,61.15,2.44
*CCCCOC(=O)c1ccc([Si](C)(C)c2ccc(C(=O)O*)cc2)cc1,42.0,P090632,"Polyesters/thioesters, Polysiloxanes/silanes",66.73,2.34
*CCCCOC(=O)c1ccc(C(C)(C)c2ccc(C(=O)O*)cc2)cc1,44.0,P090633,Polyesters/thioesters,65.82,2.53
*Oc1ccc(OC(=O)c2ccc([Si](C)(C)c3ccc(C(*)=O)cc3)cc2)cc1,176.0,P090634,"Polyesters/thioesters, Polysiloxanes/silanes",90.61,4.14
*Oc1ccc(OC(=O)c2ccc(C(C)(C)c3ccc(C(*)=O)cc3)cc2)cc1,195.0,P090635,Polyesters/thioesters,102.9,4.02
*Oc1cccc(OC(=O)c2ccc([Si](C)(C)c3ccc(C(*)=O)cc3)cc2)c1,134.0,P090636,"Polyesters/thioesters, Polysiloxanes/silanes",88.69,3.76
*Oc1cccc(OC(=O)c2ccc(C(C)(C)c3ccc(C(*)=O)cc3)cc2)c1,158.0,P090637,Polyesters/thioesters,91.06,4.12
*Oc1ccc(C(C)(C)c2ccc(OC(=O)CN(CC(*)=O)c3ccc(/N=N/c4ccc([N+](=O)[O-])cc4)cc3)cc2)cc1,152.0,P094250,"Polyesters/thioesters, Polyimines",114.56,4.13
*Oc1ccc(OC(=O)/C=C/c2ccc(/C=C/C(*)=O)cc2)cc1,210.0,P094308,Polyesters/thioesters,75.36,3.18
*Oc1ccc(-c2ccc(OC(=O)/C=C/c3ccc(/C=C/C(*)=O)cc3)cc2)cc1,243.0,P094309,Polyesters/thioesters,109.88,4.33
*C(=O)Oc1ccc(C(C)(C)c2ccc(OC(=O)c3ccc4c(c3)C(=O)N(c3cccc(N5C(=O)c6ccc(*)cc6C5=O)c3)C4=O)cc2)cc1,225.0,P094316,"Polyimides/thioimides, Polyesters/thioesters",136.31,6.19
*C(=O)OCCCCOC(=O)c1ccc(NC(=O)c2ccc(N3C(=O)c4ccc(*)cc4C3=O)cc2)cc1,130.0,P094334,"Polyimides/thioimides, Polyesters/thioesters, Polyamides/thioamides",103.5,3.26
*C(=O)OCCCCCOC(=O)c1ccc(NC(=O)c2ccc(N3C(=O)c4ccc(*)cc4C3=O)cc2)cc1,129.0,P094335,"Polyimides/thioimides, Polyesters/thioesters, Polyamides/thioamides",99.94,3.87
*C(=O)OCCCCCCOC(=O)c1ccc(NC(=O)c2ccc(N3C(=O)c4ccc(*)cc4C3=O)cc2)cc1,107.0,P094336,"Polyimides/thioimides, Polyesters/thioesters, Polyamides/thioamides",82.89,3.27
*C(=O)OCCCCCCCOC(=O)c1ccc(NC(=O)c2ccc(N3C(=O)c4ccc(*)cc4C3=O)cc2)cc1,106.0,P094337,"Polyimides/thioimides, Polyesters/thioesters, Polyamides/thioamides",88.9,3.16
*C(=O)OCCCCCCCCOC(=O)c1ccc(NC(=O)c2ccc(N3C(=O)c4ccc(*)cc4C3=O)cc2)cc1,105.0,P094338,"Polyimides/thioimides, Polyesters/thioesters, Polyamides/thioamides",78.62,3.16
*C(=O)OCCCCCCCCCOC(=O)c1ccc(NC(=O)c2ccc(N3C(=O)c4ccc(*)cc4C3=O)cc2)cc1,100.0,P094339,"Polyimides/thioimides, Polyesters/thioesters, Polyamides/thioamides",91.93,3.35
*C(=O)OCCCCCCCCCCOC(=O)c1ccc(NC(=O)c2ccc(N3C(=O)c4ccc(*)cc4C3=O)cc2)cc1,102.0,P094340,"Polyimides/thioimides, Polyesters/thioesters, Polyamides/thioamides",76.17,3.42
*C(=O)OCCCCCCCCCCCCOC(=O)c1ccc(NC(=O)c2ccc(N3C(=O)c4ccc(*)cc4C3=O)cc2)cc1,74.0,P094341,"Polyimides/thioimides, Polyesters/thioesters, Polyamides/thioamides",79.8,3.05
*CCCCOC(=O)Nc1ccc(Cc2ccc(NC(=O)OCCCCn3c4ccccc4c4cc(/C=C(\C#N)C(=O)OCCCCCCOC(=O)/C(C#N)=C/c5ccc6c(c5)c5ccccc5n6*)ccc43)cc2)cc1,122.0,P094356,"Polyesters/thioesters, Polyurethanes/thiourethanes, Polyimines",161.06,6.82
*CCCCOC(=O)Nc1ccc(-c2ccc(NC(=O)OCCCCn3c4ccccc4c4cc(/C=C(\C#N)C(=O)OCCCCCCOC(=O)/C(C#N)=C/c5ccc6c(c5)c5ccccc5n6*)ccc43)c(C)c2)cc1C,113.0,P094357,"Polyesters/thioesters, Polyurethanes/thiourethanes, Polyimines",175.21,6.38
*CCCCOC(=O)Nc1ccc(C)c(NC(=O)OCCCCn2c3ccccc3c3cc(/C=C(\C#N)C(=O)OCCCCCCOC(=O)/C(C#N)=C/c4ccc5c(c4)c4ccccc4n5*)ccc32)c1,117.0,P094358,"Polyesters/thioesters, Polyurethanes/thiourethanes, Polyimines",145.26,6.64
*Oc1ccc(-c2cc(-c3ccccc3)c(-c3ccc(OC(=O)c4ccc(C(*)=O)cc4-c4ccccc4)cc3)c(-c3ccccc3)c2-c2ccccc2)cc1,225.0,P094396,Polyesters/thioesters,173.87,7.35
*Oc1ccc(-c2ccc(-c3cc(-c4ccccc4)c(-c4ccc(-c5ccc(OC(=O)c6ccc(C(*)=O)cc6-c6ccccc6)cc5)cc4)c(-c4ccccc4)c3-c3ccccc3)cc2)cc1,260.0,P094397,Polyesters/thioesters,243.63,10.33
*c1ccc(OC(=O)c2cccc(C(=O)Oc3ccc(C4(*)OC(=O)c5ccccc54)cc3C)c2)c(C)c1,273.0,P094550,Polyesters/thioesters,137.42,5.22
*CCOC(=O)c1ccc(-c2ccc(C(=O)O*)cc2C)c(C)c1,73.0,P094574,Polyesters/thioesters,75.05,2.45
*CCOC(=O)c1ccc(C2(C)CC(C)(C)c3ccc(C(=O)O*)cc32)cc1,154.0,P094575,Polyesters/thioesters,86.87,2.82
*Oc1ccc(OC(=O)CCCCCCCCC(*)=O)cc1,52.8,P094584,Polyesters/thioesters,46.01,1.39
*Oc1ccc(C(C)(C)c2ccc(OC(=O)c3ccc(S(=O)(=O)c4ccc(C(*)=O)cc4)cc3)cc2)cc1,220.0,P094585,"Polyesters/thioesters, Polysulfones/sulfoxides/sufonates/sulfoamides",115.54,4.91
*Oc1ccc(S(=O)(=O)c2ccc(OC(=O)c3cccc(C(*)=O)c3)cc2)cc1,249.0,P094589,"Polyesters/thioesters, Polysulfones/sulfoxides/sufonates/sulfoamides",103.33,4.1
*OC(C)CCCCC(*)=O,-40.0,P094598,Polyesters/thioesters,20.81,0.48
*c1ccc(OC(=O)c2cccc(C(=O)Oc3ccc(C4(*)c5ccccc5C(=O)N4C)cc3)c2)cc1,285.0,P094604,"Polyesters/thioesters, Polyamides/thioamides",119.56,5.25
*c1ccc(OC(=O)c2ccc(C(=O)Oc3ccc(C4(*)c5ccccc5C(=O)N4C)cc3)cc2)cc1,282.0,P094605,"Polyesters/thioesters, Polyamides/thioamides",137.07,5.45
*Cc1ccc2nc(-c3cc(-c4nc5ccc(*)cc5c(=O)o4)cc(N4C(=O)c5ccccc5C4=O)c3)oc(=O)c2c1,322.0,P099018,"Polyesters/thioesters, Polyimines",172.11,7.32
*c1ccc(OC(=O)c2cccc(C(=O)Oc3ccc(C4(*)C(=O)Nc5ccccc54)cc3)c2)cc1,256.0,P099049,"Polyesters/thioesters, Polyamides/thioamides",128.57,4.93
*c1ccc(OC(=O)c2cccc(C(=O)Oc3ccc(C4(*)C(=O)Nc5c(Cl)cc(Cl)cc54)cc3)c2)cc1,270.0,P099050,"Polyesters/thioesters, Polyamides/thioamides",123.04,4.96
*CCC(=O)N*,145.5,P100001,Polyamides/thioamides,48.21,1.61
*CCCCNC(=O)CCCCC(=O)N*,58.0,P100002,Polyamides/thioamides,25.94,0.86
*CCCCCNC(=O)CCCCC(=O)N*,46.5,P100003,Polyamides/thioamides,25.95,0.78
*CCCCCC(=O)N*,51.6,P100004,Polyamides/thioamides,32.41,1.09
*CCCCCCNC(=O)CCCCC(=O)N*,58.2,P100005,Polyamides/thioamides,24.18,0.68
*CCCCCCNC(=O)CCCCCC(=O)N*,54.0,P100006,Polyamides/thioamides,22.09,0.64
*CCCCCCNC(=O)CCCCCCC(=O)N*,57.0,P100007,Polyamides/thioamides,24.31,0.67
*CCCCCCNC(=O)CCCCCCCC(=O)N*,42.3,P100008,Polyamides/thioamides,18.5,0.47
*CCCCCCNC(=O)CCCCCCCCC(=O)N*,45.0,P100009,Polyamides/thioamides,18.01,0.46
*CCCCCCNC(=O)CCCCCCCCCCC(=O)N*,46.0,P100010,Polyamides/thioamides,15.43,0.36
*CCCCCCC(=O)N*,52.0,P100011,Polyamides/thioamides,30.66,1.01
*CCCCCCCNC(=O)CCCCC(=O)N*,55.0,P100012,Polyamides/thioamides,22.15,0.74
*CCCCCCCNC(=O)CCCCCC(=O)N*,55.0,P100013,Polyamides/thioamides,24.44,0.6
*CCCCCCCC(=O)N*,37.0,P100014,Polyamides/thioamides,27.78,0.82
*CCCCCCCCNC(=O)CCCCC(=O)N*,50.0,P100015,Polyamides/thioamides,21.15,0.66
*CCCCCCCCNC(=O)CCCCCCCCC(=O)N*,54.0,P100016,Polyamides/thioamides,17.96,0.39
*CCCCCCCCNC(=O)CCCCCCCCCCC(=O)N*,50.0,P100017,Polyamides/thioamides,13.01,0.31
*CCCCCCCCNC(=O)CCCCCCCCCCCCCCCCCCCCC(=O)N*,48.0,P100018,Polyamides/thioamides,5.0,0.1
*CCCCCCCCC(=O)N*,48.0,P100019,Polyamides/thioamides,26.28,0.87
*CCCCCCCCCNC(=O)CCCCC(=O)N*,68.0,P100021,Polyamides/thioamides,23.86,0.65
*CCCCCCCCCC(=O)N*,43.0,P100022,Polyamides/thioamides,25.62,0.72
*CCCCCCCCCCNC(=O)CCCCCCCCCCC(=O)N*,49.0,P100023,Polyamides/thioamides,12.14,0.18
*CCCCCCCCCCC(=O)N*,46.0,P100024,Polyamides/thioamides,21.7,0.76
*CCCCCCCCCCCC(=O)N*,42.0,P100025,Polyamides/thioamides,20.18,0.66
*CCCCCCCCCCCCNC(=O)CCCCCCCCCCCCCCCCC(=O)N*,46.5,P100027,Polyamides/thioamides,5.0,0.1
*CCCCCCCCCCCCC(=O)N*,41.0,P100028,Polyamides/thioamides,21.46,0.6
*CCCCCCCCCCCCCCNC(=O)CCCCCCCCCCCCCCCCC(=O)N*,48.0,P100029,Polyamides/thioamides,5.0,0.1
*CCCCCCCCCCCCCCCCCCNC(=O)CCCCCCCCCCCCCCCCC(=O)N*,50.0,P100030,Polyamides/thioamides,5.0,0.1
*NC1CCC(CC2CCC(NC(=O)CCCCC(*)=O)CC2)CC1,185.0,P100036,Polyamides/thioamides,49.85,1.33
*CCCC1(CCCNC(=O)CCCCC(=O)N*)c2ccccc2-c2ccccc21,120.0,P100037,Polyamides/thioamides,61.91,2.35
*CCCP(CCCNC(=O)CCCCC(=O)N*)CC(C)C,71.0,P100038,Polyamides/thioamides,23.79,0.67
*CCCCCCCCCCNC(=O)CCCCC(=O)N*,45.0,P100040,Polyamides/thioamides,20.38,0.43
*CCCCCCCCCCNC(=O)CCCCCCCCC(=O)N*,60.0,P100041,Polyamides/thioamides,14.94,0.32
*CCCNC(=O)CCCCC(=O)NCCCN(*)C,5.0,P100042,"Polyamides/thioamides, Polyimines",20.45,0.39
*Cc1cc(C)c(CNC(=O)CCCCC(=O)N*)cc1C,70.0,P100043,Polyamides/thioamides,47.08,1.63
*CCCCP(C)(=O)CCCNC(=O)CCCCC(=O)N*,59.0,P100044,Polyamides/thioamides,26.41,0.7
*CCCP(C)(=O)CCCNC(=O)CCCCC(=O)N*,33.0,P100045,Polyamides/thioamides,24.7,0.62
*CCCP(CCCNC(=O)CCCCC(=O)N*)c1ccccc1,49.0,P100047,Polyamides/thioamides,38.43,1.32
*CCCP(=O)(CCCNC(=O)CCCCC(=O)N*)c1ccccc1,55.0,P100048,Polyamides/thioamides,39.23,1.36
*CCCCCCNC(=O)c1cc(C(=O)N*)cc(C(C)(C)C)c1,163.0,P100049,Polyamides/thioamides,63.46,2.03
*CC1CCC(CNC(=O)c2cc(C(=O)N*)cc(C(C)(C)C)c2)CC1,236.0,P100050,Polyamides/thioamides,70.77,2.49
*Cc1cccc(CNC(=O)c2cc(C(=O)N*)cc(C(C)(C)C)c2)c1,192.0,P100051,Polyamides/thioamides,93.71,3.22
*Cc1ccc(CNC(=O)c2cc(C(=O)N*)cc(C(C)(C)C)c2)cc1,204.0,P100052,Polyamides/thioamides,84.02,3.08
*CC(C)CCC(C)CNC(=O)c1cc(C(=O)N*)cc(C(C)(C)C)c1,149.0,P100053,Polyamides/thioamides,62.48,2.32
*CCC(C)C(C)CCNC(=O)c1cc(C(=O)N*)cc(C(C)(C)C)c1,173.0,P100054,Polyamides/thioamides,56.7,2.48
*CCCC1(CCCNC(=O)c2ccccc2-c2ccccc2C(=O)N*)c2ccccc2-c2ccccc21,165.0,P100056,Polyamides/thioamides,106.59,4.2
*CCCCCCNC(=O)Cc1ccc(C(=O)N*)cc1,104.0,P100058,Polyamides/thioamides,49.34,1.87
*NC1CCC(CC2CCC(NC(=O)CCCCCCCCCCC(*)=O)CC2)CC1,142.0,P100059,Polyamides/thioamides,34.39,0.9
*NC1CCC(CC2CCC(NC(=O)CCCCCCCCC(*)=O)CC2)CC1,144.0,P100060,Polyamides/thioamides,39.82,1.03
*CCc1ccc(CCNC(=O)CCCCCCCCCCCCCCCCC(=O)N*)cc1,75.0,P100063,Polyamides/thioamides,28.25,1.13
*CCc1ccc(CCNC(=O)CCCCCCCCCCCCC(=O)N*)cc1,93.0,P100064,Polyamides/thioamides,36.22,1.47
*CCc1ccc(CCNC(=O)CCCCCCCCCC(=O)N*)cc1,96.0,P100065,Polyamides/thioamides,41.25,1.63
*CCc1ccc(CCNC(=O)CCCCCCCCC(=O)N*)cc1,105.0,P100066,Polyamides/thioamides,40.7,1.49
*CCCC(C)(C)CNC(=O)CCCC(=O)N*,82.0,P100067,Polyamides/thioamides,31.76,0.88
*Nc1ccc(-c2ccc(NC(=O)c3cccc(C(*)=O)c3)cc2)cc1,294.0,P100068,Polyamides/thioamides,115.79,4.23
*CCCCCCNC(=O)c1cccc(C(=O)N*)c1,120.0,P100069,Polyamides/thioamides,51.58,2.03
*CCCCCCCCNC(=O)c1cccc(C(=O)N*)c1,110.0,P100070,Polyamides/thioamides,49.93,1.91
*CC1CCC(CNC(=O)c2cccc(C(=O)N*)c2)CC1,208.0,P100071,Polyamides/thioamides,65.64,2.7
*CCCC1(CCCNC(=O)c2cccc(C(=O)N*)c2)c2ccccc2-c2ccccc21,175.0,P100072,Polyamides/thioamides,85.78,3.79
*Cc1cccc(CNC(=O)c2cccc(C(=O)N*)c2)c1,172.0,P100073,Polyamides/thioamides,80.9,3.09
*CCC(C)C(C)CCNC(=O)c1cccc(C(=O)N*)c1,125.0,P100074,Polyamides/thioamides,59.79,2.02
*CCCC(C)(C)CNC(=O)c1cccc(C(=O)N*)c1,153.0,P100075,Polyamides/thioamides,57.6,2.43
*Nc1ccc(Cc2ccc(NC(=O)c3cccc(C(*)=O)c3)cc2)cc1,265.0,P100076,Polyamides/thioamides,96.9,4.27
*CCCCCCCCCCNC(=O)/C=C(\C)C(=O)N*,74.0,P100077,Polyamides/thioamides,26.95,0.71
*CCCCCCNC(=O)/C=C(\C)C(=O)N*,94.0,P100078,Polyamides/thioamides,34.15,0.98
*Cc1cccc(CNC(=O)/C=C(\C)C(=O)N*)c1,135.0,P100079,Polyamides/thioamides,59.18,2.41
*CCCCCCNC(=O)CCC(C)CC(=O)N*,17.0,P100080,Polyamides/thioamides,20.21,0.58
*CC1CC(CNC(=O)c2cccc(C(=O)N*)c2)CC(C(C)(C)C)C1,209.0,P100081,Polyamides/thioamides,76.07,2.74
*Cc1cc(CNC(=O)CCCCC(=O)N*)cc(C(C)(C)C)c1,109.0,P100082,Polyamides/thioamides,57.81,2.11
*Cc1cc(CNC(=O)c2cccc(C(=O)N*)c2)cc(C(C)(C)C)c1,188.0,P100083,Polyamides/thioamides,92.33,3.14
*CC1CCCC(CNC(=O)c2cc(C(=O)N*)cc(C(C)(C)C)c2)C1,200.0,P100084,Polyamides/thioamides,66.39,2.35
*CC1CCCC(CNC(=O)c2cccc(C(=O)N*)c2)C1,180.0,P100085,Polyamides/thioamides,62.43,2.62
*CCCC1(CCCNC(=O)CCCCCCCCC(=O)N*)c2ccccc2-c2ccccc21,85.0,P100086,Polyamides/thioamides,61.25,2.17
*CCCCCCNC(=O)c1ccccc1-c1ccccc1C(=O)N*,122.5,P100087,Polyamides/thioamides,64.93,2.55
*CCCCCCNC(=O)c1ccc(C(C)(CC)c2ccc(C(=O)N*)cc2)cc1,164.0,P100088,Polyamides/thioamides,75.75,3.01
*CCCCNC(=O)c1ccc(C(C)(CC)c2ccc(C(=O)N*)cc2)cc1,182.0,P100089,Polyamides/thioamides,78.61,2.99
*CCCCCNC(=O)Cc1ccc(C(=O)N*)cc1,103.0,P100090,Polyamides/thioamides,47.13,1.86
*CCCCNC(=O)Cc1ccc(C(=O)N*)cc1,84.0,P100091,Polyamides/thioamides,49.27,1.71
*CCCNC(=O)Cc1ccc(C(=O)N*)cc1,109.0,P100092,Polyamides/thioamides,55.34,2.2
*CCCCCCCCNC(=O)Cc1ccc(CC(=O)N*)cc1,110.0,P100094,Polyamides/thioamides,44.81,1.87
*CCCCCCNC(=O)CCC1(CCC(=O)N*)c2ccccc2-c2ccccc21,122.0,P100095,Polyamides/thioamides,67.87,2.45
*CCCCCCNC(=O)CCP(=S)(CCC(=O)N*)c1ccccc1,43.0,P100096,Polyamides/thioamides,40.27,1.43
*CCCCCCNC(=O)CCP(=O)(CCC(=O)N*)c1ccccc1,29.0,P100097,Polyamides/thioamides,37.04,1.27
*CCCCCNC(=O)c1ccc(C(=O)N*)cc1,177.0,P100098,Polyamides/thioamides,61.35,2.52
*NC1CC(C)(C)CC(C)(CNC(=O)CCCCC(*)=O)C1,150.8,P100099,Polyamides/thioamides,40.77,1.38
*Cc1cccc(CNC(=O)CCCCC(=O)N*)c1,84.0,P100101,Polyamides/thioamides,52.33,1.88
*Cc1cccc(CNC(=O)c2ccccc2-c2ccccc2C(=O)N*)c1,159.0,P100102,Polyamides/thioamides,99.28,3.84
*Cc1ccc(CNC(=O)CC(C)(C)CC(C)C(=O)N*)cc1,125.0,P100103,Polyamides/thioamides,61.24,2.2
*Cc1ccc(CNC(=O)CCCCCCCCCCC(=O)N*)cc1,105.0,P100104,Polyamides/thioamides,45.0,1.78
*Cc1ccc(CNC(=O)CCCCCCCCCCCCCCCCC(=O)N*)cc1,75.0,P100105,Polyamides/thioamides,32.27,1.14
*Cc1cccc(CNC(=O)CCC2(CCC(=O)N*)c3ccccc3-c3ccccc32)c1,150.0,P100106,Polyamides/thioamides,92.76,3.76
*Cc1ccc(CNC(=O)CCCCCCCCCCCCCC(=O)N*)cc1,90.0,P100107,Polyamides/thioamides,40.36,1.31
*Cc1ccc(CNC(=O)CCCCCCCCC(=O)N*)cc1,115.0,P100108,Polyamides/thioamides,49.44,1.84
*Cc1ccc(CNC(=O)CCCCCCCCCCCC(=O)N*)cc1,100.0,P100109,Polyamides/thioamides,39.4,1.7
*Cc1ccc(CNC(=O)CCCCCCCCCC(=O)N*)cc1,110.0,P100110,Polyamides/thioamides,47.48,1.87
*CCCC(C)(C)CNC(=O)CCCCC(=O)N*,77.0,P100113,Polyamides/thioamides,30.07,0.89
*CCC(C)(C)CC(C)CNC(=O)CCCCC(=O)N*,65.0,P100114,Polyamides/thioamides,29.41,0.84
*CCCC(C)(C)CNC(=O)CCCCCCCC(=O)N*,63.0,P100115,Polyamides/thioamides,23.48,0.68
*CCCC(C)(C)CNC(=O)CCCCCC(=O)N*,70.5,P100116,Polyamides/thioamides,29.73,0.79
*CCCC(C)(C)CNC(=O)c1ccc(C(=O)N*)cc1,157.0,P100117,Polyamides/thioamides,63.24,2.07
*Nc1cccc2c(NC(=O)c3cccc(C(*)=O)c3)cccc12,325.0,P100118,Polyamides/thioamides,106.93,4.81
*Nc1cccc2c(NC(=O)c3ccc(C(*)=O)cc3)cccc12,305.0,P100119,Polyamides/thioamides,114.58,4.66
*CCCC(C)(C)CNC(=O)C(=O)N*,109.0,P100120,Polyamides/thioamides,37.56,1.38
*CCCCCCCCCCCCCCCCCCNC(=O)Cc1ccc(CC(=O)N*)cc1,78.0,P100121,Polyamides/thioamides,28.38,1.04
*CCCC1(CCCNC(=O)CCC2(CCC(=O)N*)c3ccccc3-c3ccccc32)c2ccccc2-c2ccccc21,165.0,P100122,Polyamides/thioamides,117.63,4.42
*CCCCCCCCCCCCNC(=O)CCc1ccc(CCC(=O)N*)cc1,85.0,P100123,Polyamides/thioamides,38.3,1.44
*CCCCCCCCCCCCCCCCCCNC(=O)CCc1ccc(CCC(=O)N*)cc1,65.0,P100124,Polyamides/thioamides,27.48,0.85
*Nc1cccc(NC(=O)c2cccc(C(*)=O)c2)c1,275.0,P100126,Polyamides/thioamides,87.18,3.65
*Nc1ccc(NC(=O)c2cccc(C(*)=O)c2)cc1,295.0,P100127,Polyamides/thioamides,93.53,3.84
*Nc1cccc(NC(=O)CCCCCCCCC(*)=O)c1,110.0,P100129,Polyamides/thioamides,46.21,1.97
*Nc1cccc(NC(=O)c2ccc(C(*)=O)cc2)c1,238.0,P100130,Polyamides/thioamides,79.16,3.65
*Nc1ccc(NC(=O)c2ccc(C(*)=O)cc2)cc1,295.0,P100131,Polyamides/thioamides,102.3,4.08
*Nc1ccc(-c2ccc(NC(=O)c3ccc(C(*)=O)cc3)cc2)cc1,340.0,P100132,Polyamides/thioamides,117.76,5.11
*CCCC(CCNC(=O)c1ccc(C(=O)N*)cc1)C(C)C,150.0,P100133,Polyamides/thioamides,54.92,1.95
*CCCCCCCCCCCCNC(=O)c1ccc(C(=O)N*)cc1,130.0,P100134,Polyamides/thioamides,44.87,1.88
*CCCCCCCNC(=O)c1ccc(C(=O)N*)cc1,160.0,P100135,Polyamides/thioamides,54.06,1.95
*CCCCCCNC(=O)c1ccc(C(=O)N*)cc1,132.5,P100136,Polyamides/thioamides,57.41,1.99
*CCCCCCCCCNC(=O)c1ccc(C(=O)N*)cc1,115.0,P100137,Polyamides/thioamides,48.91,1.81
*Cc1cc(C)c(CNC(=O)c2ccc(C(=O)N*)cc2)cc1C,225.0,P100138,Polyamides/thioamides,82.07,3.38
*CCCC(C)(C)CCCNC(=O)c1ccc(C(=O)N*)cc1,152.0,P100139,Polyamides/thioamides,54.66,2.22
*NC(C)CCC(C)(C)CCCNC(=O)c1ccc(C(*)=O)cc1,150.0,P100140,Polyamides/thioamides,50.32,1.95
*CCC(C)CC(C)(C)CNC(=O)c1ccc(C(=O)N*)cc1,147.0,P100141,Polyamides/thioamides,58.38,2.34
*CCC(C)(C)CC(C)CNC(=O)c1ccc(C(=O)N*)cc1,148.0,P100142,Polyamides/thioamides,54.74,2.32
*Nc1ccc(Cc2ccc(NC(=O)c3ccc(C(*)=O)cc3)cc2)cc1,294.5,P100143,Polyamides/thioamides,105.0,4.2
*CCCCCCN(C(=O)C(F)(F)C(F)(F)C(F)(F)C(=O)N(*)C(C)C)C(C)C,142.5,P100144,Polyamides/thioamides,41.01,1.06
*CCCC(CC)CCNC(=O)c1ccc(C(=O)N*)cc1,135.0,P100147,Polyamides/thioamides,55.83,2.22
*c1cccc(NC(=O)CCCCC(=O)Nc2cccc(S(*)(=O)=O)c2)c1,140.0,P100150,"Polyamides/thioamides, Polysulfones/sulfoxides/sufonates/sulfoamides",78.81,2.83
*c1ccc(NC(=O)CCCCC(=O)Nc2ccc(S(*)(=O)=O)cc2)cc1,194.0,P100151,"Polyamides/thioamides, Polysulfones/sulfoxides/sufonates/sulfoamides",80.47,3.13
*c1cccc(NC(=O)CCCCCCCC(=O)Nc2cccc(S(*)(=O)=O)c2)c1,125.0,P100152,"Polyamides/thioamides, Polysulfones/sulfoxides/sufonates/sulfoamides",76.26,2.59
*c1ccc(NC(=O)CCCCCCCC(=O)Nc2ccc(S(*)(=O)=O)cc2)cc1,178.0,P100153,"Polyamides/thioamides, Polysulfones/sulfoxides/sufonates/sulfoamides",81.73,2.8
*c1cccc(NC(=O)CCCCCCCCCCC(=O)Nc2cccc(S(*)(=O)=O)c2)c1,107.0,P100157,"Polyamides/thioamides, Polysulfones/sulfoxides/sufonates/sulfoamides",65.75,2.43
*c1ccc(NC(=O)CCCCCCCCCCC(=O)Nc2ccc(S(*)(=O)=O)cc2)cc1,160.0,P100158,"Polyamides/thioamides, Polysulfones/sulfoxides/sufonates/sulfoamides",67.43,2.73
*c1ccc(NC(=O)CCCCCC(=O)Nc2ccc(S(*)(=O)=O)cc2)cc1,163.0,P100161,"Polyamides/thioamides, Polysulfones/sulfoxides/sufonates/sulfoamides",79.75,2.68
*c1cccc(NC(=O)CCCCCCCCC(=O)Nc2cccc(S(*)(=O)=O)c2)c1,112.0,P100162,"Polyamides/thioamides, Polysulfones/sulfoxides/sufonates/sulfoamides",72.84,2.39
*c1ccc(NC(=O)CCCCCCCCC(=O)Nc2ccc(S(*)(=O)=O)cc2)cc1,72.34,P100163,"Polyamides/thioamides, Polysulfones/sulfoxides/sufonates/sulfoamides",62.66,2.45
*c1cccc(NC(=O)CCCCCCC(=O)Nc2cccc(S(*)(=O)=O)c2)c1,125.0,P100164,"Polyamides/thioamides, Polysulfones/sulfoxides/sufonates/sulfoamides",69.43,2.7
*NC(CCC(=O)OC)C(*)=O,0.0,P100170,Polyamides/thioamides,27.15,0.76
*C(=O)CCCCCCCCC(=O)N1CCN(*)CC1,82.0,P100172,Polyamides/thioamides,34.94,0.91
*CCCCCCCCCCC(=O)NCCCCCC(=O)N*,25.5,P100185,Polyamides/thioamides,16.56,0.33
*NC(C)CC(*)=O,125.0,P100186,Polyamides/thioamides,43.16,1.6
*CCCC(=O)N*,62.8,P100187,Polyamides/thioamides,32.58,1.05
*CCNC(=O)CCCCC(=O)N*,71.0,P100193,Polyamides/thioamides,34.03,1.04
*CCCCCNC(=O)CC(=O)N*,65.0,P100203,Polyamides/thioamides,31.65,1.03
*CCCCCCNC(=O)CCCCCCCCCCCCCCCCC(=O)N*,47.0,P100212,Polyamides/thioamides,9.07,0.1
*CCCCCCCCNC(=O)CCCCCCCCCCCCCCCCC(=O)N*,36.0,P100218,Polyamides/thioamides,5.0,0.1
*CCCCCCCCCCNC(=O)CCCCCCCCCCCCCCCCC(=O)N*,46.0,P100227,Polyamides/thioamides,5.0,0.1
*CCCCCCCCCCCNC(=O)CCCCCCCCC(=O)N*,40.0,P100231,Polyamides/thioamides,10.68,0.21
*CCCNC(=O)c1ccc(C(=O)N*)cc1,180.0,P100282,Polyamides/thioamides,64.69,2.39
*CCCCCCNC(=O)Cc1ccc(CC(=O)N*)cc1,95.0,P100288,Polyamides/thioamides,50.19,1.71
*CCCCCCNC(=O)CCc1ccc(CCC(=O)N*)cc1,85.0,P100289,Polyamides/thioamides,45.6,1.48
*CCCCCCCCNC(=O)c1ccc(C(=O)N*)cc1,123.0,P100299,Polyamides/thioamides,54.89,1.9
*CCCCCCCCCCNC(=O)c1ccc(Cc2ccc(C(=O)N*)cc2)cc1,140.0,P100305,Polyamides/thioamides,68.79,2.61
*CCCCCCCCCCCCCCNC(=O)CCc1ccc(CCC(=O)N*)cc1,85.0,P100312,Polyamides/thioamides,36.99,1.25
*CC1CCC(CNC(=O)CCCCC(=O)N*)CC1,113.0,P100325,Polyamides/thioamides,41.3,1.18
*CC1CCC(CNC(=O)CCCCCCCCC(=O)N*)CC1,89.0,P100333,Polyamides/thioamides,27.67,0.76
*CC1CCC(CNC(=O)CCCCCCCCCCC(=O)N*)CC1,85.0,P100335,Polyamides/thioamides,28.4,0.66
*NC1CCC(CCC2CCC(NC(=O)CCCCCCCCC(*)=O)CC2)CC1,116.0,P100337,Polyamides/thioamides,33.79,0.96
*NC1CCC(CCC2CCC(NC(=O)CCCCCCCCCCC(*)=O)CC2)CC1,105.0,P100338,Polyamides/thioamides,30.68,0.74
*Nc1cccc(NC(=O)CCCCC(*)=O)c1,114.25,P100348,Polyamides/thioamides,57.6,1.85
*Nc1ccc(NC(=O)CCCCC(*)=O)cc1,133.0,P100349,Polyamides/thioamides,57.87,2.07
*Nc1cccc(NC(=O)CCCCCCC(*)=O)c1,115.5,P100358,Polyamides/thioamides,48.43,1.93
*Nc1ccc(NC(=O)CCCCCCC(*)=O)cc1,138.0,P100359,Polyamides/thioamides,53.46,1.86
*Nc1ccc(Cc2ccc(NC(=O)CCCCCCCC(*)=O)cc2)cc1,140.0,P100367,Polyamides/thioamides,68.79,2.7
*Nc1ccc(NC(=O)CCCCCCCCC(*)=O)cc1,125.0,P100369,Polyamides/thioamides,44.54,1.88
*Nc1ccc(Cc2ccc(NC(=O)CCCCCCCCC(*)=O)cc2)cc1,160.0,P100373,Polyamides/thioamides,71.04,2.97
*CCCCCCCCCCC(=O)N(*)C,-12.0,P100394,Polyamides/thioamides,18.84,0.4
*CCCCCCCCCCCC(=O)N(*)C,-29.0,P100397,Polyamides/thioamides,16.81,0.28
*NC(CCC(=O)OCc1ccccc1)C(*)=O,17.0,P100439,Polyamides/thioamides,41.52,1.58
*C(=O)NCCCCCCNC(=O)c1ccc(*)nc1,80.0,P100463,"Polyamides/thioamides, Polyimines",50.4,1.68
*Nc1ccc(NC(=O)c2ccc(P(=O)(c3ccccc3)c3ccc(C(*)=O)cc3)cc2)cc1,252.0,P100496,Polyamides/thioamides,112.02,4.64
*CCCCCCNC(=O)C(=O)N*,250.0,P100532,Polyamides/thioamides,49.19,2.07
*C(=O)c1ccc(C(=O)N2CC(C)N(*)CC2C)cc1,350.0,P100548,Polyamides/thioamides,95.46,3.32
*C(=O)c1cccc(C(=O)N2CCN(*)CC2)c1,214.5,P100556,Polyamides/thioamides,73.46,2.54
*Nc1ccc(CC(C)(C)NC(=O)CCC(*)=O)cc1,158.0,P100621,Polyamides/thioamides,63.11,2.35
*Nc1ccc(CC(C)(C)NC(=O)CCCCC(*)=O)cc1,130.0,P100622,Polyamides/thioamides,55.23,1.98
*Nc1ccc(CC(C)(C)NC(=O)CCCCCCCCC(*)=O)cc1,92.0,P100624,Polyamides/thioamides,44.81,1.45
*Nc1ccc(CC(C)(C)NC(=O)c2ccc(C(*)=O)cc2)cc1,175.0,P100627,Polyamides/thioamides,76.98,3.08
*CC(C)C(=O)N*,96.0,P100643,Polyamides/thioamides,38.79,1.4
*C(=O)NC1CCCC(*)O1,145.0,P100665,"Polyoxides/ethers/acetals, Polyamides/thioamides",45.42,1.75
*CC1CCCC(CNC(=O)CCCCC(=O)N*)C1,107.0,P100666,Polyamides/thioamides,40.67,1.17
*NC1CCC(CC2CCC(NC(=O)CCCCCCCCCCCCC(*)=O)CC2)CC1,131.0,P100673,Polyamides/thioamides,32.19,0.74
*NC(CCC(=O)OCCCCC)C(*)=O,-20.0,P100681,Polyamides/thioamides,21.08,0.46
*NC(CCC(=O)OCCCC)C(*)=O,-15.0,P100682,Polyamides/thioamides,23.72,0.5
*NC(CCC(=O)OCCCCCC)C(*)=O,-25.0,P100686,Polyamides/thioamides,18.0,0.35
*NC(CCC(=O)OCC)C(*)=O,0.0,P100688,Polyamides/thioamides,23.69,0.64
*NC(CCC(=O)OCCCCCCCC)C(*)=O,-59.5,P100690,Polyamides/thioamides,13.32,0.1
*NC(CCC(=O)OCCC)C(*)=O,-10.0,P100691,Polyamides/thioamides,23.64,0.65
*CCCCCCCCCCNC(=O)CCP(C)(=O)CCC(=O)N*,45.5,P100693,Polyamides/thioamides,18.67,0.42
*CCCCCCCCCCCCNC(=O)CCP(C)(=O)CCC(=O)N*,44.0,P100694,Polyamides/thioamides,17.08,0.35
*CCCCCCNC(=O)CCc1ccc(CC(=O)N*)cc1,87.0,P100735,Polyamides/thioamides,48.57,1.81
*CCCCCCNC(=O)CC(C)(C)c1ccc(C(C)(C)CC(=O)N*)cc1,91.0,P100738,Polyamides/thioamides,50.41,1.59
*CCCCCCNC(=O)CC(C)c1ccc(C(C)CC(=O)N*)cc1,88.0,P100739,Polyamides/thioamides,43.98,1.53
*Nc1ccc(C(C)(C)c2ccc(NC(=O)c3cccc(C(*)=O)c3)cc2)cc1,279.0,P100743,Polyamides/thioamides,103.01,4.77
*Nc1ccc(NC(=O)CCCCCCCC(*)=O)cc1,130.0,P100759,Polyamides/thioamides,54.01,1.89
*Nc1ccc(NC(=O)CCCC(*)=O)cc1,135.0,P100766,Polyamides/thioamides,61.04,2.0
*CCCCNC(=O)c1cccc(C(=O)N*)c1,141.0,P100775,Polyamides/thioamides,62.64,2.13
*CCCCCCNC(=O)c1c(Cl)c(Cl)c(C(=O)N*)c(Cl)c1Cl,282.0,P100793,Polyamides/thioamides,75.08,2.87
*CCCCCCCCc1nc2cc(NC(=O)CCCCC(=O)Nc3ccc4oc(*)nc4c3)ccc2o1,92.0,P100794,"Polyoxides/ethers/acetals, Polyamides/thioamides, Polyimines",100.9,3.79
*CCCCCCc1nc2cc(NC(=O)CCCCCCCCC(=O)Nc3ccc4oc(*)nc4c3)ccc2o1,86.0,P100795,"Polyoxides/ethers/acetals, Polyamides/thioamides, Polyimines",99.07,4.12
*CCCCCCCCc1nc2cc(NC(=O)CCCCCCCCC(=O)Nc3ccc4oc(*)nc4c3)ccc2o1,93.0,P100796,"Polyoxides/ethers/acetals, Polyamides/thioamides, Polyimines",94.57,4.04
*CCCCCCc1nc2cc(NC(=O)CCCCCCC(=O)Nc3ccc4oc(*)nc4c3)ccc2o1,77.0,P100797,"Polyoxides/ethers/acetals, Polyamides/thioamides, Polyimines",84.47,3.81
*Nc1ccc(NC(=O)CCCCCC(*)=O)cc1,133.0,P100800,Polyamides/thioamides,52.19,2.16
*Nc1ccc(CCNC(=O)CCCCC(*)=O)cc1,115.0,P100814,Polyamides/thioamides,48.89,1.74
*Nc1cccc(NC(=O)c2cc(C(*)=O)cc(S(=O)(=O)c3ccccc3)c2)c1,277.0,P100815,Polyamides/thioamides,117.86,4.12
*Nc1ccc(NC(=O)c2cc(C(*)=O)cc(S(=O)(=O)c3ccccc3)c2)cc1,308.0,P100816,Polyamides/thioamides,108.8,4.52
*Nc1ccc(-c2ccc(NC(=O)c3cc(C(*)=O)cc(S(=O)(=O)c4ccccc4)c3)cc2)cc1,319.0,P100817,Polyamides/thioamides,132.46,5.2
*Oc1ccc(NC(=O)c2cc(C(=O)Nc3ccc(*)cc3)cc(S(=O)(=O)c3ccccc3)c2)cc1,279.0,P100818,"Polyoxides/ethers/acetals, Polyamides/thioamides",122.62,5.04
*Nc1ccc(Cc2ccc(NC(=O)c3cc(C(*)=O)cc(S(=O)(=O)c4ccccc4)c3)cc2)cc1,270.0,P100819,Polyamides/thioamides,120.42,5.1
*Nc1ccc(C(C)(C)c2ccc(NC(=O)c3cc(C(*)=O)cc(S(=O)(=O)c4ccccc4)c3)cc2)cc1,287.0,P100820,Polyamides/thioamides,127.97,5.69
*c1ccc(NC(=O)c2cc(C(=O)Nc3ccc(S(*)(=O)=O)cc3)cc(S(=O)(=O)c3ccccc3)c2)cc1,307.0,P100821,"Polyamides/thioamides, Polysulfones/sulfoxides/sufonates/sulfoamides",135.16,5.16
*CCCCCCNC(=O)CCCCC(=O)NCC(=O)N*,53.4,P100822,Polyamides/thioamides,23.2,0.58
*Nc1ccc(NC(=O)c2cccc(C(=O)c3ccc(C(*)=O)cc3)c2)cc1,257.5,P104291,"Polyamides/thioamides, Polyketones/thioketones",113.64,4.2
*Nc1cccc(C(=O)c2ccc(NC(=O)c3cccc(C(=O)c4ccc(C(*)=O)cc4)c3)cc2)c1,215.0,P104293,"Polyamides/thioamides, Polyketones/thioketones",121.62,4.97
*Nc1ccc(Cc2ccc(NC(=O)/C=C/c3ccc(/C=C/C(*)=O)cc3)cc2)cc1,230.0,P104306,Polyamides/thioamides,96.79,4.29
*Nc1c(-c2ccccc2)cc(-c2ccc(-c3cc(-c4ccccc4)c(NC(=O)c4ccc(C(*)=O)cc4)c(-c4ccccc4)c3)cc2)cc1-c1ccccc1,135.0,P104342,Polyamides/thioamides,187.83,7.93
*Nc1c(C)c(C)c(C(=O)c2ccc(NC(=O)c3ccc(C(*)=O)cc3)cc2)c(C)c1C,366.0,P104376,"Polyamides/thioamides, Polyketones/thioketones",125.04,5.36
*Nc1ccc(C(=O)c2c(C)c(C)c(C(=O)c3ccc(NC(=O)c4ccc(C(*)=O)cc4)cc3)c(C)c2C)cc1,345.0,P104378,"Polyamides/thioamides, Polyketones/thioketones",128.54,6.01
*Nc1cc(NC(=O)c2cc(OCCN(C)c3ccc(C#N)cc3)cc(C(*)=O)c2)cc(C(=O)OCCN(C)c2ccc(C#N)cc2)c1,167.0,P104388,Polyamides/thioamides,120.28,4.01
*Nc1cc(NC(=O)c2ccc(C(*)=O)cc2)cc(-c2nc3ccccc3[nH]2)c1,267.5,P104420,Polyamides/thioamides,120.03,5.41
*Nc1cc(NC(=O)c2cc(OCCN(C)c3ccc(S(=O)(=O)C(F)(F)C(F)(F)C(F)(F)C(F)(F)C(F)(F)C(F)(F)C(F)(F)C(F)(F)F)cc3)cc(C(*)=O)c2)cc(C(=O)OCCN(C)c2ccc(C#N)cc2)c1,157.0,P104434,Polyamides/thioamides,122.11,3.75
*Nc1cc(NC(=O)c2cc(OCCN(C)c3ccc(C#N)cc3)cc(C(*)=O)c2)cc(C(=O)OCCN(C)c2ccc(S(=O)(=O)C(F)(F)C(F)(F)C(F)(F)C(F)(F)C(F)(F)C(F)(F)C(F)(F)C(F)(F)F)cc2)c1,165.0,P104435,Polyamides/thioamides,118.61,3.71
*CCN(C)C(=O)CCCCCCCCC(=O)N(*)C,0.0,P104465,Polyamides/thioamides,19.2,0.47
*Nc1ccc(NC(=O)c2ccc(NC(=O)c3ccc(P(=O)(c4ccccc4)c4ccc(C(*)=O)cc4)cc3)cc2)cc1,243.0,P104472,Polyamides/thioamides,134.78,5.35
*CCCCCCNC(=O)c1ccc(C2(C)CC(C)(C)c3ccc(C(=O)N*)cc32)cc1,190.0,P104576,Polyamides/thioamides,86.32,3.07
*Nc1cc(NC(=O)c2ccc(C(*)=O)cc2)cc(-c2nc3ccccc3oc2=O)c1,103.0,P109023,Polyamides/thioamides,114.9,4.14
*CCOC(=O)NCCCCCCNC(=O)O*,56.0,P110004,Polyurethanes/thiourethanes,27.9,0.89
*CCOC(=O)NCCCCCCCCCNC(=O)O*,44.0,P110006,Polyurethanes/thiourethanes,21.88,0.66
*CCOC(=O)NCCCCCCCCCCNC(=O)O*,60.8,P110007,Polyurethanes/thiourethanes,22.17,0.62
*CCCOC(=O)NCCCCCCNC(=O)O*,55.0,P110008,Polyurethanes/thiourethanes,28.86,0.83
*CCCCOC(=O)NCCCCCCNC(=O)O*,33.5,P110013,Polyurethanes/thiourethanes,22.78,0.59
*CCCCOC(=O)NCC(F)(F)C(F)(F)C(F)(F)C(F)(F)CNC(=O)O*,33.0,P110017,Polyurethanes/thiourethanes,33.6,0.62
*CCCCCOC(=O)NCCCCCCNC(=O)O*,33.0,P110020,Polyurethanes/thiourethanes,24.74,0.6
*CCCCCOC(=O)NCC(F)(F)C(F)(F)C(F)(F)C(F)(F)CNC(=O)O*,33.0,P110023,Polyurethanes/thiourethanes,29.78,0.55
*CCCCCCOC(=O)NCC(F)(F)C(F)(F)C(F)(F)C(F)(F)CNC(=O)O*,5.0,P110026,Polyurethanes/thiourethanes,25.39,0.35
*CCCCCCOC(=O)NCCCCCCNC(=O)O*,168.0,P110027,Polyurethanes/thiourethanes,32.03,1.19
*CCCCCCCOC(=O)NCCCCCCNC(=O)O*,55.0,P110029,Polyurethanes/thiourethanes,20.29,0.6
*CCCCCCCCOC(=O)NCCCCCCNC(=O)O*,58.0,P110030,Polyurethanes/thiourethanes,19.78,0.52
*CCCCCCCCCOC(=O)NCCCCCCNC(=O)O*,58.0,P110033,Polyurethanes/thiourethanes,19.15,0.5
*CCCCCCCCCCOC(=O)NCCCCCCNC(=O)O*,55.0,P110036,Polyurethanes/thiourethanes,18.14,0.38
*CCCCCCCCCCCCOC(=O)NCCCCCCNC(=O)O*,36.0,P110039,Polyurethanes/thiourethanes,15.24,0.24
*CCCCCCCCCCCCOC(=O)NCCCCCCCCCCNC(=O)O*,34.0,P110040,Polyurethanes/thiourethanes,9.05,0.1
*CCCCCCCCCCCCCCCCOC(=O)NCCCCCCNC(=O)O*,39.0,P110042,Polyurethanes/thiourethanes,8.5,0.1
*CCCCCCCCCCCCCCCCOC(=O)NCCCCCCCCCCNC(=O)O*,34.0,P110043,Polyurethanes/thiourethanes,5.0,0.1
*CC#CCOC(=O)NCCCCCCNC(=O)O*,-45.0,P110052,Polyurethanes/thiourethanes,24.17,0.37
*CC(F)(F)C(F)(F)COC(=O)NCCCCCCNC(=O)O*,9.0,P110053,Polyurethanes/thiourethanes,23.21,0.53
*CC(F)(F)C(F)(F)COC(=O)NCC(F)(F)C(F)(F)C(F)(F)C(F)(F)CNC(=O)O*,38.0,P110054,Polyurethanes/thiourethanes,38.4,0.63
*CC(F)(F)C(F)(F)C(F)(F)COC(=O)NCCCCCCNC(=O)O*,16.0,P110055,Polyurethanes/thiourethanes,27.05,0.46
*CC(F)(F)C(F)(F)C(F)(F)COC(=O)NCC(F)(F)C(F)(F)C(F)(F)C(F)(F)CNC(=O)O*,25.0,P110056,Polyurethanes/thiourethanes,33.14,0.57
*CC(F)(F)C(F)(F)C(F)(F)C(F)(F)COC(=O)NCCCCCCNC(=O)O*,-2.0,P110057,Polyurethanes/thiourethanes,26.88,0.32
*CC(F)(F)C(F)(F)C(F)(F)C(F)(F)COC(=O)NCC(F)(F)C(F)(F)C(F)(F)C(F)(F)CNC(=O)O*,20.0,P110058,Polyurethanes/thiourethanes,37.74,0.47
*CCOC(=O)Nc1cc(NC(=O)O*)ccc1C,52.0,P110064,Polyurethanes/thiourethanes,54.2,1.99
*CCCOC(=O)Nc1cc(NC(=O)O*)ccc1C,6.0,P110065,Polyurethanes/thiourethanes,46.8,1.67
*CCCCOC(=O)Nc1ccc(C)c(NC(=O)O*)c1,42.0,P110066,Polyurethanes/thiourethanes,53.29,1.61
*CCCCCOC(=O)Nc1ccc(C)c(NC(=O)O*)c1,52.0,P110068,Polyurethanes/thiourethanes,50.26,1.58
*CCCCCCOC(=O)Nc1ccc(C)c(NC(=O)O*)c1,32.0,P110071,Polyurethanes/thiourethanes,43.95,1.55
*CCCCCCCOC(=O)Nc1ccc(C)c(NC(=O)O*)c1,61.0,P110072,Polyurethanes/thiourethanes,46.65,1.64
*CC(CC)(CC)COC(=O)Nc1ccc(C)c(NC(=O)O*)c1,-60.0,P110073,Polyurethanes/thiourethanes,38.18,1.05
*CCCCCCCCOC(=O)Nc1ccc(C)c(NC(=O)O*)c1,64.0,P110074,Polyurethanes/thiourethanes,46.48,1.65
*CCCCCCCCCOC(=O)Nc1ccc(C)c(NC(=O)O*)c1,62.0,P110075,Polyurethanes/thiourethanes,44.34,1.62
*CCCCCCCCCCOC(=O)Nc1ccc(C)c(NC(=O)O*)c1,18.0,P110076,Polyurethanes/thiourethanes,39.69,1.29
*CCCCCCOC(=O)NCc1ccc(CNC(=O)O*)cc1,56.0,P110078,Polyurethanes/thiourethanes,43.41,1.54
*CCCCCCCCCCOC(=O)NCc1ccc(CNC(=O)O*)cc1,49.0,P110080,Polyurethanes/thiourethanes,39.92,1.25
*CCCCCCCCCCCCOC(=O)NCc1ccc(CNC(=O)O*)cc1,45.0,P110081,Polyurethanes/thiourethanes,36.26,1.18
*CCCCCCCCCCCCCCCCOC(=O)NCc1ccc(CNC(=O)O*)cc1,47.0,P110082,Polyurethanes/thiourethanes,32.58,1.01
*CCOC(=O)Nc1ccc(Cc2ccc(NC(=O)O*)cc2)cc1,139.0,P110085,Polyurethanes/thiourethanes,72.88,2.86
*CCCOC(=O)Nc1ccc(Cc2ccc(NC(=O)O*)cc2)cc1,119.0,P110086,Polyurethanes/thiourethanes,70.59,2.88
*CCCCOC(=O)Nc1ccc(Cc2ccc(NC(=O)O*)cc2)cc1,109.0,P110087,Polyurethanes/thiourethanes,79.1,2.76
*CCCCCOC(=O)Nc1ccc(Cc2ccc(NC(=O)O*)cc2)cc1,95.0,P110088,Polyurethanes/thiourethanes,71.33,2.81
*CC(C)(C)COC(=O)Nc1ccc(Cc2ccc(NC(=O)O*)cc2)cc1,94.0,P110089,Polyurethanes/thiourethanes,73.85,2.88
*CCCCCCOC(=O)Nc1ccc(Cc2ccc(NC(=O)O*)cc2)cc1,71.0,P110092,Polyurethanes/thiourethanes,60.75,2.23
*CCCCCCCOC(=O)Nc1ccc(Cc2ccc(NC(=O)O*)cc2)cc1,84.0,P110093,Polyurethanes/thiourethanes,69.75,2.49
*CCCCCCCCOC(=O)Nc1ccc(Cc2ccc(NC(=O)O*)cc2)cc1,79.0,P110094,Polyurethanes/thiourethanes,69.54,2.47
*CCCCCCCCCOC(=O)Nc1ccc(Cc2ccc(NC(=O)O*)cc2)cc1,72.0,P110095,Polyurethanes/thiourethanes,59.94,2.31
*CCCCCCCCCCOC(=O)Nc1ccc(Cc2ccc(NC(=O)O*)cc2)cc1,60.0,P110096,Polyurethanes/thiourethanes,63.79,2.21
*CCCCCCCCCCCCOC(=O)Nc1ccc(Cc2ccc(NC(=O)O*)cc2)cc1,43.0,P110097,Polyurethanes/thiourethanes,56.48,1.84
*CCCCCCCCCCCCCCCCOC(=O)Nc1ccc(Cc2ccc(NC(=O)O*)cc2)cc1,40.0,P110098,Polyurethanes/thiourethanes,48.18,1.93
*Cc1cccc(COC(=O)Nc2ccc(Cc3ccc(NC(=O)O*)cc3)cc2)c1,106.0,P110100,Polyurethanes/thiourethanes,96.46,3.33
*Cc1cc(COC(=O)Nc2ccc(Cc3ccc(NC(=O)O*)cc3)cc2)cc(C(C)(C)C)c1,114.0,P110101,Polyurethanes/thiourethanes,85.8,3.38
*CCOC(=O)Nc1ccc(CCc2ccc(NC(=O)O*)cc2)cc1,116.9,P110102,Polyurethanes/thiourethanes,74.55,3.07
*CCOC(=O)Nc1ccc(CCCc2ccc(NC(=O)O*)cc2)cc1,74.1,P110103,Polyurethanes/thiourethanes,73.91,2.72
*CCOC(=O)Nc1ccc(CCCCc2ccc(NC(=O)O*)cc2)cc1,105.7,P110104,Polyurethanes/thiourethanes,75.88,2.48
*C/C=C/COC(=O)NCCCCCCNC(=O)O*,-44.0,P110123,Polyurethanes/thiourethanes,18.22,0.26
*C/C=C/COC(=O)NCCCCCCNC(=O)O*,-44.0,P110124,Polyurethanes/thiourethanes,19.49,0.3
*C/C=C/COC(=O)NCCCCCCNC(=O)O*,-39.0,P110123,Polyurethanes/thiourethanes,20.75,0.33
*C/C=C/COC(=O)NCCCCCCNC(=O)O*,-39.0,P110124,Polyurethanes/thiourethanes,17.85,0.32
*C(=O)OCCOC(=O)N1CCN(*)CC1,60.0,P110136,Polyurethanes/thiourethanes,43.3,1.23
*C(=O)OCC(C)(C)COC(=O)N1CCN(*)CC1,70.0,P110143,Polyurethanes/thiourethanes,42.93,1.24
*CC(C)(C)COC(=O)Nc1ccc(C)c(NC(=O)O*)c1,-32.0,P110147,Polyurethanes/thiourethanes,43.25,1.33
*CC1CCC(COC(=O)Nc2ccc(Cc3ccc(NC(=O)O*)cc3)cc2)CC1,134.0,P110185,Polyurethanes/thiourethanes,86.48,2.89
*CCCCCCOC(=O)NCCCCNC(=O)O*,16.0,P110206,Polyurethanes/thiourethanes,23.39,0.48
*CCCCCCCCCCCCCNC(=O)CCCCCCCCCCCC(=O)N*,56.5,P110210,Polyamides/thioamides,7.32,0.1
*CC(C)(C)CS(=O)(=O)CC(C)(C)COC(=O)NCCCCCCNC(=O)O*,30.0,P110232,"Polyurethanes/thiourethanes, Polysulfones/sulfoxides/sufonates/sulfoamides",25.78,0.42
*C(=O)OCC(C)(C)CS(=O)(=O)CC(C)(C)COC(=O)N1CC(C)N(*)CC1C,85.0,P110233,"Polyurethanes/thiourethanes, Polysulfones/sulfoxides/sufonates/sulfoamides",46.3,1.04
*OC(COC(=O)Nc1ccc(Cc2ccc(NC(*)=O)cc2)cc1)c1ccco1,40.0,P110236,Polyurethanes/thiourethanes,80.79,3.02
*OC(c1ccco1)C(OC(=O)Nc1ccc(Cc2ccc(NC(*)=O)cc2)cc1)c1ccco1,74.0,P110237,Polyurethanes/thiourethanes,111.71,4.44
*COC(=O)Nc1ccc(Cc2ccc(NC(=O)OCc3cocc3*)cc2)cc1,45.0,P110238,"Polyoxides/ethers/acetals, Polyurethanes/thiourethanes",77.25,3.17
*OC(COC(=O)NCCCCCCNC(*)=O)c1ccco1,17.0,P110239,Polyurethanes/thiourethanes,40.14,1.42
*Oc1ccc(C(c2ccc(OC(=O)Nc3ccc(Cc4ccc(NC(*)=O)cc4)cc3)cc2)(C(F)(F)F)C(F)(F)F)cc1,81.0,P114382,Polyurethanes/thiourethanes,113.91,3.9
*CC(C)(C)CS(=O)(=O)CC(C)(C)COC(=O)Nc1ccc(Cc2ccc(NC(=O)O*)cc2)cc1,90.0,P114563,"Polyurethanes/thiourethanes, Polysulfones/sulfoxides/sufonates/sulfoamides",64.54,2.61
*CCCCCCCNC(=O)N*,62.0,P120006,Polyureas/thioureas,28.12,0.99
*CCCCCCCCCNC(=O)N*,130.0,P120008,Polyureas/thioureas,37.19,1.21
*CCCCCCCCCCCCNC(=O)NCCCCCCNC(=O)N*,49.0,P120023,Polyureas/thioureas,15.73,0.3
*CCCCCCCCCCCCCCNC(=O)NCCCCCCNC(=O)N*,47.0,P120024,Polyureas/thioureas,12.65,0.2
*CCCCCCCCCCCCCCNC(=O)NCCCCCCCCCCNC(=O)N*,40.0,P120027,Polyureas/thioureas,6.66,0.1
*CCCCCCNC(=O)NCc1ccc(CNC(=O)N*)cc1,72.0,P120031,Polyureas/thioureas,49.3,1.82
*CCCCCCCCNC(=O)NCc1ccc(CNC(=O)N*)cc1,68.0,P120032,Polyureas/thioureas,41.03,1.57
*CCCCCCCCCCNC(=O)NCc1ccc(CNC(=O)N*)cc1,55.0,P120033,Polyureas/thioureas,39.91,1.27
*CCCCCCCCCCCCCCNC(=O)NCc1ccc(CNC(=O)N*)cc1,54.0,P120035,Polyureas/thioureas,38.52,1.24
*CCCCCCCCCCCCCCCCCCNC(=O)NCc1ccc(CNC(=O)N*)cc1,52.0,P120036,Polyureas/thioureas,32.75,0.97
*Nc1ccc(Cc2ccc(NC(=O)NCCCCCCNC(*)=O)cc2)cc1,78.0,P120037,Polyureas/thioureas,58.54,2.47
*Nc1ccc(Cc2ccc(NC(=O)NCCCCCCCCNC(*)=O)cc2)cc1,50.0,P120038,Polyureas/thioureas,57.2,2.27
*Nc1ccc(Cc2ccc(NC(=O)NCCCCCCCCCCNC(*)=O)cc2)cc1,46.0,P120039,Polyureas/thioureas,52.59,1.9
*Nc1ccc(Cc2ccc(NC(=O)NCCCCCCCCCCCCNC(*)=O)cc2)cc1,51.0,P120040,Polyureas/thioureas,54.71,1.87
*Nc1ccc(Cc2ccc(NC(=O)NCCCCCCCCCCCCCCCCCCNC(*)=O)cc2)cc1,48.0,P120042,Polyureas/thioureas,49.73,1.71
*c1ccc(NC(=O)Nc2ccc(NC(=O)Nc3ccc(-c4nc(-c5ccc([N+](=O)[O-])cc5)[nH]c4*)cc3)cc2)cc1,292.0,P124411,"Polyureas/thioureas, Polyimines",149.44,5.73
*CCCC1CC(=O)N(*)C(=O)C1,90.0,P130001,Polyimides/thioimides,38.43,1.32
*c1ccc(Oc2ccc(-n3c(=O)c4cc5c(=O)n(*)c(=O)c5cc4c3=O)cc2)cc1,385.0,P130002,"Polyimides/thioimides, Polyoxides/ethers/acetals",154.28,7.15
*c1ccc(Oc2ccc(Oc3ccc(-n4c(=O)c5cc6c(=O)n(*)c(=O)c6cc5c4=O)cc3)cc2)cc1,312.0,P130003,"Polyimides/thioimides, Polyoxides/ethers/acetals",154.48,6.83
*C(=O)Oc1ccc(OC(=O)c2ccc3c(c2)C(=O)N(c2ccc(Oc4ccc(N5C(=O)c6ccc(*)cc6C5=O)cc4)cc2)C3=O)cc1,270.0,P130006,"Polyimides/thioimides, Polyoxides/ethers/acetals, Polyesters/thioesters",135.69,6.03
*C(=O)Oc1ccc(OC(=O)c2ccc3c(c2)C(=O)N(c2ccc(Oc4ccc(Oc5ccc(N6C(=O)c7ccc(*)cc7C6=O)cc5)cc4)cc2)C3=O)cc1,230.0,P130007,"Polyimides/thioimides, Polyoxides/ethers/acetals, Polyesters/thioesters",174.16,6.71
*c1ccc(Sc2ccc(-n3c(=O)c4cc5c(=O)n(*)c(=O)c5cc4c3=O)cc2)cc1,400.0,P130008,"Polyimides/thioimides, Polysulfides",146.51,6.61
*CCCC(C)(C)CCCn1c(=O)c2cc3c(=O)n(*)c(=O)c3cc2c1=O,135.0,P130009,Polyimides/thioimides,93.86,3.42
*CCCCC(C)CCn1c(=O)c2cc3c(=O)n(*)c(=O)c3cc2c1=O,135.0,P130010,Polyimides/thioimides,93.71,3.81
*CCCCCCCCCn1c(=O)c2cc3c(=O)n(*)c(=O)c3cc2c1=O,110.0,P130011,Polyimides/thioimides,93.49,3.15
*c1ccc2c(c1)Cc1cc(-n3c(=O)c4cc5c(=O)n(*)c(=O)c5cc4c3=O)ccc1-2,322.0,P130012,Polyimides/thioimides,142.89,6.54
*c1ccc(-c2nc3cc(C(=O)c4ccc5nc(-c6ccccc6)c(-c6ccc(-n7c(=O)c8cc9c(=O)n(*)c(=O)c9cc8c7=O)cc6)nc5c4)ccc3nc2-c2ccccc2)cc1,240.0,P130013,"Polyimides/thioimides, Polyimines, Polyketones/thioketones",230.87,9.94
*c1ccc(-c2nc3cc(Oc4ccc5nc(-c6ccccc6)c(-c6ccc(-n7c(=O)c8cc9c(=O)n(*)c(=O)c9cc8c7=O)cc6)nc5c4)ccc3nc2-c2ccccc2)cc1,274.0,P130014,"Polyimides/thioimides, Polyoxides/ethers/acetals, Polyimines",269.17,10.13
*c1ccc(-c2nc3cc(-c4ccc5nc(-c6ccccc6)c(-c6ccc(-n7c(=O)c8cc9c(=O)n(*)c(=O)c9cc8c7=O)cc6)nc5c4)ccc3nc2-c2ccccc2)cc1,217.0,P130015,"Polyimides/thioimides, Polyimines",232.55,10.23
*c1ccc(-c2nc3cc(S(=O)(=O)c4ccc5nc(-c6ccccc6)c(-c6ccc(-n7c(=O)c8cc9c(=O)n(*)c(=O)c9cc8c7=O)cc6)nc5c4)ccc3nc2-c2ccccc2)cc1,186.0,P130016,"Polyimides/thioimides, Polyimines, Polysulfones/sulfoxides/sufonates/sulfoamides",256.43,11.42
*c1ccc(-c2nc3cc(-c4ccc5nc(-c6ccccc6)c(-c6ccc(N7C(=O)C8OC9C(=O)N(*)C(=O)C9C8C7=O)cc6)nc5c4)ccc3nc2-c2ccccc2)cc1,230.0,P130017,"Polyimides/thioimides, Polyoxides/ethers/acetals, Polyimines",215.3,7.84
*c1ccc(-c2nc3cc(C(=O)c4ccc5nc(-c6ccccc6)c(-c6ccc(N7C(=O)C8OC9C(=O)N(*)C(=O)C9C8C7=O)cc6)nc5c4)ccc3nc2-c2ccccc2)cc1,255.0,P130019,"Polyimides/thioimides, Polyoxides/ethers/acetals, Polyimines, Polyketones/thioketones",188.56,7.57
*c1ccc(Oc2ccc(N3C(=O)c4ccc(Oc5ccc6c(c5)C(=O)N(*)C6=O)cc4C3=O)cc2)cc1,265.0,P130020,"Polyimides/thioimides, Polyoxides/ethers/acetals",118.58,5.57
*c1ccc(Oc2cccc(Oc3ccc(N4C(=O)c5ccc(Oc6cccc(Oc7ccc8c(c7)C(=O)N(*)C8=O)c6)cc5C4=O)cc3)c2)cc1,188.0,P130022,"Polyimides/thioimides, Polyoxides/ethers/acetals",147.28,6.7
*C(=O)Nc1ccc(NC(=O)c2ccc3c(c2)C(=O)N(c2ccc(S(=O)(=O)c4ccc(N5C(=O)c6ccc(*)cc6C5=O)cc4)cc2)C3=O)cc1,368.0,P130024,"Polyimides/thioimides, Polyamides/thioamides, Polysulfones/sulfoxides/sufonates/sulfoamides",158.88,6.13
*c1ccc2c(c1)C(=O)N(c1cccc(C(F)(F)C(F)(F)C(F)(F)c3cccc(N4C(=O)c5ccc(C(F)(F)C(F)(F)C(*)(F)F)cc5C4=O)c3)c1)C2=O,157.0,P130025,Polyimides/thioimides,136.73,4.26
*c1ccc2c(c1)C(=O)N(c1cccc(C(F)(F)C(F)(F)C(F)(F)C(F)(F)C(F)(F)c3cccc(N4C(=O)c5ccc(C(F)(F)C(F)(F)C(*)(F)F)cc5C4=O)c3)c1)C2=O,111.0,P130026,Polyimides/thioimides,124.11,3.92
*c1ccc2c(c1)C(=O)N(c1cccc(C(F)(F)C(F)(F)C(F)(F)C(F)(F)C(F)(F)c3cccc(N4C(=O)c5ccc(C(F)(F)C(F)(F)C(F)(F)C(*)(F)F)cc5C4=O)c3)c1)C2=O,144.0,P130027,Polyimides/thioimides,129.21,4.23
*c1ccc2c(c1)C(=O)N(c1cccc(C(F)(F)C(F)(F)C(F)(F)c3cccc(N4C(=O)c5ccc(C(F)(F)C(F)(F)C(F)(F)C(*)(F)F)cc5C4=O)c3)c1)C2=O,159.0,P130028,Polyimides/thioimides,119.84,4.91
*c1ccc2c(c1)C(=O)N(c1cccc(C(F)(F)C(F)(F)C(F)(F)C(F)(F)C(F)(F)c3cccc(N4C(=O)c5ccc(C(F)(F)C(F)(F)C(F)(F)C(F)(F)C(F)(F)C(F)(F)C(*)(F)F)cc5C4=O)c3)c1)C2=O,108.5,P130029,Polyimides/thioimides,131.97,3.62
*c1ccc2c(c1)C(=O)N(c1cccc(C(F)(F)C(F)(F)C(F)(F)c3cccc(N4C(=O)c5ccc(C(F)(F)C(F)(F)C(F)(F)C(F)(F)C(F)(F)C(F)(F)C(*)(F)F)cc5C4=O)c3)c1)C2=O,133.5,P130030,Polyimides/thioimides,124.56,4.14
*c1ccc2c(c1)C(=O)N(c1ccc(Cc3ccc(N4C(=O)c5ccc(C(F)(F)C(F)(F)C(*)(F)F)cc5C4=O)cc3)cc1)C2=O,290.0,P130031,Polyimides/thioimides,146.32,5.82
*c1ccc2c(c1)C(=O)N(c1ccc(Oc3ccc(N4C(=O)c5ccc(C(F)(F)C(F)(F)C(F)(F)C(F)(F)C(F)(F)C(*)(F)F)cc5C4=O)cc3)cc1)C2=O,185.0,P130032,"Polyimides/thioimides, Polyoxides/ethers/acetals",122.64,4.37
*c1ccc2c(c1)C(=O)N(c1cccc(Oc3cccc(N4C(=O)c5ccc(C(F)(F)C(F)(F)C(*)(F)F)cc5C4=O)c3)c1)C2=O,312.0,P130033,"Polyimides/thioimides, Polyoxides/ethers/acetals",141.48,5.08
*c1ccc2c(c1)C(=O)N(c1ccc(Oc3ccc(N4C(=O)c5ccc(C(F)(F)C(F)(F)C(*)(F)F)cc5C4=O)cc3)cc1)C2=O,222.0,P130034,"Polyimides/thioimides, Polyoxides/ethers/acetals",127.49,4.94
*c1ccc2c(c1)C(=O)N(c1ccc(Oc3ccc(N4C(=O)c5ccc(C(F)(F)C(F)(F)C(F)(F)C(F)(F)C(F)(F)C(F)(F)C(F)(F)C(*)(F)F)cc5C4=O)cc3)cc1)C2=O,186.0,P130035,"Polyimides/thioimides, Polyoxides/ethers/acetals",120.93,4.38
*c1ccc2c(c1)C(=O)N(c1ccc(Oc3ccc(N4C(=O)c5ccc(C(F)(F)C(F)(F)C(F)(F)C(*)(F)F)cc5C4=O)cc3)cc1)C2=O,212.0,P130036,"Polyimides/thioimides, Polyoxides/ethers/acetals",130.49,4.76
*c1ccc2c(c1)C(=O)N(c1ccc(Oc3ccc(N4C(=O)c5ccc(C(F)(F)C(F)(F)C(F)(F)C(F)(F)C(F)(F)C(F)(F)C(*)(F)F)cc5C4=O)cc3)cc1)C2=O,178.0,P130037,"Polyimides/thioimides, Polyoxides/ethers/acetals",115.56,4.53
*c1ccc2c(c1)C(=O)N(c1ccc(S(=O)(=O)c3ccc(N4C(=O)c5ccc(C(F)(F)C(F)(F)C(*)(F)F)cc5C4=O)cc3)cc1)C2=O,259.0,P130038,"Polyimides/thioimides, Polysulfones/sulfoxides/sufonates/sulfoamides",137.82,4.9
*c1cccc(C(F)(F)C(F)(F)C(F)(F)C(F)(F)C(F)(F)c2cccc(N3C(=O)c4ccc(Oc5ccc6c(c5)C(=O)N(*)C6=O)cc4C3=O)c2)c1,157.0,P130039,"Polyimides/thioimides, Polyoxides/ethers/acetals",119.72,4.84
*c1cccc(C(F)(F)C(F)(F)C(F)(F)c2cccc(N3C(=O)c4ccc(Oc5ccc6c(c5)C(=O)N(*)C6=O)cc4C3=O)c2)c1,183.0,P130040,"Polyimides/thioimides, Polyoxides/ethers/acetals",114.23,4.92
*c1cccc(Oc2cccc(N3C(=O)c4ccc(Oc5ccc6c(c5)C(=O)N(*)C6=O)cc4C3=O)c2)c1,207.0,P130045,"Polyimides/thioimides, Polyoxides/ethers/acetals",128.95,5.47
*C(=O)Nc1ccc(-c2ccc(NC(=O)c3ccc4c(c3)C(=O)N(c3ccc(S(=O)(=O)c5ccc(N6C(=O)c7ccc(*)cc7C6=O)cc5)cc3)C4=O)cc2)cc1,370.0,P130047,"Polyimides/thioimides, Polyamides/thioamides, Polysulfones/sulfoxides/sufonates/sulfoamides",186.28,6.97
*C(=O)Nc1cccc(NC(=O)c2ccc3c(c2)C(=O)N(c2ccc(S(=O)(=O)c4ccc(N5C(=O)c6ccc(*)cc6C5=O)cc4)cc2)C3=O)c1,311.0,P130048,"Polyimides/thioimides, Polyamides/thioamides, Polysulfones/sulfoxides/sufonates/sulfoamides",155.6,6.07
*C(=O)Nc1ccc(Cc2ccc(NC(=O)c3ccc4c(c3)C(=O)N(c3ccc(S(=O)(=O)c5ccc(N6C(=O)c7ccc(*)cc7C6=O)cc5)cc3)C4=O)cc2)cc1,324.0,P130049,"Polyimides/thioimides, Polyamides/thioamides, Polysulfones/sulfoxides/sufonates/sulfoamides",172.56,7.1
*C(=O)Nc1ccc(Oc2ccc(NC(=O)c3ccc4c(c3)C(=O)N(c3ccc(S(=O)(=O)c5ccc(N6C(=O)c7ccc(*)cc7C6=O)cc5)cc3)C4=O)cc2)cc1,281.0,P130050,"Polyimides/thioimides, Polyoxides/ethers/acetals, Polyamides/thioamides, Polysulfones/sulfoxides/sufonates/sulfoamides",172.94,7.27
*C(=O)Nc1ccc(S(=O)(=O)c2ccc(NC(=O)c3ccc4c(c3)C(=O)N(c3ccc(S(=O)(=O)c5ccc(N6C(=O)c7ccc(*)cc7C6=O)cc5)cc3)C4=O)cc2)cc1,307.0,P130051,"Polyimides/thioimides, Polyamides/thioamides, Polysulfones/sulfoxides/sufonates/sulfoamides",166.12,6.35
*c1ccc(Cc2ccc(-n3c(=O)c4cc5c(=O)n(*)c(=O)c5cc4c3=O)cc2)cc1,351.0,P130053,Polyimides/thioimides,159.69,6.29
*c1ccc(C(=O)c2ccc(-n3c(=O)c4cc5c(=O)n(*)c(=O)c5cc4c3=O)cc2)cc1,424.0,P130060,"Polyimides/thioimides, Polyketones/thioketones",173.61,6.98
*c1ccc(-n2c(=O)c3cc4c(=O)n(*)c(=O)c4cc3c2=O)cc1,417.0,P130063,Polyimides/thioimides,157.04,6.7
*c1cccc(-n2c(=O)c3cc4c(=O)n(*)c(=O)c4cc3c2=O)c1,430.0,P130067,Polyimides/thioimides,145.2,6.51
*c1ccc(Oc2ccc(C(=O)c3cccc(C(=O)c4ccc(Oc5ccc(-n6c(=O)c7cc8c(=O)n(*)c(=O)c8cc7c6=O)cc5)cc4)c3)cc2)cc1,247.0,P130071,"Polyimides/thioimides, Polyoxides/ethers/acetals, Polyketones/thioketones",200.43,8.34
*c1ccc(Oc2ccc(Oc3ccc(Oc4ccc(-n5c(=O)c6cc7c(=O)n(*)c(=O)c7cc6c5=O)cc4)cc3)cc2)cc1,295.0,P130073,"Polyimides/thioimides, Polyoxides/ethers/acetals",181.95,8.3
*c1ccc(Oc2cccc(Oc3ccc(-n4c(=O)c5cc6c(=O)n(*)c(=O)c6cc5c4=O)cc3)c2)cc1,326.0,P130074,"Polyimides/thioimides, Polyoxides/ethers/acetals",169.23,7.75
*c1ccc(Oc2ccc(-c3ccc(Oc4ccc(-n5c(=O)c6cc7c(=O)n(*)c(=O)c7cc6c5=O)cc4)cc3)cc2)cc1,300.0,P130075,"Polyimides/thioimides, Polyoxides/ethers/acetals",168.65,8.46
*c1cccc(Oc2ccc(S(=O)(=O)c3ccc(Oc4cccc(-n5c(=O)c6cc7c(=O)n(*)c(=O)c7cc6c5=O)c4)cc3)cc2)c1,223.15,P130076,"Polyimides/thioimides, Polyoxides/ethers/acetals, Polysulfones/sulfoxides/sufonates/sulfoamides",158.35,7.85
*c1ccc(Oc2ccc(C(c3ccc(Oc4ccc(-n5c(=O)c6cc7c(=O)n(*)c(=O)c7cc6c5=O)cc4)cc3)(C(F)(F)F)C(F)(F)F)cc2)cc1,310.0,P130077,"Polyimides/thioimides, Polyoxides/ethers/acetals",186.45,7.6
*c1ccc(Oc2ccc(N3C(=O)c4ccc(-c5ccc6c(c5)C(=O)N(*)C6=O)cc4C3=O)cc2)cc1,279.0,P130079,"Polyimides/thioimides, Polyoxides/ethers/acetals",122.11,5.05
*c1ccc(Oc2ccc(N3C(=O)c4ccc(-c5cccc6c5C(=O)N(*)C6=O)cc4C3=O)cc2)cc1,320.0,P130080,"Polyimides/thioimides, Polyoxides/ethers/acetals",146.59,5.04
*c1ccc(Cc2ccc(N3C(=O)c4ccc(-c5ccc6c(c5)C(=O)N(*)C6=O)cc4C3=O)cc2)cc1,298.0,P130082,Polyimides/thioimides,137.84,5.07
*c1ccc(N2C(=O)c3ccc(-c4ccc5c(c4)C(=O)N(*)C5=O)cc3C2=O)cc1,341.0,P130085,Polyimides/thioimides,135.47,4.65
*c1cccc(N2C(=O)c3ccc(-c4ccc5c(c4)C(=O)N(*)C5=O)cc3C2=O)c1,333.25,P130086,Polyimides/thioimides,114.85,4.71
*c1ccc(C)c(N2C(=O)c3ccc(-c4ccc5c(c4)C(=O)N(*)C5=O)cc3C2=O)c1,395.0,P130087,Polyimides/thioimides,122.16,5.22
*c1ccc(-c2ccc(N3C(=O)c4ccc(-c5ccc6c(c5)C(=O)N(*)C6=O)cc4C3=O)c(C)c2)cc1C,302.0,P130090,Polyimides/thioimides,124.3,6.07
*c1ccc(Oc2ccc(C(C)(C)c3ccc(Oc4ccc(N5C(=O)c6ccc(-c7ccc8c(c7)C(=O)N(*)C8=O)cc6C5=O)cc4)cc3)cc2)cc1,230.0,P130097,"Polyimides/thioimides, Polyoxides/ethers/acetals",161.35,6.84
*c1ccc(Oc2ccc(C(c3ccc(Oc4ccc(N5C(=O)c6ccc(-c7ccc8c(c7)C(=O)N(*)C8=O)cc6C5=O)cc4)cc3)(C(F)(F)F)C(F)(F)F)cc2)cc1,262.0,P130098,"Polyimides/thioimides, Polyoxides/ethers/acetals",157.55,7.34
*c1ccc(Oc2ccc(C(=O)c3ccc(C(=O)c4ccc(Oc5ccc(N6C(=O)c7ccc(-c8ccc9c(c8)C(=O)N(*)C9=O)cc7C6=O)cc5)cc4)cc3)cc2)cc1,245.0,P130100,"Polyimides/thioimides, Polyoxides/ethers/acetals, Polyketones/thioketones",174.98,7.49
*c1ccc(Oc2ccc(C(=O)c3cccc(C(=O)c4ccc(Oc5ccc(N6C(=O)c7ccc(-c8ccc9c(c8)C(=O)N(*)C9=O)cc7C6=O)cc5)cc4)c3)cc2)cc1,222.0,P130101,"Polyimides/thioimides, Polyoxides/ethers/acetals, Polyketones/thioketones",161.73,6.95
*CCCCCCN1C(=O)c2ccc(Oc3ccc4c(c3)C(=O)N(*)C4=O)cc2C1=O,164.0,P130103,"Polyimides/thioimides, Polyoxides/ethers/acetals",80.13,2.92
*CCCCCCCCN1C(=O)c2ccc(Oc3ccc4c(c3)C(=O)N(*)C4=O)cc2C1=O,145.0,P130104,"Polyimides/thioimides, Polyoxides/ethers/acetals",76.89,2.93
*c1ccc(N2C(=O)c3ccc(Oc4ccc5c(c4)C(=O)N(*)C5=O)cc3C2=O)cc1,385.5,P130105,"Polyimides/thioimides, Polyoxides/ethers/acetals",115.23,5.2
*c1ccc(-c2ccc(N3C(=O)c4ccc(Oc5ccc6c(c5)C(=O)N(*)C6=O)cc4C3=O)cc2)cc1,286.0,P130106,"Polyimides/thioimides, Polyoxides/ethers/acetals",127.29,5.1
*c1ccc(Oc2ccc(C(=O)c3cccc(C(=O)c4ccc(Oc5ccc(N6C(=O)c7ccc(Oc8ccc9c(c8)C(=O)N(*)C9=O)cc7C6=O)cc5)cc4)c3)cc2)cc1,208.0,P130108,"Polyimides/thioimides, Polyoxides/ethers/acetals, Polyketones/thioketones",158.3,7.21
*c1ccc(Oc2cccc(N3C(=O)c4ccc(Oc5ccc6c(c5)C(=O)N(*)C6=O)cc4C3=O)c2)cc1,245.0,P130109,"Polyimides/thioimides, Polyoxides/ethers/acetals",137.55,5.5
*c1ccc(Oc2ccccc2N2C(=O)c3ccc(Oc4ccc5c(c4)C(=O)N(*)C5=O)cc3C2=O)cc1,264.0,P130110,"Polyimides/thioimides, Polyoxides/ethers/acetals",135.77,5.08
*c1cccc(Oc2ccc(Oc3cccc(N4C(=O)c5ccc(Oc6ccc7c(c6)C(=O)N(*)C7=O)cc5C4=O)c3)cc2)c1,204.0,P130111,"Polyimides/thioimides, Polyoxides/ethers/acetals",142.71,5.71
*c1cccc(Oc2cccc(Oc3cccc(N4C(=O)c5ccc(Oc6ccc7c(c6)C(=O)N(*)C7=O)cc5C4=O)c3)c2)c1,199.0,P130112,"Polyimides/thioimides, Polyoxides/ethers/acetals",145.74,5.66
*c1ccc(Oc2cccc(Oc3ccc(N4C(=O)c5ccc(Oc6ccc7c(c6)C(=O)N(*)C7=O)cc5C4=O)cc3)c2)cc1,216.5,P130113,"Polyimides/thioimides, Polyoxides/ethers/acetals",128.15,5.65
*c1ccc(Oc2ccc(Oc3ccc(N4C(=O)c5ccc(Oc6ccc7c(c6)C(=O)N(*)C7=O)cc5C4=O)cc3)cc2)cc1,238.0,P130114,"Polyimides/thioimides, Polyoxides/ethers/acetals",139.25,5.49
*c1ccc2c(c1)C(=O)N(c1ccc(Oc3ccc(C(=O)c4cccc(C(=O)c5ccc(Oc6ccc(N7C(=O)c8ccc(C(*)(C(F)(F)F)C(F)(F)F)cc8C7=O)cc6)cc5)c4)cc3)cc1)C2=O,236.0,P130115,"Polyimides/thioimides, Polyoxides/ethers/acetals, Polyketones/thioketones",195.5,7.54
*c1ccc2c(c1)C(=O)N(c1ccccc1Oc1ccc(N3C(=O)c4ccc(C(*)(C(F)(F)F)C(F)(F)F)cc4C3=O)cc1)C2=O,276.0,P130116,"Polyimides/thioimides, Polyoxides/ethers/acetals",138.51,5.34
*c1ccc2c(c1)C(=O)N(c1cccc(Oc3cccc(N4C(=O)c5ccc(C(*)(C(F)(F)F)C(F)(F)F)cc5C4=O)c3)c1)C2=O,244.0,P130117,"Polyimides/thioimides, Polyoxides/ethers/acetals",142.71,5.32
*c1ccc2c(c1)C(=O)N(c1cccc(Oc3ccc(N4C(=O)c5ccc(C(*)(C(F)(F)F)C(F)(F)F)cc5C4=O)cc3)c1)C2=O,260.0,P130118,"Polyimides/thioimides, Polyoxides/ethers/acetals",127.05,5.45
*c1ccc2c(c1)C(=O)N(c1ccc(Oc3ccc(N4C(=O)c5ccc(C(*)(C(F)(F)F)C(F)(F)F)cc5C4=O)cc3)cc1)C2=O,303.0,P130119,"Polyimides/thioimides, Polyoxides/ethers/acetals",126.9,5.07
*c1ccc2c(c1)C(=O)N(c1ccc(Oc3ccc(Oc4ccc(N5C(=O)c6ccc(C(*)(C(F)(F)F)C(F)(F)F)cc6C5=O)cc4)cc3)cc1)C2=O,279.0,P130120,"Polyimides/thioimides, Polyoxides/ethers/acetals",158.96,6.3
*c1ccc2c(c1)C(=O)N(c1ccc(Oc3cccc(Oc4ccc(N5C(=O)c6ccc(C(*)(C(F)(F)F)C(F)(F)F)cc6C5=O)cc4)c3)cc1)C2=O,254.0,P130121,"Polyimides/thioimides, Polyoxides/ethers/acetals",150.5,5.6
*c1ccc2c(c1)C(=O)N(c1cccc(Oc3ccc(Oc4cccc(N5C(=O)c6ccc(C(*)(C(F)(F)F)C(F)(F)F)cc6C5=O)c4)cc3)c1)C2=O,230.0,P130122,"Polyimides/thioimides, Polyoxides/ethers/acetals",149.07,6.33
*c1ccc2c(c1)C(=O)N(c1cccc(Oc3cccc(Oc4cccc(N5C(=O)c6ccc(C(*)(C(F)(F)F)C(F)(F)F)cc6C5=O)c4)c3)c1)C2=O,207.0,P130123,"Polyimides/thioimides, Polyoxides/ethers/acetals",134.96,5.72
*C(=O)c1ccc2c(c1)C(=O)N(c1cccc(C(=O)c3cccc(N4C(=O)c5ccc(*)cc5C4=O)c3)c1)C2=O,242.0,P130124,"Polyimides/thioimides, Polyketones/thioketones",122.44,5.29
*C(=O)c1ccc2c(c1)C(=O)N(c1cccc(C(=O)Nc3cccc(N4C(=O)c5ccc(*)cc5C4=O)c3)c1)C2=O,287.0,P130126,"Polyimides/thioimides, Polyamides/thioamides, Polyketones/thioketones",123.03,5.01
*C(=O)c1ccc2c(c1)C(=O)N(c1cccc(C(=O)Nc3ccc(N4C(=O)c5ccc(*)cc5C4=O)cc3)c1)C2=O,308.0,P130127,"Polyimides/thioimides, Polyamides/thioamides, Polyketones/thioketones",141.91,5.92
*C(=O)c1ccc2c(c1)C(=O)N(c1ccc(C(=O)Nc3cccc(N4C(=O)c5ccc(*)cc5C4=O)c3)cc1)C2=O,311.0,P130128,"Polyimides/thioimides, Polyamides/thioamides, Polyketones/thioketones",125.75,5.89
*C(=O)c1ccc2c(c1)C(=O)N(c1cccc(C(=O)N(C)c3ccc(N4C(=O)c5ccc(*)cc5C4=O)cc3)c1)C2=O,260.5,P130129,"Polyimides/thioimides, Polyamides/thioamides, Polyketones/thioketones",120.84,4.81
*C(=O)c1ccc2c(c1)C(=O)N(c1ccc(Cc3ccc(C(=O)c4ccc(N5C(=O)c6ccc(*)cc6C5=O)cc4)cc3)cc1)C2=O,307.0,P130130,"Polyimides/thioimides, Polyketones/thioketones",151.19,6.3
*C(=O)c1ccc2c(c1)C(=O)N(c1cccc(Cc3ccc(C(=O)c4ccc(N5C(=O)c6ccc(*)cc6C5=O)cc4)cc3)c1)C2=O,254.0,P130131,"Polyimides/thioimides, Polyketones/thioketones",145.92,6.48
*C(=O)c1ccc2c(c1)C(=O)N(c1ccc(Cc3ccc(C(=O)c4cccc(N5C(=O)c6ccc(*)cc6C5=O)c4)cc3)cc1)C2=O,290.0,P130132,"Polyimides/thioimides, Polyketones/thioketones",139.59,6.41
*C(=O)c1ccc2c(c1)C(=O)N(c1cccc(Cc3ccc(C(=O)c4cccc(N5C(=O)c6ccc(*)cc6C5=O)c4)cc3)c1)C2=O,265.5,P130133,"Polyimides/thioimides, Polyketones/thioketones",149.13,6.24
*C(=O)c1ccc2c(c1)C(=O)N(c1ccc(Oc3ccc(C(=O)c4cccc(C(=O)c5ccc(Oc6ccc(N7C(=O)c8ccc(*)cc8C7=O)cc6)cc5)c4)cc3)cc1)C2=O,222.0,P130134,"Polyimides/thioimides, Polyoxides/ethers/acetals, Polyketones/thioketones",171.59,7.44
*C(=O)c1ccc2c(c1)C(=O)N(c1ccc(Oc3ccc(C(=O)c4ccc(C(=O)c5ccc(Oc6ccc(N7C(=O)c8ccc(*)cc8C7=O)cc6)cc5)cc4)cc3)cc1)C2=O,233.0,P130135,"Polyimides/thioimides, Polyoxides/ethers/acetals, Polyketones/thioketones",167.46,6.96
*C(=O)c1ccc2c(c1)C(=O)N(c1ccc(Oc3ccc(C(=O)c4ccc(C(=O)c5ccc(C(=O)c6ccc(Oc7ccc(N8C(=O)c9ccc(*)cc9C8=O)cc7)cc6)cc5)cc4)cc3)cc1)C2=O,233.0,P130136,"Polyimides/thioimides, Polyoxides/ethers/acetals, Polyketones/thioketones",204.46,7.19
*C(=O)c1ccc2c(c1)C(=O)N(c1ccc(Oc3ccc(C(=O)c4ccc(Oc5ccc(C(=O)c6ccc(Oc7ccc(N8C(=O)c9ccc(*)cc9C8=O)cc7)cc6)cc5)cc4)cc3)cc1)C2=O,215.0,P130137,"Polyimides/thioimides, Polyoxides/ethers/acetals, Polyketones/thioketones",189.09,7.48
*CCCCCCCCCCCCN1C(=O)c2ccc(C(=O)c3ccc4c(c3)C(=O)N(*)C4=O)cc2C1=O,87.5,P130138,"Polyimides/thioimides, Polyketones/thioketones",69.01,2.41
*CCCCCCCCN1C(=O)c2ccc(C(=O)c3ccc4c(c3)C(=O)N(*)C4=O)cc2C1=O,113.0,P130139,"Polyimides/thioimides, Polyketones/thioketones",76.55,2.86
*CCCCCCN1C(=O)c2ccc(C(=O)c3ccc4c(c3)C(=O)N(*)C4=O)cc2C1=O,127.0,P130140,"Polyimides/thioimides, Polyketones/thioketones",81.73,2.91
*C(=O)c1ccc2c(c1)C(=O)N(c1ccc(C(=O)c3ccc(C(=O)c4ccc(N5C(=O)c6ccc(*)cc6C5=O)cc4)cc3)cc1)C2=O,286.0,P130147,"Polyimides/thioimides, Polyketones/thioketones",160.6,5.55
*C(=O)c1ccc2c(c1)C(=O)N(c1ccc(C(=O)c3ccc(Cc4ccc(C(=O)c5ccc(N6C(=O)c7ccc(*)cc7C6=O)cc5)cc4)cc3)cc1)C2=O,285.5,P130148,"Polyimides/thioimides, Polyketones/thioketones",154.44,6.25
*C(=O)c1ccc2c(c1)C(=O)N(c1cccc(Cc3ccc(Cc4ccc(Cc5cccc(N6C(=O)c7ccc(*)cc7C6=O)c5)cc4)cc3)c1)C2=O,235.5,P130149,"Polyimides/thioimides, Polyketones/thioketones",148.61,6.68
*C(=O)c1ccc2c(c1)C(=O)N(c1cccc(C(=O)c3ccc(C(=O)c4cccc(N5C(=O)c6ccc(*)cc6C5=O)c4)cc3)c1)C2=O,240.0,P130150,"Polyimides/thioimides, Polyketones/thioketones",145.0,5.35
*C(=O)c1ccc2c(c1)C(=O)N(c1ccc(C(=O)c3cccc(C(=O)c4ccc(N5C(=O)c6ccc(*)cc6C5=O)cc4)c3)cc1)C2=O,276.0,P130151,"Polyimides/thioimides, Polyketones/thioketones",156.66,6.54
*C(=O)c1ccc2c(c1)C(=O)N(c1cccc(Cc3ccc(Cc4cccc(N5C(=O)c6ccc(*)cc6C5=O)c4)cc3)c1)C2=O,240.0,P130152,"Polyimides/thioimides, Polyketones/thioketones",149.43,5.51
*C(=O)c1ccc2c(c1)C(=O)N(c1ccc(C(=O)c3ccc(N4C(=O)c5ccc(*)cc5C4=O)cc3)cc1)C2=O,294.0,P130153,"Polyimides/thioimides, Polyketones/thioketones",140.24,4.94
*C(=O)c1ccc2c(c1)C(=O)N(c1cccc(Cc3cccc(N4C(=O)c5ccc(*)cc5C4=O)c3)c1)C2=O,249.5,P130154,"Polyimides/thioimides, Polyketones/thioketones",126.81,5.13
*C(=O)c1ccc2c(c1)C(=O)N(c1cccc(N3C(=O)c4ccc(*)cc4C3=O)c1)C2=O,290.0,P130155,"Polyimides/thioimides, Polyketones/thioketones",115.11,4.5
*C(=O)c1ccc2c(c1)C(=O)N(c1ccc(C)c(N3C(=O)c4ccc(*)cc4C3=O)c1)C2=O,319.5,P130156,"Polyimides/thioimides, Polyketones/thioketones",114.31,4.38
*C(=O)c1ccc2c(c1)C(=O)N(c1ccc(-c3ccc(N4C(=O)c5ccc(*)cc5C4=O)c(C)c3)cc1C)C2=O,365.0,P130160,"Polyimides/thioimides, Polyketones/thioketones",151.21,5.31
*C(=O)c1ccc2c(c1)C(=O)N(c1ccc3c(c1)Cc1cc(N4C(=O)c5ccc(*)cc5C4=O)ccc1-3)C2=O,341.5,P130163,"Polyimides/thioimides, Polyketones/thioketones",129.33,5.5
*C(=O)c1ccc2c(c1)C(=O)N(c1ccc(Oc3ccc(N4C(=O)c5ccc(*)cc5C4=O)cc3)cc1)C2=O,275.5,P130164,"Polyimides/thioimides, Polyoxides/ethers/acetals, Polyketones/thioketones",129.48,5.31
*C(=O)c1ccc2c(c1)C(=O)N(c1ccc(Sc3ccc(N4C(=O)c5ccc(*)cc5C4=O)cc3)cc1)C2=O,276.0,P130165,"Polyimides/thioimides, Polysulfides, Polyketones/thioketones",135.16,5.71
*C(=O)c1ccc2c(c1)C(=O)N(c1ccc(Cc3ccc(N4C(=O)c5ccc(*)cc5C4=O)cc3)cc1)C2=O,295.0,P130166,"Polyimides/thioimides, Polyketones/thioketones",138.92,5.28
*C(=O)c1ccc2c(c1)C(=O)N(c1ccc(Cc3ccc(N4C(=O)c5ccc(*)cc5C4=O)c(C)c3)cc1C)C2=O,310.0,P130168,"Polyimides/thioimides, Polyketones/thioketones",126.37,5.26
*C(=O)c1ccc2c(c1)C(=O)N(c1ccc(-c3ccc(N4C(=O)c5ccc(*)cc5C4=O)cc3)cc1)C2=O,382.0,P130170,"Polyimides/thioimides, Polyketones/thioketones",150.93,5.8
*C(=O)c1ccc2c(c1)C(=O)N(c1ccc(N3C(=O)c4ccc(*)cc4C3=O)cc1)C2=O,317.0,P130171,"Polyimides/thioimides, Polyketones/thioketones",130.01,4.53
*C(=O)c1ccc2c(c1)C(=O)N(c1cccc(OCCOCCOc3cccc(N4C(=O)c5ccc(*)cc5C4=O)c3)c1)C2=O,155.0,P130172,"Polyimides/thioimides, Polyoxides/ethers/acetals, Polyketones/thioketones",102.75,4.46
*C(=O)c1ccc2c(c1)C(=O)N(c1ccc(OCCOc3ccc(N4C(=O)c5ccc(*)cc5C4=O)cc3)cc1)C2=O,246.0,P130173,"Polyimides/thioimides, Polyoxides/ethers/acetals, Polyketones/thioketones",118.89,4.59
*C(=O)c1ccc2c(c1)C(=O)N(c1ccc(OCCOCCOc3ccc(N4C(=O)c5ccc(*)cc5C4=O)cc3)cc1)C2=O,235.0,P130174,"Polyimides/thioimides, Polyoxides/ethers/acetals, Polyketones/thioketones",111.18,4.44
*C(=O)c1ccc2c(c1)C(=O)N(c1ccc(OCCOCCOCCOc3ccc(N4C(=O)c5ccc(*)cc5C4=O)cc3)cc1)C2=O,200.0,P130175,"Polyimides/thioimides, Polyoxides/ethers/acetals, Polyketones/thioketones",103.56,4.75
*C(=O)c1ccc2c(c1)C(=O)N(c1cccc(OCCOc3cccc(N4C(=O)c5ccc(*)cc5C4=O)c3)c1)C2=O,191.0,P130176,"Polyimides/thioimides, Polyoxides/ethers/acetals, Polyketones/thioketones",126.05,4.89
*C(=O)c1ccc2c(c1)C(=O)N(c1cccc(Oc3cccc(Oc4cccc(N5C(=O)c6ccc(*)cc6C5=O)c4)c3)c1)C2=O,211.0,P130177,"Polyimides/thioimides, Polyoxides/ethers/acetals, Polyketones/thioketones",132.53,5.28
*C(=O)c1ccc2c(c1)C(=O)N(c1ccc(Oc3ccc(C(C)(C)c4ccc(Oc5ccc(N6C(=O)c7ccc(*)cc7C6=O)cc5)cc4)cc3)cc1)C2=O,306.0,P130179,"Polyimides/thioimides, Polyoxides/ethers/acetals, Polyketones/thioketones",177.0,7.2
*C(=O)c1ccc2c(c1)C(=O)N(c1ccc(Oc3ccc(C(c4ccc(Oc5ccc(N6C(=O)c7ccc(*)cc7C6=O)cc5)cc4)(C(F)(F)F)C(F)(F)F)cc3)cc1)C2=O,261.5,P130180,"Polyimides/thioimides, Polyoxides/ethers/acetals, Polyketones/thioketones",158.91,6.6
*c1cccc(S(=O)(=O)c2cccc(N3C(=O)c4ccc(Oc5ccc(Sc6ccc(Oc7ccc8c(c7)C(=O)N(*)C8=O)cc6)cc5)cc4C3=O)c2)c1,231.0,P130182,"Polyimides/thioimides, Polyoxides/ethers/acetals, Polysulfides, Polysulfones/sulfoxides/sufonates/sulfoamides",160.29,7.15
*c1cccc(S(=O)(=O)c2cccc(N3C(=O)c4ccc(Oc5ccc(S(=O)(=O)c6ccc(Oc7ccc8c(c7)C(=O)N(*)C8=O)cc6)cc5)cc4C3=O)c2)c1,205.0,P130183,"Polyimides/thioimides, Polyoxides/ethers/acetals, Polysulfones/sulfoxides/sufonates/sulfoamides",152.48,6.42
*c1ccc(Oc2ccc(N3C(=O)c4cccc(Oc5ccc(-c6ccc(Oc7cccc8c7C(=O)N(*)C8=O)cc6)cc5)c4C3=O)cc2)cc1,277.0,P130184,"Polyimides/thioimides, Polyoxides/ethers/acetals",167.23,7.25
*c1ccc(Oc2ccc(N3C(=O)c4ccc(Oc5ccc(-c6ccc(Oc7ccc8c(c7)C(=O)N(*)C8=O)cc6)cc5)cc4C3=O)cc2)cc1,229.0,P130185,"Polyimides/thioimides, Polyoxides/ethers/acetals",148.67,5.94
*c1ccc(Oc2cccc(Oc3ccc(N4C(=O)c5cccc(Oc6ccc(-c7ccc(Oc8cccc9c8C(=O)N(*)C9=O)cc7)cc6)c5C4=O)cc3)c2)cc1,224.0,P130186,"Polyimides/thioimides, Polyoxides/ethers/acetals",160.43,7.83
*c1ccc(Oc2cccc(Oc3ccc(N4C(=O)c5ccc(Oc6ccc(-c7ccc(Oc8ccc9c(c8)C(=O)N(*)C9=O)cc7)cc6)cc5C4=O)cc3)c2)cc1,205.0,P130187,"Polyimides/thioimides, Polyoxides/ethers/acetals",171.6,6.61
*c1cccc(N2C(=O)c3cccc(Oc4ccc(-c5ccc(Oc6cccc7c6C(=O)N(*)C7=O)cc5)cc4)c3C2=O)c1,275.0,P130188,"Polyimides/thioimides, Polyoxides/ethers/acetals",143.4,6.52
*c1cccc(N2C(=O)c3ccc(Oc4ccc(-c5ccc(Oc6ccc7c(c6)C(=O)N(*)C7=O)cc5)cc4)cc3C2=O)c1,247.0,P130189,"Polyimides/thioimides, Polyoxides/ethers/acetals",137.0,5.43
*c1cccc(N2C(=O)c3cccc(Oc4ccc(C(=O)c5ccc(Oc6cccc7c6C(=O)N(*)C7=O)cc5)cc4)c3C2=O)c1,248.0,P130190,"Polyimides/thioimides, Polyoxides/ethers/acetals, Polyketones/thioketones",149.69,6.27
*c1cccc(N2C(=O)c3ccc(Oc4ccc(C(=O)c5ccc(Oc6ccc7c(c6)C(=O)N(*)C7=O)cc5)cc4)cc3C2=O)c1,239.0,P130191,"Polyimides/thioimides, Polyoxides/ethers/acetals, Polyketones/thioketones",141.9,6.1
*c1ccc(Oc2ccc(-c3cccc4c3C(=O)N(Oc3ccc(C(=O)c5ccc(Oc6cccc7c6C(=O)N(*)C7=O)cc5)cc3)C4=O)cc2)cc1,252.0,P130192,"Polyimides/thioimides, Polyoxides/ethers/acetals, Polyketones/thioketones",165.34,6.17
*c1ccc(Oc2ccc(N3C(=O)c4ccc(Oc5ccc(C(=O)c6ccc(Oc7ccc8c(c7)C(=O)N(*)C8=O)cc6)cc5)cc4C3=O)cc2)cc1,210.0,P130193,"Polyimides/thioimides, Polyoxides/ethers/acetals, Polyketones/thioketones",144.41,5.76
*c1ccc(Oc2cccc(Oc3ccc(N4C(=O)c5ccc(Oc6ccc(C(=O)c7ccc(Oc8ccc9c(c8)C(=O)N(*)C9=O)cc7)cc6)cc5C4=O)cc3)c2)cc1,194.0,P130194,"Polyimides/thioimides, Polyoxides/ethers/acetals, Polyketones/thioketones",168.53,6.66
*c1ccc(Oc2cccc(Oc3ccc(N4C(=O)c5cccc(Oc6ccc(C(=O)c7ccc(Oc8cccc9c8C(=O)N(*)C9=O)cc7)cc6)c5C4=O)cc3)c2)cc1,216.0,P130195,"Polyimides/thioimides, Polyoxides/ethers/acetals, Polyketones/thioketones",189.38,6.67
*c1cccc(N2C(=O)c3cccc(Oc4ccc(C(C)(C)c5ccc(Oc6cccc7c6C(=O)N(*)C7=O)cc5)cc4)c3C2=O)c1,227.5,P130196,"Polyimides/thioimides, Polyoxides/ethers/acetals",136.54,5.9
*c1cccc(N2C(=O)c3ccc(Oc4ccc(C(C)(C)c5ccc(Oc6ccc7c(c6)C(=O)N(*)C7=O)cc5)cc4)cc3C2=O)c1,217.5,P130197,"Polyimides/thioimides, Polyoxides/ethers/acetals",134.3,5.34
*c1ccc(Oc2ccc(N3C(=O)c4cccc(Oc5ccc(C(C)(C)c6ccc(Oc7cccc8c7C(=O)N(*)C8=O)cc6)cc5)c4C3=O)cc2)cc1,235.0,P130198,"Polyimides/thioimides, Polyoxides/ethers/acetals",156.12,6.83
*c1ccc(Oc2ccc(N3C(=O)c4ccc(Oc5ccc(C(C)(C)c6ccc(Oc7ccc8c(c7)C(=O)N(*)C8=O)cc6)cc5)cc4C3=O)cc2)cc1,215.0,P130199,"Polyimides/thioimides, Polyoxides/ethers/acetals",142.43,5.94
*c1cccc(N2C(=O)c3cccc(Oc4ccc(Sc5ccc(Oc6cccc7c6C(=O)N(*)C7=O)cc5)cc4)c3C2=O)c1,231.0,P130200,"Polyimides/thioimides, Polyoxides/ethers/acetals, Polysulfides",148.98,5.56
*c1cccc(N2C(=O)c3ccc(Oc4ccc(Sc5ccc(Oc6ccc7c(c6)C(=O)N(*)C7=O)cc5)cc4)cc3C2=O)c1,209.0,P130201,"Polyimides/thioimides, Polyoxides/ethers/acetals, Polysulfides",144.84,5.57
*c1ccc(Oc2ccc(N3C(=O)c4cccc(Oc5ccc(Sc6ccc(Oc7cccc8c7C(=O)N(*)C8=O)cc6)cc5)c4C3=O)cc2)cc1,234.0,P130202,"Polyimides/thioimides, Polyoxides/ethers/acetals, Polysulfides",152.39,6.21
*c1ccc(Oc2ccc(N3C(=O)c4ccc(Oc5ccc(Sc6ccc(Oc7ccc8c(c7)C(=O)N(*)C8=O)cc6)cc5)cc4C3=O)cc2)cc1,212.0,P130203,"Polyimides/thioimides, Polyoxides/ethers/acetals, Polysulfides",160.08,6.32
*c1ccc(Oc2cccc(Oc3ccc(N4C(=O)c5ccc(Oc6ccc(Sc7ccc(Oc8ccc9c(c8)C(=O)N(*)C9=O)cc7)cc6)cc5C4=O)cc3)c2)cc1,178.0,P130204,"Polyimides/thioimides, Polyoxides/ethers/acetals, Polysulfides",164.1,6.48
*c1ccc(Oc2cccc(Oc3ccc(N4C(=O)c5cccc(Oc6ccc(Sc7ccc(Oc8cccc9c8C(=O)N(*)C9=O)cc7)cc6)c5C4=O)cc3)c2)cc1,202.0,P130205,"Polyimides/thioimides, Polyoxides/ethers/acetals, Polysulfides",174.83,6.54
*c1cccc(N2C(=O)c3cccc(Oc4ccc(S(=O)(=O)c5ccc(Oc6cccc7c6C(=O)N(*)C7=O)cc5)cc4)c3C2=O)c1,266.0,P130206,"Polyimides/thioimides, Polyoxides/ethers/acetals, Polysulfones/sulfoxides/sufonates/sulfoamides",156.04,5.93
*c1cccc(N2C(=O)c3ccc(Oc4ccc(S(=O)(=O)c5ccc(Oc6ccc7c(c6)C(=O)N(*)C7=O)cc5)cc4)cc3C2=O)c1,265.0,P130207,"Polyimides/thioimides, Polyoxides/ethers/acetals, Polysulfones/sulfoxides/sufonates/sulfoamides",134.73,5.48
*c1ccc(Oc2ccc(N3C(=O)c4cccc(Oc5ccc(S(=O)(=O)c6ccc(Oc7cccc8c7C(=O)N(*)C8=O)cc6)cc5)c4C3=O)cc2)cc1,267.0,P130208,"Polyimides/thioimides, Polyoxides/ethers/acetals, Polysulfones/sulfoxides/sufonates/sulfoamides",170.6,7.06
*c1ccc(Oc2ccc(N3C(=O)c4ccc(Oc5ccc(S(=O)(=O)c6ccc(Oc7ccc8c(c7)C(=O)N(*)C8=O)cc6)cc5)cc4C3=O)cc2)cc1,260.0,P130209,"Polyimides/thioimides, Polyoxides/ethers/acetals, Polysulfones/sulfoxides/sufonates/sulfoamides",152.87,6.08
*c1ccc(Oc2cccc(Oc3ccc(N4C(=O)c5ccc(Oc6ccc(S(=O)(=O)c7ccc(Oc8ccc9c(c8)C(=O)N(*)C9=O)cc7)cc6)cc5C4=O)cc3)c2)cc1,219.0,P130210,"Polyimides/thioimides, Polyoxides/ethers/acetals, Polysulfones/sulfoxides/sufonates/sulfoamides",171.59,7.19
*c1ccc(Oc2cccc(Oc3ccc(N4C(=O)c5cccc(Oc6ccc(S(=O)(=O)c7ccc(Oc8cccc9c8C(=O)N(*)C9=O)cc7)cc6)c5C4=O)cc3)c2)cc1,230.0,P130211,"Polyimides/thioimides, Polyoxides/ethers/acetals, Polysulfones/sulfoxides/sufonates/sulfoamides",171.74,7.87
*c1ccc(Oc2ccc(N3C(=O)c4cccc(Oc5cccc(Oc6cccc7c6C(=O)N(*)C7=O)c5)c4C3=O)cc2)cc1,226.0,P130212,"Polyimides/thioimides, Polyoxides/ethers/acetals",130.37,5.83
*c1ccc(Oc2ccc(N3C(=O)c4ccc(Oc5cccc(Oc6ccc7c(c6)C(=O)N(*)C7=O)c5)cc4C3=O)cc2)cc1,209.0,P130213,"Polyimides/thioimides, Polyoxides/ethers/acetals",139.5,5.71
*c1ccc(Oc2cccc(Oc3ccc(N4C(=O)c5cccc(Oc6cccc(Oc7cccc8c7C(=O)N(*)C8=O)c6)c5C4=O)cc3)c2)cc1,193.0,P130214,"Polyimides/thioimides, Polyoxides/ethers/acetals",158.25,6.33
*c1cccc(N2C(=O)c3ccc(Oc4cccc(Oc5ccc6c(c5)C(=O)N(*)C6=O)c4)cc3C2=O)c1,224.0,P130215,"Polyimides/thioimides, Polyoxides/ethers/acetals",115.02,5.47
*c1cccc(N2C(=O)c3cccc(Oc4cccc(Oc5cccc6c5C(=O)N(*)C6=O)c4)c3C2=O)c1,241.0,P130216,"Polyimides/thioimides, Polyoxides/ethers/acetals",129.57,5.29
*c1ccc(Oc2ccc(N3C(=O)c4cccc(Oc5ccc(Oc6cccc7c6C(=O)N(*)C7=O)cc5)c4C3=O)cc2)cc1,263.0,P130217,"Polyimides/thioimides, Polyoxides/ethers/acetals",150.24,5.99
*c1ccc(Oc2cccc(Oc3ccc(N4C(=O)c5cccc(Oc6ccc(Oc7cccc8c7C(=O)N(*)C8=O)cc6)c5C4=O)cc3)c2)cc1,214.0,P130218,"Polyimides/thioimides, Polyoxides/ethers/acetals",162.35,6.8
*c1ccc(Oc2cccc(Oc3ccc(N4C(=O)c5ccc(Oc6ccc(Oc7ccc8c(c7)C(=O)N(*)C8=O)cc6)cc5C4=O)cc3)c2)cc1,199.0,P130219,"Polyimides/thioimides, Polyoxides/ethers/acetals",168.51,6.63
*c1cccc(N2C(=O)c3ccc(Oc4ccc(Oc5ccc6c(c5)C(=O)N(*)C6=O)cc4)cc3C2=O)c1,255.0,P130220,"Polyimides/thioimides, Polyoxides/ethers/acetals",132.73,5.27
*c1cccc(N2C(=O)c3cccc(Oc4ccc(Oc5cccc6c5C(=O)N(*)C6=O)cc4)c3C2=O)c1,259.0,P130221,"Polyimides/thioimides, Polyoxides/ethers/acetals",137.41,5.24
*c1cccc(N2C(=O)c3ccc(Oc4ccc(Oc5ccc(Oc6ccc7c(c6)C(=O)N(*)C7=O)cc5)cc4)cc3C2=O)c1,227.0,P130222,"Polyimides/thioimides, Polyoxides/ethers/acetals",128.87,5.71
*c1cccc(N2C(=O)c3cccc(Oc4ccc(Oc5ccc(Oc6cccc7c6C(=O)N(*)C7=O)cc5)cc4)c3C2=O)c1,238.0,P130223,"Polyimides/thioimides, Polyoxides/ethers/acetals",141.19,6.11
*c1ccc(Oc2ccc(N3C(=O)c4cccc(Oc5ccc(Oc6ccc(Oc7cccc8c7C(=O)N(*)C8=O)cc6)cc5)c4C3=O)cc2)cc1,239.0,P130224,"Polyimides/thioimides, Polyoxides/ethers/acetals",148.26,6.73
*c1ccc(Oc2ccc(N3C(=O)c4ccc(Oc5ccc(Oc6ccc(Oc7ccc8c(c7)C(=O)N(*)C8=O)cc6)cc5)cc4C3=O)cc2)cc1,215.0,P130225,"Polyimides/thioimides, Polyoxides/ethers/acetals",145.25,6.64
*c1ccc(Oc2cccc(Oc3ccc(N4C(=O)c5ccc(Oc6ccc(Oc7ccc(Oc8ccc9c(c8)C(=O)N(*)C9=O)cc7)cc6)cc5C4=O)cc3)c2)cc1,184.0,P130226,"Polyimides/thioimides, Polyoxides/ethers/acetals",169.87,7.44
*c1ccc2c(c1)C(=O)N(c1ccc(Cc3ccc(N4C(=O)c5ccc(C(*)(C(F)(F)F)C(F)(F)F)cc5C4=O)cc3)cc1)C2=O,297.0,P130229,Polyimides/thioimides,146.39,5.92
*c1ccc2c(c1)C(=O)N(c1ccc(C(C)(C)c3ccc(N4C(=O)c5ccc(C(*)(C(F)(F)F)C(F)(F)F)cc5C4=O)cc3)cc1)C2=O,310.0,P130230,Polyimides/thioimides,140.47,5.1
*c1ccc(Oc2ccc(N3C(=O)c4ccc(Oc5ccc(Oc6ccc7c(c6)C(=O)N(*)C7=O)cc5)cc4C3=O)cc2)cc1,260.5,P130231,"Polyimides/thioimides, Polyoxides/ethers/acetals",150.46,6.18
*C(=O)NCCNC(=O)c1ccc(N2C(=O)c3ccc(*)cc3C2=O)cc1,235.0,P130249,"Polyimides/thioimides, Polyamides/thioamides",83.59,3.84
*C(=O)NCCCCCCNC(=O)c1ccc(N2C(=O)c3ccc(*)cc3C2=O)cc1,225.0,P130250,"Polyimides/thioimides, Polyamides/thioamides",86.55,3.59
*C(=O)Nc1ccc(Cc2ccc(NC(=O)c3ccc(N4C(=O)c5ccc(*)cc5C4=O)cc3)cc2)cc1,222.0,P130251,"Polyimides/thioimides, Polyamides/thioamides",124.01,5.23
*C(=O)NC1CCC(CC2CCC(NC(=O)c3ccc(N4C(=O)c5ccc(*)cc5C4=O)cc3)CC2)CC1,275.0,P130252,"Polyimides/thioimides, Polyamides/thioamides",101.12,3.61
*c1ccc(C2(c3ccc(N4C(=O)c5ccc(-c6ccc7c(c6)C(=O)N(*)C7=O)cc5C4=O)cc3)c3ccccc3-c3ccccc32)cc1,388.0,P130254,Polyimides/thioimides,171.07,8.05
*c1cccc(N2C(=O)c3ccc(Oc4ccc5c(c4)C(=O)N(*)C5=O)cc3C2=O)c1,280.0,P130261,"Polyimides/thioimides, Polyoxides/ethers/acetals",126.64,4.81
*c1ccc(Cc2ccc(N3C(=O)c4ccc(Oc5ccc6c(c5)C(=O)N(*)C6=O)cc4C3=O)cc2)cc1,271.0,P130262,"Polyimides/thioimides, Polyoxides/ethers/acetals",139.6,5.54
*c1ccc(C2(c3ccc(N4C(=O)c5ccc(Oc6ccc7c(c6)C(=O)N(*)C7=O)cc5C4=O)cc3)c3ccccc3-c3ccccc32)cc1,373.0,P130266,"Polyimides/thioimides, Polyoxides/ethers/acetals",177.86,7.83
*c1ccc(Oc2ccc(N3C(=O)c4ccc(Oc5ccc(C(c6ccc(Oc7ccc8c(c7)C(=O)N(*)C8=O)cc6)(C(F)(F)F)C(F)(F)F)cc5)cc4C3=O)cc2)cc1,257.0,P130274,"Polyimides/thioimides, Polyoxides/ethers/acetals",182.07,5.98
*c1ccc(Cc2ccc(N3C(=O)CC(Nc4ccc(Cc5ccc(NC6CC(=O)N(*)C6=O)cc5)cc4)C3=O)cc2)cc1,239.0,P130276,"Polyimides/thioimides, Polyimines",125.79,5.01
*C(=O)c1ccc2c(c1)C(=O)N(c1cccc(C(=O)c3ccc(Cc4ccc(C(=O)c5cccc(N6C(=O)c7ccc(*)cc7C6=O)c5)cc4)cc3)c1)C2=O,260.5,P130281,"Polyimides/thioimides, Polyketones/thioketones",149.15,7.1
*c1ccc(N2C(=O)c3ccc(Oc4ccc(Sc5ccc(Oc6ccc7c(c6)C(=O)N(*)C7=O)cc5)cc4)cc3C2=O)cc1,238.0,P130282,"Polyimides/thioimides, Polyoxides/ethers/acetals, Polysulfides",147.88,6.04
*c1ccc(NC(=O)c2cccc(C(=O)Nc3ccc(-n4c(=O)c5cc6c(=O)n(*)c(=O)c6cc5c4=O)cc3)c2)cc1,296.0,P130312,"Polyimides/thioimides, Polyamides/thioamides",171.88,7.45
*c1ccc(Oc2cccc(N3C(=O)c4ccc(-c5ccc6c(c5)C(=O)N(*)C6=O)cc4C3=O)c2)cc1,259.0,P130313,"Polyimides/thioimides, Polyoxides/ethers/acetals",130.49,5.35
*c1ccc(-c2ccc(N3C(=O)c4ccc(Oc5ccc(Sc6ccc(Oc7ccc8c(c7)C(=O)N(*)C8=O)cc6)cc5)cc4C3=O)cc2)cc1,257.0,P130318,"Polyimides/thioimides, Polyoxides/ethers/acetals, Polysulfides",150.68,6.6
*C(=O)c1ccc2nc(-c3ccccc3)c(-c3ccc(N4C(=O)c5ccc(C(=O)c6ccc7c(c6)C(=O)N(c6ccc(-c8nc9cc(*)ccc9nc8-c8ccccc8)cc6)C7=O)cc5C4=O)cc3)nc2c1,255.0,P130325,"Polyimides/thioimides, Polyimines, Polyketones/thioketones",255.06,9.0
*c1ccc(N2C(=O)c3ccc(C(=O)c4ccc5c(c4)C(=O)N(c4ccc(-c6nc7cc(Oc8ccc9nc(-c%10ccccc%10)c(*)nc9c8)ccc7nc6-c6ccccc6)cc4)C5=O)cc3C2=O)cc1,254.0,P130326,"Polyimides/thioimides, Polyoxides/ethers/acetals, Polyimines, Polyketones/thioketones",254.53,10.03
*c1ccc(N2C(=O)c3ccc(C(=O)c4ccc5c(c4)C(=O)N(c4ccc(-c6nc7cc(-c8ccc9nc(-c%10ccccc%10)c(*)nc9c8)ccc7nc6-c6ccccc6)cc4)C5=O)cc3C2=O)cc1,260.0,P130327,"Polyimides/thioimides, Polyimines, Polyketones/thioketones",251.05,9.39
*c1ccc(N2C(=O)c3ccc(C(=O)c4ccc5c(c4)C(=O)N(c4ccc(-c6nc7cc(S(=O)(=O)c8ccc9nc(-c%10ccccc%10)c(*)nc9c8)ccc7nc6-c6ccccc6)cc4)C5=O)cc3C2=O)cc1,240.0,P130328,"Polyimides/thioimides, Polyimines, Polyketones/thioketones, Polysulfones/sulfoxides/sufonates/sulfoamides",228.81,9.7
*C(=O)Nc1ccccc1NC(=O)c1ccc(N2C(=O)c3ccc(*)cc3C2=O)cc1,215.0,P130332,"Polyimides/thioimides, Polyamides/thioamides",107.0,4.35
*C(=O)Nc1ccc(S(=O)(=O)c2ccc(NC(=O)c3ccc(N4C(=O)c5ccc(*)cc5C4=O)cc3)cc2)cc1,252.0,P130333,"Polyimides/thioimides, Polyamides/thioamides, Polysulfones/sulfoxides/sufonates/sulfoamides",134.05,5.66
*C(=O)Nc1cccc(NC(=O)/C=C/c2cccc(N3C(=O)c4ccc(*)cc4C3=O)c2)c1,257.5,P130334,"Polyimides/thioimides, Polyamides/thioamides",117.53,4.08
*C(=O)Nc1cccc(NC(=O)c2ccc3c(c2)C(=O)N(c2ccc(Oc4cccc5c(Oc6ccc(N7C(=O)c8ccc(*)cc8C7=O)cc6)cccc45)cc2)C3=O)c1,263.0,P130346,"Polyimides/thioimides, Polyoxides/ethers/acetals, Polyamides/thioamides",177.53,8.05
*C(=O)Nc1ccc(Oc2ccc(Oc3ccc(NC(=O)c4ccc5c(c4)C(=O)N(c4ccc(Oc6cccc7c(Oc8ccc(N9C(=O)c%10ccc(*)cc%10C9=O)cc8)cccc67)cc4)C5=O)cc3)cc2)cc1,285.0,P130350,"Polyimides/thioimides, Polyoxides/ethers/acetals, Polyamides/thioamides",195.12,8.88
*C(=O)Nc1ccc(Oc2ccc(-c3ccc(Oc4ccc(NC(=O)c5ccc6c(c5)C(=O)N(c5ccc(Oc7cccc8c(Oc9ccc(N%10C(=O)c%11ccc(*)cc%11C%10=O)cc9)cccc78)cc5)C6=O)cc4)cc3)cc2)cc1,310.0,P130352,"Polyimides/thioimides, Polyoxides/ethers/acetals, Polyamides/thioamides",227.52,9.56
*C(=O)Nc1ccc(C(c2ccc(NC(=O)c3ccc4c(c3)C(=O)N(c3ccc(Oc5cccc6c(Oc7ccc(N8C(=O)c9ccc(*)cc9C8=O)cc7)cccc56)cc3)C4=O)cc2)(C(F)(F)F)C(F)(F)F)cc1,283.0,P130353,"Polyimides/thioimides, Polyoxides/ethers/acetals, Polyamides/thioamides",186.25,8.81
*C(=O)Nc1ccc(Oc2ccc(C(C)(C)c3ccc(Oc4ccc(NC(=O)c5ccc6c(c5)C(=O)N(c5ccc(Oc7cccc8c(Oc9ccc(N%10C(=O)c%11ccc(*)cc%11C%10=O)cc9)cccc78)cc5)C6=O)cc4)cc3)cc2)cc1,235.0,P130354,"Polyimides/thioimides, Polyoxides/ethers/acetals, Polyamides/thioamides",205.99,8.91
*C(=O)Nc1ccc(Oc2ccc(C(c3ccc(Oc4ccc(NC(=O)c5ccc6c(c5)C(=O)N(c5ccc(Oc7cccc8c(Oc9ccc(N%10C(=O)c%11ccc(*)cc%11C%10=O)cc9)cccc78)cc5)C6=O)cc4)cc3)(C(F)(F)F)C(F)(F)F)cc2)cc1,231.0,P130355,"Polyimides/thioimides, Polyoxides/ethers/acetals, Polyamides/thioamides",214.89,9.85
*C(=O)Nc1ccc(Oc2ccc(S(=O)(=O)c3ccc(Oc4ccc(NC(=O)c5ccc6c(c5)C(=O)N(c5ccc(Oc7cccc8c(Oc9ccc(N%10C(=O)c%11ccc(*)cc%11C%10=O)cc9)cccc78)cc5)C6=O)cc4)cc3)cc2)cc1,260.0,P130356,"Polyimides/thioimides, Polyoxides/ethers/acetals, Polyamides/thioamides, Polysulfones/sulfoxides/sufonates/sulfoamides",235.31,9.4
*C(=O)Nc1ccc(-c2sc(-c3ccc(NC(=O)c4ccc5c(c4)C(=O)N(c4ccc(Oc6cccc7c(Oc8ccc(N9C(=O)c%10ccc(*)cc%10C9=O)cc8)cccc67)cc4)C5=O)cc3)c(-c3ccccc3)c2-c2ccccc2)cc1,340.0,P130357,"Polyimides/thioimides, Polyoxides/ethers/acetals, Polysulfides, Polyamides/thioamides",237.68,11.11
*c1ccc2c(c1)C(=O)N(c1ccc(Oc3ccc(C(c4ccc(Oc5ccc(N6C(=O)c7ccc(C(*)(C(F)(F)F)C(F)(F)F)cc7C6=O)cc5)cc4)(C(F)(F)F)C(F)(F)F)cc3)cc1)C2=O,260.0,P130360,"Polyimides/thioimides, Polyoxides/ethers/acetals",190.63,6.75
*C(=O)c1ccc2c(c1)C(=O)N(c1ccc(C(c3ccc(N4C(=O)c5ccc(*)cc5C4=O)cc3)(C(F)(F)F)C(F)(F)F)cc1)C2=O,308.03,P130361,"Polyimides/thioimides, Polyketones/thioketones",146.88,5.4
*c1ccc2c(c1)C(=O)N(c1ccc(N3C(=O)c4ccc(C(*)(C(F)(F)F)C(F)(F)F)cc4C3=O)cc1)C2=O,351.0,P130362,Polyimides/thioimides,129.87,4.65
*c1ccc(C(c2ccc(N3C(=O)c4ccc(-c5ccc6c(c5)C(=O)N(*)C6=O)cc4C3=O)cc2)(C(F)(F)F)C(F)(F)F)cc1,343.0,P130363,Polyimides/thioimides,146.22,5.79
*c1ccc2c(c1)C(=O)N(c1ccc(C(c3ccc(N4C(=O)c5ccc(C(*)(C(F)(F)F)C(F)(F)F)cc5C4=O)cc3)(C(F)(F)F)C(F)(F)F)cc1)C2=O,315.1,P130364,Polyimides/thioimides,151.71,6.01
*c1ccc2c(c1)C(=O)N(c1cc(C)c(N3C(=O)c4ccc(C(*)(C(F)(F)F)C(F)(F)F)cc4C3=O)cc1C)C2=O,355.0,P130365,Polyimides/thioimides,142.68,5.37
*C(=O)c1ccc2c(c1)C(=O)N(c1c(C)cc(C)c(N3C(=O)c4ccc(*)cc4C3=O)c1C)C2=O,410.0,P130366,"Polyimides/thioimides, Polyketones/thioketones",119.43,5.72
*c1ccc2c(c1)C(=O)N(c1c(C)cc(C)c(N3C(=O)c4ccc(C(*)(C(F)(F)F)C(F)(F)F)cc4C3=O)c1C)C2=O,377.0,P130367,Polyimides/thioimides,147.95,5.11
*c1ccc2c(c1)C(=O)N(c1c(C)c(C)c(N3C(=O)c4ccc(C(*)(C(F)(F)F)C(F)(F)F)cc4C3=O)c(C)c1C)C2=O,420.0,P130368,Polyimides/thioimides,141.87,5.54
*c1cc2c(cc1C)-c1cc(C)c(N3C(=O)c4ccc(-c5ccc6c(c5)C(=O)N(*)C6=O)cc4C3=O)cc1S2(=O)=O,490.0,P130369,"Polyimides/thioimides, Polysulfones/sulfoxides/sufonates/sulfoamides",147.05,6.93
*c1ccc(Oc2cc3ccccc3cc2Oc2ccc(-n3c(=O)c4cc5c(=O)n(*)c(=O)c5cc4c3=O)cc2)cc1,316.0,P130370,"Polyimides/thioimides, Polyoxides/ethers/acetals",166.88,7.62
*c1ccc(Oc2cc3ccccc3cc2Oc2ccc(N3C(=O)c4ccc(-c5ccc6c(c5)C(=O)N(*)C6=O)cc4C3=O)cc2)cc1,253.5,P130371,"Polyimides/thioimides, Polyoxides/ethers/acetals",168.24,6.9
*c1ccc(Oc2cc3ccccc3cc2Oc2ccc(N3C(=O)c4ccc(Oc5ccc6c(c5)C(=O)N(*)C6=O)cc4C3=O)cc2)cc1,275.5,P130372,"Polyimides/thioimides, Polyoxides/ethers/acetals",178.04,7.36
*C(=O)c1ccc2c(c1)C(=O)N(c1ccc(Oc3cc4ccccc4cc3Oc3ccc(N4C(=O)c5ccc(*)cc5C4=O)cc3)cc1)C2=O,246.0,P130373,"Polyimides/thioimides, Polyoxides/ethers/acetals, Polyketones/thioketones",169.57,6.5
*c1ccc(Oc2cc3ccccc3cc2Oc2ccc(N3C(=O)c4ccc(S(=O)(=O)c5ccc6c(c5)C(=O)N(*)C6=O)cc4C3=O)cc2)cc1,275.0,P130374,"Polyimides/thioimides, Polyoxides/ethers/acetals, Polysulfones/sulfoxides/sufonates/sulfoamides",158.66,7.09
*c1ccc2c(c1)C(=O)N(c1cc(OCCN(CC)c3ccc(/N=N/c4ccc([N+](=O)[O-])cc4)cc3)cc(N3C(=O)c4ccc(C(*)(C(F)(F)F)C(F)(F)F)cc4C3=O)c1)C2=O,210.0,P134255,Polyimides/thioimides,151.84,5.95
*c1ccc(C(c2ccccc2)(c2ccc(-n3c(=O)c4cc5c(=O)n(*)c(=O)c5cc4c3=O)cc2)C(F)(F)F)cc1,436.0,P134302,Polyimides/thioimides,177.5,8.27
*C(=O)c1cccc(C(=O)N(*)c2ccccc2)c1,148.0,P134318,Polyimides/thioimides,79.5,3.14
*C(=O)c1ccc(C(=O)N(*)c2ccccc2)cc1,179.0,P134319,Polyimides/thioimides,82.59,3.02
*C(=O)c1ccc(C(=O)N(*)c2ccccc2)c(Sc2ccccc2)c1,152.0,P134320,Polyimides/thioimides,96.24,3.95
*C(=O)c1ccc2c(c1)C(=O)N(c1c(-c3ccccc3)cc(-c3ccc(-c4cc(-c5ccccc5)c(N5C(=O)c6ccc(*)cc6C5=O)c(-c5ccccc5)c4)cc3)cc1-c1ccccc1)C2=O,265.0,P134344,"Polyimides/thioimides, Polyketones/thioketones",229.9,9.27
*c1ccc(N2C(=O)c3ccc(-c4cccc5c4C(=O)N(*)C5=O)cc3C2=O)cc1,410.5,P134352,Polyimides/thioimides,130.89,4.86
*CCCOC(=O)OCCCCCCOC(=O)OCCCN1C(=O)c2ccc(C(=O)c3ccc4c(c3)C(=O)N(*)C4=O)cc2C1=O,70.0,P134363,"Polyimides/thioimides, Polycarbonates/thiocarbonates, Polyketones/thioketones",65.66,2.24
*CCCCCCOC(=O)OCCCOC(=O)OCCCCCCN1C(=O)c2ccc(C(=O)c3ccc4c(c3)C(=O)N(*)C4=O)cc2C1=O,61.0,P134364,"Polyimides/thioimides, Polycarbonates/thiocarbonates, Polyketones/thioketones",60.02,1.81
*CCCCCCOC(=O)OCCCCCCOC(=O)OCCCCCCN1C(=O)c2ccc(C(=O)c3ccc4c(c3)C(=O)N(*)C4=O)cc2C1=O,40.0,P134365,"Polyimides/thioimides, Polycarbonates/thiocarbonates, Polyketones/thioketones",56.88,1.75
*C1C(=O)N(c2c(CC)cccc2CC)C(=O)C1*,288.0,P134413,Polyimides/thioimides,79.95,2.83
*C1C(=O)N(c2ccccc2C)C(=O)C1*,335.0,P134415,Polyimides/thioimides,83.79,3.56
*CC(C)(C)C1C(=O)N(c2c(CC)cccc2CC)C(=O)C1*,210.0,P134416,Polyimides/thioimides,71.81,2.68
*c1cc(-c2nc3ccccc3[nH]2)cc(-n2c(=O)c3cc4c(=O)n(*)c(=O)c4cc3c2=O)c1,180.0,P134421,Polyimides/thioimides,156.28,6.55
*C(=O)c1ccc2c(c1)C(=O)N(c1cc(-c3nc4ccccc4[nH]3)cc(N3C(=O)c4ccc(*)cc4C3=O)c1)C2=O,197.0,P134422,"Polyimides/thioimides, Polyketones/thioketones",136.96,6.34
*C(=O)c1ccc2c(c1)C(=O)N(c1ccc(C3(C)CC(C)(C)c4ccc(N5C(=O)c6ccc(*)cc6C5=O)cc43)cc1)C2=O,320.0,P134425,"Polyimides/thioimides, Polyketones/thioketones",142.54,5.48
*C1C(=O)N(c2ccccc2C(=O)OC)C(=O)C1*,259.0,P134429,Polyimides/thioimides,82.36,3.11
*C1C(=O)N(c2ccccc2C(=O)OCC)C(=O)C1*,230.0,P134430,Polyimides/thioimides,80.72,2.86
*C1C(=O)N(c2ccccc2C(=O)OCCCC)C(=O)C1*,181.0,P134431,Polyimides/thioimides,67.46,2.24
*CC1(*)CC(=O)N(c2ccccc2)C1=O,236.0,P134462,Polyimides/thioimides,72.49,2.86
*c1cc(-c2nc3ccccc3oc2=O)cc(-n2c(=O)c3cc4c(=O)n(*)c(=O)c4cc3c2=O)c1,130.0,P139024,Polyimides/thioimides,138.79,6.67
*C(=O)c1ccc2c(c1)C(=O)N(c1cc(-c3nc4ccccc4oc3=O)cc(N3C(=O)c4ccc(*)cc4C3=O)c1)C2=O,95.0,P139025,"Polyimides/thioimides, Polyketones/thioketones",138.74,5.54
*OC(=O)c1ccc(CCCCCCc2ccc(C(*)=O)cc2)cc1,20.0,P140010,Polyanhydrides/thioanhydrides,64.63,2.45
*OC(=O)c1ccc(C(C)(C)c2ccc(C(*)=O)cc2)cc1,100.0,P140011,Polyanhydrides/thioanhydrides,78.07,2.82
*OC(=O)c1ccc(Cc2ccc(C(*)=O)cc2)cc1,122.0,P140012,Polyanhydrides/thioanhydrides,69.24,2.76
*OC(=O)c1ccc(CCCCCc2ccc(C(*)=O)cc2)cc1,42.5,P140014,Polyanhydrides/thioanhydrides,59.93,2.17
*OC(=O)Cc1ccc(CC(*)=O)cc1,65.0,P140015,Polyanhydrides/thioanhydrides,48.29,1.78
*OC(=O)CCCCCCCCC(*)=O,60.0,P140019,Polyanhydrides/thioanhydrides,25.46,0.93
*OC(=O)c1ccc(CCCCc2ccc(C(*)=O)cc2)cc1,46.0,P140025,Polyanhydrides/thioanhydrides,65.74,2.49
*OC(=O)c1ccc(C(F)(F)C(F)(F)C(F)(F)c2ccc(C(*)=O)cc2)cc1,98.0,P140031,Polyanhydrides/thioanhydrides,70.56,2.93
*OC(=O)c1cccc(C(*)=O)c1,130.0,P140032,Polyanhydrides/thioanhydrides,63.22,2.33
*CC1(C)CC(*)(C)C(=O)OC1=O,144.0,P140033,Polyanhydrides/thioanhydrides,52.12,1.54
*CC1CC(*)C(=O)OC1=O,140.0,P144509,Polyanhydrides/thioanhydrides,46.47,1.67
*CCCCCCOC(=O)O*,-42.0,P150001,Polycarbonates/thiocarbonates,19.12,0.45
*OC1C(C)(C)C(OC(*)=O)C1(C)C,160.0,P150002,Polycarbonates/thiocarbonates,46.26,1.83
*CC(F)(F)C(F)(F)C(F)(F)C(F)(F)COC(=O)O*,-41.0,P150003,Polycarbonates/thiocarbonates,30.59,0.51
*Oc1ccc(Cc2ccc(OC(*)=O)cc2)cc1,133.5,P150004,Polycarbonates/thiocarbonates,78.98,2.85
*Oc1ccc(Cc2ccc(OC(*)=O)c(C)c2)cc1C,51.0,P150006,Polycarbonates/thiocarbonates,70.41,2.45
*Oc1ccc(C(C)c2ccc(OC(*)=O)cc2)cc1,130.0,P150007,Polycarbonates/thiocarbonates,75.87,3.28
*Oc1ccc(C(CCC)c2ccc(OC(*)=O)cc2)cc1,123.0,P150008,Polycarbonates/thiocarbonates,69.47,3.2
*Oc1ccc(C(c2ccc(OC(*)=O)cc2)C(C)C)cc1,149.0,P150009,Polycarbonates/thiocarbonates,76.4,3.39
*Oc1ccc(C(c2ccccc2)c2ccc(OC(*)=O)cc2)cc1,170.0,P150010,Polycarbonates/thiocarbonates,103.57,4.39
*Oc1ccc(C(C)(C)c2ccc(OC(*)=O)cc2)cc1,148.0,P150011,Polycarbonates/thiocarbonates,82.05,2.85
*Oc1ccc(C(c2ccccc2)c2ccc(OC(*)=O)cc2C)c(C)c1,182.0,P150014,Polycarbonates/thiocarbonates,97.55,3.89
*Oc1ccc(C(C)(CC)c2ccc(OC(*)=O)cc2)cc1,136.0,P150015,Polycarbonates/thiocarbonates,79.88,2.96
*Oc1ccc(C(C)(CCC)c2ccc(OC(*)=O)cc2)cc1,137.0,P150017,Polycarbonates/thiocarbonates,73.25,2.78
*Oc1ccc(C(C)(C)c2ccc(OC(*)=O)c(C)c2)cc1C,124.0,P150022,Polycarbonates/thiocarbonates,85.4,3.24
*Oc1ccc(C(C)(C)c2ccc(OC(*)=O)c(Cl)c2)cc1Cl,147.0,P150025,Polycarbonates/thiocarbonates,87.14,3.35
*Oc1c(Cl)cc(C(C)(C)c2cc(Cl)c(OC(*)=O)c(Cl)c2)cc1Cl,227.0,P150028,Polycarbonates/thiocarbonates,100.83,3.29
*Oc1c(Br)cc(C(C)(C)c2cc(Br)c(OC(*)=O)c(Br)c2)cc1Br,228.5,P150029,Polycarbonates/thiocarbonates,101.62,3.44
*Oc1ccc(C(C)(c2ccccc2)c2ccc(OC(*)=O)cc2)cc1,179.0,P150030,Polycarbonates/thiocarbonates,90.26,3.64
*Oc1ccc(C(CCC)(CCC)c2ccc(OC(*)=O)cc2)cc1,148.0,P150034,Polycarbonates/thiocarbonates,71.26,3.22
*Oc1ccc(C2(c3ccc(OC(*)=O)cc3)CCCC2)cc1,166.0,P150036,Polycarbonates/thiocarbonates,81.06,3.54
*Oc1ccc(C2(c3ccc(OC(*)=O)cc3)CCCCC2)cc1,175.0,P150037,Polycarbonates/thiocarbonates,89.81,3.51
*Oc1ccc(C2(c3ccc(OC(*)=O)c(C)c3)CCCCC2)cc1C,137.5,P150038,Polycarbonates/thiocarbonates,89.32,3.08
*Oc1c(Cl)cc(C2(c3cc(Cl)c(OC(*)=O)c(Cl)c3)CCCCC2)cc1Cl,163.0,P150039,Polycarbonates/thiocarbonates,96.54,3.31
*Oc1ccc(C2(c3ccc(OC(*)=O)c(Cl)c3)CCCCC2)cc1Cl,179.0,P150040,Polycarbonates/thiocarbonates,81.26,3.44
*Oc1ccc(C2(c3ccc(OC(*)=O)cc3)c3ccccc3-c3ccccc32)cc1,355.0,P150043,Polycarbonates/thiocarbonates,128.44,6.3
*Oc1ccc(C(c2ccccc2)(c2ccccc2)c2ccc(OC(*)=O)cc2)cc1,213.0,P150044,Polycarbonates/thiocarbonates,112.55,5.2
*Oc1ccc(C(c2ccc(OC(*)=O)cc2)(C(F)(F)F)C(F)(F)F)cc1,176.0,P150045,Polycarbonates/thiocarbonates,90.4,3.27
*Oc1ccc(C(c2ccc(OC(*)=O)cc2)(C(F)(F)Cl)C(F)(F)Cl)cc1,183.5,P150046,Polycarbonates/thiocarbonates,94.53,3.26
*Oc1ccc(C(C#N)(c2ccccc2)c2ccc(OC(*)=O)cc2)cc1,138.0,P150047,Polycarbonates/thiocarbonates,97.53,3.76
*Oc1cccc(C(F)(F)C(F)(F)C(F)(F)c2cccc(OC(*)=O)c2)c1,46.0,P150051,Polycarbonates/thiocarbonates,77.33,2.55
*Oc1ccc(C(C)(C)c2ccc(C(C)(C)c3ccc(OC(*)=O)cc3)cc2)cc1,154.0,P150054,Polycarbonates/thiocarbonates,92.54,3.5
*Oc1c(C)cc(C(C)(C)c2cc(C)c(OC(*)=O)c(C)c2)cc1C,193.0,P150062,Polycarbonates/thiocarbonates,89.93,3.62
*Oc1ccc(Cc2ccc(OC(*)=S)cc2)cc1,95.0,P150073,Polycarbonates/thiocarbonates,79.27,2.88
*Oc1ccc(C(C)c2ccc(OC(*)=S)cc2)cc1,107.0,P150074,Polycarbonates/thiocarbonates,76.55,3.08
*Oc1ccc(C(CC)c2ccc(OC(*)=S)cc2)cc1,104.0,P150075,Polycarbonates/thiocarbonates,78.07,2.77
*Oc1ccc(C(CCC)c2ccc(OC(*)=S)cc2)cc1,130.0,P150076,Polycarbonates/thiocarbonates,76.63,3.1
*Oc1ccc(C(c2ccc(OC(*)=S)cc2)C(C)C)cc1,135.0,P150077,Polycarbonates/thiocarbonates,78.83,2.84
*Oc1ccc(C(c2ccc(OC(*)=S)cc2)C(CC)CC)cc1,148.0,P150078,Polycarbonates/thiocarbonates,82.29,2.86
*Oc1ccc(C2(c3ccc(OC(*)=S)cc3)CCCC2)cc1,79.0,P150079,Polycarbonates/thiocarbonates,78.33,2.79
*Oc1ccc(C2(c3ccc(OC(*)=S)cc3)CCCCC2)cc1,155.0,P150080,Polycarbonates/thiocarbonates,79.88,2.94
*Oc1ccc(C2(c3ccc(OC(*)=S)cc3)CCC(C)CC2)cc1,168.0,P150081,Polycarbonates/thiocarbonates,77.5,3.23
*Oc1ccc(C(c2ccccc2)c2ccc(OC(*)=S)cc2)cc1,179.0,P150082,Polycarbonates/thiocarbonates,89.04,4.17
*Oc1ccc(C(c2ccc(OC(*)=S)cc2)c2cccc3ccccc23)cc1,191.0,P150083,Polycarbonates/thiocarbonates,117.63,5.08
*Oc1ccc(C(C)(C)c2ccc(OC(*)=S)cc2)cc1,140.5,P150084,Polycarbonates/thiocarbonates,73.22,2.97
*Oc1ccc(C(C)(CC)c2ccc(OC(*)=S)cc2)cc1,102.0,P150085,Polycarbonates/thiocarbonates,80.11,3.06
*Oc1ccc(C(C)(CC(C)C)c2ccc(OC(*)=S)cc2)cc1,128.0,P150086,Polycarbonates/thiocarbonates,75.01,2.79
*Oc1ccc(C(CC)(CC)c2ccc(OC(*)=S)cc2)cc1,121.0,P150087,Polycarbonates/thiocarbonates,74.18,2.96
*Oc1ccc(C(C)(c2ccccc2)c2ccc(OC(*)=S)cc2)cc1,181.0,P150088,Polycarbonates/thiocarbonates,91.63,3.93
*Oc1ccc(C(CC)(c2ccccc2)c2ccc(OC(*)=S)cc2)cc1,173.0,P150089,Polycarbonates/thiocarbonates,90.91,3.8
*CCCCOC(=O)O*,-27.0,P150101,Polycarbonates/thiocarbonates,23.62,0.66
*CCCCCCCCCCOC(=O)O*,-37.0,P150102,Polycarbonates/thiocarbonates,17.2,0.33
*Oc1ccc(C(C)(C)c2ccc(OC(*)=O)c(C(C)C)c2)cc1C(C)C,80.0,P150109,Polycarbonates/thiocarbonates,77.94,2.93
*Oc1cc(Br)c(C(C)(C)c2c(Br)cc(OC(*)=O)cc2Br)c(Br)c1,267.0,P150110,Polycarbonates/thiocarbonates,97.73,3.91
*Oc1cc(Cl)c(C(C)(C)c2c(Cl)cc(OC(*)=O)cc2Cl)c(Cl)c1,240.0,P150111,Polycarbonates/thiocarbonates,104.11,3.93
*CCCCCOC(=O)O*,-42.95,P150114,Polycarbonates/thiocarbonates,23.74,0.5
*c1ccc(OC(=O)Oc2ccc(C3(*)OC(=O)c4ccccc43)cc2)cc1,252.2,P150123,"Polyesters/thioesters, Polycarbonates/thiocarbonates",110.97,4.28
*Oc1ccc(C(=C(Cl)Cl)c2ccc(OC(*)=O)cc2)cc1,167.0,P150124,Polycarbonates/thiocarbonates,90.13,3.32
*Oc1ccc(C2(c3ccc(OC(*)=O)cc3)CC3CCC2C3)cc1,235.0,P150142,Polycarbonates/thiocarbonates,88.58,3.85
*Oc1ccc(C(c2ccc(OC(*)=O)cc2)C(Cl)(Cl)Cl)cc1,230.0,P150143,Polycarbonates/thiocarbonates,88.92,3.59
*CC(C)(C)CS(=O)(=O)CC(C)(C)COC(=O)O*,50.0,P154565,"Polycarbonates/thiocarbonates, Polysulfones/sulfoxides/sufonates/sulfoamides",36.89,0.89
*Oc1c(C)cc(C(C)(C)c2cc(C)c(OC(*)=O)c(Cl)c2)cc1Cl,154.0,P154570,Polycarbonates/thiocarbonates,92.72,2.87
*CCN*,-48.0,P160001,Polyimines,23.08,0.71
*CCN(*)C(C)=O,80.0,P160002,Polyimines,36.95,1.42
*CCN(*)C(=O)CC,60.0,P160003,Polyimines,33.99,1.05
*CCN(*)C(=O)CCC,42.0,P160004,Polyimines,28.72,0.93
*CCN(*)C(=O)C(C)C,30.0,P160005,Polyimines,33.96,0.92
*CCN(*)C(=O)CCCC,13.0,P160006,Polyimines,30.09,0.83
*CCN(*)C(=O)CC(C)C,30.0,P160007,Polyimines,30.89,0.86
*CCN(*)C(=O)CCCCC,7.0,P160009,Polyimines,27.03,0.75
*CCCN(*)C(=O)CCCCC,-16.0,P160010,Polyimines,20.46,0.6
*CCN(*)C(=O)CCCCCC,10.0,P160011,Polyimines,24.89,0.74
*CCN(*)C(=O)CCCCCCC,10.0,P160012,Polyimines,23.41,0.71
*CCN(*)C(=O)CCCCCCCCCCC,10.0,P160013,Polyimines,17.91,0.43
*CCN(*)C(=O)CCCCCCCCCCCCCCCCC,10.0,P160014,Polyimines,10.31,0.16
*CCN(*)C(=O)c1ccccc1,111.0,P160016,Polyimines,54.01,2.19
*CCCN(*)C(=O)c1ccccc1,72.0,P160017,Polyimines,52.04,2.12
*CCN(*)C(=O)c1ccc2ccccc2c1,130.0,P160019,Polyimines,72.63,3.06
*CCCN(*)C(=O)C(F)(F)C(F)(F)C(F)(F)C(F)(F)C(F)(F)C(F)(F)C(F)(F)F,25.0,P160029,Polyimines,37.73,0.7
*CCCN(*)C(C)=O,30.0,P160031,Polyimines,30.46,1.04
*CCCN(*)C(=O)CC,8.0,P160032,Polyimines,26.97,0.8
*CCN(*)C(=O)CCC(=O)OC,31.0,P160044,Polyimines,28.76,0.9
*c1ccc(-c2cnc3ccc(-c4ccc5ncc(*)nc5c4)cc3n2)cc1,376.0,P160052,Polyimines,140.59,6.33
*c1ccc(-c2ccc(-c3ccc(-c4cnc5ccc(-c6ccc7ncc(*)nc7c6)cc5n4)cc3)cc2)cc1,305.0,P160053,Polyimines,167.62,8.41
*c1ccc(-c2nc3cc(-c4ccc5nc(-c6ccccc6)c(*)nc5c4)ccc3nc2-c2ccccc2)cc1,365.0,P160054,Polyimines,172.42,8.81
*C(=O)c1ccc2ncc(-c3ccc(-c4cnc5ccc(*)cc5n4)cc3)nc2c1,318.0,P160056,"Polyimines, Polyketones/thioketones",156.15,5.92
*C(=O)c1ccc2nc(-c3ccccc3)c(-c3ccc(-c4nc5cc(*)ccc5nc4-c4ccccc4)cc3)nc2c1,325.0,P160057,"Polyimines, Polyketones/thioketones",183.08,7.34
*c1ccc(-c2cnc3ccc(S(=O)(=O)c4ccc5ncc(*)nc5c4)cc3n2)cc1,342.0,P160058,"Polyimines, Polysulfones/sulfoxides/sufonates/sulfoamides",149.7,6.82
*c1ccc(-c2nc3cc(S(=O)(=O)c4ccc5nc(-c6ccccc6)c(*)nc5c4)ccc3nc2-c2ccccc2)cc1,345.0,P160059,"Polyimines, Polysulfones/sulfoxides/sufonates/sulfoamides",184.15,7.29
*c1ccc(-c2cnc3cc4ncc(*)nc4cc3n2)cc1,392.0,P160060,Polyimines,151.75,5.71
*c1ccc(-c2nc3cc4nc(*)c(-c5ccccc5)nc4cc3nc2-c2ccccc2)cc1,395.0,P160061,Polyimines,157.23,7.67
*c1cccc(-c2nc3cc4nc(*)c(-c5ccccc5)nc4cc3nc2-c2ccccc2)c1,365.0,P160062,Polyimines,160.43,7.83
*c1cccc(-c2nc3cc(-c4ccc5nc(-c6ccccc6)c(*)nc5c4)ccc3nc2-c2ccccc2)c1,320.0,P160065,Polyimines,172.62,7.57
*C(=O)c1ccc2nc(-c3ccc(-c4cnc5cc(*)ccc5n4)cc3)cnc2c1,318.0,P160069,"Polyimines, Polyketones/thioketones",155.83,6.75
*c1ccc(-c2cnc3cc(S(=O)(=O)c4ccc5nc(*)cnc5c4)ccc3n2)cc1,342.0,P160070,"Polyimines, Polysulfones/sulfoxides/sufonates/sulfoamides",142.81,6.8
*c1ccc(-c2cnc3ccc(-c4ccc5nc(*)cnc5c4)cc3n2)cc1,376.0,P160071,Polyimines,146.83,6.98
*c1ccc(-c2cnc3cc4nc(*)cnc4cc3n2)cc1,392.0,P160072,Polyimines,150.01,6.16
*c1ccc(-c2nc3ccc(S(=O)(=O)c4ccc5nc(*)c(-c6ccccc6)nc5c4)cc3nc2-c2ccccc2)cc1,345.0,P160074,"Polyimines, Polysulfones/sulfoxides/sufonates/sulfoamides",186.98,7.82
*c1cccc(-c2nc3cc4nc(-c5ccccc5)c(*)nc4cc3nc2-c2ccccc2)c1,365.0,P160075,Polyimines,154.96,8.06
*c1ccc(-c2nc3cc4nc(-c5ccccc5)c(*)nc4cc3nc2-c2ccccc2)cc1,395.0,P160076,Polyimines,160.81,8.34
*c1ccc2nc(*)cc(-c3ccccc3)c2c1,415.0,P160078,Polyimines,113.06,5.62
*C(=O)c1ccc2nc(-c3ccccc3)c(-c3ccc(-c4nc5ccc(*)cc5nc4-c4ccccc4)cc3)nc2c1,320.0,P160082,"Polyimines, Polyketones/thioketones",176.86,7.3
*c1ccc(-c2ccc(-c3nc4ccc(-c5ccc6nc(*)c(-c7ccccc7)nc6c5)cc4nc3-c3ccccc3)cc2)cc1,404.0,P160083,Polyimines,191.65,8.58
*c1ccc(-c2nc3cc(S(=O)(=O)c4ccc5nc(*)c(-c6ccccc6)nc5c4)ccc3nc2-c2ccccc2)cc1,277.5,P160085,"Polyimines, Polysulfones/sulfoxides/sufonates/sulfoamides",183.68,8.24
*c1ccc(-c2ccc(-c3cnc4cc(-c5ccc6nc(*)cnc6c5)ccc4n3)cc2)cc1,345.5,P160086,Polyimines,179.08,7.37
*c1ccc(-c2cnc3cc(-c4ccc5nc(*)cnc5c4)ccc3n2)cc1,350.0,P160087,Polyimines,146.55,6.05
*C(=O)c1ccccc1-c1ccccc1C(=O)N1CCN(*)CC1,193.0,P160089,Polyamides/thioamides,85.34,3.31
*C(=O)c1ccc(C(C)(CC)c2ccc(C(=O)N3CCN(*)CC3)cc2)cc1,232.0,P160090,Polyamides/thioamides,82.58,3.63
*C(=O)CCC1(CCC(=O)N2CCN(*)CC2)c2ccccc2-c2ccccc21,145.0,P160091,Polyamides/thioamides,81.86,3.3
*CCCCCCn1ccc(-c2cccc(-c3ccn(*)n3)c2)n1,70.0,P160092,Polyimines,83.93,3.38
*CCCCCCn1ccc(-c2ccc(-c3ccn(*)n3)cc2)n1,55.0,P160093,Polyimines,86.58,3.58
*c1ccc(-n2ccc(-c3cccc(-c4ccn(*)n4)c3)n2)cc1,75.0,P160094,Polyimines,114.58,4.44
*c1ccc(-n2ccc(-c3ccc(-c4ccn(*)n4)cc3)n2)cc1,75.0,P160095,Polyimines,100.95,4.45
*CCC1CC(=O)N(*)C1=O,131.0,P160096,Polyimides/thioimides,45.69,1.49
*c1cccc(-c2ccc3[nH]c(S(=O)(=O)c4nc5ccc(*)cc5[nH]4)nc3c2)c1,290.0,P160105,"Polyimines, Polysulfones/sulfoxides/sufonates/sulfoamides",144.91,6.44
*c1nc(-c2ccccc2)nc(N(c2ccccc2)c2ncnc(N(*)c3ccccc3)n2)n1,279.0,P160106,Polyimines,139.11,6.68
*c1nc(C(F)(F)C(F)(F)C(F)(F)F)nc(C(F)(F)C(F)(F)C(F)(F)C(F)(F)C(F)(F)C(*)(F)F)n1,-5.0,P160107,Polyimines,55.11,1.32
*=Cc1ccc(/C=N/c2c(-c3ccccc3)cc(-c3ccc(-c4cc(-c5ccccc5)c(N=*)c(-c5ccccc5)c4)cc3)cc2-c2ccccc2)cc1,300.0,P164345,Polyimines,201.53,8.84
*c1cccc(-c2nc3ccc(-c4ccc5nc(*)[nH]c5c4)cc3[nH]2)c1,420.0,P164412,Polyimines,143.37,7.14
*c1ccc2cc(-c3nc4ccc(-c5ccc6nc(*)[nH]c6c5)cc4[nH]3)ccc2c1,403.0,P164417,Polyimines,170.4,7.37
*NCCCCCCNc1nc(*)nc(-c2ccccc2)n1,95.0,P164426,Polyimines,62.74,2.51
*c1nc(-c2ccccc2)nc(N(C)CCCCCCN(*)C)n1,57.0,P164427,Polyimines,64.87,2.48
*c1nc(-c2ccccc2)nc(N(CCCCCCN(*)c2ccccc2)c2ccccc2)n1,74.0,P164428,Polyimines,91.96,4.19
*c1ccc(-c2nc3cc(-c4ccc5nc(*)c(-c6ccccc6)nc5c4)ccc3nc2-c2ccccc2)cc1,391.5,P164456,Polyimines,177.86,8.39
*c1cccc(-c2nc3cc(-c4ccc5nc(*)c(-c6ccccc6)nc5c4)ccc3nc2-c2ccccc2)c1,319.0,P164457,Polyimines,199.43,8.55
*c1ccc(-c2nc3cc(-c4ccc5nc(*)c(-c6ccc7ccccc7c6)nc5c4)ccc3nc2-c2ccc3ccccc3c2)cc1,333.0,P164458,Polyimines,198.27,9.83
*c1cccc(-c2nc3cc(-c4ccc5nc(*)c(-c6ccc7ccccc7c6)nc5c4)ccc3nc2-c2ccc3ccccc3c2)c1,317.0,P164459,Polyimines,210.2,9.81
*c1ncnc(N(CCCCN(*)c2ccccc2)c2ccccc2)n1,91.0,P164490,Polyimines,81.54,3.79
*c1ncnc(N(CCCCCCN(*)c2ccccc2)c2ccccc2)n1,72.0,P164491,Polyimines,76.87,3.22
*c1ncnc(N(CCCCCCCCCCN(*)c2ccccc2)c2ccccc2)n1,55.0,P164492,Polyimines,77.56,2.81
*c1nc(C)nc(N(CCCCN(*)c2ccccc2)c2ccccc2)n1,85.0,P164493,Polyimines,85.41,3.28
*c1nc(C)nc(N(CCCCCCN(*)c2ccccc2)c2ccccc2)n1,67.0,P164494,Polyimines,77.54,3.56
*c1nc(C)nc(N(CCCCCCCCCCN(*)c2ccccc2)c2ccccc2)n1,48.0,P164495,Polyimines,68.65,2.92
*c1nc(-c2ccccc2)nc(N(CCCCN(*)c2ccccc2)c2ccccc2)n1,94.0,P164496,Polyimines,103.53,4.38
*c1nc(-c2ccccc2)nc(N(CCCCCCCCCCN(*)c2ccccc2)c2ccccc2)n1,62.0,P164497,Polyimines,85.75,3.96
*c1ccc(-c2nnc(-c3cccc(-c4nnc(*)n4-c4ccccc4)c3)n2-c2ccccc2)cc1,272.5,P169043,Polyimines,152.94,7.53
*O[Si](C)(C)Oc1ccc(C(C)(C)c2ccc(*)cc2)cc1,45.0,P170001,"Polyoxides/ethers/acetals, Polysiloxanes/silanes",65.81,2.54
*O[Si](c1ccccc1)(c1ccccc1)c1cccc(*)c1,62.0,P170002,Polysiloxanes/silanes,84.72,3.83
*CCC[Si](*)(C)c1ccc(N(C)C)cc1,6.5,P170003,Polysiloxanes/silanes,46.35,1.44
*CCC[Si](*)(c1ccccc1)c1ccc(N(C)C)cc1,52.0,P170004,Polysiloxanes/silanes,66.45,2.74
*CCC[Si](*)(C)c1ccccc1,-1.5,P170005,Polysiloxanes/silanes,43.01,1.61
*C[Si](*)(C)C,-90.0,P170006,Polysiloxanes/silanes,24.38,0.51
*CCC[Si](*)(C)C,-55.0,P170007,Polysiloxanes/silanes,24.04,0.61
*CCC[Si](*)(c1ccc(C)cc1)c1ccc(C)cc1,38.0,P170008,Polysiloxanes/silanes,72.25,2.64
*O[Si](*)(CC)CC,-139.0,P170009,Polysiloxanes/silanes,14.52,0.14
*O[Si](*)(CCC)CCC,-77.5,P170020,Polysiloxanes/silanes,17.09,0.38
*O[Si](C)(C)O[Si](C)(C)O[Si](*)(c1c(F)c(F)c(F)c(F)c1F)c1c(F)c(F)c(F)c(F)c1F,-42.0,P170021,Polysiloxanes/silanes,64.51,2.13
*O[Si](C)(C)O[Si](*)(C)c1c(F)c(F)c(F)c(F)c1F,-65.0,P170023,Polysiloxanes/silanes,47.19,1.4
*O[Si](C)(C)O[Si](C)(C)O[Si](*)(C)c1c(F)c(F)c(F)c(F)c1F,-83.0,P170024,Polysiloxanes/silanes,47.33,1.09
*O[Si](C)(CCC(F)(F)F)CCC(F)(F)C(F)(F)C(F)(F)C(F)(F)C(F)(F)C(F)(F)CC[Si](*)(C)CCC(F)(F)F,-24.0,P170025,Polysiloxanes/silanes,28.51,0.1
*O[Si](C)(CCC(F)(F)F)CCC(F)(F)C(F)(F)C(F)(F)C(F)(F)C(F)(F)C(F)(F)C(F)(F)C(F)(F)C(F)(F)C(F)(F)CC[Si](*)(C)CCC(F)(F)F,-11.0,P170026,Polysiloxanes/silanes,30.98,0.1
*O[Si](C)(CCC(F)(F)F)CCC(F)(F)C(F)(F)C(F)(F)C(F)(F)C(F)(F)C(F)(F)C(F)(F)C(F)(F)CC[Si](*)(C)CCC(F)(F)F,-28.0,P170027,Polysiloxanes/silanes,29.33,0.1
*O[Si](C)(CCC(F)(F)F)CCC(F)(F)C(F)(F)C(F)(F)C(F)(F)CC[Si](*)(C)CCC(F)(F)F,-25.0,P170028,Polysiloxanes/silanes,27.06,0.18
*O[Si](C)(CCC(F)(F)F)CCC(F)(F)CC[Si](*)(C)CCC(F)(F)F,-38.0,P170029,Polysiloxanes/silanes,23.13,0.27
*O[Si](C)(CCC(F)(F)F)CCC(F)(F)C(F)(F)CC[Si](*)(C)CCC(F)(F)F,-27.0,P170030,Polysiloxanes/silanes,27.1,0.24
*O[Si](*)(C)C,-123.0,P170031,Polysiloxanes/silanes,20.69,0.34
*O[Si](*)(C)C,-123.0,P374137,Polysiloxanes/silanes,17.98,0.36
*O[Si](*)(C)c1c(F)c(F)c(F)c(F)c1F,-25.0,P170032,Polysiloxanes/silanes,50.14,1.48
*O[Si](*)(C)CCC(F)(F)F,-69.0,P170033,Polysiloxanes/silanes,23.99,0.47
*O[Si](C)(Oc1ccc(*)cc1)c1ccccc1,95.0,P170035,"Polyoxides/ethers/acetals, Polysiloxanes/silanes",76.81,2.95
*O[Si](C)(Oc1ccc(C(C)(C)c2ccc(*)cc2)cc1)c1ccccc1,58.0,P170036,"Polyoxides/ethers/acetals, Polysiloxanes/silanes",82.72,3.5
*O[Si](C)(C)Oc1ccc(*)cc1,90.0,P170037,"Polyoxides/ethers/acetals, Polysiloxanes/silanes",53.15,2.09
*O[Si](C)(C)c1c(F)c(F)c(F)c([Si](*)(C)C)c1F,-28.5,P170038,Polysiloxanes/silanes,48.82,1.44
*O[Si](C)(C)O[Si](C)(C)O[Si](C)(C)O[Si](C)(c1ccccc1)c1cccc([Si](*)(C)c2ccccc2)c1,-42.0,P170042,Polysiloxanes/silanes,81.28,2.48
*O[Si](C)(C)O[Si](C)(C)c1c(F)c(F)c(F)c([Si](*)(C)C)c1F,-61.0,P170043,Polysiloxanes/silanes,46.6,1.14
*O[Si](C)(C)c1cccc(C(F)(F)C(F)(F)c2cccc([Si](*)(C)C)c2)c1,-2.0,P170044,Polysiloxanes/silanes,70.12,2.27
*O[Si](C)(C)c1cccc(C(F)(F)C(F)(F)C(F)(F)c2cccc([Si](*)(C)C)c2)c1,-8.0,P170045,Polysiloxanes/silanes,69.22,2.29
*O[Si](C)(C)O[Si](C)(C)c1ccc([Si](*)(C)C)cc1,-62.5,P170046,Polysiloxanes/silanes,45.35,1.13
*O[Si](C)(C)O[Si](C)(C)O[Si](C)(C)O[Si](C)(C)O[Si](C)(C)c1ccc([Si](*)(C)C)cc1,-80.0,P170047,Polysiloxanes/silanes,37.22,0.85
*O[Si](C)(C)O[Si](C)(C)O[Si](C)(C)O[Si](C)(C)c1cccc([Si](*)(C)C)c1,-75.0,P170048,Polysiloxanes/silanes,39.97,1.06
*O[Si](C)(C)O[Si](C)(C)O[Si](C)(C)O[Si](C)(C)c1ccc([Si](*)(C)C)cc1,-72.0,P170049,Polysiloxanes/silanes,38.88,0.98
*O[Si](C)(C)O[Si](C)(C)O[Si](C)(C)c1ccc([Si](*)(C)C)cc1,-62.0,P170050,Polysiloxanes/silanes,42.85,1.17
*O[Si](O[Si](C)(C)c1ccc([Si](*)(C)C)cc1)(c1ccccc1)c1ccccc1,0.0,P170051,Polysiloxanes/silanes,79.38,3.08
*O[Si](C)(C)c1ccc([Si](*)(C)C)cc1,-18.0,P170064,Polysiloxanes/silanes,44.19,1.59
*O[Si](*)(C)CCC,-120.0,P170071,Polysiloxanes/silanes,18.2,0.26
*O[Si](*)(C)CCCCCCCC,-92.0,P170072,Polysiloxanes/silanes,12.11,0.14
*O[SiH](*)C,-3.39,P170073,Polysiloxanes/silanes,31.06,0.92
*O[Si](*)(C)CC,-133.0,P170074,Polysiloxanes/silanes,17.99,0.23
*C/C=C/C[Si](*)(C)C,-57.5,P170077,Polysiloxanes/silanes,22.14,0.57
*C/C=C/C[Si](*)(C)c1ccccc1,-1.0,P170078,Polysiloxanes/silanes,48.65,1.5
*C/C=C/C[Si](*)(CCCOc1ccccc1)c1ccccc1,-5.0,P170080,Polysiloxanes/silanes,50.61,1.95
*C/C=C/C[Si](*)(C)CCCOc1ccc2ccccc2c1,-1.0,P170081,Polysiloxanes/silanes,63.35,2.21
*C/C=C/C[Si](*)(C)CCCOc1ccc(-c2ccccc2)cc1,10.0,P170082,Polysiloxanes/silanes,53.32,2.02
*C/C=C/C[Si](*)(C)CCCOc1ccccc1,-30.0,P170083,Polysiloxanes/silanes,37.32,1.37
*O[Si](*)(C)CCCCOc1ccc(-c2ccc(C#N)cc2)cc1,22.5,P174325,Polysiloxanes/silanes,62.4,2.37
*O[Si](*)(C)CCCCCCCCOc1ccc(C(=O)Oc2ccc(C#N)cc2C)cc1,5.5,P174326,Polysiloxanes/silanes,52.83,1.79
*C[Si](*)(C)CCCCCC,-77.6,P174327,Polysiloxanes/silanes,17.81,0.32
*O[Si](*)(C)CCCCCC,-110.85,P174328,Polysiloxanes/silanes,15.33,0.14
*C[Si](*)(C)CCCN(CC)CC,-31.75,P174329,Polysiloxanes/silanes,22.17,0.46
*C[Si](*)(C)CCCn1c2ccccc2c2ccccc21,71.2,P174330,Polysiloxanes/silanes,77.71,3.76
*O[Si](*)(C)CCCn1c2ccccc2c2ccccc21,55.45,P174331,Polysiloxanes/silanes,78.48,3.52
*C[Si](*)(C)CCCOCCOCCOC,-73.3,P174332,Polysiloxanes/silanes,12.7,0.1
*O[Si](*)(C)CCCOCCOCCOC,-90.1,P174333,Polysiloxanes/silanes,9.59,0.1
*C[Si](*)(CCC)CCC,-41.0,P174481,Polysiloxanes/silanes,20.44,0.59
*C[Si](*)(CCCC)CCCC,-30.0,P174482,Polysiloxanes/silanes,19.33,0.52
*C[Si](*)(CCCCC)CCCCC,-55.0,P174483,Polysiloxanes/silanes,15.5,0.3
*C[Si](*)(CCCCCC)CCCCCC,-56.0,P174484,Polysiloxanes/silanes,13.91,0.18
*N=P(*)(OC)OC,-66.8,P180001,"Polyphosphazenes, Polyimines",22.64,0.61
*N=P(*)(OCC)OCC,-84.0,P180002,"Polyphosphazenes, Polyimines",20.23,0.42
*N=P(*)(OCCC)OCCC,-84.0,P180003,"Polyphosphazenes, Polyimines",16.81,0.28
*N=P(*)(OCCCC)OCCCC,-105.0,P180004,"Polyphosphazenes, Polyimines",13.33,0.1
*N=P(*)(OCCC)OCCCCC,-100.0,P180005,"Polyphosphazenes, Polyimines",13.7,0.1
*N=P(*)(OCCCCC)OCCCCC,-104.0,P180006,"Polyphosphazenes, Polyimines",9.84,0.1
*N=P(*)(OCCCCCC)OCCCCCC,-104.0,P180007,"Polyphosphazenes, Polyimines",7.8,0.1
*N=P(*)(OCCCCCCC)OCCCCCCC,-94.0,P180008,"Polyphosphazenes, Polyimines",6.52,0.1
*N=P(*)(OCCCCCCCC)OCCCCCCCC,-84.0,P180009,"Polyphosphazenes, Polyimines",5.21,0.1
*N=P(*)(OCCCCCCCCC)OCCCCCCCCC,-56.0,P180010,"Polyphosphazenes, Polyimines",5.0,0.1
*N=P(*)(OCCCCCCCCCC)OCCCCCCCCCC,-44.0,P180011,"Polyphosphazenes, Polyimines",5.0,0.1
*N=P(*)(Oc1ccccc1)Oc1ccccc1,-8.0,P180012,"Polyphosphazenes, Polyimines",57.13,2.18
*N=P(*)(Oc1ccc(-c2ccccc2)cc1)Oc1ccc(-c2ccccc2)cc1,85.0,P180013,"Polyphosphazenes, Polyimines",114.35,4.13
*N=P(*)(OCc1ccccc1)OCc1ccccc1,-31.4,P180014,"Polyphosphazenes, Polyimines",53.06,2.11
*N=P(*)(OCc1ccc(-c2ccccc2)cc1)OCc1ccc(-c2ccccc2)cc1,60.0,P180015,"Polyphosphazenes, Polyimines",101.48,4.33
*N=P(*)(OCCc1ccccc1)OCCc1ccccc1,-32.7,P180016,"Polyphosphazenes, Polyimines",55.31,2.08
*N=P(*)(OCCCc1ccccc1)OCCCc1ccccc1,-47.0,P180017,"Polyphosphazenes, Polyimines",47.89,1.93
*N=P(*)(OCC(F)(F)F)OCC(F)(F)F,-66.0,P180019,"Polyphosphazenes, Polyimines",29.89,0.49
*N=P(*)(OCC(F)(F)C(F)(F)F)OCC(F)(F)C(F)(F)F,-52.5,P180020,"Polyphosphazenes, Polyimines",29.96,0.45
*N=P(*)(OCC(F)(F)C(F)(F)C(F)(F)C(F)(F)C(F)(F)C(F)(F)C(F)(F)F)OCC(F)(F)C(F)(F)C(F)(F)C(F)(F)C(F)(F)C(F)(F)C(F)(F)F,-40.0,P180021,"Polyphosphazenes, Polyimines",36.71,0.1
*N=P(*)(Oc1ccc(F)cc1)Oc1ccc(F)cc1,-4.0,P180022,"Polyphosphazenes, Polyimines",68.42,2.25
*N=P(*)(Oc1cccc(C(F)(F)F)c1)Oc1cccc(C(F)(F)F)c1,-35.0,P180023,"Polyphosphazenes, Polyimines",66.77,2.07
*N=P(*)(OCc1ccc(Br)cc1)OCc1ccc(Br)cc1,-0.8,P180024,"Polyphosphazenes, Polyimines",69.36,2.39
*N=P(*)(OCCOC)OCCOC,-78.0,P180025,"Polyphosphazenes, Polyimines",17.05,0.22
*N=P(*)(OCCOCCOC)OCCOCCOC,-81.0,P180026,"Polyphosphazenes, Polyimines",7.84,0.1
*N=P(*)(OCCOCCOCC)OCCOCCOCC,-78.0,P180027,"Polyphosphazenes, Polyimines",5.8,0.1
*N=P(*)(OCCOCCOCCCC)OCCOCCOCCCC,-84.0,P180028,"Polyphosphazenes, Polyimines",5.0,0.1
*N=P(*)(NCC)NCC,30.0,P180029,"Polyphosphazenes, Polyimines",32.21,0.91
*N=P(*)(N(C)C)N(C)C,-4.0,P180030,"Polyphosphazenes, Polyimines",29.41,0.83
*N=P(*)(N1CCCCC1)N1CCCCC1,19.0,P180031,"Polyphosphazenes, Polyimines",35.5,0.94
*N=P(*)(Nc1ccccc1)Nc1ccccc1,103.45,P180032,"Polyphosphazenes, Polyimines",75.41,3.07
*N=P(*)(Cl)Cl,-63.0,P180033,"Polyphosphazenes, Polyimines",32.39,0.7
*N=P(*)(Oc1ccc(Cl)cc1)Oc1ccc(Cl)cc1,4.0,P180034,"Polyphosphazenes, Polyimines",72.92,2.29
*N=P(*)(Oc1ccc(Cl)cc1Cl)Oc1ccc(Cl)cc1Cl,2.0,P180035,"Polyphosphazenes, Polyimines",75.77,2.51
*N=P(*)(Oc1ccc(C)c(C)c1)Oc1ccc(C)c(C)c1,-1.5,P180036,"Polyphosphazenes, Polyimines",69.66,2.62
*N=P(*)(Oc1ccc(C(C)C)cc1)Oc1ccc(C(C)C)cc1,0.0,P180037,"Polyphosphazenes, Polyimines",63.44,2.31
*N=P(*)(Oc1ccc(C)cc1)Oc1ccc(C)cc1,5.0,P180038,"Polyphosphazenes, Polyimines",58.92,2.56
*N=P(*)(C)C,-42.0,P180040,"Polyphosphazenes, Polyimines",27.98,0.77
*N=P(*)(Oc1ccc2ccccc2c1)Oc1ccc2ccccc2c1,47.0,P180041,"Polyphosphazenes, Polyimines",93.36,4.23
*N=P(*)(Oc1cccc(C)c1)Oc1cccc(C)c1,-25.0,P180042,"Polyphosphazenes, Polyimines",57.41,2.07
*=NP(Cl)(Cl)=NP(Cl)(Cl)=NC(=*)Cl,-21.0,P180043,"Polyphosphazenes, Polyimines",36.23,0.69
*N=P1(*)Oc2ccccc2-c2ccccc2O1,160.0,P189026,"Polyoxides/ethers/acetals, Polyphosphazenes, Polyimines",93.18,3.54
*CCC(*)=O,15.0,P190001,Polyketones/thioketones,31.88,1.01
*Oc1ccc(C(=O)c2ccc(*)cc2)cc1,154.0,P190003,"Polyoxides/ethers/acetals, Polyketones/thioketones",74.35,2.91
*OS(=O)(=O)c1cccc(C(=O)c2cccc(S(=O)(=O)Oc3ccc(C(C)(C)c4ccc(*)cc4)cc3)c2)c1,122.0,P190004,"Polyketones/thioketones, Polysulfones/sulfoxides/sufonates/sulfoamides",103.75,4.31
*OS(=O)(=O)c1cccc(S(=O)(=O)Oc2ccc(C(C)(C)c3ccc(*)cc3)cc2)c1,124.0,P200001,Polysulfones/sulfoxides/sufonates/sulfoamides,102.44,3.86
*C1CCCCC1S(*)(=O)=O,77.0,P200009,Polysulfones/sulfoxides/sufonates/sulfoamides,44.38,1.22
*C1CCCC(S(*)(=O)=O)C1,108.0,P200010,Polysulfones/sulfoxides/sufonates/sulfoamides,43.48,1.57
*OS(=O)(=O)c1ccc(*)cc1,119.0,P200011,Polysulfones/sulfoxides/sufonates/sulfoamides,65.09,2.43
*CC(C)(C)CS(*)(=O)=O,108.5,P200016,Polysulfones/sulfoxides/sufonates/sulfoamides,43.88,1.29
*c1ccc(Cc2ccc(S(*)(=O)=O)cc2)cc1,227.5,P200018,Polysulfones/sulfoxides/sufonates/sulfoamides,81.92,3.34
*c1ccc(*)cc1,291.5,P210001,Polyphenylenes,78.88,3.0
*c1ccc(C(*)C)cc1,93.0,P210003,Polyphenylenes,61.11,2.15
*CCc1ccc(*)cc1,65.0,P210006,Polyphenylenes,51.84,2.03
*CCc1cccc(*)c1,9.0,P210007,Polyphenylenes,46.95,1.76
*CCc1ccc(*)c(C)c1,57.5,P210008,Polyphenylenes,48.18,1.81
*CCc1ccc(*)c(CC)c1,25.0,P210009,Polyphenylenes,43.73,1.89
*CCc1cc(C)c(*)cc1C,100.0,P210010,Polyphenylenes,52.17,2.22
*CCCc1ccc(-c2c(-c3ccccc3)cc(-c3ccc(-c4cc(-c5ccccc5)c(-c5ccc(*)cc5)c(-c5ccccc5)c4-c4ccccc4)cc3)c(-c3ccccc3)c2-c2ccccc2)cc1,290.0,P210011,Polyphenylenes,226.73,9.61
*CCCc1ccc(-c2c(-c3ccccc3)cc(-c3cccc(-c4cc(-c5ccccc5)c(-c5ccc(*)cc5)c(-c5ccccc5)c4-c4ccccc4)c3)c(-c3ccccc3)c2-c2ccccc2)cc1,240.0,P210012,Polyphenylenes,224.16,10.47
*CCCCc1ccc(-c2c(-c3ccccc3)cc(-c3ccc(-c4cc(-c5ccccc5)c(-c5ccc(*)cc5)c(-c5ccccc5)c4-c4ccccc4)cc3)c(-c3ccccc3)c2-c2ccccc2)cc1,205.0,P210013,Polyphenylenes,217.16,10.05
*CCCCc1ccc(-c2c(-c3ccccc3)cc(-c3cccc(-c4cc(-c5ccccc5)c(-c5ccc(*)cc5)c(-c5ccccc5)c4-c4ccccc4)c3)c(-c3ccccc3)c2-c2ccccc2)cc1,180.0,P210014,Polyphenylenes,227.41,10.13
*CCCCCCc1ccc(-c2c(-c3ccccc3)cc(-c3ccc(-c4cc(-c5ccccc5)c(-c5ccc(*)cc5)c(-c5ccccc5)c4-c4ccccc4)cc3)c(-c3ccccc3)c2-c2ccccc2)cc1,250.0,P210015,Polyphenylenes,233.5,10.57
*CCCCCCc1ccc(-c2c(-c3ccccc3)cc(-c3cccc(-c4cc(-c5ccccc5)c(-c5ccc(*)cc5)c(-c5ccccc5)c4-c4ccccc4)c3)c(-c3ccccc3)c2-c2ccccc2)cc1,215.0,P210016,Polyphenylenes,219.81,10.35
*CCCCCCCCCCc1ccc(-c2c(-c3ccccc3)cc(-c3ccc(-c4cc(-c5ccccc5)c(-c5ccc(*)cc5)c(-c5ccccc5)c4-c4ccccc4)cc3)c(-c3ccccc3)c2-c2ccccc2)cc1,235.0,P210017,Polyphenylenes,240.07,8.98
*CCCCCCCCCCCCCCc1ccc(-c2c(-c3ccccc3)cc(-c3ccc(-c4cc(-c5ccccc5)c(-c5ccc(*)cc5)c(-c5ccccc5)c4-c4ccccc4)cc3)c(-c3ccccc3)c2-c2ccccc2)cc1,185.0,P210018,Polyphenylenes,203.11,10.18
*CCCCCCCCCCCCCCc1ccc(-c2c(-c3ccccc3)cc(-c3cccc(-c4cc(-c5ccccc5)c(-c5ccc(*)cc5)c(-c5ccccc5)c4-c4ccccc4)c3)c(-c3ccccc3)c2-c2ccccc2)cc1,160.0,P210019,Polyphenylenes,196.42,10.27
*CCc1ccc(*)c(C#N)c1,90.0,P210020,Polyphenylenes,53.56,2.29
*CCc1ccc(*)c(Cl)c1,75.0,P210021,Polyphenylenes,57.19,2.04
*CCc1ccc(*)c(Br)c1,80.0,P210022,Polyphenylenes,58.02,2.02
*CCc1ccc(*)c2ccccc12,160.0,P210024,Other polymers,79.35,2.98
*c1cccc(*)c1,104.93,P210026,Polyphenylenes,59.5,2.45
*/C=C/c1ccc(*)cc1,240.0,P210027,Polyphenylenes,66.38,2.94
*c1ccc(C(F)(F)C(*)(F)F)cc1,76.95,P210042,Other polymers,52.82,1.89
*c1cccc(-c2cccc(C(F)(F)C(F)(F)C(*)(F)F)c2)c1,45.0,P210043,Other polymers,69.41,2.82
*c1ccc(C(Cl)(Cl)C(*)Cl)cc1,160.0,P210044,Polyphenylenes,69.29,2.52
*c1cccc(C(F)(F)C(F)(F)C(*)(F)F)c1,29.0,P210045,Other polymers,57.35,1.71
*CCCCCCCCCCc1ccc(-c2c(-c3ccccc3)cc(-c3cccc(-c4cc(-c5ccccc5)c(-c5ccc(*)cc5)c(-c5ccccc5)c4-c4ccccc4)c3)c(-c3ccccc3)c2-c2ccccc2)cc1,180.0,P210047,Polyphenylenes,220.94,9.94
*CCc1cc(Cl)c(*)c(Cl)c1,110.0,P210060,Polyphenylenes,63.47,2.18
*C1c2cccc3cccc(c23)C1*,250.0,P219039,Polydienes,92.4,3.98
*CCC(C)(C)C(*)(C)C,87.0,P310005,Polyolefins,34.9,1.23
*C([2H])([2H])C(*)([2H])C([2H])([2H])[2H],0.0,P310010,Polyolefins,27.61,0.9
*CCC1CC(*)C2CCCC12,101.0,P310012,Polyolefins,41.4,1.39
*CCCC(*)C,-52.6,P310015,Polyolefins,21.83,0.61
*CC(*)C1CCCCC1C,186.0,P312001,Polyolefins,50.64,1.87
*CC(*)C1CCC(C(C)(C)C)CC1,131.0,P312002,Polyolefins,50.06,1.51
*CCCCCC(*)C,-66.0,P312004,Polyolefins,17.63,0.38
*CCCCCC(*)CC,-73.0,P312005,Polyolefins,17.16,0.33
*CCCCCC(*)CCC,-68.0,P312006,Polyolefins,15.79,0.32
*CCCCCC(*)CCCC,-69.0,P312007,Polyolefins,13.7,0.25
*CCCCCC(*)CCCCCC,-76.0,P312008,Polyolefins,10.15,0.13
*CCCCCC(*)CCCCCCCC,-72.0,P312009,Polyolefins,9.12,0.1
*CCCCCC(*)CCCCCCCCCC,-65.0,P312010,Polyolefins,6.66,0.1
*CC(*)CCCCCCCCCCCCCCCCCC,-88.0,P312014,Polyolefins,5.0,0.1
*C1CCC(*)C1,65.1,P312022,Polyolefins,37.49,1.42
*C1C2CCC(C2)C1*,240.0,P312024,Polyolefins,58.68,1.98
*CCC([2H])C(*)([2H])C,-47.5,P312030,Polyolefins,23.92,0.66
*C1C2CC(C)C(C2)C1*,350.0,P312031,Polyolefins,63.64,3.0
*C1CC2CC1C(*)C2CCCC,235.0,P312034,Polyolefins,57.16,2.0
*C1CC2CC1C(*)C2CCCCCC,252.0,P312035,Polyolefins,54.44,1.86
*CCC1CC(*)C2C3CC(CC)C(C3)C12,138.0,P312038,Polyolefins,43.92,1.55
*CCC1CC(*)C2C3CCC(C3)C12,164.0,P312042,Polyolefins,52.83,1.61
*CC(*)c1ccc(C(=O)OCCN(CC)CC)cc1,74.0,P320001,"Polystyrenes, Polyvinyls",43.98,1.92
*CC(*)c1ccc(/C(Cc2ccccc2)=N/O)cc1,111.0,P320002,"Polystyrenes, Polyvinyls",76.48,3.09
*CC(*)c1ccccc1COCCCCCCCC,13.0,P320003,"Polystyrenes, Polyvinyls",38.78,1.21
*CC(*)c1ccc(C(O)C(F)(F)F)cc1,110.0,P320006,"Polystyrenes, Polyvinyls",65.2,2.28
*CC(*)(C)c1ccc2ccccc2n1,193.0,P320016,"Polystyrenes, Polyvinyls",84.34,3.59
*CC(*)c1ccc([Si](C)(C)OC(C)C)cc1,180.0,P320017,"Polystyrenes, Polyvinyls",67.47,2.32
*CC(*)c1cccc(OC(C)=O)c1,76.0,P320018,"Polystyrenes, Polyvinyls",49.79,2.23
*CC(*)c1cccc(NC(C)=O)c1,163.0,P320019,"Polystyrenes, Polyvinyls",59.64,2.31
*CC(*)(C)c1ccc2ccccc2c1,208.0,P320020,"Polystyrenes, Polyvinyls",76.79,3.37
*CC(*)c1ccc(C([Sn](C)(C)C)[Sn](C)(C)C)cc1,140.0,P320023,"Polystyrenes, Polyvinyls",72.91,2.25
*CC(*)c1ccc(C([Si](C)(C)C)[Si](C)(C)C)cc1,156.0,P320024,"Polystyrenes, Polyvinyls",68.07,2.39
*CC(*)c1ccc(C[Si](C)(C)C)cc1,82.0,P320025,"Polystyrenes, Polyvinyls",53.82,1.97
*CC(*)c1c([2H])c([2H])c([2H])c([2H])c1[2H],100.0,P320026,"Polystyrenes, Polyvinyls",54.9,2.24
*CC(CC(*)(C#N)C#N)c1ccc(OC(C)=O)cc1,180.0,P320057,"Polystyrenes, Polyvinyls",62.86,2.48
*CC(CC(*)(C#N)C#N)c1ccc(F)cc1,180.0,P320058,"Polystyrenes, Polyvinyls",69.41,2.66
*CC(CC(*)(C#N)C#N)c1ccc(Cl)cc1,180.0,P320059,"Polystyrenes, Polyvinyls",66.73,2.58
*CC(CC(*)(C#N)C#N)c1ccc(CCl)cc1,180.0,P320060,"Polystyrenes, Polyvinyls",68.9,2.69
*CC(*)c1ccc(COCCC(F)(F)C(F)(F)C(F)(F)C(F)(F)F)cc1,13.0,P320063,"Polystyrenes, Polyvinyls",50.34,1.33
*CC(*)c1ccc(COCCC(F)(F)C(F)(F)C(F)(F)C(F)(F)C(F)(F)C(F)(F)C(F)(F)C(F)(F)F)cc1,55.0,P320064,"Polystyrenes, Polyvinyls",56.67,1.43
*CC(*)c1ccc([Si](C)(C)O[Si](C)(C)C)cc1,35.5,P322001,"Polystyrenes, Polyvinyls",46.71,1.61
*CC(*)c1ccccc1O,172.0,P322002,"Polystyrenes, Polyvinyls",64.11,2.75
*CC(*)c1cccc(O)c1,169.0,P322003,"Polystyrenes, Polyvinyls",64.85,2.37
*CC(*)c1cc(OC)c(OC(C)=O)c(OC)c1,147.0,P322004,"Polystyrenes, Polyvinyls",64.91,2.16
*CC(*)c1cc(OC)c(O)c(OC)c1,147.0,P322005,"Polystyrenes, Polyvinyls",63.5,2.34
*CC(*)c1ccc(COc2ccc(-c3ccc(C#N)cc3)cc2)cc1,132.0,P322009,"Polystyrenes, Polyvinyls",86.01,3.95
*CC(*)c1ccc(Cl)c([N+](=O)[O-])c1,132.9,P322010,"Polystyrenes, Polyvinyls",63.67,2.31
*CC(*)c1ccccc1Br,149.0,P322011,"Polystyrenes, Polyvinyls",65.52,2.48
*C(c1ccc(N(C)C)cc1)C(*)c1ccc([N+](=O)[O-])cc1,139.0,P322012,"Polystyrenes, Polyvinyls",81.75,2.96
*CCCCC(c1ccc(O)cc1)C(*)c1ccc(O)cc1C,25.0,P322014,"Polystyrenes, Polyvinyls",66.28,2.46
*CCCCCC(c1ccc(O)cc1)C(*)c1ccc(O)cc1C,16.0,P322015,"Polystyrenes, Polyvinyls",54.8,2.17
*CCCCCCC(c1ccc(O)cc1)C(*)c1ccc(O)cc1C,18.0,P322016,"Polystyrenes, Polyvinyls",64.55,2.32
*CCCCCCCC(c1ccc(O)cc1)C(*)c1ccc(O)cc1C,4.0,P322017,"Polystyrenes, Polyvinyls",57.61,2.04
*CCCCCCCCC(c1ccc(O)cc1)C(*)c1ccc(O)cc1C,-12.0,P322018,"Polystyrenes, Polyvinyls",57.25,1.96
*CCCCCCCCCC(c1ccc(O)cc1)C(*)c1ccc(O)cc1C,-1.0,P322019,"Polystyrenes, Polyvinyls",57.56,2.12
*CCCCCCCCCCC(c1ccc(O)cc1)C(*)c1ccc(O)cc1C,-4.0,P322020,"Polystyrenes, Polyvinyls",47.29,1.74
*CCCCCCCCCCCC(c1ccc(O)cc1)C(*)c1ccc(O)cc1C,4.0,P322021,"Polystyrenes, Polyvinyls",53.47,1.83
*CCCCCCCCCCCCC(c1ccc(O)cc1)C(*)c1ccc(O)cc1C,-1.0,P322022,"Polystyrenes, Polyvinyls",53.32,1.94
*CC(*)c1cccc(Br)c1,102.0,P322025,"Polystyrenes, Polyvinyls",61.99,2.13
*CC(*)c1ccc(OC(C)=O)c(OC)c1,115.0,P322026,"Polystyrenes, Polyvinyls",60.2,2.08
*CC(*)c1ccc(O)c(OC)c1,142.0,P322027,"Polystyrenes, Polyvinyls",62.32,2.33
*CC(*)c1ccc(COCCC(F)(F)C(F)(F)C(F)(F)C(F)(F)C(F)(F)C(F)(F)F)cc1,18.0,P322031,"Polystyrenes, Polyvinyls",53.46,1.38
*CC(*)c1ccc([Si](C)(C)O[Si](C)(C)O[Si](C)(C)C)cc1,-27.0,P322032,"Polystyrenes, Polyvinyls",42.03,1.29
*CC(*)c1ccc([Si](C)(O[Si](C)(C)C)O[Si](C)(C)C)cc1,54.0,P322033,"Polystyrenes, Polyvinyls",53.03,1.8
*CC(*)c1ccc([Si](O[Si](C)(C)C)(O[Si](C)(C)C)O[Si](C)(C)C)cc1,114.0,P322034,"Polystyrenes, Polyvinyls",53.14,2.01
*CC(*)c1ccc(CCl)cc1,113.5,P322039,"Polystyrenes, Polyvinyls",59.59,2.21
*CC(*)c1ccc(OP2(OCCOCCOCCOC)=NP(OCCOCCOCCOC)(OCCOCCOCCOC)=NP(OCCOCCOCCOC)(OCCOCCOCCOC)=N2)cc1,-46.0,P322043,"Polystyrenes, Polyvinyls",5.0,0.1
*CC(*)(C)c1ccc(C(O)C(F)(F)F)cc1,199.0,P322044,"Polystyrenes, Polyvinyls",68.89,2.46
*CC(*)c1ccc([Si](C)(C)O)cc1,147.0,P322051,"Polystyrenes, Polyvinyls",57.13,2.6
*CC(*)c1ccccc1OC(C)=O,118.0,P322056,"Polystyrenes, Polyvinyls",62.41,2.04
*CC(*)c1ccc([SiH](C)C)cc1,105.0,P322057,"Polystyrenes, Polyvinyls",53.85,2.11
*CC(*)c1ccc(Cn2c3ccccc3c3ccccc32)cc1,166.0,P322058,"Polystyrenes, Polyvinyls",117.9,5.11
*CCC(c1ccccc1)C(*)c1ccccc1,104.3,P322082,"Polystyrenes, Polyvinyls",67.09,3.04
*CC(*)c1cc(C(=O)Oc2ccc(OC)cc2)ccc1C(=O)Oc1ccc(OC)cc1,115.0,P322090,"Polystyrenes, Polyvinyls",92.28,3.36
*CC(*)c1c(F)c(F)c(OCC(F)(F)C(F)(F)F)c(F)c1F,61.0,P322093,"Polystyrenes, Polyvinyls",59.43,1.98
*CC(*)c1c(F)c(F)c(OCC(F)(F)C(F)(F)C(F)(F)C(F)(F)C(F)(F)C(F)(F)C(F)(F)F)c(F)c1F,21.0,P322094,"Polystyrenes, Polyvinyls",55.39,1.31
*CC(*)c1c(F)c(F)c(OC)c(F)c1F,94.0,P322095,"Polystyrenes, Polyvinyls",55.89,2.07
*CCC1CC(*)C2C3CC(c4ccc(COC(C)CC)cc4)C(C3)C12,139.0,P322110,"Polystyrenes, Polyvinyls",60.41,1.96
*CC(*)c1ccc(OCCOCCOC(C)=O)cc1,-3.0,P322111,"Polystyrenes, Polyvinyls",35.92,1.47
*CC(*)c1cc(C(=O)Oc2ccc(OCCCC)cc2)ccc1C(=O)Oc1ccc(OCCCC)cc1,103.6,P322112,"Polystyrenes, Polyvinyls",78.46,3.05
*CC(*)(C)c1nc(N(CCOCCOCCOC)CCOCCOCCOC)nc(N(CCOCCOCCOC)c2ccccc2)n1,-75.0,P322114,"Polystyrenes, Polyvinyls",22.92,0.58
*CC(*)c1ccc(B(Oc2ccc(B3OC(C)(C)C(C)(C)O3)c3cccnc23)c2ccc(C(C)(C)C)cc2)cc1,275.0,P322121,"Polystyrenes, Polyvinyls",141.91,5.44
*CC(*)c1ccc(B(Oc2ccc(-c3c(F)c(F)c(F)c(F)c3F)c3cccnc23)c2ccc(C(C)(C)C)cc2)cc1,245.0,P322122,"Polystyrenes, Polyvinyls",150.44,6.4
*CC(*)c1ccc(B(Oc2cccc3cccnc23)c2ccc(C(C)(C)C)cc2)cc1,240.0,P322123,"Polystyrenes, Polyvinyls",109.41,4.94
*CC(*)c1ccc(B(Oc2ccc(Cl)c3cccnc23)c2ccc(C(C)(C)C)cc2)cc1,238.0,P322124,"Polystyrenes, Polyvinyls",111.7,5.22
*CC(*)c1ccc(B(Oc2ccc(-c3ccc(OC)cc3)c3cccnc23)c2ccc(C(C)(C)C)cc2)cc1,220.0,P322125,"Polystyrenes, Polyvinyls",141.84,5.15
*CC(*)c1ccc(B(Oc2ccc(-c3ccc(N(C)C)cc3)c3cccnc23)c2ccc(C(C)(C)C)cc2)cc1,230.0,P322126,"Polystyrenes, Polyvinyls",135.06,5.37
*CC(*)c1ccc(N(c2ccccc2)c2ccccc2)cc1,123.5,P322128,"Polystyrenes, Polyvinyls",91.8,3.56
*CCC(*)(C)c1ccccc1,93.0,P322137,"Polystyrenes, Polyvinyls",53.48,2.28
*CC(*)c1ccc(-c2ccc3c(c2)C(CCCCCC)(CCCCCC)c2ccccc2-3)cc1,81.25,P322140,"Polystyrenes, Polyvinyls",83.8,3.44
*CC(*)c1ccc(-c2ccc3c(c2)C(CCCCCC)(CCCCCC)c2cc(-c4ccc5c(c4)C(CCCCCC)(CCCCCC)c4ccccc4-5)ccc2-3)cc1,78.6,P322141,"Polystyrenes, Polyvinyls",104.22,4.4
*CC(*)c1cc[n+](CCCCCCCC)cc1,206.2,P322144,"Polystyrenes, Polyvinyls",54.87,2.15
*CC(*)c1cc(-c2ccc(C(=O)OC(C)CC)cc2)ccc1-c1ccc(C(=O)OC(C)CC)cc1,212.5,P322146,"Polystyrenes, Polyvinyls",97.57,4.0
*CC(*)c1cc(-c2ccc(C(=O)OC(C)CCCCCC)cc2)ccc1-c1ccc(C(=O)OC(C)CCCCCC)cc1,102.0,P322147,"Polystyrenes, Polyvinyls",77.11,2.77
*CC(*)c1cc(-c2ccc(C(=O)OC3CC(C)CCC3C(C)C)cc2)ccc1-c1ccc(C(=O)OC2CC(C)CCC2C(C)C)cc1,217.5,P322148,"Polystyrenes, Polyvinyls",110.47,3.68
*CC(*)c1ccc(COCC(F)(F)C(F)(F)C(F)(F)C(F)(F)F)cc1,23.0,P322152,"Polystyrenes, Polyvinyls",46.73,1.56
*CC(*)c1ccc(CCC(F)(F)C(F)(F)C(F)(F)C(F)(F)F)cc1,23.0,P322153,"Polystyrenes, Polyvinyls",53.89,1.44
*CC(*)c1cccc(N(c2ccc(C)cc2)c2ccc(C)cc2)c1,126.5,P322154,"Polystyrenes, Polyvinyls",85.53,3.84
*CC(*)c1ccc(-c2cccc3nsnc23)cc1,150.0,P322155,"Polystyrenes, Polyvinyls",104.83,3.95
*CC(*)c1ccc(COc2ccc(-c3ccc(-c4ccc(C)cc4)c4nsnc34)cc2)cc1,117.0,P322156,"Polystyrenes, Polyvinyls",121.3,5.0
*CC(*)c1ccc(COc2ccc(-c3ccc(-c4ccc(C)s4)c4nsnc34)cc2)cc1,130.0,P322157,"Polystyrenes, Polyvinyls",121.97,5.04
*CC(*)c1ccc(COc2ccc(-c3ccc(-c4ccc(-c5ccc(CCCCCC)s5)s4)c4nsnc34)cc2)cc1,122.0,P322158,"Polystyrenes, Polyvinyls",148.45,5.37
*CC(*)c1cc(C(=O)OC)ccc1-c1ccc(OCCCCCCCC)cc1,126.0,P322161,"Polystyrenes, Polyvinyls",65.95,2.59
*CC(*)c1cc(C(=O)OCC)ccc1-c1ccc(OCCCCCCCC)cc1,95.0,P322162,"Polystyrenes, Polyvinyls",61.48,2.47
*CC(*)c1cc(C(=O)OCCCC)ccc1-c1ccc(OCCCCCCCC)cc1,74.0,P322163,"Polystyrenes, Polyvinyls",62.47,2.4
*CC(*)c1cc(C(=O)OCCCCCC)ccc1-c1ccc(OCCCCCCCC)cc1,64.0,P322164,"Polystyrenes, Polyvinyls",59.48,1.9
*CC(*)c1cc(C(=O)OCCCCCCCC)ccc1-c1ccc(OCCCCCCCC)cc1,57.0,P322165,"Polystyrenes, Polyvinyls",49.03,1.85
*CC(*)c1cc(C(=O)OCCCCCCCCCC)ccc1-c1ccc(OCCCCCCCC)cc1,44.0,P322166,"Polystyrenes, Polyvinyls",47.14,1.69
*CC(*)c1cc(C(=O)OCCCCCCCCCCCC)ccc1-c1ccc(OCCCCCCCC)cc1,42.0,P322167,"Polystyrenes, Polyvinyls",40.15,1.56
*CC(*)c1c(F)c(F)c(P(=O)(O)O)c(F)c1F,330.0,P322168,"Polystyrenes, Polyvinyls",92.85,3.19
*CC(*)c1c(F)c(F)c(C(F)(F)F)c(F)c1F,112.0,P322169,"Polystyrenes, Polyvinyls",60.63,2.19
*CC(*)c1ccccc1C(F)(F)F,165.0,P322170,"Polystyrenes, Polyvinyls",68.97,2.53
*CC(*)c1cc(C(F)(F)F)cc(C(F)(F)F)c1,116.0,P322172,"Polystyrenes, Polyvinyls",67.22,2.33
*CC(*)c1ccccc1,99.9,P020001,"Polystyrenes, Polyvinyls",61.03,2.28
*CC(*)c1ccccc1,99.9,P322231,"Polystyrenes, Polyvinyls",60.9,2.17
*CC(*)c1ccccn1,105.0,P030014,"Polystyrenes, Polyvinyls",61.8,2.43
*CC(*)c1ccccn1,105.0,P322232,"Polystyrenes, Polyvinyls",56.66,2.21
*CC(*)OC(=O)C(Cl)(Cl)Cl,59.0,P330001,Polyvinyls,40.35,1.22
*CC(*)P(=O)(N(C)C)N(C)C,25.0,P330002,Polyvinyls,32.05,0.96
*CC(*)OC(=O)c1nn(C(C)=O)c2ccccc12,150.0,P330005,Polyvinyls,74.34,3.15
*CC(*)[Si](C)(C)C,137.0,P330016,Polyvinyls,41.14,1.52
*CC(*)OC(=O)OC([2H])([2H])[2H],55.0,P330040,Polyvinyls,35.44,1.07
*CC(*)OC(=O)OCC(Cl)(Cl)Cl,74.0,P330041,Polyvinyls,45.49,1.32
*CC(*)OC(=O)OCC(F)(F)F,57.0,P330042,Polyvinyls,37.63,1.18
*CC(*)OC(=O)OCCC(F)(F)C(F)(F)C(F)(F)C(F)(F)C(F)(F)C(F)(F)F,37.0,P330043,Polyvinyls,36.79,0.68
*/C(CC)=C(/*)c1ccccc1,200.0,P330044,Polyvinyls,70.07,2.93
*/C(CCCCCC)=C(/*)c1ccccc1,200.0,P330045,Polyvinyls,59.25,2.47
*/C(Cl)=C(/*)c1ccccc1,215.0,P330046,Polyvinyls,68.8,2.7
*/C(Cl)=C(/*)CCCC,190.0,P330047,"Polyvinyls, Polydienes",47.86,1.92
*/C(Cl)=C(/*)CCCCCC,150.0,P330048,"Polyvinyls, Polydienes",39.88,1.37
*/C(Cl)=C(/*)CCCCCCCC,90.0,P330049,"Polyvinyls, Polydienes",30.65,1.08
*/C(C)=C(/*)[Si](C)(C)CCCCCC,200.0,P330050,Polyvinyls,44.82,1.58
*/C(C)=C(/*)[Si](C)(C)C[Si](C)(C)C,200.0,P330051,Polyvinyls,52.94,1.85
*/C(C)=C(/*)[Si](C)(C)CC[Si](C)(C)C,200.0,P330052,Polyvinyls,49.65,1.77
*/C=C(/*)C(CCCCC)[Si](C)(C)C,170.0,P330053,Polyvinyls,46.31,1.65
*/C=C(/*)C(CCCCCCC)[Si](C)(C)C,150.0,P330054,Polyvinyls,39.05,1.39
*CC(*)n1c2ccccc2c2cc3ccccc3cc21,253.0,P330057,Polyvinyls,127.34,4.84
*CC(*)n1c2ccccc2c2c3ccccc3ccc21,291.5,P330058,Polyvinyls,121.05,5.43
*CC(*)(CC(=O)O)C(=O)O,141.0,P330072,Polyvinyls,39.93,1.54
*CC(*)N1CCCC1=S,80.0,P330076,Polyvinyls,36.55,1.19
*/C=C/CC(C*)c1ccccc1,14.0,P330077,Polyvinyls,45.73,1.81
*CC(*)[Si](C)(C)Cc1ccccc1,-24.0,P330085,Polyvinyls,42.09,1.57
*CC(*)OCCOCCOCCOC,-76.0,P330100,Polyvinyls,10.03,0.1
*/C=C/C1CC(*)C([Si](C)(C)C)C1,113.0,P330104,Polyvinyls,41.88,1.38
*/C=C/C1CC(*)C([Si](C)(C)C[Si](C)(C)C)C1,24.0,P330105,Polyvinyls,37.99,0.86
*/C=C(/*)c1ccc(-n2c(=O)c3cc4c(=O)n(-c5ccc(C#C)cc5)c(=O)c4cc3c2=O)cc1,420.0,P330111,Polyvinyls,147.81,6.59
*/C=C/C1CC(*)C(C(=O)OCCCCCCCCOc2ccc(/C=C/c3ccc([N+](=O)[O-])cc3)cc2)C1,51.0,P330114,Polyvinyls,63.1,1.91
*/C=C/C(C*)COCC(=O)OCCCCCCCCOc1ccc(/C=C/c2ccc([N+](=O)[O-])cc2)cc1,23.0,P330115,Polyvinyls,47.72,1.7
*/C=C/CC(C*)(C(=O)OC12CC3CC(CC(C3)C1)C2)C(=O)OC12CC3CC(CC(C3)C1)C2,34.0,P330116,Polyvinyls,42.13,0.89
*CC(*)OCCCCCCCCCCCOc1ccc(C(=O)Oc2ccc(C#N)cc2)cc1,37.0,P330120,Polyvinyls,52.91,1.88
*CC(*)OCCCCCCCCCCCOc1ccc(C(=O)Oc2ccc(OCC)cc2)cc1,37.0,P330121,Polyvinyls,52.0,1.74
*/C=C/C(C)C(*)C(=O)OC12CC3CC(CC(C3)C1)C2,115.0,P330122,Polyvinyls,42.31,1.33
*CC(*)NC=O,150.0,P330138,Polyvinyls,43.54,1.75
*CC(*)c1ccc2c(c1)OCO2,138.0,P330139,Polyvinyls,56.02,2.29
*CC(*)c1cccc2c1OCO2,119.0,P330140,Polyvinyls,64.59,2.35
*/C=C/C(C(=O)OCc1ccccc1)C(*)C(=O)OCc1ccccc1,21.0,P330165,Polyvinyls,65.35,2.3
*/C=C/C(C(=O)OCC)C(*)C(=O)OCC,6.0,P330166,Polyvinyls,26.29,0.68
*/C=C/C(COCc1ccccc1)C(*)COCc1ccccc1,-4.0,P330167,Polyvinyls,50.38,2.06
*CC(*)S(=O)(=O)c1ccccc1,128.0,P332002,Polyvinyls,61.34,2.49
*/C=C(/*)c1ccccc1C(F)(F)F,130.0,P332004,Polyvinyls,70.13,2.26
*/C=C(/*)c1ccccc1[Si](C)(C)C,190.0,P332005,Polyvinyls,62.94,2.71
*/C=C(/*)c1c(C)cc(C(C)(C)C)cc1C,200.0,P332007,Polyvinyls,79.19,2.72
*/C=C(/*)c1ccccc1[Ge](C)(C)C,180.0,P332010,Polyvinyls,76.54,2.35
*/C=C(/*)c1ccccc1C[Si](C)(C)C,170.0,P332011,Polyvinyls,61.41,2.39
*/C=C(/*)c1c(F)c(F)c(CCCC)c(F)c1F,110.0,P332012,Polyvinyls,58.18,2.33
*/C(=C(/*)c1ccc(CCCC)cc1)c1ccccc1,200.0,P332013,Polyvinyls,77.11,3.2
*/C(=C(/*)c1ccc(C(C)(C)C)cc1)c1ccccc1,200.0,P332014,Polyvinyls,86.6,3.55
*/C(=C(/*)c1ccc([Si](C)(C)C)cc1)c1ccccc1,200.0,P332015,Polyvinyls,88.73,3.2
*/C(=C(/*)c1cccc([Si](C)(C)C)c1)c1ccccc1,200.0,P332016,Polyvinyls,78.27,3.49
*/C(=C(/*)c1cccc([Ge](C)(C)C)c1)c1ccccc1,200.0,P332017,Polyvinyls,86.07,3.62
*/C(=C(/*)c1ccc(Oc2ccccc2)cc1)c1ccccc1,200.0,P332018,Polyvinyls,109.85,3.95
*/C=C(/*)C(CCC)[Si](C)(C)CCCCCC,40.0,P332019,Polyvinyls,26.46,0.79
*/C=C(/*)C(CCC)[Si](C)(C)c1ccccc1,110.0,P332020,Polyvinyls,60.41,1.91
*/C(C)=C(/*)SCC,160.0,P332021,Polyvinyls,51.2,1.61
*/C(C)=C(/*)SCCCCCC,110.0,P332022,Polyvinyls,35.5,1.13
*/C(C)=C(/*)SCCCCCCCCCC,60.0,P332023,Polyvinyls,26.04,0.86
*CC(*)OCCCCCCCOc1ccc(-c2ccc(C#N)cc2)cc1,13.0,P332024,Polyvinyls,50.6,2.14
*/C=C/C1CC(*)C(C(=O)OC)C1,65.0,P332026,Polyvinyls,37.9,1.16
*CC(*)OC(=O)/C=C/c1ccccc1,127.0,P332027,Polyvinyls,52.9,2.42
*/C=C(/*)CCCOc1ccc(OC(=O)c2ccc(OC)cc2)cc1,20.0,P332033,Polyvinyls,67.44,2.27
*/C=C(/*)CCCOc1ccc(OC(=O)c2ccc(OCCCC)cc2)cc1,36.0,P332034,Polyvinyls,60.18,2.15
*/C=C(/*)CCCOc1ccc(OC(=O)c2ccc(OCCCCCCCC)cc2)cc1,42.0,P332035,Polyvinyls,51.91,1.9
*/C=C/C1CC(*)C(F)(F)C1(F)OC(F)(F)C(F)(F)C(F)(F)F,77.0,P332036,Polyvinyls,49.67,1.18
*CC(*)CO,36.0,P332048,Polyvinyls,31.45,1.13
*/C=C/C1CC(*)C(C(=O)OCCCCCCCCCCCOc2ccc(-c3ccc(C#N)cc3)cc2)C1C(=O)OCCCCCCCCCCCOc1ccc(-c2ccc(C#N)cc2)cc1,23.1,P332051,Polyvinyls,67.14,3.0
*/C=C/C1CC(*)C(C(=O)OCCCCCCOc2ccc(-c3ccc(C#N)cc3)cc2)C1C(=O)OCCCCCCOc1ccc(-c2ccc(C#N)cc2)cc1,55.8,P332052,Polyvinyls,93.01,3.57
*CC(*)(CC(=O)OC)C(=O)O,159.0,P332053,Polyvinyls,46.19,1.46
*CC(*)(CC(=O)OCC)C(=O)O,135.0,P332054,Polyvinyls,42.73,1.54
*/C=C/C(C)C(*)C(=O)OCCN(C)c1ccc(N(C)C)cc1,20.5,P332077,Polyvinyls,46.62,1.4
*/C=C/C(C)C(*)C(=O)OCCCN(C)c1ccc(N(C)C)cc1,11.5,P332078,Polyvinyls,44.95,1.36
*/C=C/C(C)C(*)C(=O)OCCCCCCN(C)c1ccc(N(C)C)cc1,2.0,P332079,Polyvinyls,34.83,1.25
*CC(*)OCCOc1ccc(/N=N/c2ccc(C#N)cc2)cc1,61.0,P332087,Polyvinyls,68.2,2.34
*CC(*)OCCOc1ccc(/N=N/c2ccc([N+](=O)[O-])cc2)cc1,54.0,P332088,Polyvinyls,60.86,2.21
*CC(*)OCCOc1ccc(C=C(C#N)C#N)cc1,38.0,P332089,Polyvinyls,44.43,1.72
*CC(*)OCCOc1ccc(/C=C(\C#N)C(=O)OC)cc1,47.0,P332090,Polyvinyls,50.3,1.6
*/C(=C(/*)c1ccc([Si](C(C)C)(C(C)C)C(C)C)cc1)c1ccccc1,250.0,P332113,Polyvinyls,94.91,3.21
*CC(*)N,57.0,P332127,Polyvinyls,36.89,1.15
*CC(C)(/C=C(/*)C)C(=O)OC,24.0,P332130,Polyvinyls,34.05,0.95
*/C=C/C(C)(C(=O)OC)C(*)C,34.0,P332131,Polyvinyls,34.43,0.98
*CC(*)P(=O)(O)O,88.0,P332133,Polyvinyls,38.09,1.32
*CC(*)C1=NCCN1,-48.35,P332150,Polyvinyls,25.45,0.7
*/C=C/C1=C(*)CC(C(=O)OCC)(C(=O)OCC)C1,27.65,P332160,Polyvinyls,35.77,0.93
*/C=C/C1CC(*)C(C#N)C1,140.0,P332168,Polyvinyls,45.96,1.58
*/C=C/C1CC(*)C(C#N)(CC)C1,134.0,P332169,Polyvinyls,46.88,1.52
*/C=C/C1CC(*)C(C#N)(CCC)C1,108.0,P332170,Polyvinyls,40.82,1.33
*/C=C/C1CC(*)C(C#N)(CCCC)C1,87.0,P332171,Polyvinyls,40.7,1.17
*/C=C/C1CC(*)C(C#N)([Si](C)(C)C)C1,211.0,P332172,Polyvinyls,51.91,2.12
*/C=C/C1CC(*)C(C#N)([Si](C)(C)O[Si](C)(C)C)C1,88.0,P332173,Polyvinyls,43.24,1.17
*/C=C/C1CC(*)C(C#N)([Si](C)(C)O[Si](C)(C)O[Si](C)(C)C)C1,47.0,P332174,Polyvinyls,41.78,1.01
*/C=C/C1CC(*)C(C#N)(C[Si](C)(C)C)C1,128.0,P332175,Polyvinyls,47.88,1.42
*/C=C/C1CC(*)C(C#N)(C[Si](C)(C)O[Si](C)(C)C)C1,68.0,P332176,Polyvinyls,39.55,1.08
*/C=C/C1CC(*)C(C#N)([Si](C)(C)[Si](C)(C)C)C1,120.0,P332177,Polyvinyls,52.96,1.56
*CC(*)CN,190.0,P332182,Polyvinyls,43.66,2.0
*CC(*)n1cncn1,165.0,P332184,Polyvinyls,59.14,2.55
*CC(C#N)C(CCC(C)(O)C=C)C(*)(C)C,50.0,P332186,Polyvinyls,29.22,0.93
*c1ccc2c(c1)C(CCCCCCCC)(CCCCCCCC)c1cc(-c3ccc4c(c3)C(c3ccc(-c5nnc(-c6ccc(C(C)(C)C)cc6)o5)cc3)(c3ccc(-c5nnc(-c6ccc(C(C)(C)C)cc6)o5)cc3)c3cc(*)ccc3-4)ccc1-2,213.0,P332187,Polyvinyls,215.35,8.62
*CC/C(=C(/*)c1ccccc1)c1ccccc1,120.5,P332188,Polyvinyls,75.37,3.07
*/C(C)=C(/*)[Ge](C)(C)C,250.0,P332199,Polyvinyls,59.1,2.1
*CC(OC(C)=O)C(CCC(C)(O)C=C)C(*)(C)C,85.0,P332222,Polyvinyls,33.0,1.02
*c1ccc2c(c1)C(CCCCCC)(CCCCCC)c1cc(-c3ccc4c(c3)C(CC3=NC(Cc5ccccc5)CO3)(CC3=NC(Cc5ccccc5)CO3)c3cc(*)ccc3-4)ccc1-2,114.0,P332265,Polyvinyls,147.94,5.74
*/C=C/C1CC(*)C(C(=O)Oc2ccccc2)C1,72.6,P332273,Polyvinyls,53.65,1.86
*/C=C/C1CC(*)C(C(=O)Oc2ccccc2)C1C(=O)Oc1ccccc1,96.5,P332276,Polyvinyls,72.89,2.94
*/C=C/c1ccc2c(c1)C(CCCCCCOc1ccc3ccc(=O)oc3c1)(CCCCCCOc1ccc3ccc(=O)oc3c1)c1cc(/C=C/c3ccc4c(c3)C(CCCCCC)(CCCCCC)c3cc(*)ccc3-4)ccc1-2,115.0,P332282,Polyvinyls,143.02,6.99
*/C=C/C1CC(*)C(C(=O)OC)C1C(=O)OC,77.3,P332287,Polyvinyls,45.51,1.22
*/C=C/C1CC(*)C(C(=O)OC(C)(C)C)C1C(=O)OC(C)(C)C,83.4,P332288,Polyvinyls,45.64,1.28
*/C=C/CCCC(Cl)CCC*,-63.0,P332292,"Polyvinyls, Polydienes",17.65,0.35
*/C=C/CCCCCCC(Cl)CCCCCC*,-57.0,P332293,"Polyvinyls, Polydienes",10.66,0.1
*/C=C/CCCCCCCCCC(Cl)CCCCCCCCC*,-37.0,P332294,"Polyvinyls, Polydienes",5.0,0.1
*CC(*)n1ccc2ccccc21,19.0,P332296,Polyvinyls,60.69,2.6
*/C=C/CCCCCCCCCC(CCCCCCCCC*)COCCOCCOCCOCCOCc1ccc2ccc3cccc4ccc1c2c34,-36.0,P332301,Polyvinyls,50.34,2.17
*CCCCCCCCCCCCCCCCCCCCC(*)COCCOCCOCCOCCOCc1ccc2ccc3cccc4ccc1c2c34,-21.0,P332302,Polyvinyls,52.33,2.17
*/C=C/CCCCCCCCCC(CCCCCCCCC*)COCCOCCOCCOCCOCCCCCC,-76.0,P332303,Polyvinyls,5.0,0.1
*/C=C/C(*)(C)c1ccccc1,52.0,P332308,Polyvinyls,53.24,2.09
*C1C2CC(C1*)C([Si](C)(C)C)C2,303.0,P332309,Polyvinyls,64.87,2.36
*CC(*)N1CCCCCC1=O,174.6,P332317,Polyvinyls,50.79,1.94
*/C=C(/*)CCCOC(=O)c1cc(-c2ccc(OC)cc2)ccc1-c1ccc(OC)cc1,72.4,P332321,Polyvinyls,90.75,3.07
*C1C2CC(CCCCCCCCC(=O)OCC)C(C2)C1*,134.0,P332328,Polyvinyls,36.79,1.28
*/C=C/C1CC(*)C(C(=O)OCCNC(C)(C)C)C1,29.0,P332336,Polyvinyls,35.83,0.97
*C1C(*)C2CC1C(COCc1ccccc1)C2COCc1ccccc1,176.0,P332364,Polyvinyls,80.24,3.0
*C1C2CC(CCCCc3ccccc3)C(C2)C1*,148.0,P332366,Polyvinyls,63.7,2.34
*CC(*)c1nnn[nH]1,72.0,P332380,"Polystyrenes, Polyvinyls",49.42,1.96
*CC(*)C(=O)NC,171.0,P340005,"Polyacrylics, Polyvinyls",49.57,1.65
*CC(*)(C)C(=O)Oc1ccc(C(=O)O)cc1,110.0,P340007,"Polyacrylics, Polyvinyls",53.81,2.3
*CC(*)(C)C(=O)OCCCCCCOc1ccc(/C=N/c2ccc(C#N)cc2)cc1,35.0,P340009,"Polyacrylics, Polyvinyls",55.96,2.19
*CC(*)(C)C(=O)OCCCCCCCCCCCOc1ccc(/C=N/c2ccc(C#N)cc2)cc1,23.0,P340011,"Polyacrylics, Polyvinyls",51.09,1.75
*CC(*)(C)C(=O)OCCO[Si](C)(C)C,89.0,P340012,"Polyacrylics, Polyvinyls",38.62,1.04
*CC(*)(C)C(=O)OC1CCCC1,75.0,P340014,"Polyacrylics, Polyvinyls",40.86,1.3
*CC(*)C(=O)OCC(C)O,-7.0,P340015,"Polyacrylics, Polyvinyls",27.47,0.8
*CC(*)(C)C(=O)OCCCCCOc1ccc(-c2ccc(C#N)cc2)cc1,60.0,P340016,"Polyacrylics, Polyvinyls",66.27,2.45
*CC(*)(CC(=O)OCCCCCCCC)C(=O)OCCCCCCCC,-19.0,P340017,"Polyacrylics, Polyvinyls",10.12,0.1
*CC(*)(CC(=O)OCCCCCCCCC)C(=O)OCCCCCCCCC,-13.0,P340018,"Polyacrylics, Polyvinyls",8.28,0.1
*CC(*)(CC(=O)OC1CCCCCCC1)C(=O)OC1CCCCCCC1,124.0,P340019,"Polyacrylics, Polyvinyls",48.74,1.44
*CC(OC)C(C(=O)OC)C(*)C(=O)OC,59.5,P340020,"Polyacrylics, Polyvinyls",30.89,0.98
*CC(OCC)C(C(=O)OC)C(*)C(=O)OC,50.0,P340021,"Polyacrylics, Polyvinyls",30.88,0.83
*CC(OCC(C)C)C(C(=O)OC)C(*)C(=O)OC,44.5,P340022,"Polyacrylics, Polyvinyls",32.35,0.81
*CC(OCCCC)C(C(=O)OC)C(*)C(=O)OC,32.5,P340023,"Polyacrylics, Polyvinyls",28.12,0.68
*CC(OC)C(C)(C(=O)OC)C(*)(C)C(=O)OC,134.0,P340024,"Polyacrylics, Polyvinyls",45.87,1.49
*CC(OCC)C(C)(C(=O)OC)C(*)(C)C(=O)OC,131.0,P340025,"Polyacrylics, Polyvinyls",38.82,1.36
*CC(OCC(C)C)C(C)(C(=O)OC)C(*)(C)C(=O)OC,125.5,P340026,"Polyacrylics, Polyvinyls",38.49,1.17
*CC(OCCCC)C(C)(C(=O)OC)C(*)(C)C(=O)OC,97.5,P340027,"Polyacrylics, Polyvinyls",38.38,1.01
*CC(*)C(=O)OC(F)(F)C(F)(F)C(F)(F)C(F)(F)C(F)(F)C(F)(F)C(F)(F)C(F)(F)F,9.0,P340032,"Polyacrylics, Polyvinyls",38.97,0.63
*CC(*)(C)C(=O)OCCn1c2ccccc2c2ccccc21,148.0,P340034,"Polyacrylics, Polyvinyls",93.91,3.71
*CC(*)C(=O)n1c2ccccc2c2ccccc21,50.1,P340035,"Polyacrylics, Polyvinyls",90.72,3.87
*CC(*)C(=O)NC(C)(C)CC(C)=O,72.5,P340037,"Polyacrylics, Polyvinyls",37.85,1.2
*CC(*)(C)C(=O)OCC#N,91.0,P340043,"Polyacrylics, Polyvinyls",37.4,1.23
*CC(*)(C)C(=O)OCCCCCCOc1ccc(C(=O)Oc2ccc(OC)cc2)cc1,46.0,P340044,"Polyacrylics, Polyvinyls",57.26,2.27
*C(C(=O)OC)C(*)C(=O)OC(C)(C)C,84.0,P340047,"Polyacrylics, Polyvinyls",42.02,1.15
*CC(*)C(=O)OCCOc1ccc(C(=O)Oc2ccc(OC)cc2)cc1,70.0,P340064,"Polyacrylics, Polyvinyls",63.44,2.47
*CC(*)C(=O)OCCCCCCOc1ccc(C(=O)Oc2ccc(OC)cc2)cc1,29.5,P340065,"Polyacrylics, Polyvinyls",57.17,2.11
*CC(*)(C)C(=O)OCCCCCCOc1ccc(C(=O)Oc2ccc(OCCCC)cc2)cc1,49.0,P340067,"Polyacrylics, Polyvinyls",55.33,2.03
*CC(*)(C)C(=O)OCCOc1ccc(C(=O)Oc2ccc(OCCCC)cc2)cc1,137.0,P340068,"Polyacrylics, Polyvinyls",70.51,2.75
*CC(*)(CC(=O)Oc1ccc(OC)cc1)C(=O)Oc1ccc(OC)cc1,119.5,P340069,"Polyacrylics, Polyvinyls",79.87,3.02
*CC(*)C(=O)OC(OCC)C(F)(F)F,5.0,P340070,"Polyacrylics, Polyvinyls",30.91,0.82
*CC(*)(C)C(=O)OC(OCC)C(F)(F)F,60.0,P340071,"Polyacrylics, Polyvinyls",39.75,1.01
*CC(*)(Cl)C(=O)OCCCCCCOc1ccc(C(=O)Oc2ccc(OCCCC)cc2)cc1,112.5,P340072,"Polyacrylics, Polyvinyls",68.22,2.5
*CC(*)(C)C(=O)OCc1cccs1,66.0,P340077,"Polyacrylics, Polyvinyls",57.88,1.87
*CC(*)(C)C(=O)OCc1ccc[se]1,56.0,P340078,"Polyacrylics, Polyvinyls",58.56,1.82
*CC(*)(C)C(=O)OCC1COCCOCCOCCOCCOC1,31.0,P340079,"Polyacrylics, Polyvinyls",45.28,1.01
*CC(*)(CC(=O)Oc1ccc(OCC)cc1)C(=O)Oc1ccc(OCC)cc1,110.5,P340080,"Polyacrylics, Polyvinyls",65.39,2.84
*CC(*)(CC(=O)Oc1ccc(OCCC)cc1)C(=O)Oc1ccc(OCCC)cc1,94.5,P340081,"Polyacrylics, Polyvinyls",70.9,2.43
*CC(*)(CC(=O)Oc1ccc(OCCCCC)cc1)C(=O)Oc1ccc(OCCCCC)cc1,73.5,P340082,"Polyacrylics, Polyvinyls",58.61,2.01
*CC(*)(CC(=O)Oc1ccc(OCCCCCCC)cc1)C(=O)Oc1ccc(OCCCCCCC)cc1,111.0,P340083,"Polyacrylics, Polyvinyls",58.69,2.07
*CC(*)C(=O)OCCCCOC(=O)c1ccc(OC(=O)c2ccc(C#N)cc2)cc1,40.0,P340084,"Polyacrylics, Polyvinyls",60.26,2.34
*CC(*)C(=O)OCCCCCOC(=O)c1ccc(OC(=O)c2ccc(C#N)cc2)cc1,30.0,P340085,"Polyacrylics, Polyvinyls",63.99,2.29
*CC(*)C(=O)OCCCCCCOC(=O)c1ccc(OC(=O)c2ccc(C#N)cc2)cc1,30.0,P340086,"Polyacrylics, Polyvinyls",56.54,2.18
*CC(*)C(=O)OCCCCCCCOC(=O)c1ccc(OC(=O)c2ccc(C#N)cc2)cc1,20.0,P340087,"Polyacrylics, Polyvinyls",62.72,2.2
*CC(*)C(=O)OCCCCCCCCOC(=O)c1ccc(OC(=O)c2ccc(C#N)cc2)cc1,15.0,P340088,"Polyacrylics, Polyvinyls",56.78,1.98
*CC(*)C(=O)OCCCCCCCCCOC(=O)c1ccc(OC(=O)c2ccc(C#N)cc2)cc1,15.0,P340089,"Polyacrylics, Polyvinyls",51.32,1.8
*CC(*)C(=O)OCCCCCCCCCCOC(=O)c1ccc(OC(=O)c2ccc(C#N)cc2)cc1,15.0,P340090,"Polyacrylics, Polyvinyls",53.82,2.03
*CC(*)C(=O)OCCCCCCCCCCCCOC(=O)c1ccc(OC(=O)c2ccc(C#N)cc2)cc1,15.0,P340091,"Polyacrylics, Polyvinyls",50.82,1.77
*CC(*)(C)C(=O)OCCOCCOCCOCCOCCOCCOCCOCCOC,-58.0,P340092,"Polyacrylics, Polyvinyls",5.0,0.1
*CC(*)(CC(=O)OCCOC)C(=O)OCCOC,34.0,P340093,"Polyacrylics, Polyvinyls",25.44,0.73
*CC(*)(CC(=O)OCCOCCOC)C(=O)OCCOCCOC,-40.5,P340094,"Polyacrylics, Polyvinyls",10.23,0.1
*CC(*)(CC(=O)OCCOCCOCCOC)C(=O)OCCOCCOCCOC,-19.0,P340095,"Polyacrylics, Polyvinyls",5.52,0.1
*CC(*)(CC(=O)OCCOCCOCCOCCOCCOCCOCCOC)C(=O)OCCOCCOCCOCCOCCOCCOCCOC,-40.5,P340096,"Polyacrylics, Polyvinyls",5.0,0.1
*CC(*)(C)C(=O)OCC(F)(F)C(F)(F)F,77.0,P340097,"Polyacrylics, Polyvinyls",36.99,1.27
*CC(*)(C)C(=O)OCCC(F)(F)C(F)(F)C(F)(F)C(F)(F)C(F)(F)C(F)(F)C(F)(F)C(F)(F)F,47.0,P340098,"Polyacrylics, Polyvinyls",40.75,0.73
*CC(*)C(=O)Nc1ccc2c(c1)C(=O)c1ccccc1C2=O,128.0,P340101,"Polyacrylics, Polyvinyls",87.88,3.17
*CC(*)(C)C(=O)Oc1c(C)cccc1C,167.0,P340102,"Polyacrylics, Polyvinyls",65.53,2.65
*CC(*)(C)C(=O)Oc1cccc(C)c1C,120.0,P340103,"Polyacrylics, Polyvinyls",61.23,2.17
*CC(*)C(=O)OCCCCC,-57.0,P340104,"Polyacrylics, Polyvinyls",18.61,0.44
*CC(*)(C)C(=O)OCCN(CC)c1ccc(/N=N/c2ccc([N+](=O)[O-])c3ccccc23)cc1,116.0,P340107,"Polyacrylics, Polyvinyls",93.26,3.54
*CC(*)C(=O)OC12CC3CC(CC(C3)C1)C2,183.0,P340108,"Polyacrylics, Polyvinyls",55.25,1.66
*CC(*)(CC(=O)OC)C(=O)OC12CC3CC(CC(C3)C1)C2,197.0,P340115,"Polyacrylics, Polyvinyls",48.47,1.83
*CC(*)(CC(=O)OC)C(=O)OC12CC3CC(C)(CC(C)(C3)C1)C2,144.0,P340116,"Polyacrylics, Polyvinyls",48.3,1.56
*CC(*)(CC(=O)OC(C)C)C(=O)OC12CC3CC(CC(C3)C1)C2,180.0,P340117,"Polyacrylics, Polyvinyls",53.3,1.52
*CC(*)(CC(=O)OC(C)C)C(=O)OC12CC3CC(C)(CC(C)(C3)C1)C2,158.0,P340118,"Polyacrylics, Polyvinyls",47.21,1.58
*CC(*)(CC(=O)OC(C)C)C(=O)OC(C)C,100.0,P340119,"Polyacrylics, Polyvinyls",36.85,1.23
*CC(*)(C)C(=O)OC1CCC2CCCCC2C1,145.0,P340123,"Polyacrylics, Polyvinyls",52.32,1.44
*CC(*)(C)C(=O)OC1CC2CC1C1C3CCC(C3)C21,199.0,P340124,"Polyacrylics, Polyvinyls",60.15,1.74
*CC(*)(C)C(=O)OC1CCC1,119.0,P340125,"Polyacrylics, Polyvinyls",38.86,1.52
*C(C)C(*)C(=O)OC12CC3CC(CC(C3)C1)C2,236.5,P340126,"Polyacrylics, Polyvinyls",63.92,2.1
*C(C)C(*)C(=O)OC12CC3CC(C)(CC(C)(C3)C1)C2,194.5,P340127,"Polyacrylics, Polyvinyls",53.57,2.0
*CC(*)(C)C(=O)OCCCCCCOc1ccc(-c2ccc(C#N)cc2)cc1,63.0,P340129,"Polyacrylics, Polyvinyls",66.66,2.42
*CC(*)(CC(=O)OCC(C)C)C(=O)OCC(C)C,125.0,P340130,"Polyacrylics, Polyvinyls",39.03,1.11
*CC(*)(C)C(=O)OCCc1ccc(/N=N/c2ccccc2)cc1,80.0,P340131,"Polyacrylics, Polyvinyls",74.92,2.74
*CC(*)(C)C(=O)OCCOc1ccc(-c2ccc(-c3ccc(C#N)cc3)cc2)cc1,115.0,P340149,"Polyacrylics, Polyvinyls",87.11,3.56
*CC(*)(C)C(=O)OCC(C)Oc1ccc(-c2ccc(-c3ccc(C#N)cc3)cc2)cc1,140.0,P340150,"Polyacrylics, Polyvinyls",86.0,3.75
*CC(*)(C)C(=O)OCCCCl,50.0,P340159,"Polyacrylics, Polyvinyls",30.9,0.97
*CC(*)(C)C(=O)OCCCCCCN(C)c1ccc(/N=N/c2ccc(S(C)(=O)=O)cc2)cc1,100.0,P340169,"Polyacrylics, Polyvinyls",71.2,2.38
*CC(*)C(=O)OCCOC(=O)c1cc([N+](=O)[O-])cc([N+](=O)[O-])c1,60.8,P340170,"Polyacrylics, Polyvinyls",54.81,1.55
*CC(*)C(=O)OCCn1c2ccccc2c2ccccc21,106.8,P340171,"Polyacrylics, Polyvinyls",93.08,3.82
*CC(*)(C)C(=O)OCCCCCCc1ccc(/C(C)=C/c2ccc(OC)cc2)cc1,31.0,P340180,"Polyacrylics, Polyvinyls",53.65,2.1
*CC(*)(C)C(=O)OCCCCOc1ccc(C(=O)Oc2ccc(OC)cc2)cc1,45.0,P342001,"Polyacrylics, Polyvinyls",66.93,2.38
*CC(*)(C)C(=O)OCC=C,94.0,P342002,"Polyacrylics, Polyvinyls",39.63,1.21
*CC(*)C(=O)Oc1ccc(C(=O)c2ccc(Cl)cc2)cc1,78.0,P342003,"Polyacrylics, Polyvinyls",74.45,2.82
*CC(*)C(=O)OCCCOc1ccc(-c2ccc(C#N)cc2)cc1,54.25,P342004,"Polyacrylics, Polyvinyls",68.45,2.4
*CC(*)(C)C(=O)OCCCOc1ccc(-c2ccc(C#N)cc2)cc1,97.0,P342005,"Polyacrylics, Polyvinyls",64.81,2.75
*CC(*)(C)C(=O)OCCCCc1ccccc1,9.0,P342006,"Polyacrylics, Polyvinyls",44.24,1.57
*CC(*)(C)C(=O)Oc1cc(C)ccc1C,111.0,P342007,"Polyacrylics, Polyvinyls",63.09,2.06
*CC(*)(C)C(=O)OCCCCCCC(F)(F)C(F)(F)C(F)(F)C(F)(F)C(F)(F)C(F)(F)C(F)(F)C(F)(F)C(F)(F)C(F)(F)C(F)(F)C(F)(F)F,84.0,P342009,"Polyacrylics, Polyvinyls",43.02,0.44
*CC(*)C(=O)OCCCCCCCCCCOc1cnc(-c2ccc(OC(=O)C3COC(C)(C)O3)cc2)nc1,29.0,P342011,"Polyacrylics, Polyvinyls",54.75,2.04
*CC(*)(C)C(=O)OCCOCCOc1ccc(/N=N/c2ccc(C#N)cc2)cc1,57.0,P342021,"Polyacrylics, Polyvinyls",67.32,2.22
*C([2H])([2H])C(*)(C(=O)OC([2H])([2H])[2H])C([2H])([2H])[2H],115.0,P342022,"Polyacrylics, Polyvinyls",42.06,1.56
*CC(*)(C)C(=O)OCCCn1c2ccccc2c2ccccc21,113.0,P342026,"Polyacrylics, Polyvinyls",87.36,3.96
*CC(*)(C)C(=O)OCCCCCn1c2ccccc2c2ccccc21,91.0,P342027,"Polyacrylics, Polyvinyls",78.25,3.58
*CC(*)(C)C(=O)OCCCCCCn1c2ccccc2c2ccccc21,73.0,P342028,"Polyacrylics, Polyvinyls",86.48,3.09
*CC(*)(C)C(=O)OCCCCCCCCCCCn1c2ccccc2c2ccccc21,31.0,P342029,"Polyacrylics, Polyvinyls",64.4,2.71
*CC(*)C(=O)OCCCn1c2ccccc2c2ccccc21,83.0,P342030,"Polyacrylics, Polyvinyls",88.07,3.49
*CC(*)C(=O)OCCCCCn1c2ccccc2c2ccccc21,53.0,P342031,"Polyacrylics, Polyvinyls",85.77,3.15
*CC(*)C(=O)OCCCCCCn1c2ccccc2c2ccccc21,48.0,P342032,"Polyacrylics, Polyvinyls",74.82,2.97
*CC(*)C(=O)OCCCCCCCCCCCn1c2ccccc2c2ccccc21,15.0,P342033,"Polyacrylics, Polyvinyls",69.43,2.65
*CC(*)C(=O)OCCCCCCCCCCCOc1ccc(C(=O)Oc2ccc(-c3ccc(OC(C)CCCCCC)cc3)cc2)cc1,50.0,P342035,"Polyacrylics, Polyvinyls",59.46,2.27
*CC(*)C(=O)OCCCCn1c2ccccc2c2ccccc21,68.0,P342036,"Polyacrylics, Polyvinyls",84.78,3.7
*CC(*)C(=O)OCCCCCCCCn1c2ccccc2c2ccccc21,12.0,P342037,"Polyacrylics, Polyvinyls",64.85,2.93
*CC(*)(C)C(=O)OCCCCCCOc1ccc(C(=O)Oc2ccc(OC)cc2)cc1OC,49.0,P342039,"Polyacrylics, Polyvinyls",63.99,2.03
*CC(*)(C)C(=O)OCCc1ccc(/N=N/c2ccc(OC(F)(F)F)cc2)cc1,209.5,P342041,"Polyacrylics, Polyvinyls",81.93,3.24
*CC(*)(C)C(=O)OCCCc1ccc(/N=N/c2ccc(OC(F)(F)F)cc2)cc1,211.5,P342042,"Polyacrylics, Polyvinyls",76.11,3.33
*CC(*)(C)C(=O)OCCCCc1ccc(/N=N/c2ccc(OC(F)(F)F)cc2)cc1,203.5,P342043,"Polyacrylics, Polyvinyls",78.53,3.38
*CC(*)(C)C(=O)OCCCCCc1ccc(/N=N/c2ccc(OC(F)(F)F)cc2)cc1,202.5,P342044,"Polyacrylics, Polyvinyls",79.65,2.78
*CC(*)(C)C(=O)OCCCCCCc1ccc(/N=N/c2ccc(OC(F)(F)F)cc2)cc1,194.5,P342045,"Polyacrylics, Polyvinyls",78.56,2.86
*CC(*)C(=O)OCCOc1ccc(C(C)(C)c2ccc(OCCO)cc2)cc1,22.0,P342048,"Polyacrylics, Polyvinyls",53.68,2.21
*CC(*)(C)C(=O)Oc1ccc2c(c1)CCC2,113.5,P342049,"Polyacrylics, Polyvinyls",59.44,2.2
*CC(*)C(=O)OCC1(CC)COCOC1,42.0,P342051,"Polyacrylics, Polyvinyls",30.86,0.93
*CC(*)(C)C(=O)Oc1ccc(C(=O)c2ccccc2)c(O)c1,270.0,P342053,"Polyacrylics, Polyvinyls",83.1,3.6
*CC(*)(C)C(=O)OCCOCCOC,57.0,P342055,"Polyacrylics, Polyvinyls",29.91,0.96
*CC(*)C(=O)OCC(COC(=O)c1ccccc1)(COC(=O)c1ccccc1)COC(=O)c1ccccc1,48.0,P342060,"Polyacrylics, Polyvinyls",73.76,3.0
*CC(*)C(=O)Nc1ccccc1,160.0,P342067,"Polyacrylics, Polyvinyls",61.61,2.46
*CC(*)(C)C(=O)Oc1ccc(C(=O)Oc2ccccc2)cc1,99.0,P342077,"Polyacrylics, Polyvinyls",75.05,2.95
*CC(*)(C)C(=O)Oc1ccc(C(=O)Oc2ccc(C)cc2)cc1,98.0,P342078,"Polyacrylics, Polyvinyls",79.91,2.89
*CC(*)(C)C(=O)Oc1ccc(C(=O)Oc2ccc(OC)cc2)cc1,77.0,P342079,"Polyacrylics, Polyvinyls",76.49,2.62
*CC(*)(C)C(=O)Oc1ccc(C(=O)Oc2ccc(-c3ccccc3)cc2)cc1,100.0,P342080,"Polyacrylics, Polyvinyls",91.12,3.56
*CC(*)(C)C(=O)Oc1ccc(C(=O)Oc2ccc(Oc3ccccc3)cc2)cc1,74.0,P342081,"Polyacrylics, Polyvinyls",81.81,3.59
*CC(*)(C)C(=O)Oc1ccc(C(=O)Oc2ccc(C(=O)c3ccccc3)cc2)cc1,72.0,P342082,"Polyacrylics, Polyvinyls",79.79,3.73
*CC(*)(C)C(=O)OCCCCCCCC/C=C/CCCCCCCC,-40.0,P342083,"Polyacrylics, Polyvinyls",6.68,0.1
*CC(*)(C)C(=O)OCCCCCCOc1ccc(C(=O)Oc2ccc(C)cc2)cc1,45.0,P342084,"Polyacrylics, Polyvinyls",60.57,2.0
*CC(*)C(=O)OCCC(F)(F)C(F)(F)C(F)(F)C(F)(F)C(F)(F)C(F)(F)F,-12.0,P342085,"Polyacrylics, Polyvinyls",33.08,0.45
*CC(*)(C)C(=O)OC1CC(C)CCC1C(C)C,147.0,P342086,"Polyacrylics, Polyvinyls",48.43,1.4
*CC(*)(C)C(=O)OCCCCOc1ccc(OC(=O)c2ccc(OC)cc2)cc1,57.0,P342094,"Polyacrylics, Polyvinyls",60.48,2.12
*CC(*)(C)C(=O)OCCCCCOc1ccc(OC(=O)c2ccc(OC)cc2)cc1,38.0,P342095,"Polyacrylics, Polyvinyls",64.64,2.14
*CC(*)(C)C(=O)OCCCCCCOc1ccc(OC(=O)c2ccc(OC)cc2)cc1,38.0,P342096,"Polyacrylics, Polyvinyls",62.51,2.11
*CC(*)(C)C(=O)OCCCCCCCCCCOc1ccc(OC(=O)c2ccc(OC)cc2)cc1,21.0,P342097,"Polyacrylics, Polyvinyls",54.95,1.89
*CC(*)(C)C(=O)OCCCCCCOc1ccc(OC(=O)c2ccc(OCCCC)cc2)cc1,36.0,P342098,"Polyacrylics, Polyvinyls",54.19,1.86
*CC(*)(C)C(=O)OCCCCCCOc1ccc(OC(=O)c2ccc(OCCCCCC)cc2)cc1,16.0,P342099,"Polyacrylics, Polyvinyls",53.05,1.62
*CC(*)(C)C(=O)OCCCCCCOc1ccc(OC(=O)c2ccc(OCCCCCCCC)cc2)cc1,-1.0,P342100,"Polyacrylics, Polyvinyls",42.22,1.46
*CC(*)(C)C(=O)OCCCCCCOc1ccc(OC(=O)c2ccc(-c3ccc(OC)cc3)cc2)cc1,57.0,P342101,"Polyacrylics, Polyvinyls",79.79,3.15
*CC(*)(C)C(=O)OCCCCCCOc1ccc(OC(=O)c2ccc(OC)c(Br)c2)cc1,51.0,P342102,"Polyacrylics, Polyvinyls",66.65,2.18
*CC(*)(C)C(=O)OCCCCOc1ccc(OC(=O)c2ccc(OCCCC)cc2)cc1,51.0,P342103,"Polyacrylics, Polyvinyls",52.83,2.3
*CC(*)(C)C(=O)OCCCCOc1ccc(OC(=O)c2ccc(OCCCCCC)cc2)cc1,34.0,P342104,"Polyacrylics, Polyvinyls",52.37,2.16
*CC(*)(C)C(=O)OCCCCOc1ccc(OC(=O)c2ccc(OCCCCCCCC)cc2)cc1,10.0,P342105,"Polyacrylics, Polyvinyls",49.71,1.69
*CC(*)(C)C(=O)OCCCCOc1ccc(OC(=O)c2ccc(-c3ccc(OC)cc3)cc2)cc1,77.0,P342106,"Polyacrylics, Polyvinyls",84.53,3.49
*CC(*)(C)C(=O)OCCCCOc1ccc(OC(=O)c2ccc(OC)c(Br)c2)cc1,69.0,P342107,"Polyacrylics, Polyvinyls",71.42,2.26
*CC(*)(C)C(=O)OCCCCCCCCCCOc1ccc(OC(=O)c2ccc(OCCCC)cc2)cc1,31.0,P342108,"Polyacrylics, Polyvinyls",49.38,1.91
*CC(*)(C)C(=O)OCCCCCCCCCCOc1ccc(OC(=O)c2ccc(OCCCCCC)cc2)cc1,41.0,P342109,"Polyacrylics, Polyvinyls",42.79,1.6
*CC(*)(C)C(=O)OCCCCCCCCCCOc1ccc(OC(=O)c2ccc(OCCCCCCCC)cc2)cc1,12.0,P342110,"Polyacrylics, Polyvinyls",38.14,1.48
*CC(*)(C)C(=O)OCCCCCCCCCCOc1ccc(OC(=O)c2ccc(-c3ccc(OC)cc3)cc2)cc1,57.0,P342111,"Polyacrylics, Polyvinyls",78.1,2.94
*CC(*)(C)C(=O)OCCCCCCCCCCOc1ccc(OC(=O)c2ccc(OC)c(Br)c2)cc1,29.0,P342112,"Polyacrylics, Polyvinyls",55.72,2.07
*CC(*)(C)C(=O)OCCCCCCOc1ccc(/N=N/c2ccc(OC)cc2)cc1,91.0,P342114,"Polyacrylics, Polyvinyls",58.05,2.37
*CC(*)(C)C(=O)Oc1ccc(/N=N/c2ccc(C#N)cc2)cc1,185.0,P342115,"Polyacrylics, Polyvinyls",74.92,3.04
*CC(*)(C)C(=O)OCCOc1ccc(/N=N/c2ccc(C#N)cc2)cc1,109.0,P342116,"Polyacrylics, Polyvinyls",71.49,2.76
*CC(*)(C)C(=O)OCCCCCCOc1ccc(/N=N/c2ccc(C#N)cc2)cc1,61.0,P342117,"Polyacrylics, Polyvinyls",59.72,2.52
*CC(*)(C)C(=O)OCCCOc1ccc2cc(C(=O)Oc3ccccc3)ccc2c1,84.0,P342122,"Polyacrylics, Polyvinyls",82.51,3.66
*CC(*)(C)C(=O)OCCCCOc1ccc2cc(C(=O)Oc3ccccc3)ccc2c1,88.0,P342123,"Polyacrylics, Polyvinyls",89.2,3.13
*CC(*)(C)C(=O)OCCCCCOc1ccc2cc(C(=O)Oc3ccccc3)ccc2c1,48.0,P342124,"Polyacrylics, Polyvinyls",79.76,3.04
*CC(*)(C)C(=O)OCCCCCCOc1ccc2cc(C(=O)Oc3ccccc3)ccc2c1,39.0,P342125,"Polyacrylics, Polyvinyls",83.76,2.71
*CC(*)(C)C(=O)OCCCCCCCOc1ccc2cc(C(=O)Oc3ccccc3)ccc2c1,40.0,P342126,"Polyacrylics, Polyvinyls",70.38,2.83
*CC(*)(C)C(=O)OCCCCCCCCOc1ccc2cc(C(=O)Oc3ccccc3)ccc2c1,34.0,P342127,"Polyacrylics, Polyvinyls",67.48,2.9
*CC(*)(C)C(=O)OCCCCCCCCCOc1ccc2cc(C(=O)Oc3ccccc3)ccc2c1,18.0,P342128,"Polyacrylics, Polyvinyls",71.06,2.66
*CC(*)(C)C(=O)OCCCCCCCCCCOc1ccc2cc(C(=O)Oc3ccccc3)ccc2c1,24.0,P342129,"Polyacrylics, Polyvinyls",69.75,2.78
*CC(*)(C)C(=O)OCCCCCCCCCCCOc1ccc2cc(C(=O)Oc3ccccc3)ccc2c1,10.0,P342130,"Polyacrylics, Polyvinyls",63.51,2.53
*CC(*)(C)C(=O)OCCCCCCCCCCCCOc1ccc2cc(C(=O)Oc3ccccc3)ccc2c1,12.0,P342131,"Polyacrylics, Polyvinyls",72.38,2.33
*CC(*)(C)C(=O)NC(C)c1cccc2ccccc12,171.0,P342132,"Polyacrylics, Polyvinyls",82.43,3.18
*CC(*)(C)C(=O)NC(C)c1ccccc1,156.5,P342133,"Polyacrylics, Polyvinyls",65.18,2.61
*CC(*)(C)C(=O)OCCN(C)c1ccc(/N=N/c2ccc([N+](=O)[O-])cc2)cc1,110.0,P342134,"Polyacrylics, Polyvinyls",72.83,2.84
*CC(*)C(=O)OC(Cl)C(Cl)(Cl)Cl,70.5,P342135,"Polyacrylics, Polyvinyls",43.36,1.14
*CC(*)C(=O)Oc1c(F)c(F)c(F)c(F)c1F,64.0,P342136,"Polyacrylics, Polyvinyls",54.0,1.91
*CC(*)(C)C(=O)OCCCCCCOc1ccc(/N=N/c2ccc(OCCCCCCCCCC)cc2)cc1,110.0,P342138,"Polyacrylics, Polyvinyls",51.66,2.12
*CC(*)C(=O)OCCCCCCOc1ccc(/C=N/c2ccc(OCCCCC)cc2)c(O)c1,41.0,P342139,"Polyacrylics, Polyvinyls",53.67,1.79
*CC(*)C(=O)OCC1(CC)COC(c2ccccc2)OC1,50.0,P342140,"Polyacrylics, Polyvinyls",46.64,1.9
*CC(*)C(=O)OCCC(F)(F)C(F)(F)C(F)(F)C(F)(F)C(F)(F)C(F)(F)C(F)(F)C(F)(F)F,52.0,P342141,"Polyacrylics, Polyvinyls",39.42,0.76
*CC(*)(Cl)C(=O)OCCC(F)(F)C(F)(F)C(F)(F)C(F)(F)C(F)(F)C(F)(F)C(F)(F)C(F)(F)F,61.0,P342142,"Polyacrylics, Polyvinyls",41.29,0.81
*CC(*)(C)C(=O)OCCCCOc1ccc(/N=N/c2ccc(C#N)cc2)cc1,80.0,P342149,"Polyacrylics, Polyvinyls",67.34,2.47
*CC(*)(C)C(=O)OCCCCCCCCOc1ccc(/N=N/c2ccc(C#N)cc2)cc1,35.0,P342150,"Polyacrylics, Polyvinyls",52.51,1.94
*CC(*)(CCCCC)C(=O)OC,53.0,P342151,"Polyacrylics, Polyvinyls",28.61,0.95
*CC(*)C(=O)NCP(=O)(O)O,26.0,P342152,"Polyacrylics, Polyvinyls",32.99,0.96
*CC(*)(C)C(=O)OC1(C)CCOC(=O)C1,110.0,P342153,"Polyacrylics, Polyvinyls",40.68,1.49
*CC(*)(C)C(=O)OCC1COC(c2ccccc2)O1,130.0,P342154,"Polyacrylics, Polyvinyls",66.43,2.09
*CC(*)C(=O)NC(C)(C)CS(=O)(=O)O,85.0,P342157,"Polyacrylics, Polyvinyls",37.61,1.24
*C(*)C(=O)OC1CCCCC1,140.0,P342158,"Polyacrylics, Polyvinyls",50.39,1.64
*C(*)C(=O)OC(C)C,70.0,P342159,"Polyacrylics, Polyvinyls",40.05,1.19
*CC(*)C(=O)OCCN(C)C,-39.0,P342160,"Polyacrylics, Polyvinyls",25.28,0.54
*CC(*)(C)C(=O)OCc1ccc2c(c1)c1ccccc1n2CC,136.0,P342168,"Polyacrylics, Polyvinyls",93.99,3.91
*CC(*)(C)C(=O)OCc1ccc2c(c1)c1ccccc1n2CCCC,87.0,P342169,"Polyacrylics, Polyvinyls",94.32,3.31
*CC(*)(C)C(=O)OCc1ccc2c(c1)c1ccccc1n2CCCCCC,73.0,P342170,"Polyacrylics, Polyvinyls",73.89,3.37
*CC(*)(C)C(=O)OCc1ccc2c(c1)c1ccccc1n2CCCCCCCC,45.0,P342171,"Polyacrylics, Polyvinyls",71.64,3.14
*CC(*)(C)C(=O)OCc1ccc2c(c1)c1ccccc1n2CCCCCCCCCC,29.0,P342172,"Polyacrylics, Polyvinyls",72.55,3.06
*CC(*)(C)C(=O)OCc1ccc2c(c1)c1ccccc1n2CCCCCCCCCCCC,25.0,P342173,"Polyacrylics, Polyvinyls",67.52,2.74
*CC(*)(C)C(=O)OCc1ccc2c(c1)c1ccccc1n2CCCCCCCCCCCCCC,26.0,P342174,"Polyacrylics, Polyvinyls",67.8,2.64
*CC(*)(C)C(=O)OCc1ccc2c(c1)c1ccccc1n2CCCCCCCCCCCCCCCC,23.0,P342175,"Polyacrylics, Polyvinyls",57.47,2.68
*CC(*)(Cl)C(=O)OCCOc1ccc(C(=O)Oc2ccc(OCCCC)cc2)cc1,153.0,P342176,"Polyacrylics, Polyvinyls",72.94,2.53
*CC(*)(C)C(=O)OCCN(C)c1ccc(/C=C/c2ccc([N+](=O)[O-])cc2)cc1,107.0,P342186,"Polyacrylics, Polyvinyls",64.89,2.91
*CC(*)(C)C(=O)OC1(C)C2CC3CC(C2)CC1C3,165.0,P342190,"Polyacrylics, Polyvinyls",49.73,1.76
*CC(*)(C)C(=O)OCCN(C)c1ccc(N(C)C)cc1,43.0,P342193,"Polyacrylics, Polyvinyls",50.24,1.75
*CC(*)(C)C(=O)OCCCN(C)c1ccc(N(C)C)cc1,12.5,P342194,"Polyacrylics, Polyvinyls",40.96,1.56
*CC(*)(C)C(=O)OCCCCCCN(C)c1ccc(N(C)C)cc1,8.5,P342195,"Polyacrylics, Polyvinyls",41.07,1.4
*CC(*)(C)C(=O)Oc1c(C(C)C)cccc1C(C)C,198.0,P342196,"Polyacrylics, Polyvinyls",64.55,2.31
*CC(*)(C)C(=O)OCCCCCCOc1ccc(C(=O)Oc2ccc(C#N)cc2)cc1,43.0,P342197,"Polyacrylics, Polyvinyls",65.22,2.42
*CC(*)(C)C(=O)OCCCCCCCCCCCOc1ccc(C(=O)Oc2ccc(C#N)cc2)cc1,10.0,P342198,"Polyacrylics, Polyvinyls",50.82,1.73
*CC(*)(C)C(=O)OCCOCCOCC1(C)COCCOCCOCCOC1,10.0,P342205,"Polyacrylics, Polyvinyls",31.95,0.54
*CC(*)(C)C(=O)OCCOCCOCC1COCCOCCOCCO1,10.0,P342206,"Polyacrylics, Polyvinyls",30.68,0.59
*CC(*)C(=O)OCCCCCCOc1ccc(-c2ccc(C#N)cc2)cc1,45.0,P342207,"Polyacrylics, Polyvinyls",56.71,2.36
*CC(*)(C)C(=O)OCC1COC(CP(=O)(OCC)OCC)O1,115.0,P342208,"Polyacrylics, Polyvinyls",37.76,1.03
*CC(*)(C)C(=O)OC1COC(CP(=O)(OCC)OCC)OC1,101.5,P342209,"Polyacrylics, Polyvinyls",36.37,1.11
*CC(*)(C)C(=O)OCCC[Si](OC)(OC)OC,9.0,P342211,"Polyacrylics, Polyvinyls",25.49,0.57
*CC(*)(C)C(=O)OCCC[Si](O[Si](C)(C)C)(O[Si](C)(C)C)O[Si](C)(C)C,72.35,P342214,"Polyacrylics, Polyvinyls",35.53,0.81
*CC(*)C(=O)OCCN(CC)c1ccc(/N=N/c2ccc([N+](=O)[O-])cc2Cl)cc1,87.0,P342215,"Polyacrylics, Polyvinyls",63.27,2.54
*CC(*)(C)C(=O)Oc1ccc(/N=N/c2ccc(OCCCCCCCCCCCOC(=O)c3ccc4c(c3)OCCOCCOCCOCCO4)cc2)cc1,19.0,P342223,"Polyacrylics, Polyvinyls",69.38,2.34
*CC(*)(C)C(=O)OCCCCCCOc1cccc(C(=O)Oc2ccc(C#N)cc2)c1,38.0,P342224,"Polyacrylics, Polyvinyls",64.22,2.11
*CC(*)(C)C(=O)OCCN(CC)c1ccc([N+](=O)[O-])cc1,98.0,P342226,"Polyacrylics, Polyvinyls",47.57,1.88
*CC(*)(C)C(=O)OCCCN(CCO)c1ccc(/N=N/c2ccc([N+](=O)[O-])cc2)cc1,131.0,P342227,"Polyacrylics, Polyvinyls",69.98,2.4
*CC(*)(C)C(=O)OCc1ccc(F)cc1F,46.0,P342228,"Polyacrylics, Polyvinyls",53.08,1.83
*CC(*)(C)C(=O)OCc1c(F)cccc1F,82.0,P342230,"Polyacrylics, Polyvinyls",60.81,2.03
*CC(*)(C)C(=O)OCCCCCCCCCCCOc1ccc(/N=N/c2ccc(OC(=O)c3ccc4c(c3)OCCOCCOCCOCCO4)cc2)cc1,59.0,P342236,"Polyacrylics, Polyvinyls",77.07,2.53
*CC(*)(C)C(=O)Oc1ccc(C(=O)/C=C/c2ccc(Cl)cc2)cc1,127.0,P342237,"Polyacrylics, Polyvinyls",81.74,2.74
*CC(*)(C)C(=O)OC1CCCCC1C(C)(C)C,185.0,P342239,"Polyacrylics, Polyvinyls",57.27,1.61
*CC(*)(C)C(=O)OCC(O)C1CC(C)(c2ccccc2)C1,105.0,P342241,"Polyacrylics, Polyvinyls",62.61,2.14
*CC(*)(C)C(=O)OCC(=O)c1ccccc1,92.5,P342242,"Polyacrylics, Polyvinyls",52.1,2.09
*CC(*)(C)C(=O)OCCOCCOCCOc1ccc(/N=N/c2ccc(C#N)cc2)cc1,37.0,P342257,"Polyacrylics, Polyvinyls",51.43,2.18
*CC(*)(C)C(=O)OCCOCCOCCOCCOc1ccc(/N=N/c2ccc(C#N)cc2)cc1,20.0,P342258,"Polyacrylics, Polyvinyls",53.27,1.94
*CCC(C)C(*)(C)C(=O)OC,45.0,P342262,"Polyacrylics, Polyvinyls",30.76,0.93
*CC(*)(C)C(=O)OCCC1CCCCC1,110.0,P342263,"Polyacrylics, Polyvinyls",38.2,1.22
*CC(*)(C)C(=O)OCCCC1CCCCC1,60.0,P342264,"Polyacrylics, Polyvinyls",33.98,1.1
*CC(*)(C)C(=O)OCCCCC1CCCCC1,43.0,P342265,"Polyacrylics, Polyvinyls",28.57,0.83
*CC(C)CC(*)(C)C(=O)OC,16.0,P342268,"Polyacrylics, Polyvinyls",27.67,0.85
*CC(*)(C)C(=O)OCCCCCCOc1ccc(/N=N/c2ccc(C3OCC4(CO3)CC3C=CC4C3)cc2)cc1,118.5,P342279,"Polyacrylics, Polyvinyls",75.0,2.74
*CC(*)(C)C(=O)OCCCCCCCCOc1ccc(/N=N/c2ccc(C3OCC4(CO3)CC3C=CC4C3)cc2)cc1,106.2,P342280,"Polyacrylics, Polyvinyls",62.57,2.39
*CC(*)(C)C(=O)OCCCCCCCCCCOc1ccc(/N=N/c2ccc(C3OCC4(CO3)CC3C=CC4C3)cc2)cc1,103.2,P342281,"Polyacrylics, Polyvinyls",67.09,2.19
*CC(*)(C)C(=O)OCC1(CC)COC1,105.0,P342282,"Polyacrylics, Polyvinyls",40.59,1.4
*CC(*)(C)C(=O)OCc1ccc(/C=C/C(=O)C2c3ccccc3C(=O)c3ccccc32)cc1,163.0,P342284,"Polyacrylics, Polyvinyls",89.68,3.67
*CC(*)(C)C(=O)OCc1ccc(/C=C/C(=O)Oc2ccc3oc(=O)ccc3c2)cc1,140.0,P342285,"Polyacrylics, Polyvinyls",95.14,3.38
*CC(*)(C)C(=O)OCc1ccc(Cl)c(Cl)c1,34.45,P342286,"Polyacrylics, Polyvinyls",52.89,1.71
*CC(*)(C)C(=O)OCSC,60.0,P342289,"Polyacrylics, Polyvinyls",37.95,1.14
*C([2H])([2H])C(*)(C(=O)OC([2H])([2H])C([2H])([2H])[2H])C([2H])([2H])[2H],94.0,P342295,"Polyacrylics, Polyvinyls",37.29,1.36
*CC(*)(C)C(=O)OCCN(CCCC)c1ccc(/N=N/c2ccc(S(=O)(=O)Nc3nccs3)cc2)cc1,53.0,P342296,"Polyacrylics, Polyvinyls",76.55,3.21
*CC(*)C(=O)Oc1cc(C)cc(C)c1,54.0,P342299,"Polyacrylics, Polyvinyls",57.94,1.88
*CC(*)(C)C(=O)OCCN(C)c1ccc(/N=N/c2ccc(S(=O)(=O)Nc3cc(C)on3)cc2)cc1,123.0,P342306,"Polyacrylics, Polyvinyls",87.1,3.43
*CC(*)(C)C(=O)OCCN(CCCC)c1ccc(/N=N/c2ccc(S(=O)(=O)Nc3cc(C)on3)cc2)cc1,105.0,P342307,"Polyacrylics, Polyvinyls",90.52,3.01
*CC(*)(C)C(=O)Oc1ccc(C(=O)/C=C/c2ccc(OC)c(OC)c2)cc1,137.0,P342326,"Polyacrylics, Polyvinyls",73.18,2.75
*CC(*)(C)C(=O)OCCCCCC(=O)Oc1ccc(OC(=O)c2ccc(OC)cc2)cc1,40.0,P342342,"Polyacrylics, Polyvinyls",59.91,2.05
*CC(*)(C)C(=O)OCCCCCC(=O)Oc1ccc(OC(=O)c2ccc(OCC)cc2)cc1,43.0,P342343,"Polyacrylics, Polyvinyls",62.15,2.27
*CC(*)(C)C(=O)OCCCCCC(=O)Oc1ccc(OC(=O)c2ccc(OCCC)cc2)cc1,45.0,P342344,"Polyacrylics, Polyvinyls",60.66,2.31
*CC(*)(C)C(=O)OCCCCCC(=O)Oc1ccc(OC(=O)c2ccc(OCCCC)cc2)cc1,40.0,P342345,"Polyacrylics, Polyvinyls",52.75,2.15
*CC(*)(C)C(=O)OCCCCCC(=O)Oc1ccc(OC(=O)c2ccc(OCCCCC)cc2)cc1,50.0,P342346,"Polyacrylics, Polyvinyls",51.65,2.12
*CC(*)(C)C(=O)OCCCCCC(=O)Oc1ccc(OC(=O)c2ccc(OCCCCCC)cc2)cc1,44.0,P342347,"Polyacrylics, Polyvinyls",57.94,2.15
*CC(*)(CC(=O)OC1CCC1)C(=O)OC1CCC1,60.0,P342348,"Polyacrylics, Polyvinyls",33.77,1.05
*CC(*)(CC(=O)OC1CCCCCC1)C(=O)OC1CCCCCC1,105.0,P342349,"Polyacrylics, Polyvinyls",45.82,1.25
*CC(*)(C)C(=O)OCC1COC(=O)O1,124.0,P342350,"Polyacrylics, Polyvinyls",43.99,1.49
*CC(*)C(=O)Oc1ccc(C(=O)OCc2ccccc2)cc1,16.25,P342351,"Polyacrylics, Polyvinyls",62.05,2.53
*CC(*)(C)C(=O)OCc1ccsc1,83.5,P342352,"Polyacrylics, Polyvinyls",50.13,2.06
*CC(*)(C)C(=O)OCC1CCC1,114.0,P342353,"Polyacrylics, Polyvinyls",39.49,1.43
*CC(*)C(=O)Nc1ccccc1Cl,63.0,P342363,"Polyacrylics, Polyvinyls",55.3,1.93
*CC(*)C(=O)Nc1cccc(Cl)c1,70.0,P342364,"Polyacrylics, Polyvinyls",53.54,2.19
*CC(*)C(=O)Nc1ccc(Cl)cc1,76.0,P342365,"Polyacrylics, Polyvinyls",54.3,2.2
*CC(*)C(=O)NCCC[N+](C)(C)CCCS(=O)(=O)O,141.5,P342370,"Polyacrylics, Polyvinyls",41.39,1.32
*CC(*)C(=O)NCCC[N+](C)(C)C,57.0,P342375,"Polyacrylics, Polyvinyls",30.37,0.94
*CC(*)C(=O)OCCOCC1(CC)COC1,-16.0,P342388,"Polyacrylics, Polyvinyls",25.41,0.47
*CC(*)(C)C(=O)OCCCCCCCCCCn1c2ccccc2c2cc(/N=N/c3ccc([N+](=O)[O-])cc3)ccc21,36.0,P342390,"Polyacrylics, Polyvinyls",96.41,3.44
*CC(*)(C)C(=O)Nc1cccc(-c2nnc(-c3ccccc3)o2)c1,65.0,P342394,"Polyacrylics, Polyvinyls",86.69,3.54
*CC(*)(C)C(=O)OCC(=O)Nc1cc(C)on1,128.0,P342396,"Polyacrylics, Polyvinyls",63.61,2.15
*C(C)C(*)C(=O)OCC,157.0,P342398,"Polyacrylics, Polyvinyls",48.82,1.74
*C(C)C(*)C(=O)OCCC,116.0,P342399,"Polyacrylics, Polyvinyls",42.17,1.3
*C(C)C(*)C(=O)OC(C)C,149.0,P342400,"Polyacrylics, Polyvinyls",44.59,1.56
*C(C)C(*)C(=O)OCCCC,90.0,P342401,"Polyacrylics, Polyvinyls",34.68,1.25
*CC(*)(C)C(=O)OCCn1c2ccccc2c2cc(/N=N/c3ccc([N+](=O)[O-])cc3)ccc21,164.0,P342402,"Polyacrylics, Polyvinyls",117.42,4.98
*CC(*)(C)C(=O)OCCCCCCOc1ccc(/N=N/c2ccncc2)cc1,42.0,P342403,"Polyacrylics, Polyvinyls",56.32,2.3
*CC(*)(CC(=O)OCCCl)C(=O)OCCCl,43.0,P342404,"Polyacrylics, Polyvinyls",30.84,0.88
*CC(*)(CC(=O)OCCCCl)C(=O)OCCCCl,47.0,P342405,"Polyacrylics, Polyvinyls",26.06,0.69
*CC(*)(C)C(=O)OCC1COCCOCCOCCO1,35.0,P342406,"Polyacrylics, Polyvinyls",36.44,1.05
*CC(*)(C)C(=O)OCC(=O)N1CCOCC1,128.0,P342413,"Polyacrylics, Polyvinyls",49.44,1.34
*CC(*)(C)C(=O)OCC(=O)N1CCCC1,144.0,P342414,"Polyacrylics, Polyvinyls",47.85,1.58
*CC(*)C(=O)Oc1ccc(C(=O)Oc2ccc(OC(=O)c3ccc(OCCCC)cc3)cc2)cc1,47.0,P342417,"Polyacrylics, Polyvinyls",85.71,2.96
*CC(*)C(=O)Oc1ccc(C(=O)Oc2ccc(OC(=O)c3ccc(OCCCCC)cc3)cc2)cc1,48.0,P342418,"Polyacrylics, Polyvinyls",79.37,3.24
*CC(*)C(=O)OCCOc1ccc(C(=O)Oc2ccc(OC(=O)c3ccc(OCCCC)cc3)cc2)cc1,45.0,P342419,"Polyacrylics, Polyvinyls",71.51,3.07
*CC(*)C(=O)OCCOc1ccc(C(=O)Oc2ccc(OC(=O)c3ccc(OCCCCC)cc3)cc2)cc1,46.0,P342420,"Polyacrylics, Polyvinyls",75.87,2.87
*CC(*)C(=O)Oc1ccc([N+](=O)[O-])cc1,73.3,P342423,"Polyacrylics, Polyvinyls",55.57,1.89
*CC(*)C(=O)Nc1ccc(C(=O)/C=C/c2cccc(Br)c2)cc1,55.0,P342424,"Polyacrylics, Polyvinyls",74.56,2.51
*CC(*)C(=O)Nc1ccc(C(=O)/C=C/c2ccc(Br)cc2)cc1,64.0,P342425,"Polyacrylics, Polyvinyls",79.42,2.48
*CC(*)(C)C(=O)OCCN(C)c1ccc(/N=N/c2ccc(/N=N/c3ccc(C#N)cc3)cc2C)cc1,120.0,P342426,"Polyacrylics, Polyvinyls",86.23,3.22
*CC(*)(C)C(=O)OC(COc1cccc2ccccc12)COc1cccc2ccccc12,80.0,P342427,"Polyacrylics, Polyvinyls",107.01,4.31
*CC(*)(C)C(=O)OC(COc1ccc(-c2ccccc2)cc1)COc1ccc(-c2ccccc2)cc1,85.0,P342428,"Polyacrylics, Polyvinyls",100.8,3.72
*CC(*)(C)C(=O)OC(COc1cc2ccccc2c2ccccc12)COc1cc2ccccc2c2ccccc12,112.0,P342429,"Polyacrylics, Polyvinyls",140.38,5.66
*CC(*)(C)C(=O)OCCN(CC)c1ccc(/N=N/c2nc3ccc([N+](=O)[O-])cc3s2)cc1,140.0,P342436,"Polyacrylics, Polyvinyls",97.68,3.28
*CC(*)(C)C(=O)OCCN(CC)c1ccc(/N=N/c2ccc(S(C)(=O)=O)cc2)cc1,144.0,P342437,"Polyacrylics, Polyvinyls",70.77,2.67
*CC(*)(C)C(=O)OCCS(=O)(=O)c1ccc(/N=N/c2ccc(N(CC)CC)cc2)cc1,142.0,P342438,"Polyacrylics, Polyvinyls",68.34,2.52
*CCC1CC(*)C2C3CC(C12)C(C)(C(=O)OC)C3,146.0,P342439,"Polyacrylics, Polyvinyls",51.94,1.49
*CC(*)(C)C(=O)OCCC1CCN(CCCCCCOc2ccc(/N=N/c3ccc([N+](=O)[O-])cc3)cc2)CC1,27.0,P342441,"Polyacrylics, Polyvinyls",58.73,1.97
*CC(*)C(=O)OC([2H])([2H])[2H],35.0,P342445,"Polyacrylics, Polyvinyls",32.81,1.17
*CC(*)C(=O)OCCCCOc1ccc(-c2ccc(C#N)cc2)cc1,30.0,P342450,"Polyacrylics, Polyvinyls",57.34,2.4
*CC(*)(C)C(=O)Nc1ccc(C(=O)/C=C/c2ccc(OC)cc2)cc1,35.0,P342451,"Polyacrylics, Polyvinyls",68.49,2.5
*CC(*)(CCC)C(=O)OC,83.5,P342452,"Polyacrylics, Polyvinyls",37.78,1.31
*CC(*)(CCCCCCCC)C(=O)OC,34.0,P342453,"Polyacrylics, Polyvinyls",25.92,0.73
*CC(*)(C)C(=O)OCC[N+](C)(C)CCCCS(=O)(=O)O,261.0,P342455,"Polyacrylics, Polyvinyls",53.33,1.87
*CC(*)(C)C(=O)OCCOCC[N+](CC)(CC)CCCCS(=O)(=O)O,95.0,P342456,"Polyacrylics, Polyvinyls",30.08,0.75
*CC(*)(C)C(=O)OCCOCCOCC[N+](CC)(CC)CCCCS(=O)(=O)O,27.0,P342457,"Polyacrylics, Polyvinyls",17.51,0.26
*CC(*)(C)C(=O)Oc1ccc(-c2nnc(-c3ccc(C(C)(C)C)cc3)o2)cc1,156.0,P342458,"Polyacrylics, Polyvinyls",102.29,4.24
*CC(*)C(=O)OCCCCCCCCCCCCOc1ccc(C(=O)Oc2ccc(-c3cccc(OC(=O)c4ccc(OC(=O)c5ccc(OCCCCCCCCCCCC)cc5)cc4)c3)cc2)cc1,67.0,P342461,"Polyacrylics, Polyvinyls",81.39,3.43
*CC(*)(C)C(=O)OCCCCCCOc1ccc(C(=O)Oc2ccc(-c3cccc(OC(=O)c4ccc(OC(=O)c5ccc(OCCCCCCCCCCCC)cc5)cc4)c3)cc2)cc1,73.0,P342462,"Polyacrylics, Polyvinyls",95.64,3.65
*CC(*)(C)C(=O)OCCCCCCCCCCCCOc1ccc(C(=O)Oc2ccc(-c3cccc(OC(=O)c4ccc(OC(=O)c5ccc(OCCCCCCCCCCCC)cc5)cc4)c3)cc2)cc1,74.5,P342463,"Polyacrylics, Polyvinyls",87.51,3.51
*CC(*)(C)C(=O)Oc1ccc([N+](=O)[O-])c(C)c1,101.0,P342467,"Polyacrylics, Polyvinyls",54.67,2.12
*CC(*)(C)C(=O)OCCC(F)(F)C(F)(F)C(F)(F)C(F)(F)F,23.0,P342470,"Polyacrylics, Polyvinyls",33.73,0.79
*CC(*)(C)C(=O)OCCCCC(F)(F)C(F)(F)C(F)(F)C(F)(F)F,23.0,P342472,"Polyacrylics, Polyvinyls",32.89,0.63
*CC(*)(C)C(=O)OCCCCCCC(F)(F)C(F)(F)C(F)(F)C(F)(F)F,23.0,P342474,"Polyacrylics, Polyvinyls",27.91,0.58
*CC(*)C(=O)Oc1ccc(/N=N/c2ccc([N+](=O)[O-])cc2)cc1,134.0,P342475,"Polyacrylics, Polyvinyls",71.65,3.01
*CC(*)C(=O)Oc1ccc(/N=N/c2ccc(OC)cc2)cc1,140.0,P342476,"Polyacrylics, Polyvinyls",81.22,2.86
*CC(*)(C)C(=O)OCCn1c2ccccc2c2cc(/N=N/c3ccc([N+](=O)[O-])cc3[N+](=O)[O-])ccc21,182.0,P342483,"Polyacrylics, Polyvinyls",124.81,5.05
*CC(*)(C)C(=O)OCCCCn1c2ccccc2c2cc(/N=N/c3ccc([N+](=O)[O-])cc3[N+](=O)[O-])ccc21,132.0,P342484,"Polyacrylics, Polyvinyls",102.25,3.95
*CC(*)(C)C(=O)OCCCCCCCCCCn1c2ccccc2c2cc(/N=N/c3ccc([N+](=O)[O-])cc3[N+](=O)[O-])ccc21,60.0,P342486,"Polyacrylics, Polyvinyls",86.5,3.49
*CC(*)(C)C(=O)OCCCCCCCCCCn1c2ccccc2c2cc(/C=C(\C#N)c3ccc([N+](=O)[O-])cc3)ccc21,40.0,P342487,"Polyacrylics, Polyvinyls",81.79,3.39
*CC(*)(C)C(=O)OCCCCCCCCCCn1c2ccccc2c2cc(/C=C(\C#N)C(=O)OC)ccc21,58.0,P342488,"Polyacrylics, Polyvinyls",68.73,2.97
*CC(*)(C)C(=O)OCCCCCCCCCCn1c2ccccc2c2cc(/C=C/C3=C(C#N)C(=C(C#N)C#N)OC3(C)C)ccc21,55.0,P342489,"Polyacrylics, Polyvinyls",75.83,2.96
*CC(*)(C)C(=O)OCc1cccc(Cl)c1,18.25,P342490,"Polyacrylics, Polyvinyls",48.48,1.72
*CC(*)(C)C(=O)OCc1ccc(Cl)cc1,43.6,P342491,"Polyacrylics, Polyvinyls",49.99,1.66
*CC(*)(C)C(=O)OCc1cccc(Cl)c1Cl,42.6,P342492,"Polyacrylics, Polyvinyls",51.24,1.97
*CC(*)(C)C(=O)OCc1ccc(Cl)cc1Cl,19.4,P342493,"Polyacrylics, Polyvinyls",54.36,1.54
*CC(*)(C)C(=O)OCc1cc(Cl)ccc1Cl,27.8,P342494,"Polyacrylics, Polyvinyls",56.96,1.75
*CC(*)(C)C(=O)OCc1c(Cl)cccc1Cl,58.9,P342495,"Polyacrylics, Polyvinyls",57.08,1.9
*CC(*)(C)C(=O)OCc1cc(Cl)cc(Cl)c1,29.95,P342496,"Polyacrylics, Polyvinyls",52.14,1.85
*CC(*)(C)C(=O)OC1CCOCC1,153.5,P342498,"Polyacrylics, Polyvinyls",45.36,1.64
*CC(*)(C)C(=O)Oc1ccc(C(=O)c2ccccc2)cc1,118.0,P342499,"Polyacrylics, Polyvinyls",80.34,2.92
*CC(*)(C)C(=O)OCCCCCCOc1ccc(/N=N/c2ccc(OCCCC)cc2)cc1,79.0,P342500,"Polyacrylics, Polyvinyls",61.61,2.08
*CC(*)(C)C(=O)Oc1ccc(C(=O)/C=C/c2ccc(OCc3ccccc3)cc2)cc1,152.0,P342506,"Polyacrylics, Polyvinyls",86.58,4.03
*CC(*)(C)C(=O)Oc1ccc(/N=N/c2ccc([N+](=O)[O-])cc2)cc1,145.0,P342507,"Polyacrylics, Polyvinyls",84.09,2.73
*CC(*)(C)C(=O)OCCOc1ccc(/N=N/c2ccc([N+](=O)[O-])cc2)cc1,112.0,P342508,"Polyacrylics, Polyvinyls",66.92,2.97
*CC(*)(C)C(=O)OCCCCCCOc1ccc(/N=N/c2ccc([N+](=O)[O-])cc2)cc1,108.0,P342509,"Polyacrylics, Polyvinyls",71.19,2.25
*CC(*)(C)C(=O)Oc1ccc(/N=N/c2ccc(OC)cc2)cc1,120.0,P342510,"Polyacrylics, Polyvinyls",70.41,2.91
*CC(*)(C)C(=O)OCCOc1ccc(/N=N/c2ccc(OC)cc2)cc1,109.0,P342511,"Polyacrylics, Polyvinyls",72.72,2.7
*CC(*)(C)C(=O)OCCCCCCOc1ccc(C(=O)Oc2ccc(/N=N/c3ccccc3)c3ccccc23)cc1,46.0,P342514,"Polyacrylics, Polyvinyls",101.38,3.92
*CC(*)(C)C(=O)OCCCCCCOc1ccc(C(=O)Oc2ccc(/N=N/c3ccc(C)cc3)c3ccccc23)cc1,40.0,P342515,"Polyacrylics, Polyvinyls",84.89,3.49
*CC(*)(C)C(=O)OCCCCCCOc1ccc(C(=O)Oc2ccc(/N=N/c3ccc(C#N)cc3)c3ccccc23)cc1,41.0,P342516,"Polyacrylics, Polyvinyls",95.62,3.7
*CC(*)(C)C(=O)OCCCOc1ccc(C(=O)Oc2ccc3ccc(=O)oc3c2)cc1,68.0,P342517,"Polyacrylics, Polyvinyls",87.26,2.98
*CC(*)(C)C(=O)OCCCCCCOc1ccc(C(=O)Oc2ccc3ccc(=O)oc3c2)cc1,102.0,P342518,"Polyacrylics, Polyvinyls",87.53,3.14
*CC(*)(C)C(=O)OCC1CC(NC(=O)OC(C)(C)C)CN1C(=O)OC(C)(C)C,127.0,P342521,"Polyacrylics, Polyvinyls",49.16,1.28
*CC(*)(C)C(=O)OCC1CC(NC(=O)C2CC(NC(=O)OC(C)(C)C)CN2C(=O)OC(C)(C)C)CN1C(=O)C1CC(NC(=O)OC(C)(C)C)CN1C(=O)OC(C)(C)C,200.0,P342522,"Polyacrylics, Polyvinyls",69.71,1.53
*CC(*)(C)C(=O)OCC1OC(n2ccc(=O)[nH]c2=O)C(O)C1O,143.5,P342526,"Polyacrylics, Polyvinyls",62.48,2.23
*CC(*)(C)C(=O)NC1C(O)OC(CO)C(O)C1O,90.5,P342527,"Polyacrylics, Polyvinyls",42.42,1.25
*CC(*)(C)C(=O)OC1(C)CCCN(c2ccc(/N=N/c3ccc(/C=C(\C#N)S(C)(=O)=O)cc3)cc2)C1,196.0,P342529,"Polyacrylics, Polyvinyls",80.49,3.22
*CC(*)(C)C(=O)OCCCCCCCCCCOc1ccc(C#Cc2cc(C)c(/C=C/c3ccncc3)cc2C)cc1,65.4,P342530,"Polyacrylics, Polyvinyls",69.81,3.05
*CC(*)(C)C(=O)OCCCCCCCCCCOc1ccc(C#Cc2cc(OC)c(/C=C/c3ccncc3)cc2OC)cc1,87.1,P342541,"Polyacrylics, Polyvinyls",79.24,2.7
*CC(*)(C)C(=O)OCCCCCCCCCCOc1ccc(C(=O)Oc2ccc(C(=O)/C=C/c3c(C)c4ccccc4n3CCCC)cc2)cc1,57.0,P342543,"Polyacrylics, Polyvinyls",81.72,3.53
*CC(*)(C)C(=O)OCCCCCCCCOc1ccc(C(=O)Oc2ccc(C(=O)/C=C/c3c(C)c4ccccc4n3CCCC)cc2)cc1,69.0,P342544,"Polyacrylics, Polyvinyls",82.67,3.6
*CC(*)(C)C(=O)OCCCCCCOc1ccc(C(=O)Oc2ccc(C(=O)/C=C/c3c(C)c4ccccc4n3CCCC)cc2)cc1,85.0,P342545,"Polyacrylics, Polyvinyls",100.1,3.72
*CC(*)(C)C(=O)OCCCCCCCCCCOc1ccc(C(=O)Oc2ccc(C(=O)/C=C/c3c(C)c4ccccc4n3C)cc2)cc1,72.0,P342546,"Polyacrylics, Polyvinyls",93.89,3.69
*CC(*)(C)C(=O)OCCCCCCCCOc1ccc(C(=O)Oc2ccc(C(=O)/C=C/c3c(C)c4ccccc4n3C)cc2)cc1,75.0,P342547,"Polyacrylics, Polyvinyls",87.36,3.48
*CC(*)(C)C(=O)OCCCCCCOc1ccc(C(=O)Oc2ccc(C(=O)/C=C/c3c(C)c4ccccc4n3C)cc2)cc1,98.0,P342548,"Polyacrylics, Polyvinyls",102.12,3.75
*CC(*)(C)C(=O)OCCCCC(F)(F)C(F)(F)C(F)(F)C(F)(F)C(F)(F)C(F)(F)F,23.0,P342559,"Polyacrylics, Polyvinyls",32.14,0.57
*CC(*)(C)C(=O)OCCN(CC)c1ccc(/N=N/c2ccc(OC)cc2)c(C)c1,95.0,P342563,"Polyacrylics, Polyvinyls",61.72,2.8
*CC(*)C(=O)OCCCOc1ccc(C(=O)OCCCC(F)(F)C(F)(F)C(F)(F)C(F)(F)C(F)(F)C(F)(F)F)cc1,17.0,P342569,"Polyacrylics, Polyvinyls",41.92,1.03
*CC(*)C(=O)OCCCOc1ccc(C(=O)OCCCC(F)(F)C(F)(F)C(F)(F)C(F)(F)C(F)(F)C(F)(F)C(F)(F)C(F)(F)F)cc1,48.0,P342570,"Polyacrylics, Polyvinyls",44.67,1.24
*CC(*)(C)C(=O)OCCCCCCCCCCCCCCC(=O)NC1OC(COC(C)=O)C(OC2OC(COC(C)=O)C(OC(C)=O)C(OC(C)=O)C2OC(C)=O)C(OC(C)=O)C1OC(C)=O,95.2,P342571,"Polyacrylics, Polyvinyls",27.24,0.1
*CC(*)(C)C(=O)OCCCCCCCCCCCCCCC(=O)NC1OC(CO)C(OC2OC(CO)C(O)C(O)C2O)C(O)C1O,133.0,P342572,"Polyacrylics, Polyvinyls",30.37,0.62
*CC(*)(C)C(=O)OCCCCCCOc1ccc(C(=O)Oc2ccc(/N=N/c3ccc(F)cc3)c3ccccc23)cc1,42.0,P342573,"Polyacrylics, Polyvinyls",85.34,3.79
*CC(*)(C)C(=O)OCCCCCCOc1ccc(C(=O)Oc2ccc(/N=N/c3ccc(Cl)cc3)c3ccccc23)cc1,50.0,P342574,"Polyacrylics, Polyvinyls",90.79,3.5
*CC(*)(C)C(=O)OCCCCCCOc1ccc(C(=O)Oc2ccc(/N=N/c3ccc(Br)cc3)c3ccccc23)cc1,46.0,P342575,"Polyacrylics, Polyvinyls",100.24,3.97
*CC(*)(C)C(=O)OCCCCCCOc1ccc(C(=O)Oc2ccc(/N=N/c3ccc(I)cc3)c3ccccc23)cc1,40.0,P342576,"Polyacrylics, Polyvinyls",92.03,3.33
*CC(*)(C)C(=O)OCCCCCCN1CCN(c2ccc(/N=N/c3ccc(C#N)cc3)cc2)CC1,77.0,P342580,"Polyacrylics, Polyvinyls",60.16,2.34
*CC(*)(C)C(=O)OCCN(CC)c1ccccc1,37.5,P342582,"Polyacrylics, Polyvinyls",47.02,1.57
*CC(*)(C)C(=O)OCCN(CC)c1ccc(/N=N/c2ccc(C#N)cc2)cc1,119.0,P342583,"Polyacrylics, Polyvinyls",72.56,2.92
*C1C2CC(C(=O)OCCc3ccc(N(c4ccccc4)c4ccccc4)cc3)C(C2)C1*,307.0,P342584,"Polyacrylics, Polyvinyls",116.19,4.94
*C1C2CC(C(=O)OCCc3ccc(N(c4ccccc4)c4cccc(C)c4)cc3)C(C2)C1*,305.0,P342585,"Polyacrylics, Polyvinyls",121.21,4.55
*C1C2CC(C(=O)OCCc3ccc(N(c4ccccc4)c4cccc5ccccc45)cc3)C(C2)C1*,333.0,P342586,"Polyacrylics, Polyvinyls",130.97,5.86
*CC(*)(C)C(=O)OCCCCCCCCCCOc1ccc(/N=N/c2ccc([N+](=O)[O-])cc2)cc1,55.0,P342589,"Polyacrylics, Polyvinyls",59.21,2.15
*CC(*)(C)C(=O)OCCCCCCCCCCOc1ccc(/N=N/c2ccc(C#N)cc2)cc1,51.0,P342590,"Polyacrylics, Polyvinyls",52.62,2.06
*CC(*)(C)C(=O)OCCCCCCCCCCOc1ccc(/N=N/c2ccc(F)cc2)cc1,49.0,P342591,"Polyacrylics, Polyvinyls",49.58,1.91
*CC(*)(C)C(=O)OCCCCCCCCCCOc1ccc(/N=N/c2ccc(Cl)cc2)cc1,54.0,P342592,"Polyacrylics, Polyvinyls",52.26,2.22
*CC(*)(C)C(=O)OCCCCCCCCCCOc1ccc(/N=N/c2ccccc2)cc1,56.0,P342593,"Polyacrylics, Polyvinyls",53.34,1.97
*CC(*)(C)C(=O)OCCCCCCCCCCOc1ccc(/N=N/c2ccc(OC)cc2)cc1,62.0,P342594,"Polyacrylics, Polyvinyls",53.02,2.13
*CC(*)(C)C(=O)OCC[N+](C)(C)CCCCCCC,-44.0,P342597,"Polyacrylics, Polyvinyls",17.69,0.21
*CC(*)(C)C(=O)OCCCCCCN1CCN(c2ccc(/N=N/c3ccc([N+](=O)[O-])cc3)cc2)CC1,60.0,P342598,"Polyacrylics, Polyvinyls",62.7,2.33
*CC(*)(C)C(=O)OCCCCCCN1CCN(c2ccc(/N=N/c3ccc(C=C(C#N)C#N)cc3)cc2)CC1,83.0,P342599,"Polyacrylics, Polyvinyls",66.27,2.51
*CC(*)(C)C(=O)OCC#CO[Si](C)(C)C,57.0,P342604,"Polyacrylics, Polyvinyls",38.77,1.01
*CC(*)(C)C(=O)Oc1ccc(/C=C/c2ccccc2)cc1,143.0,P342613,"Polyacrylics, Polyvinyls",77.85,3.09
*CC(*)(C)C(=O)Oc1c(OC)cc(/C=C/c2ccccc2)cc1OC,140.0,P342614,"Polyacrylics, Polyvinyls",75.03,2.92
*CC(*)(C)C(=O)OCc1ccc2c(c1)OCCOCCOCCOCCO2,38.0,P342616,"Polyacrylics, Polyvinyls",62.0,1.77
*CC(*)(C)C(=O)OCc1ccc(OCCOCC)c(OCCOCC)c1,-2.0,P342617,"Polyacrylics, Polyvinyls",34.41,0.98
*CC(*)(C)C(=O)OCc1ccc(OCCOCCOCC)c(OCCOCCOCC)c1,-33.0,P342618,"Polyacrylics, Polyvinyls",21.64,0.67
*CC(*)(C)C(=O)OCc1ccc(OCCOCCOCCOCC)c(OCCOCCOCCOCC)c1,-92.0,P342619,"Polyacrylics, Polyvinyls",10.67,0.1
*C1C(*)C2CC1C(C(=O)OCc1ccccc1)C2C(=O)OCc1ccccc1,277.0,P342620,"Polyacrylics, Polyvinyls",100.01,3.37
*C1C(*)C2CC1C(C(=O)OCCc1ccccc1)C2C(=O)OCCc1ccccc1,254.0,P342621,"Polyacrylics, Polyvinyls",83.58,3.37
*C1C(*)C2CC1C(C(=O)OCCCc1ccccc1)C2C(=O)OCCCc1ccccc1,200.0,P342622,"Polyacrylics, Polyvinyls",81.6,3.24
*C1C(*)C2CC1C(C(=O)OCC13CC4CC(CC(C4)C1)C3)C2C(=O)OCC12CC3CC(CC(C3)C1)C2,328.0,P342623,"Polyacrylics, Polyvinyls",68.27,2.3
*C1C(*)C2CC1C(C(=O)OCCC13CC4CC(CC(C4)C1)C3)C2C(=O)OCCC12CC3CC(CC(C3)C1)C2,300.0,P342624,"Polyacrylics, Polyvinyls",71.16,1.93
*C1C(*)C2CC1C(C(=O)OCC1CC3CCC1C3)C2C(=O)OCC1CC2CCC1C2,320.0,P342625,"Polyacrylics, Polyvinyls",67.89,2.49
*C1C(*)C2CC1C(C(=O)OCCC1CC3CCC1C3)C2C(=O)OCCC1CC2CCC1C2,260.0,P342626,"Polyacrylics, Polyvinyls",65.2,1.95
*CC(*)(C)C(=O)Oc1ccc(OCc2ccccc2)cc1,95.3,P342634,"Polyacrylics, Polyvinyls",65.58,2.53
*CC(*)(C)C(=O)OCCC1CC[N+](C)(CCCCCCOc2ccc(/N=N/c3ccc([N+](=O)[O-])cc3)cc2)CC1,57.8,P342639,"Polyacrylics, Polyvinyls",58.33,2.04
*CC(*)C(=O)N1CC[NH+](CC)CC1,72.5,P342642,"Polyacrylics, Polyvinyls",35.94,1.24
*CC(*)(C)C(=O)OCCC[Si]12O[Si]3(CC(C)C)O[Si]4(CC(C)C)O[Si](CC(C)C)(O1)O[Si]1(CC(C)C)O[Si](CC(C)C)(O2)O[Si](CC(C)C)(O3)O[Si](CC(C)C)(O4)O1,85.0,P342646,"Polyacrylics, Polyvinyls",47.3,0.44
*CCCCCCC(Cl)C(*)Cl,-18.0,P350004,Polyhalo-olefins,21.34,0.56
*C(F)C(*)C(F)(F)F,87.0,P350009,Polyhalo-olefins,40.58,1.29
*C(F)(F)C1(F)C(F)(F)C(*)(F)C(F)(F)C(F)(F)C(F)(F)C1(F)F,198.0,P350011,Polyhalo-olefins,72.03,2.13
*C([2H])([2H])C(*)([2H])Cl,85.0,P352007,Polyhalo-olefins,39.54,1.37
*CCCCCCCCC(*)Cl,-33.0,P352009,Polyhalo-olefins,19.37,0.47
*/C(C)=C(/*)CCC,200.0,P360011,Polydienes,53.23,1.82
*/C(C)=C(/*)CCCCC,180.0,P360012,Polydienes,46.9,1.81
*/C(C)=C(/*)CCCCCCC,160.0,P360013,Polydienes,42.16,1.53
*/C=C(/*)C(C)(C)C,200.0,P360014,Polydienes,54.3,1.8
*c1ccc2c(c1)C(*)(C)CC2(C)C,215.5,P360023,Polydienes,75.94,3.13
*/C(=C(\[2H])C([2H])([2H])C(*)([2H])[2H])C([2H])([2H])[2H],-58.0,P360025,Polydienes,22.62,0.61
*C([2H])([2H])C(*)([2H])C([2H])=C([2H])[2H],1.0,P360026,Polydienes,30.4,0.84
*/C=C/C1CC(*)C2CC=CC12,149.0,P360028,Polydienes,46.15,1.56
*/C=C/C1CC(*)C2CC=CC12,149.0,P362019,Polydienes,45.69,1.53
*CC(C)/C=C(/*)C,2.3,P360033,Polydienes,27.73,0.96
*C1C2C/C(=C\C)C(C2)C1*,61.4,P360038,Polydienes,41.6,1.21
*C1C(*)C2CC1C1C=CCC12,145.0,P360040,Polydienes,49.01,1.64
*/C=C/C1CC(*)C(C2CC=CCC2)C1,105.0,P362005,Polydienes,48.42,1.36
*c1ccc2c(c1)C(CCCCCCCC)(CCCCCCCC)c1cc(*)ccc1-2,55.0,P362006,Polydienes,60.44,2.35
*/C=C/C1CC(*)C2CC=CC12,53.0,P360028,Polydienes,38.11,1.22
*/C=C/C1CC(*)C2CC=CC12,53.0,P362019,Polydienes,42.92,1.26
*c1ccc2c(c1)C(CC(CC)CCCC)(CC(CC)CCCC)c1cc(*)ccc1-2,29.0,P362021,Polydienes,61.42,2.29
*c1ccc2c(c1)C(CCCCCC)(CCCCCC)c1cc(*)ccc1-2,104.0,P362028,Polydienes,70.23,2.54
*CC(C)(C)C1CC=C(*)CC1,77.0,P362030,Polydienes,38.33,1.24
*/C=C/C1C/C(=C\C)C(*)C1,121.0,P362031,Polydienes,43.87,1.58
*/C=C/c1ccc2c(c1)C(CC(CC)CCCC)(CC(CC)CCCC)c1cc(*)ccc1-2,165.0,P362032,Polydienes,75.12,2.89
*/C=C/C(*)(C)C,-9.0,P362034,Polydienes,30.13,0.85
*/C=C/C1CC(*)C2C3CCC(C3)C12,207.4,P362038,Polydienes,59.77,1.89
*CCOCCOC(=O)CCCCCCCCCCC(=O)O*,-71.0,P370001,"Polyoxides/ethers/acetals, Polyesters/thioesters",5.74,0.1
*c1ccc(Oc2ccc(-c3nc(-c4cccc(-c5nnc(-c6ccccc6)c(*)n5)n4)nnc3-c3ccccc3)cc2)cc1,219.0,P370008,"Polyoxides/ethers/acetals, Polyimines",167.93,6.66
*c1ccc(Oc2ccc(-c3cnnc(-c4cccc(-c5ncc(*)nn5)n4)n3)cc2)cc1,223.0,P370009,"Polyoxides/ethers/acetals, Polyimines",151.07,5.68
*Oc1ccc(C(C)(C)c2ccc(Oc3nc(*)nc(Cl)n3)cc2)cc1,80.0,P370010,"Polyoxides/ethers/acetals, Polyimines",84.58,3.44
*OC(=O)Oc1ccc(C(C)(C)c2ccc(OC(=O)OC3CC4CC(*)CC(C3)O4)cc2)cc1,194.0,P370012,"Polyoxides/ethers/acetals, Polycarbonates/thiocarbonates",88.54,3.55
*OC(=O)Oc1ccc(S(=O)(=O)c2ccc(OC(=O)OC3CC4CC(*)CC(C3)O4)cc2)cc1,184.0,P370014,"Polyoxides/ethers/acetals, Polycarbonates/thiocarbonates, Polysulfones/sulfoxides/sufonates/sulfoamides",82.72,3.11
*OC(=O)OC1CC2CC(*)CC(C1)O2,207.0,P370016,"Polyoxides/ethers/acetals, Polycarbonates/thiocarbonates",54.65,1.87
*OC(=O)NC1CCC(CC2CCC(NC(=O)OC3CC4CC(*)CC(C3)O4)CC2)CC1,225.0,P370017,"Polyoxides/ethers/acetals, Polyurethanes/thiourethanes",66.9,2.03
*C(=O)OC1CC2CC(OC(=O)N3CCN(*)CC3)CC(C1)O2,113.0,P370018,"Polyoxides/ethers/acetals, Polyurethanes/thiourethanes",56.14,1.41
*OC(=O)Nc1ccc(Cc2ccc(NC(=O)OC3CC4CC(*)CC(C3)O4)cc2)cc1,200.0,P370019,"Polyoxides/ethers/acetals, Polyurethanes/thiourethanes",85.56,3.56
*OC(=O)c1ccc(C(=O)OC2CC3CC(*)CC(C2)O3)cc1,207.0,P370021,"Polyoxides/ethers/acetals, Polyesters/thioesters",79.74,2.9
*OC(=O)c1cccc(C(=O)OC2CC3CC(*)CC(C2)O3)c1,113.0,P370022,"Polyoxides/ethers/acetals, Polyesters/thioesters",69.82,2.15
*c1ccc(OC(=O)c2ccc(C(=O)Oc3ccc(C4(*)OCc5ccccc54)cc3)cc2)cc1,312.0,P370024,"Polyoxides/ethers/acetals, Polyesters/thioesters",130.51,5.45
*c1ccc(OC(=O)c2ccc(C(=O)Oc3ccc(C4(*)c5ccccc5Oc5ccccc54)cc3)cc2)cc1,252.0,P370026,"Polyoxides/ethers/acetals, Polyesters/thioesters",155.81,6.09
*OC(=O)Oc1ccc2c(c1)Oc1cc(*)ccc1C21c2ccccc2-c2ccccc21,295.0,P370027,"Polyoxides/ethers/acetals, Polycarbonates/thiocarbonates",142.99,6.09
*OC(=O)c1ccc(C(=O)Oc2ccc3c(c2)Oc2cc(*)ccc2C32c3ccccc3-c3ccccc32)cc1,290.0,P370029,"Polyoxides/ethers/acetals, Polyesters/thioesters",143.87,5.95
*CC(O)COc1ccc(C(C)(C)c2ccc(OCC(O)COc3ccc(S(=O)(=O)c4ccc(O*)cc4)cc3)cc2)cc1,140.0,P370030,"Polyoxides/ethers/acetals, Polysulfones/sulfoxides/sufonates/sulfoamides",100.43,4.21
*CC(O)COc1ccc(C(C)(C)c2ccc(OCC(O)COc3ccc(S(=O)(=O)c4ccc(O*)c(C)c4)cc3C)cc2)cc1,117.5,P370031,"Polyoxides/ethers/acetals, Polysulfones/sulfoxides/sufonates/sulfoamides",99.29,3.91
*CC(O)COc1ccc(C(C)(C)c2ccc(OCC(O)COc3c(C)cc(S(=O)(=O)c4cc(C)c(O*)c(C)c4)cc3C)cc2)cc1,137.5,P370032,"Polyoxides/ethers/acetals, Polysulfones/sulfoxides/sufonates/sulfoamides",111.73,3.96
*CC(O)COc1ccc(S(=O)(=O)c2ccc(OCC(O)COc3ccc(S(=O)(=O)c4ccc(O*)c(C)c4)cc3C)cc2)cc1,142.5,P370033,"Polyoxides/ethers/acetals, Polysulfones/sulfoxides/sufonates/sulfoamides",109.66,4.08
*CC(O)COc1ccc(S(=O)(=O)c2ccc(OCC(O)COc3c(C)cc(S(=O)(=O)c4cc(C)c(O*)c(C)c4)cc3C)cc2)cc1,145.0,P370034,"Polyoxides/ethers/acetals, Polysulfones/sulfoxides/sufonates/sulfoamides",100.16,4.04
*CC(O)COc1ccc(S(=O)(=O)c2ccc(O*)c(C)c2)cc1C,132.5,P370035,"Polyoxides/ethers/acetals, Polysulfones/sulfoxides/sufonates/sulfoamides",69.78,2.87
*CC(O)COc1c(C)cc(S(=O)(=O)c2cc(C)c(O*)c(C)c2)cc1C,152.5,P370036,"Polyoxides/ethers/acetals, Polysulfones/sulfoxides/sufonates/sulfoamides",76.48,3.31
*CC(O)COc1ccc(C(=O)c2ccc(OCC(O)COc3ccc(C(C)(C)c4ccc(O*)cc4)cc3)cc2)cc1,120.0,P370037,"Polyoxides/ethers/acetals, Polyketones/thioketones",107.52,3.65
*CC(O)COc1ccc(C(=O)c2ccc(O*)cc2)cc1,130.0,P370038,"Polyoxides/ethers/acetals, Polyketones/thioketones",67.77,2.73
*CC(O)COc1ccc(C(C)(C)c2ccc(OCC(O)COc3ccc(Oc4ccc(O*)cc4)cc3)cc2)cc1,85.0,P370039,Polyoxides/ethers/acetals,87.0,3.63
*CC(O)COc1ccc(C(C)(C)c2ccc(OCC(O)COc3c(C)cc(C(C)(C)c4cc(C)c(O*)c(C)c4)cc3C)cc2)cc1,100.0,P370040,Polyoxides/ethers/acetals,102.85,3.6
*CC(O)COc1c(Cl)cc(C(C)(C)c2cc(Cl)c(OCC(O)COc3ccc(C(C)(C)c4ccc(O*)cc4)cc3)c(Cl)c2)cc1Cl,100.0,P370041,Polyoxides/ethers/acetals,95.48,3.78
*CC(O)COc1c(C)cc(C(C)(C)c2cc(C)c(OCC(O)COc3ccc(S(=O)(=O)c4ccc(O*)cc4)cc3)c(C)c2)cc1C,145.0,P370042,"Polyoxides/ethers/acetals, Polysulfones/sulfoxides/sufonates/sulfoamides",103.88,4.22
*CC(O)COc1c(C)cc(C(C)(C)c2cc(C)c(OCC(O)COc3c(C)cc(S(=O)(=O)c4cc(C)c(O*)c(C)c4)cc3C)c(C)c2)cc1C,145.0,P370043,"Polyoxides/ethers/acetals, Polysulfones/sulfoxides/sufonates/sulfoamides",110.88,3.98
*CC(O)COc1c(C)cc(C(C)(C)c2cc(C)c(O*)c(C)c2)cc1C,130.0,P370044,Polyoxides/ethers/acetals,73.6,2.65
*Oc1ccc(C(C)(C)c2ccc(OC(=O)c3ccc(Oc4ccc(C(*)=O)cc4)cc3)cc2)cc1,220.0,P370045,"Polyoxides/ethers/acetals, Polyesters/thioesters",116.0,4.79
*Oc1ccc(C(C)(C)c2ccc(OC(=O)c3cccc(Oc4cccc(C(*)=O)c4)c3)cc2)cc1,85.0,P370051,"Polyoxides/ethers/acetals, Polyesters/thioesters",111.27,4.13
*C1CCOC1*,131.0,P370067,Polyoxides/ethers/acetals,42.17,1.79
*Oc1ccc(Oc2ccc(C(=O)c3ccc(C(=O)c4ccc(*)cc4)cc3)cc2)cc1,152.0,P370072,"Polyoxides/ethers/acetals, Polyketones/thioketones",120.17,4.93
*Oc1ccc(C(=O)c2ccc(Oc3ccc(C(=O)c4ccc(C(=O)c5ccc(*)cc5)cc4)cc3)cc2)cc1,169.0,P370073,"Polyoxides/ethers/acetals, Polyketones/thioketones",138.44,5.67
*Oc1ccc(-c2ccc(Oc3ccc(C(=O)c4ccc(*)cc4)cc3)cc2)cc1,167.0,P370074,"Polyoxides/ethers/acetals, Polyketones/thioketones",113.43,4.51
*Oc1cccc(NC(=O)c2ccc(C(=O)Nc3ccc(*)cc3)cc2)c1,280.0,P370078,"Polyoxides/ethers/acetals, Polyamides/thioamides",107.27,4.35
*Oc1ccc(C(=O)OCC(C)(C)COC(=O)c2ccc(*)cc2)cc1,73.0,P370090,"Polyoxides/ethers/acetals, Polyesters/thioesters",72.23,2.52
*CCCCCCCC(=O)OCC1COC(*)O1,-23.0,P370105,"Polyoxides/ethers/acetals, Polyesters/thioesters",21.18,0.45
*CCCCCCCC(=O)OC1COC(*)OC1,6.5,P370106,"Polyoxides/ethers/acetals, Polyesters/thioesters",25.2,0.58
*CC(C[N-][N+]#N)(C[N-][N+]#N)CO*,-30.0,P370109,Polyoxides/ethers/acetals,20.1,0.49
*CNC(=O)CCCCC(=O)NCC1COC(*)CO1,93.0,P370111,"Polyoxides/ethers/acetals, Polyamides/thioamides",33.51,1.06
*CNC(=O)CCCCCCCCC(=O)NCC1COC(*)CO1,73.0,P370112,"Polyoxides/ethers/acetals, Polyamides/thioamides",31.63,0.72
*CC(=O)NCCCCCCNC(=O)CC1COC(*)CO1,73.0,P370113,"Polyoxides/ethers/acetals, Polyamides/thioamides",30.4,0.81
*c1ccc(Oc2ccc(-c3cc(-c4ccc(Oc5ccc(-c6cc(*)nc7ccccc67)cc5)cc4)c4ccccc4n3)cc2)cc1,300.0,P370115,"Polyoxides/ethers/acetals, Polyimines",186.41,8.02
*c1ccc(Oc2ccc(-c3c(-c4ccccc4)c(-c4ccc(-c5nc6ccccc6c(*)c5-c5ccccc5)cc4)nc4ccccc34)cc2)cc1,273.0,P370116,"Polyoxides/ethers/acetals, Polyimines",196.19,9.08
*c1ccc(Oc2ccc(-c3cc(-c4cccc(-c5cc(*)c6ccccc6n5)c4)nc4ccccc34)cc2)cc1,268.0,P370117,"Polyoxides/ethers/acetals, Polyimines",163.93,7.07
*OC1C(COCC)OC(*)C(OCC)C1OCC,131.15,P370119,Polyoxides/ethers/acetals,41.91,1.15
*OC1C(CO)OC(*)C(O)C1O,332.0,P370120,Polyoxides/ethers/acetals,68.54,2.32
*OCC(F)(F)C(F)(F)C(F)(F)COc1nc(F)c(F)c(OCC(F)(F)C(F)(F)C(F)(F)COc2c(F)c(*)nc(F)c2F)c1F,-10.0,P370129,"Polyoxides/ethers/acetals, Polyimines",62.88,1.93
*OCC(F)(F)C(F)(F)C(F)(F)COc1nc(F)nc(*)c1F,0.0,P370130,"Polyoxides/ethers/acetals, Polyimines",48.63,1.36
*c1ccc(Oc2ccc(-c3cc(-c4ccccc4)c4cc5c(-c6ccccc6)cc(*)nc5cc4n3)cc2)cc1,380.5,P370131,"Polyoxides/ethers/acetals, Polyimines",171.68,8.64
*c1ccc(Oc2ccc(-c3cc(-c4ccccc4)c4cc5nc(*)cc(-c6ccccc6)c5cc4n3)cc2)cc1,365.0,P370132,"Polyoxides/ethers/acetals, Polyimines",183.37,8.94
*OC(F)(C(*)(F)F)C(F)(F)F,-73.0,P370137,Polyoxides/ethers/acetals,29.01,0.56
*Oc1cc(C)c(*)c(C)c1Br,280.15,P370139,Polyoxides/ethers/acetals,82.78,3.24
*Oc1c(Cl)cc(*)cc1Cl,176.82,P370146,Polyoxides/ethers/acetals,75.25,2.78
*Oc1c(C(C)C)cc(*)cc1C(C)C,152.4,P370149,Polyoxides/ethers/acetals,56.82,2.33
*Oc1ccc(OC(=O)c2cccc(Oc3cccc(C(*)=O)c3)c2)cc1,119.0,P370150,"Polyoxides/ethers/acetals, Polyesters/thioesters",85.84,3.79
*Oc1cccc(OC(=O)c2ccc(Oc3ccc(C(*)=O)cc3)cc2)c1,159.0,P370151,"Polyoxides/ethers/acetals, Polyesters/thioesters",98.52,4.06
*Oc1ccc(Oc2ccc(Oc3ccc(Oc4ccc(OC(=O)c5cccc(C(*)=O)c5)cc4)cc3)cc2)cc1,134.0,P370158,"Polyoxides/ethers/acetals, Polyesters/thioesters",135.05,5.07
*Oc1ccc(Oc2cccc(C(=O)Oc3ccc(OC(=O)c4cccc(*)c4)cc3)c2)cc1,119.0,P370165,"Polyoxides/ethers/acetals, Polyesters/thioesters",98.83,4.63
*Oc1ccc2cc(OC(=O)c3cccc(Oc4ccc(Oc5cccc(C(*)=O)c5)cc4)c3)ccc2c1,125.0,P370167,"Polyoxides/ethers/acetals, Polyesters/thioesters",125.05,5.27
*Oc1ccc(Oc2ccc(Oc3cccc(C(=O)Oc4ccc(OC(=O)c5cccc(*)c5)cc4)c3)cc2)cc1,101.0,P370169,"Polyoxides/ethers/acetals, Polyesters/thioesters",128.66,5.29
*Oc1ccc(Oc2ccc(Oc3cccc(C(=O)Oc4ccc(-c5ccc(OC(=O)c6cccc(*)c6)cc5)cc4)c3)cc2)cc1,119.0,P370170,"Polyoxides/ethers/acetals, Polyesters/thioesters",139.45,5.44
*Oc1ccc(Oc2ccc(OC(=O)c3cccc(Oc4ccc(Oc5cccc(C(*)=O)c5)cc4)c3)cc2)cc1,104.0,P370171,"Polyoxides/ethers/acetals, Polyesters/thioesters",128.56,5.21
*Oc1cccc(Oc2ccc(Oc3cccc(OC(=O)c4ccc(C(*)=O)cc4)c3)cc2)c1,103.0,P370172,"Polyoxides/ethers/acetals, Polyesters/thioesters",111.42,4.24
*Oc1cccc(Oc2ccc(C(=O)Oc3cccc(OC(=O)c4ccc(*)cc4)c3)cc2)c1,131.0,P370174,"Polyoxides/ethers/acetals, Polyesters/thioesters",116.17,4.68
*OP(=O)(Oc1ccccc1)Oc1ccc(C(C)(C)c2ccc(*)cc2)cc1,74.5,P370176,Polyoxides/ethers/acetals,94.28,3.46
*OP(=O)(Oc1ccc(Cl)cc1)Oc1ccc(C(C)(C)c2ccc(*)cc2)cc1,71.0,P370177,Polyoxides/ethers/acetals,95.4,3.48
*OP(=O)(Oc1ccc(C(C)(C)c2ccc(*)cc2)cc1)Oc1c(Cl)cccc1Cl,96.0,P370178,Polyoxides/ethers/acetals,94.3,3.81
*OP(=O)(Oc1ccc(C(C)(C)c2ccc(*)cc2)cc1)Oc1c(Cl)cc(Cl)cc1Cl,94.0,P370179,Polyoxides/ethers/acetals,93.6,3.69
*OP(=O)(Oc1ccc(C(C)(C)c2ccc(*)cc2)cc1)Oc1c(Cl)c(Cl)c(Cl)c(Cl)c1Cl,130.0,P370180,Polyoxides/ethers/acetals,99.49,3.42
*OP(=O)(Oc1ccccc1)Oc1c(Cl)c(Cl)c(*)c(Cl)c1Cl,79.0,P370181,Polyoxides/ethers/acetals,80.71,2.99
*OP(=O)(Oc1ccc(Cl)cc1)Oc1c(Cl)c(Cl)c(*)c(Cl)c1Cl,119.0,P370182,Polyoxides/ethers/acetals,77.04,3.1
*OP(=O)(Oc1c(Cl)cccc1Cl)Oc1c(Cl)c(Cl)c(*)c(Cl)c1Cl,144.0,P370183,Polyoxides/ethers/acetals,87.84,2.86
*OP(=O)(Oc1c(Cl)cc(Cl)cc1Cl)Oc1c(Cl)c(Cl)c(*)c(Cl)c1Cl,127.0,P370184,Polyoxides/ethers/acetals,91.7,3.18
*OP(=O)(Oc1c(Cl)c(Cl)c(*)c(Cl)c1Cl)Oc1c(Cl)c(Cl)c(Cl)c(Cl)c1Cl,133.0,P370185,Polyoxides/ethers/acetals,93.63,3.24
*Oc1ccc(NC(=O)c2cc(NC(=O)c3ccccc3)cc(C(=O)Nc3ccc(*)cc3)c2)cc1,294.5,P370186,"Polyoxides/ethers/acetals, Polyamides/thioamides",131.37,5.27
*ON(C(F)(F)F)C(F)(Cl)C(*)(F)F,-50.0,P370187,"Polyoxides/ethers/acetals, Polyimines",29.31,0.56
*ON(C(F)(F)F)C(F)(F)/C(F)=C(\F)C(*)(F)F,-7.0,P370188,"Polyoxides/ethers/acetals, Polyimines",31.17,0.71
*Oc1cccc(Oc2ccc3c(=O)n4c5cc(-c6ccc7c(c6)nc6c8ccc(*)c9cccc(c(=O)n76)c98)ccc5nc4c4cccc2c34)c1,396.5,P370190,"Polyoxides/ethers/acetals, Polyamides/thioamides, Polyimines",235.9,10.79
*Oc1cccc(Oc2ccc3c(=O)n4c5cc(Oc6ccc7c(c6)nc6c8ccc(*)c9cccc(c(=O)n76)c98)ccc5nc4c4cccc2c34)c1,369.5,P370191,"Polyoxides/ethers/acetals, Polyamides/thioamides, Polyimines",229.79,11.46
*Oc1ccc2cc(Oc3ccc4c(=O)n5c6cc(-c7ccc8c(c7)nc7c9ccc(*)c%10cccc(c(=O)n87)c%109)ccc6nc5c5cccc3c45)ccc2c1,413.0,P370192,"Polyoxides/ethers/acetals, Polyamides/thioamides, Polyimines",286.71,12.37
*Oc1ccccc1-c1ccccc1Oc1ccc2c(=O)n3c4cc(-c5ccc6c(c5)nc5c7ccc(*)c8cccc(c(=O)n65)c87)ccc4nc3c3cccc1c23,376.0,P370193,"Polyoxides/ethers/acetals, Polyamides/thioamides, Polyimines",276.09,12.27
*Oc1ccc(Sc2ccc(Oc3ccc4c(=O)n5c6cc(-c7ccc8c(c7)nc7c9ccc(*)c%10cccc(c(=O)n87)c%109)ccc6nc5c5cccc3c45)cc2)cc1,386.0,P370194,"Polyoxides/ethers/acetals, Polysulfides, Polyamides/thioamides, Polyimines",274.32,11.49
*Oc1ccc(Sc2ccc(Oc3ccc4c(=O)n5c6cc(Oc7ccc8c(c7)nc7c9ccc(*)c%10cccc(c(=O)n87)c%109)ccc6nc5c5cccc3c45)cc2)cc1,346.0,P370195,"Polyoxides/ethers/acetals, Polysulfides, Polyamides/thioamides, Polyimines",253.15,11.33
*Oc1ccc(S(=O)(=O)c2ccc(Oc3ccc4c(=O)n5c6cc(-c7ccc8c(c7)nc7c9ccc(*)c%10cccc(c(=O)n87)c%109)ccc6nc5c5cccc3c45)cc2)cc1,415.0,P370196,"Polyoxides/ethers/acetals, Polyamides/thioamides, Polyimines, Polysulfones/sulfoxides/sufonates/sulfoamides",300.16,13.49
*Oc1ccc(S(=O)(=O)c2ccc(Oc3ccc4c(=O)n5c6cc(Oc7ccc8c(c7)nc7c9ccc(*)c%10cccc(c(=O)n87)c%109)ccc6nc5c5cccc3c45)cc2)cc1,374.0,P370197,"Polyoxides/ethers/acetals, Polyamides/thioamides, Polyimines, Polysulfones/sulfoxides/sufonates/sulfoamides",280.95,11.38
*Oc1ccc(C(=O)c2ccc(Oc3ccc4c(=O)n5c6cc(-c7ccc8c(c7)nc7c9ccc(*)c%10cccc(c(=O)n87)c%109)ccc6nc5c5cccc3c45)cc2)cc1,389.0,P370198,"Polyoxides/ethers/acetals, Polyamides/thioamides, Polyimines, Polyketones/thioketones",257.27,13.2
*Oc1ccc(C(C)(C)c2ccc(Oc3ccc4c(=O)n5c6cc(-c7ccc8c(c7)nc7c9ccc(*)c%10cccc(c(=O)n87)c%109)ccc6nc5c5cccc3c45)cc2)cc1,380.0,P370199,"Polyoxides/ethers/acetals, Polyamides/thioamides, Polyimines",260.94,12.12
*Oc1ccc(C(C)(C)c2ccc(Oc3ccc4c(=O)n5c6cc(Oc7ccc8c(c7)nc7c9ccc(*)c%10cccc(c(=O)n87)c%109)ccc6nc5c5cccc3c45)cc2)cc1,334.0,P370200,"Polyoxides/ethers/acetals, Polyamides/thioamides, Polyimines",285.98,12.1
*Oc1ccc(C(c2ccccc2)(c2ccccc2)c2ccc(Oc3ccc4c(=O)n5c6cc(-c7ccc8c(c7)nc7c9ccc(*)c%10cccc(c(=O)n87)c%109)ccc6nc5c5cccc3c45)cc2)cc1,357.0,P370201,"Polyoxides/ethers/acetals, Polyamides/thioamides, Polyimines",333.64,13.2
*Oc1ccc(C2(c3ccc(Oc4ccc5c(=O)n6c7cc(-c8ccc9c(c8)nc8c%10ccc(*)c%11cccc(c(=O)n98)c%11%10)ccc7nc6c6cccc4c56)cc3)c3ccccc3-c3ccccc32)cc1,421.0,P370202,"Polyoxides/ethers/acetals, Polyamides/thioamides, Polyimines",327.25,14.83
*Oc1ccc(C2(c3ccc(Oc4ccc5c(=O)n6c7cc(Oc8ccc9c(c8)nc8c%10ccc(*)c%11cccc(c(=O)n98)c%11%10)ccc7nc6c6cccc4c56)cc3)c3ccccc3-c3ccccc32)cc1,396.0,P370203,"Polyoxides/ethers/acetals, Polyamides/thioamides, Polyimines",282.84,14.56
*Oc1ccc(C2(c3ccc(Oc4ccc5c(=O)n6c7cc(-c8ccc9c(c8)nc8c%10ccc(*)c%11cccc(c(=O)n98)c%11%10)ccc7nc6c6cccc4c56)cc3)c3ccccc3C(=O)c3ccccc32)cc1,428.0,P370204,"Polyoxides/ethers/acetals, Polyamides/thioamides, Polyimines, Polyketones/thioketones",337.21,14.74
*ON(C(F)(F)F)C(F)(F)C(*)(F)SC(F)(F)F,-48.0,P370206,"Polyoxides/ethers/acetals, Polyimines",32.48,0.62
*c1ccc(-c2nc3cc(-c4ccc5oc(*)nc5c4)ccc3o2)cc1,430.0,P370256,"Polyoxides/ethers/acetals, Polyimines",147.62,7.6
*C1Oc2ccccc2C1*,65.2,P370286,Polyoxides/ethers/acetals,56.19,2.03
*Oc1c(Cl)cc(*)cc1Br,188.5,P370303,Polyoxides/ethers/acetals,66.7,2.84
*Oc1c(Br)cc(*)cc1Br,196.0,P370304,Polyoxides/ethers/acetals,73.84,2.51
*c1ccc(Oc2ccc(-n3nc(-c4ccccc4)cc3-c3cccc(-c4cc(-c5ccccc5)nn4*)c3)cc2)cc1,232.0,P370305,"Polyoxides/ethers/acetals, Polyimines",163.47,7.73
*c1ccc(Oc2ccc(-n3nc(-c4ccccc4)cc3-c3ccc(-c4cc(-c5ccccc5)nn4*)cc3)cc2)cc1,260.0,P370306,"Polyoxides/ethers/acetals, Polyimines",187.32,7.13
*c1ccc(Oc2ccc(-n3nccc3-c3ccc(-c4ccnn4*)cc3)cc2)cc1,243.0,P370307,"Polyoxides/ethers/acetals, Polyimines",128.66,5.92
*c1ccc(Oc2ccc(-n3nccc3-c3cccc(-c4ccnn4*)c3)cc2)cc1,216.0,P370308,"Polyoxides/ethers/acetals, Polyimines",143.5,6.2
*OC(C)COC(C)COC(=O)c1ccc(C(*)=O)cc1,37.0,P370309,"Polyoxides/ethers/acetals, Polyesters/thioesters",43.06,1.68
*OC(F)(F)C(F)(F)C(*)(F)F,-109.0,P370310,Polyoxides/ethers/acetals,21.96,0.3
*Oc1ccc(P(=O)(c2ccccc2)c2ccc(Oc3ccc(-c4ccc(*)cc4)cc3)cc2)cc1,234.0,P370312,Polyoxides/ethers/acetals,126.69,5.48
*CCOCCOC(=O)C1CCC(C(=O)O*)CC1,-12.0,P370313,"Polyoxides/ethers/acetals, Polyesters/thioesters",27.3,0.57
*CCCCCCCCCCCCOc1ccc(/C=N/N=C/c2ccc(O*)cc2O)c(O)c1,89.0,P370320,"Polyoxides/ethers/acetals, Polyimines",61.87,2.35
*COc1ccc(C(c2ccc(O*)cc2)(C(F)(F)F)C(F)(F)F)cc1,123.0,P370321,Polyoxides/ethers/acetals,82.37,3.26
*COc1ccc(C(C)(C)c2ccc(O*)cc2)cc1,90.0,P370322,Polyoxides/ethers/acetals,70.83,3.07
*O[Si](C)(C)O[Si](C)(C)Oc1c(C)cc(-c2cc(C)c(*)c(C)c2)cc1C,55.0,P370323,"Polyoxides/ethers/acetals, Polysiloxanes/silanes",76.14,2.39
*O[Si](C)(C)O[Si](C)(C)O[Si](C)(C)Oc1c(C)cc(-c2cc(C)c(*)c(C)c2)cc1C,14.0,P370324,"Polyoxides/ethers/acetals, Polysiloxanes/silanes",62.68,2.46
*O[Si](C)(C)O[Si](C)(C)O[Si](C)(C)O[Si](C)(C)Oc1c(C)cc(-c2cc(C)c(*)c(C)c2)cc1C,-16.0,P370325,"Polyoxides/ethers/acetals, Polysiloxanes/silanes",64.29,2.0
*O[Si](C)(C)O[Si](C)(C)Oc1ccc(-c2ccc(*)cc2)cc1,-4.0,P370326,"Polyoxides/ethers/acetals, Polysiloxanes/silanes",65.04,2.37
*Cc1ccc(CO*)cc1,217.0,P370327,Polyoxides/ethers/acetals,67.33,2.85
*CCCCCCCc1nc2ccc(-c3ccc4nc(*)oc4c3)cc2o1,85.0,P370328,"Polyoxides/ethers/acetals, Polyimines",105.49,4.56
*CCCCCCCCCc1nc2ccc(-c3ccc4nc(*)oc4c3)cc2o1,64.0,P370329,"Polyoxides/ethers/acetals, Polyimines",100.55,3.71
*CCCCCCCCCCc1nc2ccc(-c3ccc4nc(*)oc4c3)cc2o1,64.0,P370330,"Polyoxides/ethers/acetals, Polyimines",101.74,4.3
*CCCCCCCCCCCc1nc2ccc(-c3ccc4nc(*)oc4c3)cc2o1,62.0,P370331,"Polyoxides/ethers/acetals, Polyimines",93.39,3.95
*CCCCCCCCCCCCc1nc2ccc(-c3ccc4nc(*)oc4c3)cc2o1,55.0,P370332,"Polyoxides/ethers/acetals, Polyimines",87.27,3.45
*Oc1ccc(C(c2ccc(Oc3ccc(C(=O)c4ccc(P(=O)(c5ccccc5)c5ccc(C(=O)c6ccc(*)cc6)cc5)cc4)cc3)cc2)(C(F)(F)F)C(F)(F)F)cc1,207.0,P370333,"Polyoxides/ethers/acetals, Polyketones/thioketones",156.98,6.98
*Oc1ccc(C(C)(C)c2ccc(Oc3ccc(C(=O)c4ccc(P(=O)(c5ccccc5)c5ccc(C(=O)c6ccc(*)cc6)cc5)cc4)cc3)cc2)cc1,195.0,P370334,"Polyoxides/ethers/acetals, Polyketones/thioketones",174.13,6.95
*Oc1ccc(Oc2ccc(C(=O)c3ccc(P(=O)(c4ccccc4)c4ccc(C(=O)c5ccc(*)cc5)cc4)cc3)cc2)cc1,207.0,P370335,"Polyoxides/ethers/acetals, Polyketones/thioketones",153.61,5.71
*Oc1cccc(Oc2ccc(C(=O)c3ccc(P(=O)(c4ccccc4)c4ccc(C(=O)c5ccc(*)cc5)cc4)cc3)cc2)c1,201.0,P370336,"Polyoxides/ethers/acetals, Polyketones/thioketones",162.23,5.78
*Oc1ccc2ccc(Oc3ccc(C(=O)Nc4cccc(NC(=O)c5ccc(*)cc5)c4)cc3)cc2c1,168.0,P370338,"Polyoxides/ethers/acetals, Polyamides/thioamides",129.26,5.66
*Oc1ccc2ccc(Oc3ccc(C(=O)Nc4cccc(Oc5ccc(NC(=O)c6ccc(*)cc6)cc5)c4)cc3)cc2c1,164.0,P370341,"Polyoxides/ethers/acetals, Polyamides/thioamides",152.25,6.55
*Oc1ccc2ccc(Oc3ccc(C(=O)Nc4ccc(Oc5ccc(Oc6ccc(NC(=O)c7ccc(*)cc7)cc6)cc5)cc4)cc3)cc2c1,191.0,P370342,"Polyoxides/ethers/acetals, Polyamides/thioamides",152.12,6.6
*Oc1ccc2ccc(Oc3ccc(C(=O)Nc4ccc(C(C)(C)c5ccc(C(C)(C)c6ccc(NC(=O)c7ccc(*)cc7)cc6)cc5)cc4)cc3)cc2c1,155.0,P370343,"Polyoxides/ethers/acetals, Polyamides/thioamides",151.9,7.01
*Oc1ccc2ccc(Oc3ccc(C(=O)Nc4ccc(Oc5ccc(C(C)(C)c6ccc(Oc7ccc(NC(=O)c8ccc(*)cc8)cc7)cc6)cc5)cc4)cc3)cc2c1,143.0,P370344,"Polyoxides/ethers/acetals, Polyamides/thioamides",188.96,6.73
*Oc1ccc2ccc(Oc3ccc(C(=O)Nc4ccc(Oc5ccc(S(=O)(=O)c6ccc(Oc7ccc(NC(=O)c8ccc(*)cc8)cc7)cc6)cc5)cc4)cc3)cc2c1,227.0,P370345,"Polyoxides/ethers/acetals, Polyamides/thioamides, Polysulfones/sulfoxides/sufonates/sulfoamides",178.98,7.99
*Oc1ccc2ccc(Oc3ccc(C(=O)Nc4ccc(Oc5ccc(C(C)(c6ccccc6)c6ccc(Oc7ccc(NC(=O)c8ccc(*)cc8)cc7)cc6)cc5)cc4)cc3)cc2c1,177.0,P370346,"Polyoxides/ethers/acetals, Polyamides/thioamides",202.93,8.2
*Oc1ccc2ccc(Oc3ccc(C(=O)Nc4ccc(Oc5ccc(C(c6ccc(Oc7ccc(NC(=O)c8ccc(*)cc8)cc7)cc6)(C(F)(F)F)C(F)(F)F)cc5)cc4)cc3)cc2c1,163.0,P370347,"Polyoxides/ethers/acetals, Polyamides/thioamides",167.89,7.65
*Oc1ccc2ccc(Oc3ccc(C(=O)Nc4ccc(Oc5ccc(C(C)(C)c6ccc(C(C)(C)c7ccc(Oc8ccc(NC(=O)c9ccc(*)cc9)cc8)cc7)cc6)cc5)cc4)cc3)cc2c1,166.0,P370348,"Polyoxides/ethers/acetals, Polyamides/thioamides",200.1,8.73
*Oc1ccc(C(c2ccc(Oc3c(F)c(F)c(C(=O)c4c(F)c(F)c(*)c(F)c4F)c(F)c3F)cc2)(C(F)(F)F)C(F)(F)F)cc1,149.0,P370349,"Polyoxides/ethers/acetals, Polyketones/thioketones",136.18,4.49
*Oc1ccc(C2(c3ccc(Oc4c(F)c(F)c(C(=O)c5c(F)c(F)c(*)c(F)c5F)c(F)c4F)cc3)c3ccccc3-c3ccccc32)cc1,223.0,P370350,"Polyoxides/ethers/acetals, Polyketones/thioketones",171.93,6.4
*c1ccc(Oc2c(F)c(F)c(C(=O)c3c(F)c(F)c(Oc4ccc(C5(*)OC(=O)c6ccccc65)cc4)c(F)c3F)c(F)c2F)cc1,215.0,P370351,"Polyoxides/ethers/acetals, Polyesters/thioesters, Polyketones/thioketones",141.15,5.6
*Oc1ccc(C(C)(c2ccccc2)c2ccc(Oc3c(F)c(F)c(C(=O)c4c(F)c(F)c(*)c(F)c4F)c(F)c3F)cc2)cc1,175.0,P370352,"Polyoxides/ethers/acetals, Polyketones/thioketones",128.28,5.14
*Oc1c(F)c(F)c(-c2c(F)c(F)c(Oc3ccc(C(c4ccc(*)cc4)(C(F)(F)F)C(F)(F)F)cc3)c(F)c2F)c(F)c1F,167.0,P370353,Polyoxides/ethers/acetals,136.65,4.37
*c1ccc(NC(=O)c2ccc(C(=O)Nc3ccc(-c4nnc(*)o4)cc3)c(Oc3ccccc3)c2)cc1,272.0,P370354,"Polyoxides/ethers/acetals, Polyamides/thioamides, Polyimines",139.03,6.23
*c1ccc(Oc2ccc(NC(=O)c3ccc(C(=O)Nc4ccc(Oc5ccc(-c6nnc(*)o6)cc5)cc4)c(Oc4ccccc4)c3)cc2)cc1,245.0,P370355,"Polyoxides/ethers/acetals, Polyamides/thioamides, Polyimines",168.96,7.92
*c1ccc(Oc2cccc(NC(=O)c3ccc(C(=O)Nc4cccc(Oc5ccc(-c6nnc(*)o6)cc5)c4)c(Oc4ccccc4)c3)c2)cc1,234.0,P370356,"Polyoxides/ethers/acetals, Polyamides/thioamides, Polyimines",180.57,7.14
*c1ccc(C(=O)Nc2ccc(-c3nnc(*)o3)cc2)c(Oc2ccccc2)c1,235.0,P370357,"Polyoxides/ethers/acetals, Polyamides/thioamides, Polyimines",132.14,4.91
*c1ccc(Oc2ccc(C(=O)c3ccc(Oc4ccc(C(=O)c5ccc(Oc6ccc(-c7cc(*)n(-c8ccccc8)n7)cc6)cc5)cc4)cc3)cc2)cc1,190.0,P370358,"Polyoxides/ethers/acetals, Polyimines, Polyketones/thioketones",182.32,7.78
*c1ccc(Oc2ccc(C(=O)c3cccc(C(=O)c4ccc(Oc5ccc(-c6cc(*)n(-c7ccccc7)n6)cc5)cc4)c3)cc2)cc1,190.0,P370359,"Polyoxides/ethers/acetals, Polyimines, Polyketones/thioketones",160.58,7.01
*c1ccc(Oc2ccc(C(=O)c3ccc(Oc4ccc(-c5cc(*)n(-c6ccccc6)n5)cc4)cc3)cc2)cc1,205.0,P370360,"Polyoxides/ethers/acetals, Polyimines, Polyketones/thioketones",137.05,6.46
*c1ccc(Oc2ccc(C(=O)c3ccc(C(=O)c4ccc(Oc5ccc(-c6cc(*)n(-c7ccccc7)n6)cc5)cc4)cc3)cc2)cc1,205.0,P370361,"Polyoxides/ethers/acetals, Polyimines, Polyketones/thioketones",157.8,6.62
*c1ccc(Oc2ccc(S(=O)(=O)c3ccc(Oc4ccc(-c5cc(*)n(-c6ccccc6)n5)cc4)cc3)cc2)cc1,235.0,P370362,"Polyoxides/ethers/acetals, Polyimines, Polysulfones/sulfoxides/sufonates/sulfoamides",143.44,6.72
*c1ccc(Oc2ccc(P(=O)(c3ccccc3)c3ccc(Oc4ccc(-c5cc(*)n(-c6ccccc6)n5)cc4)cc3)cc2)cc1,239.0,P370363,"Polyoxides/ethers/acetals, Polyimines",170.62,7.19
*c1ccc(Oc2ccc(C(=O)c3cccc(C(=O)c4ccc(Oc5ccc(-c6cc(*)[nH]n6)cc5)cc4)c3)cc2)cc1,205.0,P370364,"Polyoxides/ethers/acetals, Polyimines, Polyketones/thioketones",156.75,6.13
*c1ccc(Oc2ccc(C(=O)c3ccc(Oc4ccc(-c5cc(*)[nH]n5)cc4)cc3)cc2)cc1,229.0,P370365,"Polyoxides/ethers/acetals, Polyimines, Polyketones/thioketones",140.93,5.88
*c1ccc(Oc2ccc(C(=O)c3ccc(C(=O)c4ccc(Oc5ccc(-c6cc(*)[nH]n6)cc5)cc4)cc3)cc2)cc1,235.0,P370366,"Polyoxides/ethers/acetals, Polyimines, Polyketones/thioketones",153.13,6.95
*c1ccc(Oc2ccc(S(=O)(=O)c3ccc(Oc4ccc(-c5cc(*)[nH]n5)cc4)cc3)cc2)cc1,260.0,P370367,"Polyoxides/ethers/acetals, Polyimines, Polysulfones/sulfoxides/sufonates/sulfoamides",150.95,5.52
*c1ccc(Oc2ccc(P(=O)(c3ccccc3)c3ccc(Oc4ccc(-c5cc(*)[nH]n5)cc4)cc3)cc2)cc1,296.0,P370368,"Polyoxides/ethers/acetals, Polyimines",170.1,6.8
*Oc1ccc(C(=O)OC(C)COC(C)COC(C)COC(=O)c2ccc(OC(=O)c3ccc(C(*)=O)cc3)cc2)cc1,36.0,P370369,"Polyoxides/ethers/acetals, Polyesters/thioesters",71.78,2.67
*Oc1ccc(Oc2ccc(C(=O)c3ccc(Oc4ccc(Oc5ccc(C(=O)c6ccc(*)c(C(C)C)c6)cc5)cc4)cc3)cc2C(C)C)cc1,145.0,P370371,"Polyoxides/ethers/acetals, Polyketones/thioketones",137.35,5.83
*c1ccc(Oc2ccc(C(=O)c3ccc(Oc4ccc(C5(*)OC(=O)c6ccccc65)cc4)cc3)cc2)cc1,218.0,P370372,"Polyoxides/ethers/acetals, Polyesters/thioesters, Polyketones/thioketones",141.99,5.97
*CC(O*)c1ccco1,12.5,P370379,Polyoxides/ethers/acetals,48.16,1.56
*c1ccc(NC(=O)c2cc(C(=O)Nc3ccc(-c4nnc(*)o4)cc3)cc(N3C(=O)c4ccccc4C3=O)c2)cc1,327.0,P370380,"Polyoxides/ethers/acetals, Polyamides/thioamides, Polyimines",154.68,6.6
*c1ccc(Oc2ccc(NC(=O)c3cc(C(=O)Nc4ccc(Oc5ccc(-c6nnc(*)o6)cc5)cc4)cc(N4C(=O)c5ccccc5C4=O)c3)cc2)cc1,285.0,P370381,"Polyoxides/ethers/acetals, Polyamides/thioamides, Polyimines",195.53,7.55
*c1ccc(Oc2cccc(NC(=O)c3cc(C(=O)Nc4cccc(Oc5ccc(-c6nnc(*)o6)cc5)c4)cc(N4C(=O)c5ccccc5C4=O)c3)c2)cc1,245.0,P370382,"Polyoxides/ethers/acetals, Polyamides/thioamides, Polyimines",164.17,7.38
*c1ccc(Oc2cccc(NC(=O)c3cc(C(=O)Nc4cccc(Oc5ccc(-c6nnc(*)o6)cc5)c4)cc(N4C(=O)c5c(Cl)c(Cl)c(Cl)c(Cl)c5C4=O)c3)c2)cc1,275.0,P370385,"Polyoxides/ethers/acetals, Polyamides/thioamides, Polyimines",192.44,7.76
*c1cc(C(=O)Nc2ccc(-c3nnc(*)o3)cc2)cc(N2C(=O)c3ccccc3C2=O)c1,324.0,P370386,"Polyoxides/ethers/acetals, Polyamides/thioamides, Polyimines",147.03,5.31
*CC(O)COc1ccc(C(C)(C)c2ccc(OCC(O)COc3cccc(C(=O)Nc4cccc(O*)c4)c3)cc2)cc1,117.0,P370388,"Polyoxides/ethers/acetals, Polyamides/thioamides",105.06,3.82
*CC(O)COc1ccc(C(C)(C)c2ccc(OCC(O)COc3cccc(NC(=O)C(=O)Nc4cccc(O*)c4)c3)cc2)cc1,119.0,P370389,"Polyoxides/ethers/acetals, Polyamides/thioamides",110.73,4.06
*CC(O)COc1ccc(C(C)(C)c2ccc(OCC(O)COc3cccc(NC(=O)CCCC(=O)Nc4cccc(O*)c4)c3)cc2)cc1,111.0,P370390,"Polyoxides/ethers/acetals, Polyamides/thioamides",91.42,3.69
*CC(O)COc1ccc(C(C)(C)c2ccc(OCC(O)COc3cccc(NC(=O)CCCCC(=O)Nc4cccc(O*)c4)c3)cc2)cc1,103.0,P370391,"Polyoxides/ethers/acetals, Polyamides/thioamides",89.56,3.74
*CC(O)COc1ccc(C(C)(C)c2ccc(OCC(O)COc3cccc(NC(=O)CCCCCC(=O)Nc4cccc(O*)c4)c3)cc2)cc1,107.0,P370392,"Polyoxides/ethers/acetals, Polyamides/thioamides",92.19,3.47
*CC(O)COc1ccc(C(C)(C)c2ccc(OCC(O)COc3cccc(NC(=O)CCCCCCC(=O)Nc4cccc(O*)c4)c3)cc2)cc1,92.0,P370393,"Polyoxides/ethers/acetals, Polyamides/thioamides",85.17,3.74
*CC(O)COc1ccc(C(C)(C)c2ccc(OCC(O)COc3cccc(NC(=O)CCCCCCCCCCC(=O)Nc4cccc(O*)c4)c3)cc2)cc1,90.0,P370394,"Polyoxides/ethers/acetals, Polyamides/thioamides",89.98,3.29
*CC(O)COc1ccc(C(C)(C)c2ccc(OCC(O)COc3cccc(NC(=O)Cc4cccc(CC(=O)Nc5cccc(O*)c5)c4)c3)cc2)cc1,119.0,P370395,"Polyoxides/ethers/acetals, Polyamides/thioamides",119.46,4.88
*CC(O)COc1ccc(C(C)(C)c2ccc(OCC(O)COc3cccc(NC(=O)c4cccc(C(=O)Nc5cccc(O*)c5)c4)c3)cc2)cc1,133.0,P370396,"Polyoxides/ethers/acetals, Polyamides/thioamides",122.69,4.72
*CC(O)COc1ccc(C(C)(C)c2ccc(OCC(O)COc3ccc(C(=O)Nc4ccc(O*)cc4)cc3)cc2)cc1,127.0,P370397,"Polyoxides/ethers/acetals, Polyamides/thioamides",102.1,3.72
*CC(O)COc1ccc(C(C)(C)c2ccc(OCC(O)COc3ccccc3C(=O)Nc3ccc(O*)cc3)cc2)cc1,121.0,P370398,"Polyoxides/ethers/acetals, Polyamides/thioamides",90.75,4.29
*CC(O)COc1ccc(C(C)(C)c2ccc(OCC(O)COc3ccc(NC(=O)CCCC(=O)Nc4ccc(O*)cc4)cc3)cc2)cc1,105.0,P370399,"Polyoxides/ethers/acetals, Polyamides/thioamides",102.52,4.01
*CC(O)COc1ccc(C(C)(C)c2ccc(OCC(O)COc3ccc(NC(=O)CCCCC(=O)Nc4ccc(O*)cc4)cc3)cc2)cc1,112.0,P370400,"Polyoxides/ethers/acetals, Polyamides/thioamides",102.83,4.02
*CC(O)COc1ccc(C(C)(C)c2ccc(OCC(O)COc3ccc(NC(=O)CCCCCC(=O)Nc4ccc(O*)cc4)cc3)cc2)cc1,116.0,P370401,"Polyoxides/ethers/acetals, Polyamides/thioamides",90.5,3.58
*Oc1ccc(Sc2ccc(Sc3ccc(Sc4ccc(*)cc4)cc3)cc2)cc1,84.0,P370402,"Polyoxides/ethers/acetals, Polysulfides",108.72,4.57
*Oc1ccc(C(C)(C)c2ccc(Oc3ccc(C(=O)c4cccc5cccc(C(=O)c6ccc(*)cc6)c45)cc3)cc2)cc1,210.5,P370403,"Polyoxides/ethers/acetals, Polyketones/thioketones",159.36,5.87
*c1ccc(Oc2ccc(S(=O)(=O)c3ccc(Oc4ccc(C5(*)OC(=O)c6ccccc65)cc4)cc3)cc2)cc1,247.0,P370404,"Polyoxides/ethers/acetals, Polyesters/thioesters, Polysulfones/sulfoxides/sufonates/sulfoamides",144.21,5.93
*Oc1cccc2ccc(Oc3ccc(NC(=O)c4cccc(C(=O)Nc5ccc(*)cc5)c4)cc3)cc12,256.0,P370406,"Polyoxides/ethers/acetals, Polyamides/thioamides",153.12,6.03
*Oc1cccc2ccc(Oc3ccc(NC(=O)c4cc(C(=O)Nc5ccc(*)cc5)cc(C(C)(C)C)c4)cc3)cc12,263.0,P370407,"Polyoxides/ethers/acetals, Polyamides/thioamides",148.05,5.85
*Oc1cccc2ccc(Oc3ccc(NC(=O)c4ccc(Oc5ccc(C(=O)Nc6ccc(*)cc6)cc5)cc4)cc3)cc12,236.0,P370410,"Polyoxides/ethers/acetals, Polyamides/thioamides",165.49,6.3
*Oc1cccc2ccc(Oc3ccc(NC(=O)c4ccc(S(=O)(=O)c5ccc(C(=O)Nc6ccc(*)cc6)cc5)cc4)cc3)cc12,259.0,P370411,"Polyoxides/ethers/acetals, Polyamides/thioamides, Polysulfones/sulfoxides/sufonates/sulfoamides",155.81,6.93
*Oc1cccc2ccc(Oc3ccc(NC(=O)c4ccc(C(c5ccc(C(=O)Nc6ccc(*)cc6)cc5)(C(F)(F)F)C(F)(F)F)cc4)cc3)cc12,252.0,P370412,"Polyoxides/ethers/acetals, Polyamides/thioamides",154.11,6.88
*Oc1cccc2ccc(Oc3ccc(NC(=O)c4ccc(Oc5ccc(Oc6ccc(C(=O)Nc7ccc(*)cc7)cc6)cc5)cc4)cc3)cc12,224.0,P370413,"Polyoxides/ethers/acetals, Polyamides/thioamides",160.12,7.02
*Oc1cccc2ccc(Oc3ccc(NC(=O)c4ccc(Oc5cccc(Oc6ccc(C(=O)Nc7ccc(*)cc7)cc6)c5)cc4)cc3)cc12,196.0,P370414,"Polyoxides/ethers/acetals, Polyamides/thioamides",151.59,6.81
*Oc1cccc2ccc(Oc3ccc(NC(=O)c4ccc(Oc5ccccc5Oc5ccc(C(=O)Nc6ccc(*)cc6)cc5)cc4)cc3)cc12,180.0,P370415,"Polyoxides/ethers/acetals, Polyamides/thioamides",164.26,6.99
*Oc1cccc2ccc(Oc3ccc(NC(=O)c4ccc(Oc5ccc(S(=O)(=O)c6ccc(Oc7ccc(C(=O)Nc8ccc(*)cc8)cc7)cc6)cc5)cc4)cc3)cc12,218.0,P370416,"Polyoxides/ethers/acetals, Polyamides/thioamides, Polysulfones/sulfoxides/sufonates/sulfoamides",183.79,8.53
*Oc1cccc2ccc(Oc3ccc(NC(=O)c4ccc(Oc5ccc(C(C)(c6ccccc6)c6ccc(Oc7ccc(C(=O)Nc8ccc(*)cc8)cc7)cc6)cc5)cc4)cc3)cc12,212.0,P370417,"Polyoxides/ethers/acetals, Polyamides/thioamides",204.57,9.28
*Oc1cccc2ccc(Oc3ccc(NC(=O)c4ccc(Oc5ccc(C(C)(C)c6cccc(C(C)(C)c7ccc(Oc8ccc(C(=O)Nc9ccc(*)cc9)cc8)cc7)c6)cc5)cc4)cc3)cc12,139.0,P370421,"Polyoxides/ethers/acetals, Polyamides/thioamides",193.22,7.7
*Oc1ccc(C(=O)Nc2ccccc2-c2ccc(NC(=O)c3ccc(*)cc3)cc2)cc1,251.0,P370422,"Polyoxides/ethers/acetals, Polyamides/thioamides",112.6,5.62
*Oc1ccc(C(=O)Nc2ccc(Br)cc2-c2ccc(NC(=O)c3ccc(*)cc3)cc2)cc1,249.0,P370423,"Polyoxides/ethers/acetals, Polyamides/thioamides",133.36,5.41
*Oc1ccc(C(c2ccc(Oc3ccc(C(=O)c4cccc5cccc(C(=O)c6ccc(*)cc6)c45)cc3)cc2)(C(F)(F)F)C(F)(F)F)cc1,213.0,P370424,"Polyoxides/ethers/acetals, Polyketones/thioketones",156.49,6.02
*Oc1ccc(Oc2ccc(C(=O)c3cccc4cccc(C(=O)c5ccc(*)cc5)c34)cc2)cc1,202.0,P370425,"Polyoxides/ethers/acetals, Polyketones/thioketones",126.86,5.9
*Oc1ccc(C2(c3ccc(Oc4ccc(C(=O)c5cccc6cccc(C(=O)c7ccc(*)cc7)c56)cc4)cc3)c3ccccc3-c3ccccc32)cc1,269.0,P370426,"Polyoxides/ethers/acetals, Polyketones/thioketones",187.07,8.46
*Oc1ccc(-c2ccc(Oc3ccc(C(=O)c4cccc5cccc(C(=O)c6ccc(*)cc6)c45)cc3)cc2)cc1,226.5,P370427,"Polyoxides/ethers/acetals, Polyketones/thioketones",142.7,6.78
*Oc1ccc(Oc2ccc(C(=O)c3cccc4cccc(C(=O)c5ccc(*)cc5)c34)cc2)cc1C(C)(C)C,230.0,P370428,"Polyoxides/ethers/acetals, Polyketones/thioketones",142.36,6.1
*Oc1ccc(C(C)(C)c2ccc(Oc3ccc(C(=O)c4ccc(-c5ccc(C(=O)c6ccc(*)cc6)cc5)cc4)cc3)cc2)cc1,186.0,P370429,"Polyoxides/ethers/acetals, Polyketones/thioketones",161.47,6.23
*Oc1ccc(C(C)(C)c2ccc(Oc3ccc(C(=O)c4ccc5cc(C(=O)c6ccc(*)cc6)ccc5c4)cc3)cc2)cc1,185.0,P370430,"Polyoxides/ethers/acetals, Polyketones/thioketones",145.92,5.66
*Oc1ccc(C(C)(C)c2ccc(Oc3ccc(C(=O)c4c(C)ccc5c(C(=O)c6ccc(*)cc6)c(C)ccc45)cc3)cc2)cc1,222.0,P370431,"Polyoxides/ethers/acetals, Polyketones/thioketones",147.1,6.89
*Oc1ccc(S(=O)(=O)c2ccc(Oc3ccc(C(C)(C)c4ccc(Oc5ccc(C(=O)c6ccc(*)cc6)cc5)cc4)cc3)cc2)cc1,175.0,P370432,"Polyoxides/ethers/acetals, Polyketones/thioketones, Polysulfones/sulfoxides/sufonates/sulfoamides",160.29,5.71
*Oc1ccc(Oc2ccc(S(=O)(=O)c3ccc(Oc4ccc(C(=O)c5ccc(*)cc5)cc4)cc3)cc2)cc1,186.0,P370433,"Polyoxides/ethers/acetals, Polyketones/thioketones, Polysulfones/sulfoxides/sufonates/sulfoamides",129.85,5.28
*Oc1cccc(Oc2ccc(S(=O)(=O)c3ccc(Oc4ccc(C(=O)c5ccc(*)cc5)cc4)cc3)cc2)c1,167.0,P370434,"Polyoxides/ethers/acetals, Polyketones/thioketones, Polysulfones/sulfoxides/sufonates/sulfoamides",120.27,5.58
*Oc1ccc(S(=O)(=O)c2ccc(Oc3ccc(-c4ccc(Oc5ccc(C(=O)c6ccc(*)cc6)cc5)cc4)cc3)cc2)cc1,206.0,P370435,"Polyoxides/ethers/acetals, Polyketones/thioketones, Polysulfones/sulfoxides/sufonates/sulfoamides",140.81,5.77
*Oc1ccc2cc(Oc3ccc(S(=O)(=O)c4ccc(Oc5ccc(C(=O)c6ccc(*)cc6)cc5)cc4)cc3)ccc2c1,199.0,P370436,"Polyoxides/ethers/acetals, Polyketones/thioketones, Polysulfones/sulfoxides/sufonates/sulfoamides",140.19,6.69
*Oc1cccc(Oc2cccc(*)c2)c1C#N,145.0,P370437,Polyoxides/ethers/acetals,77.07,3.01
*Oc1ccc(Oc2ccc(Oc3ccc(C(C)(C)c4ccc(*)cc4)cc3)cc2)cc1,122.0,P370438,Polyoxides/ethers/acetals,106.66,4.76
*Oc1ccc(-c2ccc(Oc3ccc(C(C)(C)c4ccc(*)cc4)cc3)cc2)cc1,154.0,P370439,Polyoxides/ethers/acetals,113.04,4.98
*Oc1ccc(-c2ccc(-c3ccc(Oc4ccc(C(C)(C)c5ccc(*)cc5)cc4)cc3)cc2)cc1,182.0,P370440,Polyoxides/ethers/acetals,128.08,5.18
*Oc1ccc(S(=O)(=O)c2ccc(Oc3ccc(C(C)(C)c4ccc(*)c(C)c4)cc3C)cc2)cc1,180.0,P370441,"Polyoxides/ethers/acetals, Polysulfones/sulfoxides/sufonates/sulfoamides",120.6,4.37
*Oc1ccc(S(=O)(=O)c2ccc(Oc3c(C)cc(-c4cc(C)c(*)c(C)c4)cc3C)cc2)cc1,280.2,P370442,"Polyoxides/ethers/acetals, Polysulfones/sulfoxides/sufonates/sulfoamides",128.3,4.9
*Oc1ccc(S(=O)(=O)c2ccc(Oc3c(C(C)C)cc(C(C)(C)c4cc(C(C)C)c(*)c(C(C)C)c4)cc3C(C)C)cc2)cc1,175.0,P370443,"Polyoxides/ethers/acetals, Polysulfones/sulfoxides/sufonates/sulfoamides",118.2,4.16
*c1ccc2oc(-c3ccc(Oc4ccc(-c5nc6cc(C(*)(C(F)(F)F)C(F)(F)F)ccc6o5)cc4)cc3)nc2c1,303.0,P370444,"Polyoxides/ethers/acetals, Polyimines",155.09,7.04
*c1ccc2oc(-c3ccc(Oc4ccc(-c5nc6cc(C(*)(c7ccccc7)C(F)(F)F)ccc6o5)cc4)cc3)nc2c1,299.0,P370445,"Polyoxides/ethers/acetals, Polyimines",191.78,7.69
*c1ccc2oc(-c3ccc(C(c4ccccc4)(c4ccc(-c5nc6cc(C(*)(C(F)(F)F)C(F)(F)F)ccc6o5)cc4)C(F)(F)F)cc3)nc2c1,310.0,P370446,"Polyoxides/ethers/acetals, Polyimines",181.31,7.11
*c1ccc2oc(-c3ccc(C(c4ccccc4)(c4ccc(-c5nc6cc(C(*)(c7ccccc7)C(F)(F)F)ccc6o5)cc4)C(F)(F)F)cc3)nc2c1,330.0,P370447,"Polyoxides/ethers/acetals, Polyimines",202.25,9.11
*c1ccc2oc(-c3cccc(-c4nc5cc(C(*)(C(F)(F)F)C(F)(F)F)ccc5o4)c3)nc2c1,301.0,P370448,"Polyoxides/ethers/acetals, Polyimines",158.7,6.03
*c1ccc2oc(-c3cccc(-c4nc5cc(C(*)(c6ccccc6)C(F)(F)F)ccc5o4)c3)nc2c1,301.0,P370449,"Polyoxides/ethers/acetals, Polyimines",172.01,7.47
*c1ccc2oc(-c3ccc(-c4nc5cc(C(*)(C(F)(F)F)C(F)(F)F)ccc5o4)cc3)nc2c1,371.5,P370450,"Polyoxides/ethers/acetals, Polyimines",164.8,7.01
*c1ccc2oc(-c3ccc(-c4nc5cc(C(*)(c6ccccc6)C(F)(F)F)ccc5o4)cc3)nc2c1,369.0,P370451,"Polyoxides/ethers/acetals, Polyimines",188.0,7.84
*c1ccc2oc(-c3ccc(C(c4ccc(-c5nc6cc(C(*)(C(F)(F)F)C(F)(F)F)ccc6o5)cc4)(C(F)(F)F)C(F)(F)F)cc3)nc2c1,336.0,P370452,"Polyoxides/ethers/acetals, Polyimines",195.59,7.1
*c1ccc2oc(-c3ccc(C(c4ccc(-c5nc6cc(C(*)(c7ccccc7)C(F)(F)F)ccc6o5)cc4)(C(F)(F)F)C(F)(F)F)cc3)nc2c1,334.0,P370453,"Polyoxides/ethers/acetals, Polyimines",188.46,8.77
*Oc1cccc(C(=O)c2ccc(*)cc2)c1,137.0,P370454,"Polyoxides/ethers/acetals, Polyketones/thioketones",74.05,3.05
*Oc1ccc(C(C)(C)c2ccc(Oc3ccc(C(=O)c4c(C(=O)c5ccc(*)cc5)c(-c5ccc(F)cc5)c(-c5ccc(F)cc5)c(-c5ccc(F)cc5)c4-c4ccc(F)cc4)cc3)cc2)cc1,252.0,P370455,"Polyoxides/ethers/acetals, Polyketones/thioketones",223.26,9.44
*Oc1ccc(C(c2ccc(Oc3ccc(C(=O)c4c(C(=O)c5ccc(*)cc5)c(-c5ccc(F)cc5)c(-c5ccc(F)cc5)c(-c5ccc(F)cc5)c4-c4ccc(F)cc4)cc3)cc2)(C(F)(F)F)C(F)(F)F)cc1,253.0,P370456,"Polyoxides/ethers/acetals, Polyketones/thioketones",222.97,8.35
*Oc1ccc(-c2ccc(Oc3ccc(C(=O)c4c(C(=O)c5ccc(*)cc5)c(-c5ccc(F)cc5)c(-c5ccc(F)cc5)c(-c5ccc(F)cc5)c4-c4ccc(F)cc4)cc3)cc2)cc1,275.0,P370457,"Polyoxides/ethers/acetals, Polyketones/thioketones",217.1,9.5
*Oc1ccc(C(=O)c2ccc(Oc3ccc(C(=O)c4c(C(=O)c5ccc(*)cc5)c(-c5ccc(F)cc5)c(-c5ccc(F)cc5)c(-c5ccc(F)cc5)c4-c4ccc(F)cc4)cc3)cc2)cc1,260.0,P370458,"Polyoxides/ethers/acetals, Polyketones/thioketones",213.42,9.72
*Oc1ccc(C2(c3ccc(Oc4ccc(C(=O)c5c(C(=O)c6ccc(*)cc6)c(-c6ccc(F)cc6)c(-c6ccc(F)cc6)c(-c6ccc(F)cc6)c5-c5ccc(F)cc5)cc4)cc3)c3ccccc3-c3ccccc32)cc1,293.0,P370459,"Polyoxides/ethers/acetals, Polyketones/thioketones",244.57,11.36
*Oc1ccc(Oc2ccc(C(=O)c3c(C(=O)c4ccc(*)cc4)c(-c4ccc(F)cc4)c(-c4ccc(F)cc4)c(-c4ccc(F)cc4)c3-c3ccc(F)cc3)cc2)cc1,266.0,P370460,"Polyoxides/ethers/acetals, Polyketones/thioketones",206.58,8.32
*Oc1ccc(C(C)(C)c2ccc(Oc3ccc(C(=O)c4c(C(=O)c5ccc(*)cc5)c(-c5ccccc5)c(-c5ccc6ccccc6c5)c(-c5ccc6ccccc6c5)c4-c4ccccc4)cc3)cc2)cc1,264.0,P370461,"Polyoxides/ethers/acetals, Polyketones/thioketones",228.0,9.96
*Oc1ccc(C(c2ccc(Oc3ccc(C(=O)c4c(C(=O)c5ccc(*)cc5)c(-c5ccccc5)c(-c5ccc6ccccc6c5)c(-c5ccc6ccccc6c5)c4-c4ccccc4)cc3)cc2)(C(F)(F)F)C(F)(F)F)cc1,275.0,P370462,"Polyoxides/ethers/acetals, Polyketones/thioketones",271.12,9.99
*Oc1ccc(-c2ccc(Oc3ccc(C(=O)c4c(C(=O)c5ccc(*)cc5)c(-c5ccccc5)c(-c5ccc6ccccc6c5)c(-c5ccc6ccccc6c5)c4-c4ccccc4)cc3)cc2)cc1,290.0,P370463,"Polyoxides/ethers/acetals, Polyketones/thioketones",264.92,10.03
*Oc1ccc(C(=O)c2ccc(Oc3ccc(C(=O)c4c(C(=O)c5ccc(*)cc5)c(-c5ccccc5)c(-c5ccc6ccccc6c5)c(-c5ccc6ccccc6c5)c4-c4ccccc4)cc3)cc2)cc1,290.0,P370464,"Polyoxides/ethers/acetals, Polyketones/thioketones",265.96,10.12
*Oc1ccc(C2(c3ccc(Oc4ccc(C(=O)c5c(C(=O)c6ccc(*)cc6)c(-c6ccccc6)c(-c6ccc7ccccc7c6)c(-c6ccc7ccccc7c6)c5-c5ccccc5)cc4)cc3)c3ccccc3-c3ccccc32)cc1,310.0,P370465,"Polyoxides/ethers/acetals, Polyketones/thioketones",281.33,12.78
*c1ccc(Oc2ccc(C(c3ccc(Oc4ccc(-c5nnc(*)c6c(-c7ccc(F)cc7)c(-c7ccc(F)cc7)c(-c7ccc(F)cc7)c(-c7ccc(F)cc7)c56)cc4)cc3)(C(F)(F)F)C(F)(F)F)cc2)cc1,288.0,P370466,"Polyoxides/ethers/acetals, Polyimines",213.36,9.7
*c1ccc(Oc2ccc(-c3ccc(Oc4ccc(-c5nnc(*)c6c(-c7ccc(F)cc7)c(-c7ccc(F)cc7)c(-c7ccc(F)cc7)c(-c7ccc(F)cc7)c56)cc4)cc3)cc2)cc1,320.0,P370467,"Polyoxides/ethers/acetals, Polyimines",235.45,10.25
*c1ccc(Oc2ccc(C(=O)c3ccc(Oc4ccc(-c5nnc(*)c6c(-c7ccc(F)cc7)c(-c7ccc(F)cc7)c(-c7ccc(F)cc7)c(-c7ccc(F)cc7)c56)cc4)cc3)cc2)cc1,313.0,P370468,"Polyoxides/ethers/acetals, Polyimines, Polyketones/thioketones",238.91,9.46
*c1ccc(Oc2ccc(C3(c4ccc(Oc5ccc(-c6nnc(*)c7c(-c8ccc(F)cc8)c(-c8ccc(F)cc8)c(-c8ccc(F)cc8)c(-c8ccc(F)cc8)c67)cc5)cc4)c4ccccc4-c4ccccc43)cc2)cc1,321.0,P370469,"Polyoxides/ethers/acetals, Polyimines",290.94,11.82
*c1ccc(Oc2ccc(Oc3ccc(-c4nnc(*)c5c(-c6ccc(F)cc6)c(-c6ccc(F)cc6)c(-c6ccc(F)cc6)c(-c6ccc(F)cc6)c45)cc3)cc2)cc1,309.0,P370470,"Polyoxides/ethers/acetals, Polyimines",201.79,9.29
*c1ccc(Oc2ccc(C(C)(C)c3ccc(Oc4ccc(-c5nnc(*)c6c(-c7ccccc7)c(-c7ccc8ccccc8c7)c(-c7ccc8ccccc8c7)c(-c7ccccc7)c56)cc4)cc3)cc2)cc1,290.0,P370471,"Polyoxides/ethers/acetals, Polyimines",248.9,10.72
*c1ccc(Oc2ccc(C(c3ccc(Oc4ccc(-c5nnc(*)c6c(-c7ccccc7)c(-c7ccc8ccccc8c7)c(-c7ccc8ccccc8c7)c(-c7ccccc7)c56)cc4)cc3)(C(F)(F)F)C(F)(F)F)cc2)cc1,291.0,P370472,"Polyoxides/ethers/acetals, Polyimines",282.27,12.24
*c1ccc(Oc2ccc(-c3ccc(Oc4ccc(-c5nnc(*)c6c(-c7ccccc7)c(-c7ccc8ccccc8c7)c(-c7ccc8ccccc8c7)c(-c7ccccc7)c56)cc4)cc3)cc2)cc1,334.0,P370473,"Polyoxides/ethers/acetals, Polyimines",248.84,12.64
*c1ccc(Oc2ccc(C(=O)c3ccc(Oc4ccc(-c5nnc(*)c6c(-c7ccccc7)c(-c7ccc8ccccc8c7)c(-c7ccc8ccccc8c7)c(-c7ccccc7)c56)cc4)cc3)cc2)cc1,312.0,P370474,"Polyoxides/ethers/acetals, Polyimines, Polyketones/thioketones",280.5,11.31
*c1ccc(Oc2ccc(C3(c4ccc(Oc5ccc(-c6nnc(*)c7c(-c8ccccc8)c(-c8ccc9ccccc9c8)c(-c8ccc9ccccc9c8)c(-c8ccccc8)c67)cc5)cc4)c4ccccc4-c4ccccc43)cc2)cc1,334.0,P370475,"Polyoxides/ethers/acetals, Polyimines",304.37,13.79
*OC(=O)c1ccc(C(=O)OC2COC3C(*)COC23)o1,192.5,P370476,"Polyoxides/ethers/acetals, Polyesters/thioesters",65.26,2.51
*C(=O)NNC(=O)c1ccc([Si](c2ccccc2)(c2ccccc2)c2ccc(C(=O)NNC(=O)c3ccc(*)o3)cc2)cc1,252.0,P370477,"Polyoxides/ethers/acetals, Polyamides/thioamides, Polysiloxanes/silanes",130.49,5.66
*c1ccc([Si](c2ccccc2)(c2ccccc2)c2ccc(-c3nnc(*)o3)cc2)cc1,262.0,P370478,"Polyoxides/ethers/acetals, Polyimines, Polysiloxanes/silanes",149.5,6.55
*c1ccc([Si](c2ccccc2)(c2ccccc2)c2ccc(-c3nnc(-c4ccc(-c5nnc(*)o5)cc4)o3)cc2)cc1,274.0,P370479,"Polyoxides/ethers/acetals, Polyimines, Polysiloxanes/silanes",188.85,7.96
*c1ccc([Si](c2ccccc2)(c2ccccc2)c2ccc(-c3nnc(-c4ccc(-c5nnc(*)o5)nc4)o3)cc2)cc1,272.0,P370480,"Polyoxides/ethers/acetals, Polyimines, Polysiloxanes/silanes",191.25,7.68
*c1ccc([Si](c2ccccc2)(c2ccccc2)c2ccc(-c3nnc(-c4cccc(-c5nnc(*)o5)n4)o3)cc2)cc1,265.0,P370481,"Polyoxides/ethers/acetals, Polyimines, Polysiloxanes/silanes",177.38,7.17
*c1ccc([Si](c2ccccc2)(c2ccccc2)c2ccc(-c3nnc(-c4cncc(-c5nnc(*)o5)c4)o3)cc2)cc1,272.0,P370490,"Polyoxides/ethers/acetals, Polyimines, Polysiloxanes/silanes",191.78,7.39
*c1ccc([Si](c2ccccc2)(c2ccccc2)c2ccc(-c3nnc(-c4ccc(-c5nnc(*)o5)o4)o3)cc2)cc1,276.0,P370491,"Polyoxides/ethers/acetals, Polyimines, Polysiloxanes/silanes",183.59,7.27
*c1ccc(-c2ccc(-c3nnc(-c4ccc([Si](c5ccccc5)(c5ccccc5)c5ccc(-c6nnc(*)o6)cc5)cc4)o3)cc2)cc1,278.0,P370492,"Polyoxides/ethers/acetals, Polyimines, Polysiloxanes/silanes",196.8,7.86
*c1ccc([Si](c2ccccc2)(c2ccccc2)c2ccc(-c3nnc(-c4ccc(-c5nnc(*)o5)c5ccccc45)o3)cc2)cc1,273.0,P370493,"Polyoxides/ethers/acetals, Polyimines, Polysiloxanes/silanes",179.61,8.44
*c1ccc(Oc2ccc(C(C)(C)c3ccc(Oc4ccc(-c5nnc(*)c6c(-c7ccc(F)cc7)c(-c7ccc(F)cc7)c(-c7ccc(F)cc7)c(-c7ccc(F)cc7)c56)cc4)cc3)cc2)cc1,282.0,P370494,"Polyoxides/ethers/acetals, Polyimines",209.38,9.72
*Oc1cccc(Oc2ccc(-c3ccc(*)cc3)cc2)c1C#N,210.0,P370495,Polyoxides/ethers/acetals,112.11,4.03
*CCOCCOCCOCCOC(=O)c1ccc(-c2ccc(C(=O)O*)cc2)cc1,4.0,P370496,"Polyoxides/ethers/acetals, Polyesters/thioesters",56.94,1.75
*CCCCCOc1ccc(CCc2ccc(O*)cc2C)cc1,15.4,P370501,Polyoxides/ethers/acetals,58.53,2.04
*CCCCCCCOc1ccc(CCc2ccc(O*)cc2C)cc1,6.5,P370502,Polyoxides/ethers/acetals,51.74,2.19
*CCCCCCCCCOc1ccc(CCc2ccc(O*)cc2C)cc1,-1.1,P370503,Polyoxides/ethers/acetals,53.09,2.04
*CCCCCCCCCCCOc1ccc(CCc2ccc(O*)cc2C)cc1,3.9,P370504,Polyoxides/ethers/acetals,44.48,1.7
*CCCCCCCCCCCCOc1ccc(OCc2ccc(COc3ccc(O*)cc3)cc2)cc1,24.0,P370514,Polyoxides/ethers/acetals,56.49,2.68
*CCOCCOCCOC(=O)c1ccc(-c2ccc(-c3ccc(C(=O)O*)cc3)cc2)cc1,50.0,P370516,"Polyoxides/ethers/acetals, Polyesters/thioesters",70.5,3.2
*CCOCCOCCOCCOC(=O)c1ccc(-c2ccc(-c3ccc(C(=O)O*)cc3)cc2)cc1,40.0,P370517,"Polyoxides/ethers/acetals, Polyesters/thioesters",75.52,2.75
*CCOCCOCCOCCOCCOCCOCCOCCOCCOCCOC(=O)c1ccc(-c2ccc(-c3ccc(C(=O)O*)cc3)cc2)cc1,40.0,P370518,"Polyoxides/ethers/acetals, Polyesters/thioesters",46.55,2.1
*CCCCOc1ccc(CCc2ccc(O*)cc2C)cc1,24.9,P370519,Polyoxides/ethers/acetals,54.36,2.25
*CCCCCCOc1ccc(CCc2ccc(O*)cc2C)cc1,17.9,P370520,Polyoxides/ethers/acetals,50.59,2.07
*CCCCCCCCOc1ccc(CCc2ccc(O*)cc2C)cc1,-12.0,P370521,Polyoxides/ethers/acetals,49.35,1.93
*CCCCCCCCCCOc1ccc(CCc2ccc(O*)cc2C)cc1,-3.0,P370522,Polyoxides/ethers/acetals,48.9,1.73
*CCCCCCCCCCCCOc1ccc(CCc2ccc(O*)cc2C)cc1,0.0,P370523,Polyoxides/ethers/acetals,47.07,1.58
*Oc1cc(C)c(C(c2cc(C(C)C)c(Oc3ccc(C(=O)c4ccc(*)cc4)cc3)cc2C)c2ccccc2C(=O)O)cc1C(C)C,228.0,P370530,"Polyoxides/ethers/acetals, Polyketones/thioketones",123.32,5.24
*CCOC(=O)Nc1ccc(Cc2ccc(NC(=O)OCCOc3ccc(O*)cc3)cc2)cc1,98.0,P370531,"Polyoxides/ethers/acetals, Polyurethanes/thiourethanes",84.36,3.11
*c1ccc(Oc2ccc(-c3nc4cc(Oc5ccc(NC(=O)c6cc(C(=O)Nc7ccc(Oc8ccc9nc(-c%10ccccc%10)c(*)nc9c8)cc7)cc(N7C(=O)c8ccccc8C7=O)c6)cc5)ccc4nc3-c3ccccc3)cc2)cc1,260.0,P370551,"Polyoxides/ethers/acetals, Polyamides/thioamides, Polyimines",258.56,10.46
*c1ccc(Oc2ccc(-c3nc4cc(Oc5ccc(NC(=O)c6cc(C(=O)Nc7ccc(Oc8ccc9nc(-c%10ccc([N+](=O)[O-])cc%10)c(*)nc9c8)cc7)cc(N7C(=O)c8ccccc8C7=O)c6)cc5)ccc4nc3-c3ccc([N+](=O)[O-])cc3)cc2)cc1,305.0,P370552,"Polyoxides/ethers/acetals, Polyamides/thioamides, Polyimines",263.58,10.96
*c1ccc(Oc2ccc(-c3nc4cc(Oc5ccc(NC(=O)c6cc(C(=O)Nc7ccc(Oc8ccc9nc(-c%10ccccc%10)c(*)nc9c8)cc7)cc(N7C(=O)c8c(Cl)c(Cl)c(Cl)c(Cl)c8C7=O)c6)cc5)ccc4nc3-c3ccccc3)cc2)cc1,295.0,P370553,"Polyoxides/ethers/acetals, Polyamides/thioamides, Polyimines",286.84,10.28
*CCOC(=O)c1ccc(C(=O)OCCOc2ccc(C(C)(C)c3ccc(O*)cc3)cc2)cc1,83.0,P370558,"Polyoxides/ethers/acetals, Polyesters/thioesters",88.61,3.11
*CC(CC)(CO)CO*,331.9,P370591,Polyoxides/ethers/acetals,61.43,2.29
*Oc1ccc(C(=O)OCCOCCOC(=O)c2ccc(OC(*)=O)cc2)cc1,51.0,P370595,"Polyoxides/ethers/acetals, Polyesters/thioesters, Polycarbonates/thiocarbonates",68.55,2.48
*Oc1ccc(C(C)(C)c2ccc(Oc3ccc(C(=O)c4cccc(C(=O)c5ccc(*)cc5)c4)cc3)cc2)cc1,153.0,P370596,"Polyoxides/ethers/acetals, Polyketones/thioketones",120.2,4.97
*Oc1ccc(C(=O)c2cccc(C(=O)c3ccc(Oc4cccc(Cc5cccc(*)c5)c4)cc3)c2)cc1,114.0,P370597,"Polyoxides/ethers/acetals, Polyketones/thioketones",120.86,5.22
*Oc1ccc(C(=O)c2ccc(C(=O)c3ccc(Oc4cccc(Cc5cccc(*)c5)c4)cc3)cc2)cc1,122.0,P370598,"Polyoxides/ethers/acetals, Polyketones/thioketones",112.78,4.8
*Oc1ccc(C(=O)c2cccc(C(=O)c3ccc(Oc4ccc(Cc5ccc(*)cc5)cc4)cc3)c2)cc1,145.0,P370599,"Polyoxides/ethers/acetals, Polyketones/thioketones",114.92,5.48
*Oc1ccc(C(=O)c2ccc(C(=O)c3ccc(Oc4ccc(Cc5ccc(*)cc5)cc4)cc3)cc2)cc1,120.0,P370600,"Polyoxides/ethers/acetals, Polyketones/thioketones",115.58,5.61
*Oc1ccc(C2(c3ccc(Oc4ccc(C(=O)c5cccc(C(=O)c6ccc(*)cc6)c5)cc4)cc3)c3ccccc3-c3ccccc32)cc1,223.0,P370601,"Polyoxides/ethers/acetals, Polyketones/thioketones",180.82,6.62
*Oc1ccc(C2(c3ccc(Oc4ccc(C(=O)c5ccc(C(=O)c6ccc(*)cc6)cc5)cc4)cc3)c3ccccc3-c3ccccc32)cc1,243.0,P370602,"Polyoxides/ethers/acetals, Polyketones/thioketones",170.68,7.43
*Oc1ccc(C2(c3ccc(Oc4ccc(C(=O)c5cccc(C(=O)c6ccc(*)cc6)c5)cc4)c(C)c3)c3ccccc3-c3ccccc32)cc1C,217.0,P370603,"Polyoxides/ethers/acetals, Polyketones/thioketones",160.18,6.84
*Oc1c(C)cc(C2(c3cc(C)c(Oc4ccc(C(=O)c5cccc(C(=O)c6ccc(*)cc6)c5)cc4)c(C)c3)c3ccccc3-c3ccccc32)cc1C,229.0,P370604,"Polyoxides/ethers/acetals, Polyketones/thioketones",168.41,6.66
*Oc1ccc(C(C)(C)c2ccc(Oc3ccc(C(=O)c4ccc(Oc5ccc(C(=O)c6ccc(*)cc6)cc5)cc4)cc3)cc2)cc1,162.0,P370605,"Polyoxides/ethers/acetals, Polyketones/thioketones",139.75,6.16
*CC(CSC)O*,-37.0,P370607,Polyoxides/ethers/acetals,23.37,0.56
*CC(CSCC)O*,-57.0,P370608,Polyoxides/ethers/acetals,20.04,0.46
*CC(CSCCC)O*,-61.0,P370609,Polyoxides/ethers/acetals,18.11,0.42
*CC(CSC(C)C)O*,-44.0,P370610,Polyoxides/ethers/acetals,23.97,0.5
*CC(CSCCCC)O*,-65.0,P370611,Polyoxides/ethers/acetals,17.49,0.34
*CC(CSCCCCC)O*,-68.0,P370612,Polyoxides/ethers/acetals,16.13,0.27
*CC(CS(C)(=O)=O)O*,85.0,P370613,Polyoxides/ethers/acetals,34.35,1.29
*CC(CS(=O)(=O)CC)O*,57.0,P370614,Polyoxides/ethers/acetals,34.92,1.05
*CC(CS(=O)(=O)CCC)O*,43.0,P370615,Polyoxides/ethers/acetals,29.92,0.91
*CC(CS(=O)(=O)C(C)C)O*,64.0,P370616,Polyoxides/ethers/acetals,33.85,1.01
*CC(CS(=O)(=O)CCCC)O*,37.0,P370617,Polyoxides/ethers/acetals,29.91,0.8
*CC(CS(=O)(=O)CCCCC)O*,39.0,P370618,Polyoxides/ethers/acetals,25.99,0.83
*CCOCCC(=O)O*,-35.0,P370619,"Polyoxides/ethers/acetals, Polyesters/thioesters",22.16,0.52
*Oc1ccc(C(=O)c2ccc(Oc3ccc(C(=O)c4ccc(Oc5cccc(Cc6cccc(*)c6)c5)cc4)cc3)cc2)cc1,123.0,P370620,"Polyoxides/ethers/acetals, Polyketones/thioketones",139.07,6.45
*Oc1ccc(C(=O)c2ccc(Oc3ccc(C(=O)c4ccc(Oc5ccc(Cc6ccc(*)cc6)cc5)cc4)cc3)cc2)cc1,128.0,P370621,"Polyoxides/ethers/acetals, Polyketones/thioketones",131.18,6.08
*Oc1ccc(C2(c3ccc(Oc4ccc(C(=O)c5ccc(Oc6ccc(C(=O)c7ccc(*)cc7)cc6)cc5)cc4)cc3)c3ccccc3-c3ccccc32)cc1,231.0,P370622,"Polyoxides/ethers/acetals, Polyketones/thioketones",200.83,8.04
*Oc1ccc(C2(c3ccc(Oc4ccc(C(=O)c5ccc(*)cc5)cc4)cc3)c3ccccc3-c3ccccc32)cc1,252.0,P370623,"Polyoxides/ethers/acetals, Polyketones/thioketones",170.3,6.81
*c1ccc(OCCCCOc2ccc(-c3nc4ccc(-c5ccc6nc(*)c(-c7ccccc7)nc6c5)cc4nc3-c3ccccc3)cc2)cc1,240.0,P370624,"Polyoxides/ethers/acetals, Polyimines",198.05,7.49
*c1ccc(Oc2ccc(Oc3ccc(Oc4ccc(-c5nc6ccc(-c7ccc8nc(*)c(-c9ccccc9)nc8c7)cc6nc5-c5ccccc5)cc4)cc3)cc2)cc1,263.0,P370625,"Polyoxides/ethers/acetals, Polyimines",235.23,9.0
*c1ccc(Oc2ccc(-c3cc(-c4ccccc4)c4cc(Oc5ccc6nc(*)c(-c7ccccc7)c(-c7ccccc7)c6c5)ccc4n3)cc2)cc1,305.0,P370627,"Polyoxides/ethers/acetals, Polyimines",229.52,8.44
*c1ccc(Oc2ccc(-c3c(-c4ccccc4)nc4ccc(Oc5ccc6nc(-c7ccccc7)c(*)c(-c7ccccc7)c6c5)cc4c3-c3ccccc3)cc2)cc1,252.5,P370628,"Polyoxides/ethers/acetals, Polyimines",211.35,10.41
*c1ccc(-c2c(-c3ccccc3)nc3ccc(Oc4ccc5nc(-c6ccccc6)c(*)c(-c6ccccc6)c5c4)cc3c2-c2ccccc2)cc1,311.0,P370629,"Polyoxides/ethers/acetals, Polyimines",228.71,9.88
*c1ccc(-c2ccc(-c3c(-c4ccccc4)nc4ccc(Oc5ccc6nc(-c7ccccc7)c(*)c(-c7ccccc7)c6c5)cc4c3-c3ccccc3)cc2)cc1,330.0,P370630,"Polyoxides/ethers/acetals, Polyimines",254.06,10.18
*c1ccc(Oc2ccc(-c3c(-c4ccccc4)nc4ccc(-c5ccc6nc(-c7ccccc7)c(*)c(-c7ccccc7)c6c5)cc4c3-c3ccccc3)cc2)cc1,307.5,P370631,"Polyoxides/ethers/acetals, Polyimines",238.21,9.58
*c1ccc(C2(c3ccc(-c4cc(-c5ccccc5)c5cc(Oc6ccc7nc(*)cc(-c8ccccc8)c7c6)ccc5n4)cc3)c3ccccc3-c3ccccc32)cc1,310.0,P370632,"Polyoxides/ethers/acetals, Polyimines",240.99,9.87
*c1ccc(C2(c3ccc(-c4cc(-c5ccccc5)c5cc(Oc6ccc7nc(*)cc(-c8ccccc8)c7c6)ccc5n4)cc3)c3ccccc3C(=O)c3ccccc32)cc1,340.0,P370633,"Polyoxides/ethers/acetals, Polyimines, Polyketones/thioketones",229.48,11.23
*c1ccc(Oc2ccc(-c3cc(-c4ccccc4)c4cc(C5(c6ccc7nc(*)cc(-c8ccccc8)c7c6)c6ccccc6-c6ccccc65)ccc4n3)cc2)cc1,315.0,P370634,"Polyoxides/ethers/acetals, Polyimines",217.76,10.72
*c1ccc(Oc2ccc(-c3cc(-c4ccccc4)c4cc(C5(c6ccc7nc(*)cc(-c8ccccc8)c7c6)c6ccccc6C(=O)c6ccccc65)ccc4n3)cc2)cc1,320.0,P370635,"Polyoxides/ethers/acetals, Polyimines, Polyketones/thioketones",228.12,9.63
*c1ccc(Oc2ccc(-c3cc(-c4ccccc4)c4cc(-c5ccc6nc(*)cc(-c7ccccc7)c6c5)ccc4n3)cc2)cc1,305.0,P370636,"Polyoxides/ethers/acetals, Polyimines",181.19,8.22
*c1ccc(Oc2ccc(-c3nc4ccc(-c5ccc6nc(*)c(-c7ccccc7)c(-c7ccccc7)c6c5)cc4c(-c4ccccc4)c3-c3ccccc3)cc2)cc1,300.0,P370637,"Polyoxides/ethers/acetals, Polyimines",221.71,10.03
*c1ccc(-c2ccc(-c3ccc(-c4cc(-c5ccccc5)c5cc(Oc6ccc7nc(*)cc(-c8ccccc8)c7c6)ccc5n4)cc3)cc2)cc1,300.0,P370638,"Polyoxides/ethers/acetals, Polyimines",196.47,9.82
*c1ccc(-c2ccc(-c3ccc(-c4ccc(-c5cc(-c6ccccc6)c6cc(Oc7ccc8nc(*)cc(-c9ccccc9)c8c7)ccc6n5)cc4)cc3)cc2)cc1,310.0,P370639,"Polyoxides/ethers/acetals, Polyimines",214.62,9.59
*CC(CO*)(CSC)CSC,-6.0,P370640,Polyoxides/ethers/acetals,22.12,0.56
*CC(CO*)(CSCC)CSCC,-32.0,P370641,Polyoxides/ethers/acetals,18.12,0.38
*CC(CO*)(CSC(C)C)CSC(C)C,-9.0,P370642,Polyoxides/ethers/acetals,21.64,0.52
*CC(CO*)(CSCCCCC)CSCCCCC,-33.0,P370645,Polyoxides/ethers/acetals,11.22,0.1
*CC(CO*)(CS(C)(=O)=O)CS(C)(=O)=O,126.0,P370646,Polyoxides/ethers/acetals,40.58,1.39
*CC(CO*)(CS(=O)(=O)CC)CS(=O)(=O)CC,84.0,P370647,Polyoxides/ethers/acetals,34.42,0.96
*CC(CO*)(CS(=O)(=O)C(C)C)CS(=O)(=O)C(C)C,91.0,P370648,Polyoxides/ethers/acetals,34.92,0.92
*CC(CO*)(CS(=O)(=O)CCC)CS(=O)(=O)CCC,71.0,P370649,Polyoxides/ethers/acetals,28.66,0.76
*CC(CO*)(CS(=O)(=O)CCCC)CS(=O)(=O)CCCC,66.0,P370650,Polyoxides/ethers/acetals,27.14,0.68
*CC(CO*)(CS(=O)(=O)CCCCC)CS(=O)(=O)CCCCC,56.0,P370651,Polyoxides/ethers/acetals,21.67,0.55
*COC(=O)OCC1OC(C)(C)OC1*,51.3,P370652,"Polyoxides/ethers/acetals, Polycarbonates/thiocarbonates",35.68,1.0
*COC(=O)OCC1OC(OCC)OC1*,23.5,P370653,"Polyoxides/ethers/acetals, Polycarbonates/thiocarbonates",29.71,0.8
*COC(=O)OCC1OC(OCC)(OCC)OC1*,10.8,P370654,"Polyoxides/ethers/acetals, Polycarbonates/thiocarbonates",29.51,0.75
*CC1(*)OCC(c2ccccc2)O1,75.0,P370656,Polyoxides/ethers/acetals,59.66,2.0
*CCOC(=O)CC(C)O*,-37.1,P370657,"Polyoxides/ethers/acetals, Polyesters/thioesters",22.96,0.55
*CCCCCCCCCCCCOc1ccc(C(C)Cc2ccc(-c3ccc(O*)cc3)cc2)cc1,40.0,P370659,Polyoxides/ethers/acetals,69.98,2.75
*Oc1cccc(C(=O)c2ccc(Oc3ccc(C(=O)c4ccc(*)cc4)cc3)cc2)c1,146.0,P370662,"Polyoxides/ethers/acetals, Polyketones/thioketones",105.99,4.43
*Oc1ccc(Oc2ccc(C(=O)c3ccc(Oc4ccc(Oc5cccc(*)n5)cc4)cc3)cc2)cc1,124.0,P370676,"Polyoxides/ethers/acetals, Polyimines, Polyketones/thioketones",129.42,4.75
*Oc1ccc(Oc2ccc(/C(=N\c3ccccc3)c3ccc(Oc4ccc(Oc5cccc(*)n5)cc4)cc3)cc2)cc1,135.0,P370677,"Polyoxides/ethers/acetals, Polyimines",135.15,6.39
*Oc1ccc(Oc2ccc(S(=O)c3ccc(Oc4ccc(Oc5cccc(*)n5)cc4)cc3)cc2)cc1,138.0,P370678,"Polyoxides/ethers/acetals, Polyimines, Polysulfones/sulfoxides/sufonates/sulfoamides",128.08,4.85
*Oc1ccc(Oc2ccc(S(=O)(=O)c3ccc(Oc4ccc(Oc5cccc(*)n5)cc4)cc3)cc2)cc1,158.0,P370679,"Polyoxides/ethers/acetals, Polyimines, Polysulfones/sulfoxides/sufonates/sulfoamides",117.94,5.52
*Oc1ccc(Oc2ccc(P(=O)(c3ccccc3)c3ccc(Oc4ccc(Oc5cccc(*)n5)cc4)cc3)cc2)cc1,164.0,P370680,"Polyoxides/ethers/acetals, Polyimines",156.37,5.92
*Oc1ccc(S(=O)(=O)c2ccc(Oc3ccc(C(C)(C)c4ccc(*)cc4)cc3)cc2N)c(N)c1,210.5,P370683,"Polyoxides/ethers/acetals, Polysulfones/sulfoxides/sufonates/sulfoamides",113.2,4.46
*Oc1ccc(S(=O)(=O)c2ccc(Oc3ccc(-c4ccc(*)cc4)cc3)cc2N)c(N)c1,242.2,P370684,"Polyoxides/ethers/acetals, Polysulfones/sulfoxides/sufonates/sulfoamides",127.09,5.22
*Oc1ccc(S(=O)(=O)c2ccc(Oc3ccc(C(C)(C)c4ccc(*)cc4)cc3)cc2)c(N)c1,202.0,P370685,"Polyoxides/ethers/acetals, Polysulfones/sulfoxides/sufonates/sulfoamides",112.07,5.16
*Oc1ccc(S(=O)(=O)c2ccc(Oc3ccc(C(C)(C)c4ccc(*)c(N)c4)cc3N)cc2)cc1,230.4,P370686,"Polyoxides/ethers/acetals, Polysulfones/sulfoxides/sufonates/sulfoamides",115.75,4.96
*Oc1ccc(S(=O)(=O)c2ccc(Oc3ccc(C(C)(C)c4ccc(*)c(N)c4)cc3N)cc2)c(N)c1,237.1,P370687,"Polyoxides/ethers/acetals, Polysulfones/sulfoxides/sufonates/sulfoamides",113.03,5.08
*Oc1ccc(P(C)(=O)c2ccc(Oc3ccc(C(C)(C)c4ccc(*)cc4)cc3)cc2)cc1,192.0,P370688,Polyoxides/ethers/acetals,118.15,5.25
*c1ccc(Oc2ccc(P(C)(=O)c3ccc(Oc4ccc(C5(*)OC(=O)c6ccccc65)cc4)cc3)cc2)cc1,263.0,P370689,"Polyoxides/ethers/acetals, Polyesters/thioesters",154.55,5.53
*Oc1ccc(P(C)(=O)c2ccc(Oc3ccc(C(c4ccccc4)(c4ccc(*)cc4)C(F)(F)F)cc3)cc2)cc1,229.0,P370690,Polyoxides/ethers/acetals,140.07,5.69
*Oc1ccc(P(C)(=O)c2ccc(Oc3ccc(C(c4ccc(*)cc4)(C(F)(F)F)C(F)(F)F)cc3)cc2)cc1,208.0,P370691,Polyoxides/ethers/acetals,124.72,5.18
*Oc1ccc(Oc2ccc(P(C)(=O)c3ccc(*)cc3)cc2)cc1,213.0,P370704,Polyoxides/ethers/acetals,103.92,4.41
*Oc1ccc(S(=O)(=O)c2ccc(Oc3ccc(P(C)(=O)c4ccc(*)cc4)cc3)cc2)cc1,233.0,P370705,"Polyoxides/ethers/acetals, Polysulfones/sulfoxides/sufonates/sulfoamides",127.15,4.99
*Oc1ccc(S(=O)(=O)c2ccc(Oc3ccc(P(=O)(c4ccccc4)c4ccc(*)cc4)cc3)cc2)cc1,231.0,P370706,"Polyoxides/ethers/acetals, Polysulfones/sulfoxides/sufonates/sulfoamides",148.31,6.14
*CCCCCCCCCCOc1ccc(/N=C/c2ccc(/C=N/c3ccc(O*)cc3C)cc2)c(C)c1,77.6,P370707,"Polyoxides/ethers/acetals, Polyimines",69.4,2.72
*Oc1ccc(/C=N/N=C/c2ccc(Oc3ccc(C(C)(C)c4ccc(*)cc4)cc3)cc2)cc1,163.0,P370708,"Polyoxides/ethers/acetals, Polyimines",117.16,4.67
*Oc1ccc(/C=N/N=C/c2ccc(Oc3ccc(C(c4ccc(*)cc4)(C(F)(F)F)C(F)(F)F)cc3)cc2)cc1,162.0,P370709,"Polyoxides/ethers/acetals, Polyimines",113.9,4.82
*Oc1ccc(C2(c3ccc(Oc4ccc(/C=N/N=C/c5ccc(*)cc5)cc4)cc3)c3ccccc3-c3ccccc32)cc1,227.0,P370710,"Polyoxides/ethers/acetals, Polyimines",152.25,6.05
*Oc1ccc(/C=N/N=C/c2ccc(Oc3ccc(C(=O)c4ccc(*)cc4)cc3)cc2)cc1,179.0,P370711,"Polyoxides/ethers/acetals, Polyimines, Polyketones/thioketones",106.75,4.84
*Oc1ccc(S(=O)c2ccc(Oc3ccc(/C=N/N=C/c4ccc(*)cc4)cc3)cc2)cc1,151.0,P370712,"Polyoxides/ethers/acetals, Polyimines, Polysulfones/sulfoxides/sufonates/sulfoamides",113.76,4.12
*Oc1ccc(P(=O)(c2ccccc2)c2ccc(Oc3ccc(C(C)(C)c4ccc(*)cc4)cc3)cc2)cc1,199.0,P370715,Polyoxides/ethers/acetals,135.07,5.46
*c1ccc(C(c2ccc(-c3nc4ccc(-c5ccc6nc(*)oc6c5)cc4o3)cc2)(C(F)(F)F)C(F)(F)F)cc1,345.0,P370719,"Polyoxides/ethers/acetals, Polyimines",163.28,7.24
*c1ccc(C(c2ccccc2)(c2ccc(-c3nc4ccc(-c5ccc6nc(*)oc6c5)cc4o3)cc2)C(F)(F)F)cc1,350.0,P370720,"Polyoxides/ethers/acetals, Polyimines",200.53,8.24
*c1ccc2oc(-c3ccc4oc5ccc(-c6nc7cc(C(*)(C(F)(F)F)C(F)(F)F)ccc7o6)cc5c4c3)nc2c1,195.0,P370722,"Polyoxides/ethers/acetals, Polyimines",190.32,7.95
*=Nc1cccc(S(=O)(=O)c2cccc(/N=C3/OC(=O)c4ccc(Oc5ccc6c(c5)C(=O)OC6=*)cc43)c2)c1,190.0,P370726,"Polyoxides/ethers/acetals, Polyesters/thioesters, Polyimines, Polysulfones/sulfoxides/sufonates/sulfoamides",135.33,5.12
*c1ccc(Oc2ccc(C(C)(C)c3ccc(Oc4ccc(-c5nnc(*)n5-c5ccccc5)cc4)cc3)cc2)cc1,207.0,P370728,"Polyoxides/ethers/acetals, Polyimines",151.8,6.45
*c1ccc(Oc2ccc(C(c3ccc(Oc4ccc(-c5nnc(*)n5-c5ccccc5)cc4)cc3)(C(F)(F)F)C(F)(F)F)cc2)cc1,203.0,P370729,"Polyoxides/ethers/acetals, Polyimines",141.91,6.8
*c1ccc(Oc2ccc(C(C)(C)c3ccc(Oc4ccc(-c5nnc(*)n5-c5cccc(C(F)(F)F)c5)cc4)cc3)cc2)cc1,190.0,P370730,"Polyoxides/ethers/acetals, Polyimines",161.12,6.22
*c1ccc(Oc2ccc(C(c3ccc(Oc4ccc(-c5nnc(*)n5-c5cccc(C(F)(F)F)c5)cc4)cc3)(C(F)(F)F)C(F)(F)F)cc2)cc1,185.0,P370731,"Polyoxides/ethers/acetals, Polyimines",170.82,6.26
*c1ccc(Oc2ccc(C(C)(C)c3ccc(Oc4ccc(-c5nnc(*)n5-c5ccc(C)cc5)cc4)cc3)cc2)cc1,205.0,P370732,"Polyoxides/ethers/acetals, Polyimines",148.33,6.1
*c1ccc(Oc2ccc(C(C)(C)c3ccc(Oc4ccc(-c5nnc(*)n5-c5ccc(S(C)(=O)=O)cc5)cc4)cc3)cc2)cc1,230.0,P370733,"Polyoxides/ethers/acetals, Polyimines",165.54,6.16
*c1ccc(Oc2ccc(C(C)(C)c3ccc(Oc4ccc(-c5nnc(*)n5-c5ccc(S(=O)(=O)c6ccccc6)cc5)cc4)cc3)cc2)cc1,198.0,P370734,"Polyoxides/ethers/acetals, Polyimines",176.59,6.97
*Oc1ccc(C(C)(C)c2ccc(Oc3ccc(C(=O)C(=O)c4ccc(*)cc4)cc3)cc2)cc1,152.0,P370735,"Polyoxides/ethers/acetals, Polyketones/thioketones",110.13,4.79
*c1ccc(Oc2ccc(C(C)(C)c3ccc(Oc4ccc(-c5nc(-c6ccccn6)nnc5*)cc4)cc3)cc2)cc1,220.0,P370736,"Polyoxides/ethers/acetals, Polyimines",160.05,6.09
*c1ccc(Oc2ccc(C(c3ccc(Oc4ccc(-c5nnc(*)n5-c5ccc(C)cc5)cc4)cc3)(C(F)(F)F)C(F)(F)F)cc2)cc1,213.0,P370737,"Polyoxides/ethers/acetals, Polyimines",148.2,6.01
*c1ccc(Oc2ccc(C(c3ccc(Oc4ccc(-c5nnc(*)n5-c5ccc(S(C)(=O)=O)cc5)cc4)cc3)(C(F)(F)F)C(F)(F)F)cc2)cc1,226.0,P370738,"Polyoxides/ethers/acetals, Polyimines",171.9,6.48
*c1ccc(Oc2ccc(C(c3ccc(Oc4ccc(-c5nnc(*)n5-c5ccc(S(=O)(=O)c6ccccc6)cc5)cc4)cc3)(C(F)(F)F)C(F)(F)F)cc2)cc1,211.0,P370739,"Polyoxides/ethers/acetals, Polyimines",166.07,6.76
*Oc1ccc(C(c2ccc(Oc3ccc(C(=O)C(=O)c4ccc(*)cc4)cc3)cc2)(C(F)(F)F)C(F)(F)F)cc1,162.0,P370740,"Polyoxides/ethers/acetals, Polyketones/thioketones",117.07,4.41
*c1ccc(Oc2ccc(C(c3ccc(Oc4ccc(-c5nc(-c6ccccn6)nnc5*)cc4)cc3)(C(F)(F)F)C(F)(F)F)cc2)cc1,224.0,P370741,"Polyoxides/ethers/acetals, Polyimines",154.41,6.45
*c1ccc(Oc2ccc(C(C)(c3ccccc3)c3ccc(Oc4ccc(-c5nc(-c6ccccn6)nnc5*)cc4)cc3)cc2)cc1,232.0,P370742,"Polyoxides/ethers/acetals, Polyimines",170.74,7.8
*Oc1ccc(C(C)(c2ccccc2)c2ccc(Oc3ccc(C(=O)C(=O)c4ccc(*)cc4)cc3)cc2)cc1,177.0,P370743,"Polyoxides/ethers/acetals, Polyketones/thioketones",120.89,5.5
*Oc1ccc(C2(c3ccc(Oc4ccc(C(=O)C(=O)c5ccc(*)cc5)cc4)cc3)c3ccccc3-c3ccccc32)cc1,242.0,P370744,"Polyoxides/ethers/acetals, Polyketones/thioketones",164.68,5.97
*c1ccc(Oc2ccc(C3(c4ccc(Oc5ccc(-c6nc(-c7ccccn7)nnc6*)cc5)cc4)c4ccccc4-c4ccccc43)cc2)cc1,277.0,P370745,"Polyoxides/ethers/acetals, Polyimines",207.81,8.31
*c1ccc(Oc2ccc(-c3ccc(Oc4ccc(-c5nc(-c6ccccn6)nnc5*)cc4)cc3)cc2)cc1,230.0,P370746,"Polyoxides/ethers/acetals, Polyimines",140.02,6.53
*c1ccc(Oc2ccc(C(=O)c3ccc(Oc4ccc(-c5nc(-c6ccccn6)nnc5*)cc4)cc3)cc2)cc1,223.0,P370747,"Polyoxides/ethers/acetals, Polyimines, Polyketones/thioketones",167.25,6.33
*c1ccc(Oc2ccc(S(=O)(=O)c3ccc(Oc4ccc(-c5nc(-c6ccccn6)nnc5*)cc4)cc3)cc2)cc1,265.0,P370748,"Polyoxides/ethers/acetals, Polyimines, Polysulfones/sulfoxides/sufonates/sulfoamides",156.9,6.86
*c1ccc(Oc2ccc(C(=O)c3cccc(C(=O)c4ccc(Oc5ccc(-c6nc(-c7ccccn7)nnc6*)cc5)cc4)c3)cc2)cc1,202.0,P370749,"Polyoxides/ethers/acetals, Polyimines, Polyketones/thioketones",164.99,7.57
*CC(O)COc1ccc(C(C)(C)c2ccc(OCC(O)COc3cccc(O*)c3)cc2)cc1,83.0,P370752,Polyoxides/ethers/acetals,85.13,3.23
*CC(O)COc1ccc(S(=O)(=O)c2ccc(OCC(O)COc3cccc(O*)c3)cc2)cc1,105.0,P370753,"Polyoxides/ethers/acetals, Polysulfones/sulfoxides/sufonates/sulfoamides",87.93,3.05
*CC(O)COc1cccc(O*)c1,65.0,P370754,Polyoxides/ethers/acetals,52.62,2.02
*CC(O)COc1ccc(C(C)(C)c2ccc(OCC(O)COc3ccc(C4(c5ccc(O*)cc5)c5ccccc5-c5ccccc54)cc3)cc2)cc1,161.0,P370755,Polyoxides/ethers/acetals,132.57,6.01
*CC(O)COC(=O)c1cccc(C(=O)OCC(O)COc2ccc(C(C)(C)c3ccc(O*)cc3)cc2)c1,97.0,P370756,"Polyoxides/ethers/acetals, Polyesters/thioesters",87.78,3.12
*CC(O)CN(CCO)CC(O)COc1ccc(C(C)(C)c2ccc(O*)cc2)cc1,87.1,P370757,"Polyoxides/ethers/acetals, Polyimines",59.46,2.2
*CC(O)COc1ccc(C(C)(C)c2ccc(OCC(O)CN3CCN(*)CC3)cc2)cc1,100.0,P370758,"Polyoxides/ethers/acetals, Polyimines",70.44,2.54
*C(=O)c1ccc(Oc2ccc(C(C)(C)c3ccc(Oc4ccc(*)s4)cc3)cc2)s1,124.0,P370759,"Polyoxides/ethers/acetals, Polysulfides, Polyketones/thioketones",101.09,4.4
*C(=O)c1ccc(C(=O)c2ccc(Oc3ccc(C(C)(C)c4ccc(Oc5ccc(*)s5)cc4)cc3)s2)cc1,154.0,P370760,"Polyoxides/ethers/acetals, Polysulfides, Polyketones/thioketones",136.82,4.96
*C(=O)c1ccc(Oc2ccc(C(C)(C)c3ccc(Oc4ccc(*)s4)cc3)cc2)cc1,151.0,P370761,"Polyoxides/ethers/acetals, Polysulfides, Polyketones/thioketones",106.05,4.64
*C(=O)c1ccc(Oc2ccc(C3(c4ccc(Oc5ccc(*)s5)cc4)c4ccccc4-c4ccccc43)cc2)cc1,195.0,P370763,"Polyoxides/ethers/acetals, Polysulfides, Polyketones/thioketones",151.22,5.96
*Oc1ccc(S(=O)(=O)c2ccc(Oc3ccc(C(C)(C)c4ccc(*)cc4)cc3[N+](=O)[O-])cc2)cc1,190.0,P370765,"Polyoxides/ethers/acetals, Polysulfones/sulfoxides/sufonates/sulfoamides",114.29,4.84
*Oc1ccc(S(=O)(=O)c2ccc(Oc3ccc(C(C)(C)c4ccc(*)cc4)cc3)c([N+](=O)[O-])c2)cc1[N+](=O)[O-],206.0,P370766,"Polyoxides/ethers/acetals, Polysulfones/sulfoxides/sufonates/sulfoamides",109.14,4.99
*Oc1ccc(S(=O)(=O)c2ccc(Oc3ccc(C4(c5ccc(*)c(C)c5)CCCCC4)cc3C)cc2)cc1,197.0,P370767,"Polyoxides/ethers/acetals, Polysulfones/sulfoxides/sufonates/sulfoamides",124.18,4.74
*Oc1ccc(S(=O)(=O)c2ccc(Oc3c(C)cc(Cc4cc(C)c(*)c(C)c4)cc3C)cc2)cc1,232.0,P370768,"Polyoxides/ethers/acetals, Polysulfones/sulfoxides/sufonates/sulfoamides",132.77,5.36
*Oc1ccc(S(=O)(=O)c2ccc(Oc3c(C)cc(C(c4cc(C)c(*)c(C)c4)(C(F)(F)F)C(F)(F)F)cc3C)cc2)cc1,248.0,P370769,"Polyoxides/ethers/acetals, Polysulfones/sulfoxides/sufonates/sulfoamides",134.95,5.16
*COc1ccc(C(=C(Cl)Cl)c2ccc(O*)cc2)cc1,108.0,P370770,Polyoxides/ethers/acetals,76.82,2.77
*OC(=O)c1ccc(C2(C)CC(C)(C)c3ccc(C(=O)Oc4ccc5c(c4)Oc4cc(*)ccc4C5(C)C)cc32)cc1,297.0,P370771,"Polyoxides/ethers/acetals, Polyesters/thioesters",150.11,6.03
*Oc1ccc(S(=O)(=O)c2ccc(Oc3ccc(C(=C)c4ccc(*)cc4)cc3)cc2)cc1,167.0,P370772,"Polyoxides/ethers/acetals, Polysulfones/sulfoxides/sufonates/sulfoamides",107.01,4.23
*Oc1ccc(S(=O)(=O)c2ccc(Oc3ccc(/C=C/c4ccc(*)cc4)cc3)cc2)cc1,234.5,P370773,"Polyoxides/ethers/acetals, Polysulfones/sulfoxides/sufonates/sulfoamides",121.09,4.76
*Oc1ccc(NC(=C(C#N)C#N)c2ccc(-c3ccc(C(Nc4ccc(*)cc4)=C(C#N)C#N)cc3)cc2)cc1,220.0,P370780,"Polyoxides/ethers/acetals, Polyimines",118.11,4.52
*Oc1ccc(NC(=C(C#N)C#N)c2ccc(-c3ccc(-c4ccc(C(Nc5ccc(*)cc5)=C(C#N)C#N)cc4)cc3)cc2)cc1,240.0,P370782,"Polyoxides/ethers/acetals, Polyimines",151.94,5.95
*Oc1ccc(C(C)(C)c2ccc(Oc3ccc(C(=O)c4ccc(C(C)(C)c5ccc(C(=O)c6ccc(*)cc6)cc5)cc4)cc3)cc2)cc1,171.0,P370791,"Polyoxides/ethers/acetals, Polyketones/thioketones",138.62,6.5
*Oc1ccc(C(c2ccc(Oc3ccc(C(=O)c4ccc(C(C)(C)c5ccc(C(=O)c6ccc(*)cc6)cc5)cc4)cc3)cc2)(C(F)(F)F)C(F)(F)F)cc1,179.0,P370792,"Polyoxides/ethers/acetals, Polyketones/thioketones",149.15,6.1
*Oc1ccc(C(C)(C)c2ccc(Oc3ccc(C(=O)c4ccc(C(c5ccc(C(=O)c6ccc(*)cc6)cc5)(C(F)(F)F)C(F)(F)F)cc4)cc3)cc2)cc1,181.0,P370793,"Polyoxides/ethers/acetals, Polyketones/thioketones",165.9,6.1
*Oc1ccc(C(c2ccc(Oc3ccc(C(=O)c4ccc(C(c5ccc(C(=O)c6ccc(*)cc6)cc5)(C(F)(F)F)C(F)(F)F)cc4)cc3)cc2)(C(F)(F)F)C(F)(F)F)cc1,185.0,P370794,"Polyoxides/ethers/acetals, Polyketones/thioketones",155.74,5.78
*c1ccc(Oc2ccc(S(=O)(=O)c3ccc(Oc4ccc(-c5nc(-c6ccc(-c7nc(*)c(-c8ccccc8)[nH]7)cc6)[nH]c5-c5ccccc5)cc4)cc3)cc2)cc1,301.0,P370795,"Polyoxides/ethers/acetals, Polyimines, Polysulfones/sulfoxides/sufonates/sulfoamides",195.88,9.22
*c1ccc(Oc2ccc(C(=O)c3ccc4cc(C(=O)c5ccc(Oc6ccc(-c7nc(-c8ccc(-c9nc(*)c(-c%10ccccc%10)[nH]9)cc8)[nH]c7-c7ccccc7)cc6)cc5)ccc4c3)cc2)cc1,281.0,P370796,"Polyoxides/ethers/acetals, Polyimines, Polyketones/thioketones",249.02,9.73
*c1ccc(Oc2ccc(C(=O)c3ccc(C(=O)c4ccc(Oc5ccc(-c6nc(-c7ccc(-c8nc(*)c(-c9ccccc9)[nH]8)cc7)[nH]c6-c6ccccc6)cc5)cc4)cc3)cc2)cc1,278.0,P370797,"Polyoxides/ethers/acetals, Polyimines, Polyketones/thioketones",212.19,8.92
*c1ccc(Oc2ccc(C(=O)c3ccc(Oc4ccc(-c5nc(-c6ccc(-c7nc(*)c(-c8ccccc8)[nH]7)cc6)[nH]c5-c5ccccc5)cc4)cc3)cc2)cc1,276.0,P370798,"Polyoxides/ethers/acetals, Polyimines, Polyketones/thioketones",225.85,8.39
*c1ccc(Oc2ccc(C(=O)c3ccc(-c4ccc(C(=O)c5ccc(Oc6ccc(-c7nc(-c8ccc(-c9nc(*)c(-c%10ccccc%10)[nH]9)cc8)[nH]c7-c7ccccc7)cc6)cc5)cc4)cc3)cc2)cc1,273.0,P370799,"Polyoxides/ethers/acetals, Polyimines, Polyketones/thioketones",218.03,9.64
*c1ccc(Oc2ccc(C(=O)c3cccc(C(=O)c4ccc(Oc5ccc(-c6nc(-c7ccc(-c8nc(*)c(-c9ccccc9)[nH]8)cc7)[nH]c6-c6ccccc6)cc5)cc4)c3)cc2)cc1,270.0,P370800,"Polyoxides/ethers/acetals, Polyimines, Polyketones/thioketones",228.58,10.11
*c1ccc(Oc2ccc(C(=O)c3ccc(Oc4ccc(C(=O)c5ccc(Oc6ccc(-c7nc(-c8ccc(-c9nc(*)c(-c%10ccccc%10)[nH]9)cc8)[nH]c7-c7ccccc7)cc6)cc5)cc4)cc3)cc2)cc1,245.0,P370801,"Polyoxides/ethers/acetals, Polyimines, Polyketones/thioketones",223.37,11.3
*c1ccc(Oc2ccc(S(=O)(=O)c3ccc(Oc4ccc(-c5nc(-c6cccc(-c7nc(*)c(-c8ccccc8)[nH]7)c6)[nH]c5-c5ccccc5)cc4)cc3)cc2)cc1,292.0,P370802,"Polyoxides/ethers/acetals, Polyimines, Polysulfones/sulfoxides/sufonates/sulfoamides",228.75,9.54
*c1ccc(Oc2ccc(C(=O)c3ccc(Oc4ccc(-c5nc(-c6cccc(-c7nc(*)c(-c8ccccc8)[nH]7)c6)[nH]c5-c5ccccc5)cc4)cc3)cc2)cc1,282.0,P370803,"Polyoxides/ethers/acetals, Polyimines, Polyketones/thioketones",187.26,9.1
*c1ccc(Oc2ccc(C(=O)c3ccc(-c4ccc(C(=O)c5ccc(Oc6ccc(-c7nc(-c8cccc(-c9nc(*)c(-c%10ccccc%10)[nH]9)c8)[nH]c7-c7ccccc7)cc6)cc5)cc4)cc3)cc2)cc1,276.0,P370804,"Polyoxides/ethers/acetals, Polyimines, Polyketones/thioketones",226.48,11.22
*c1ccc(Oc2ccc(C(=O)c3ccc(C(=O)c4ccc(Oc5ccc(-c6nc(-c7cccc(-c8nc(*)c(-c9ccccc9)[nH]8)c7)[nH]c6-c6ccccc6)cc5)cc4)cc3)cc2)cc1,262.0,P370805,"Polyoxides/ethers/acetals, Polyimines, Polyketones/thioketones",237.22,9.53
*c1ccc(Oc2ccc(C(=O)c3cccc(C(=O)c4ccc(Oc5ccc(-c6nc(-c7cccc(-c8nc(*)c(-c9ccccc9)[nH]8)c7)[nH]c6-c6ccccc6)cc5)cc4)c3)cc2)cc1,256.5,P370806,"Polyoxides/ethers/acetals, Polyimines, Polyketones/thioketones",238.81,10.18
*c1ccc2oc(-c3cccc(-c4nc5cc(C(*)(C(F)(F)F)C(F)(F)F)ccc5o4)n3)nc2c1,329.0,P370807,"Polyoxides/ethers/acetals, Polyimines",139.49,6.7
*c1ccc2oc(-c3ccc(-c4nc5cc(C(*)(C(F)(F)F)C(F)(F)F)ccc5o4)cn3)nc2c1,352.0,P370808,"Polyoxides/ethers/acetals, Polyimines",148.34,6.32
*c1ccc2oc(-c3cc(OCCCCCCCCCC)c(-c4nc5cc(C(*)(C(F)(F)F)C(F)(F)F)ccc5o4)cc3OCCCCCCCCCC)nc2c1,94.0,P370809,"Polyoxides/ethers/acetals, Polyimines",100.22,4.65
*Oc1cccc(Oc2cccc(*)n2)c1,82.0,P370810,"Polyoxides/ethers/acetals, Polyimines",66.65,2.8
*Oc1ccc(Oc2cccc(*)n2)c(-c2ccccc2)c1,115.0,P370811,"Polyoxides/ethers/acetals, Polyimines",89.75,3.62
*Oc1ccc(C(C)(C)c2ccc(Oc3cccc(*)n3)cc2)cc1,107.0,P370812,"Polyoxides/ethers/acetals, Polyimines",84.17,3.91
*C[Ge](C)(C)Cc1cocc1*,-28.0,P370824,Polyoxides/ethers/acetals,48.45,1.5
*CC(=C)COCC(=C)COC(=O)O*,70.5,P370825,"Polyoxides/ethers/acetals, Polycarbonates/thiocarbonates",32.32,0.99
*Oc1ccc(OC(=O)c2ccc(OCCCCCCOc3ccc(C(*)=O)cc3)cc2)cc1/N=N/c1ccc(C#N)cc1,98.0,P370827,"Polyoxides/ethers/acetals, Polyesters/thioesters",97.74,3.98
*CC(CN1C(=O)C2C3C=CC(C3)C2C1=O)O*,87.5,P370828,Polyoxides/ethers/acetals,43.68,1.3
*CC(COC(=O)CCCCCN1C(=O)C2C3C=CC(C3)C2C1=O)O*,1.0,P370829,Polyoxides/ethers/acetals,28.83,0.51
*CC(COC(=O)CCCCCCCCCCN1C(=O)C2C3C=CC(C3)C2C1=O)O*,-31.0,P370830,Polyoxides/ethers/acetals,15.43,0.1
*CC(COC(=O)c1ccc(N2C(=O)C3C4C=CC(C4)C3C2=O)cc1)O*,62.5,P370831,Polyoxides/ethers/acetals,55.27,1.8
*c1ccc(Oc2ccc(C(=O)c3cccc(-c4cccc(C(=O)c5ccc(Oc6ccc(-c7nc(-c8cccc(-c9nc(*)c(-c%10ccccc%10)[nH]9)c8)[nH]c7-c7ccccc7)cc6)cc5)c4)c3)cc2)cc1,250.0,P370832,"Polyoxides/ethers/acetals, Polyimines, Polyketones/thioketones",229.29,10.09
*c1ccc(Oc2ccc(P(=O)(c3ccccc3)c3ccc(Oc4ccc(-c5nc(-c6ccccc6)[nH]c5*)cc4)cc3)cc2)cc1,318.0,P370834,"Polyoxides/ethers/acetals, Polyimines",186.31,8.32
*c1ccc(Oc2ccc(S(=O)(=O)c3ccc(Oc4ccc(-c5nc(-c6ccccc6)[nH]c5*)cc4)cc3)cc2)cc1,277.0,P370835,"Polyoxides/ethers/acetals, Polyimines, Polysulfones/sulfoxides/sufonates/sulfoamides",143.52,6.73
*c1ccc(Oc2ccc(C(=O)c3ccc(Oc4ccc(-c5nc(-c6ccccc6)[nH]c5*)cc4)cc3)cc2)cc1,259.0,P370836,"Polyoxides/ethers/acetals, Polyimines, Polyketones/thioketones",164.19,6.97
*c1ccc(Oc2ccc(C(=O)c3ccc(C(=O)c4ccc(Oc5ccc(-c6nc(-c7ccccc7)[nH]c6*)cc5)cc4)cc3)cc2)cc1,248.0,P370837,"Polyoxides/ethers/acetals, Polyimines, Polyketones/thioketones",159.22,7.6
*c1ccc(Oc2ccc(C(=O)c3cccc(C(=O)c4ccc(Oc5ccc(-c6nc(-c7ccccc7)[nH]c6*)cc5)cc4)c3)cc2)cc1,230.0,P370838,"Polyoxides/ethers/acetals, Polyimines, Polyketones/thioketones",163.62,6.82
*c1ccc(Oc2ccc(C(=O)c3ccc(-c4ccc(C(=O)c5ccc(Oc6ccc(-c7nc(-c8ccccc8)[nH]c7*)cc6)cc5)cc4)cc3)cc2)cc1,258.0,P370839,"Polyoxides/ethers/acetals, Polyimines, Polyketones/thioketones",181.73,7.38
*c1ccc(Oc2ccc(C(=O)c3ccc(C(=O)c4ccc(C(=O)c5ccc(Oc6ccc(-c7nc(-c8ccccc8)[nH]c7*)cc6)cc5)cc4)cc3)cc2)cc1,239.0,P370840,"Polyoxides/ethers/acetals, Polyimines, Polyketones/thioketones",197.29,7.66
*c1ccc(Oc2ccc(C(=O)c3ccc(Cc4ccc(C(=O)c5ccc(Oc6ccc(-c7nc(-c8ccccc8)[nH]c7*)cc6)cc5)cc4)cc3)cc2)cc1,231.0,P370841,"Polyoxides/ethers/acetals, Polyimines, Polyketones/thioketones",169.81,8.69
*c1ccc(Oc2ccc(C(=O)c3ccc(Oc4ccc(C(=O)c5ccc(Oc6ccc(-c7nc(-c8ccccc8)[nH]c7*)cc6)cc5)cc4)cc3)cc2)cc1,230.0,P370842,"Polyoxides/ethers/acetals, Polyimines, Polyketones/thioketones",177.21,8.06
*c1ccc(Oc2ccc(C(=O)c3ccc4cc(C(=O)c5ccc(Oc6ccc(-c7nc(-c8ccccc8)[nH]c7*)cc6)cc5)ccc4c3)cc2)cc1,248.0,P370843,"Polyoxides/ethers/acetals, Polyimines, Polyketones/thioketones",177.76,8.35
*Oc1ccc(Oc2cccc(*)n2)cc1,100.0,P370846,"Polyoxides/ethers/acetals, Polyimines",70.6,3.1
*Oc1ccc(-c2ccc(Oc3cccc(*)n3)cc2)cc1,119.0,P370847,"Polyoxides/ethers/acetals, Polyimines",100.89,3.54
*Oc1ccc(Oc2cccc(*)n2)c(C)c1,89.0,P370848,"Polyoxides/ethers/acetals, Polyimines",68.89,2.61
*CC(O)CN(Cc1ccccc1)CC(O)COc1ccc(C(C)(C)c2ccc(O*)cc2)cc1,94.25,P370853,"Polyoxides/ethers/acetals, Polyimines",85.75,3.07
*CC(COc1ccc(-c2ccc(C#N)cc2)cc1)O*,94.15,P372002,Polyoxides/ethers/acetals,64.84,2.97
*CC(COc1ccc(-c2ccc(OC)cc2)cc1)O*,111.0,P372003,Polyoxides/ethers/acetals,71.61,2.59
*CC(C)(CO*)COCC(F)(F)F,-41.0,P372004,Polyoxides/ethers/acetals,24.12,0.45
*CC(C)(CO*)COCC(F)(F)C(F)(F)C(F)(F)F,-45.0,P372005,Polyoxides/ethers/acetals,25.48,0.34
*CC(C)(CO*)COCC(F)(F)C(F)(F)C(F)(F)C(F)(F)C(F)(F)C(F)(F)C(F)(F)F,-49.0,P372006,Polyoxides/ethers/acetals,25.52,0.16
*OC1C(COC(C)=O)OC(*)C(OC(C)=O)C1OC(C)=O,178.0,P372013,Polyoxides/ethers/acetals,54.88,1.6
*OP(=O)(Oc1ccccc1)Oc1c(Br)cc(C(c2cc(Br)c(*)c(Br)c2)(C(F)(F)F)C(F)(F)F)cc1Br,140.0,P372016,Polyoxides/ethers/acetals,115.42,3.65
*OP(=O)(Oc1ccc(C)cc1)Oc1c(Br)cc(C(c2cc(Br)c(*)c(Br)c2)(C(F)(F)F)C(F)(F)F)cc1Br,146.0,P372017,Polyoxides/ethers/acetals,120.09,3.45
*OP(=O)(Oc1ccc([N+](=O)[O-])cc1)Oc1c(Br)cc(C(c2cc(Br)c(*)c(Br)c2)(C(F)(F)F)C(F)(F)F)cc1Br,154.0,P372018,Polyoxides/ethers/acetals,123.25,3.45
*OP(=O)(Oc1ccc(Br)cc1)Oc1c(Br)cc(C(c2cc(Br)c(*)c(Br)c2)(C(F)(F)F)C(F)(F)F)cc1Br,152.0,P372019,Polyoxides/ethers/acetals,118.17,4.1
*OP(=O)(Oc1ccc(OC)cc1)Oc1c(Br)cc(C(c2cc(Br)c(*)c(Br)c2)(C(F)(F)F)C(F)(F)F)cc1Br,151.0,P372020,Polyoxides/ethers/acetals,115.71,3.76
*Oc1ccc(P(C)(=O)c2ccc(*)cc2)cc1,238.0,P372021,Polyoxides/ethers/acetals,92.58,3.38
*Oc1ccc(P(C)(=O)c2ccc(Oc3ccc(P(=O)(c4ccccc4)c4ccc(*)cc4)cc3)cc2)cc1,238.0,P372022,Polyoxides/ethers/acetals,128.22,5.5
*Oc1ccc(P(=O)(c2ccccc2)c2ccc(*)cc2)cc1,240.0,P372023,Polyoxides/ethers/acetals,111.91,4.08
*Oc1ccc(N[Se]Nc2ccc(*)cc2)cc1,55.0,P372025,"Polyoxides/ethers/acetals, Polyimines",74.02,2.72
*Oc1ccc(S(=O)(=O)c2ccc(Oc3ccc(C45CC6CC(CC(c7ccc(*)cc7)(C6)C4)C5)cc3)cc2)cc1,242.0,P372026,"Polyoxides/ethers/acetals, Polysulfones/sulfoxides/sufonates/sulfoamides",123.19,4.7
*Oc1ccc(S(=O)(=O)c2ccc(Oc3ccc(C4(c5ccc(*)cc5)C5CC6CC(C5)CC4C6)cc3)cc2)cc1,297.0,P372027,"Polyoxides/ethers/acetals, Polysulfones/sulfoxides/sufonates/sulfoamides",129.32,4.95
*Oc1ccc(S(=O)(=O)c2ccc(Oc3ccc(/C=N/N=C/c4ccc(*)cc4)cc3)cc2)cc1,151.0,P372028,"Polyoxides/ethers/acetals, Polyimines, Polysulfones/sulfoxides/sufonates/sulfoamides",115.52,4.71
*Oc1ccc(-c2ccc(Oc3ccc(/C(=N/c4ccc(/N=C(\c5ccccc5)c5ccc(*)cc5)cc4)c4ccccc4)cc3)cc2)cc1,195.0,P372029,"Polyoxides/ethers/acetals, Polyimines",172.6,7.38
*Oc1ccc(Oc2ccc(/C(=N/c3ccc(/N=C(\c4ccccc4)c4ccc(*)cc4)cc3)c3ccccc3)cc2)cc1,176.0,P372030,"Polyoxides/ethers/acetals, Polyimines",133.77,5.97
*Oc1ccc(/C(=N/c2ccc(/N=C(\c3ccccc3)c3ccc(Oc4ccc(C(C)(C)c5ccc(*)cc5)cc4)cc3)cc2)c2ccccc2)cc1,161.0,P372031,"Polyoxides/ethers/acetals, Polyimines",167.53,7.34
*Oc1ccc2ccc(Oc3ccc(/C(=N/c4ccc(/N=C(\c5ccccc5)c5ccc(*)cc5)cc4)c4ccccc4)cc3)cc2c1,171.0,P372032,"Polyoxides/ethers/acetals, Polyimines",148.83,6.75
*Oc1ccc(/C(=N/c2ccc(/N=C(\c3ccccc3)c3ccc(Oc4ccc(C(c5ccccc5)(c5ccccc5)c5ccc(*)cc5)cc4)cc3)cc2)c2ccccc2)cc1,198.0,P372033,"Polyoxides/ethers/acetals, Polyimines",184.49,9.23
*Oc1ccc(/N=C(\c2ccccc2)c2ccc(Oc3ccc(-c4ccc(Oc5ccc(/C(=N/c6ccc(*)cc6)c6ccccc6)cc5)cc4)cc3)cc2)cc1,174.0,P372034,"Polyoxides/ethers/acetals, Polyimines",188.55,8.38
*Oc1ccc(Oc2ccc(/C(=N/c3ccc(Oc4ccc(/N=C(\c5ccccc5)c5ccc(*)cc5)cc4)cc3)c3ccccc3)cc2)cc1,162.0,P372035,"Polyoxides/ethers/acetals, Polyimines",176.26,6.42
*Oc1ccc(/N=C(\c2ccccc2)c2ccc(Oc3ccc(C(C)(C)c4ccc(Oc5ccc(/C(=N/c6ccc(*)cc6)c6ccccc6)cc5)cc4)cc3)cc2)cc1,155.0,P372036,"Polyoxides/ethers/acetals, Polyimines",179.26,7.7
*Oc1ccc2ccc(Oc3ccc(/C(=N/c4ccc(Oc5ccc(/N=C(\c6ccccc6)c6ccc(*)cc6)cc5)cc4)c4ccccc4)cc3)cc2c1,165.0,P372037,"Polyoxides/ethers/acetals, Polyimines",195.65,7.59
*Oc1ccc(/N=C(\c2ccccc2)c2ccc(Oc3ccc(C(c4ccccc4)(c4ccccc4)c4ccc(Oc5ccc(/C(=N/c6ccc(*)cc6)c6ccccc6)cc5)cc4)cc3)cc2)cc1,177.0,P372038,"Polyoxides/ethers/acetals, Polyimines",218.73,8.95
*Oc1ccc(/C(C)=N/c2ccc(/N=C(\C)c3ccc(Oc4ccc(C(C)(C)c5ccc(*)cc5)cc4)cc3)cc2)cc1,161.0,P372039,"Polyoxides/ethers/acetals, Polyimines",136.05,5.33
*Oc1ccc(/C(C)=N/c2ccc(/N=C(\C)c3ccc(Oc4ccc(C(c5ccccc5)(c5ccccc5)c5ccc(*)cc5)cc4)cc3)cc2)cc1,178.0,P372040,"Polyoxides/ethers/acetals, Polyimines",174.73,6.53
*Oc1ccc(/N=C(\C)c2ccc(Oc3ccc(C(C)(C)c4ccc(Oc5ccc(/C(C)=N/c6ccc(*)cc6)cc5)cc4)cc3)cc2)cc1,141.0,P372041,"Polyoxides/ethers/acetals, Polyimines",140.85,5.83
*Oc1ccc(/N=C(\C)c2ccc(Oc3ccc(C(c4ccccc4)(c4ccccc4)c4ccc(Oc5ccc(/C(C)=N/c6ccc(*)cc6)cc5)cc4)cc3)cc2)cc1,150.0,P372042,"Polyoxides/ethers/acetals, Polyimines",165.63,7.98
*Oc1ccc(/C=N/c2ccc(/N=C/c3ccc(Oc4ccc(C(c5ccccc5)(c5ccccc5)c5ccc(*)cc5)cc4)cc3)cc2)cc1,230.0,P372043,"Polyoxides/ethers/acetals, Polyimines",176.14,6.69
*Oc1ccc(/N=C/c2ccc(Oc3ccc(C(c4ccccc4)(c4ccccc4)c4ccc(Oc5ccc(/C=N/c6ccc(*)cc6)cc5)cc4)cc3)cc2)cc1,211.0,P372044,"Polyoxides/ethers/acetals, Polyimines",193.79,7.55
*CCOCCOC(=O)CCSCCC(=O)O*,-33.0,P372045,"Polyoxides/ethers/acetals, Polysulfides, Polyesters/thioesters",18.79,0.26
*CCOCCOCCOC(=O)CCSCCC(=O)O*,-35.0,P372046,"Polyoxides/ethers/acetals, Polysulfides, Polyesters/thioesters",13.62,0.13
*CCOCCOCCOCCOC(=O)CCSCCC(=O)O*,-38.0,P372047,"Polyoxides/ethers/acetals, Polysulfides, Polyesters/thioesters",9.18,0.1
*CCOCCOCCOCCOCCOC(=O)CCSCCC(=O)O*,-39.0,P372048,"Polyoxides/ethers/acetals, Polysulfides, Polyesters/thioesters",5.54,0.1
*CCCCCCOC(=O)OCCOC(=O)OCCCCCCOc1ccc(Oc2ccc(O*)cc2)cc1,-4.0,P372054,"Polyoxides/ethers/acetals, Polycarbonates/thiocarbonates",49.69,1.66
*CCCCCCOC(=O)OCCCOC(=O)OCCCCCCOc1ccc(Oc2ccc(O*)cc2)cc1,-6.0,P372055,"Polyoxides/ethers/acetals, Polycarbonates/thiocarbonates",47.1,1.42
*CCCCCCOC(=O)OCCCCOC(=O)OCCCCCCOc1ccc(Oc2ccc(O*)cc2)cc1,-8.0,P372056,"Polyoxides/ethers/acetals, Polycarbonates/thiocarbonates",42.87,1.52
*CCCCCCOC(=O)OCCCCCOC(=O)OCCCCCCOc1ccc(Oc2ccc(O*)cc2)cc1,-11.0,P372057,"Polyoxides/ethers/acetals, Polycarbonates/thiocarbonates",40.02,1.34
*CCCCCCOC(=O)OCCCCCCOC(=O)OCCCCCCOc1ccc(Oc2ccc(O*)cc2)cc1,-13.0,P372058,"Polyoxides/ethers/acetals, Polycarbonates/thiocarbonates",37.77,1.38
*CCCCCCOC(=O)OCCCCCCCCOC(=O)OCCCCCCOc1ccc(Oc2ccc(O*)cc2)cc1,-17.0,P372059,"Polyoxides/ethers/acetals, Polycarbonates/thiocarbonates",36.45,1.12
*CCCCCCOC(=O)OCCCCCCCCCOC(=O)OCCCCCCOc1ccc(Oc2ccc(O*)cc2)cc1,-20.0,P372060,"Polyoxides/ethers/acetals, Polycarbonates/thiocarbonates",35.48,1.22
*CCCCCCOC(=O)OCCCCCCCCCCOC(=O)OCCCCCCOc1ccc(Oc2ccc(O*)cc2)cc1,-22.0,P372061,"Polyoxides/ethers/acetals, Polycarbonates/thiocarbonates",36.56,1.03
*CCCCCCOC(=O)OCCCCCCCCCCCCOC(=O)OCCCCCCOc1ccc(Oc2ccc(O*)cc2)cc1,-22.0,P372062,"Polyoxides/ethers/acetals, Polycarbonates/thiocarbonates",29.75,1.07
*CCCCCCOC(=O)OCCOC(=O)OCCCCCCOc1ccc(C(=O)c2ccc(O*)cc2)cc1,15.0,P372063,"Polyoxides/ethers/acetals, Polycarbonates/thiocarbonates, Polyketones/thioketones",44.83,1.54
*CCCCCCOC(=O)OCCCOC(=O)OCCCCCCOc1ccc(C(=O)c2ccc(O*)cc2)cc1,16.0,P372064,"Polyoxides/ethers/acetals, Polycarbonates/thiocarbonates, Polyketones/thioketones",48.84,1.58
*CCCCCCOC(=O)OCCCCOC(=O)OCCCCCCOc1ccc(C(=O)c2ccc(O*)cc2)cc1,2.1,P372065,"Polyoxides/ethers/acetals, Polycarbonates/thiocarbonates, Polyketones/thioketones",41.71,1.6
*CCCCCCOC(=O)OCCCCCOC(=O)OCCCCCCOc1ccc(C(=O)c2ccc(O*)cc2)cc1,-0.2,P372066,"Polyoxides/ethers/acetals, Polycarbonates/thiocarbonates, Polyketones/thioketones",42.95,1.45
*CCCCCCOC(=O)OCCCCCCOC(=O)OCCCCCCOc1ccc(C(=O)c2ccc(O*)cc2)cc1,-0.3,P372067,"Polyoxides/ethers/acetals, Polycarbonates/thiocarbonates, Polyketones/thioketones",37.63,1.44
*CCCCCCOC(=O)OCCCCCCCCOC(=O)OCCCCCCOc1ccc(C(=O)c2ccc(O*)cc2)cc1,-7.7,P372068,"Polyoxides/ethers/acetals, Polycarbonates/thiocarbonates, Polyketones/thioketones",38.59,1.16
*CCCCCCOC(=O)OCCCCCCCCCOC(=O)OCCCCCCOc1ccc(C(=O)c2ccc(O*)cc2)cc1,-6.0,P372069,"Polyoxides/ethers/acetals, Polycarbonates/thiocarbonates, Polyketones/thioketones",38.7,1.18
*CCCCCCOC(=O)OCCCCCCCCCCOC(=O)OCCCCCCOc1ccc(C(=O)c2ccc(O*)cc2)cc1,-13.0,P372070,"Polyoxides/ethers/acetals, Polycarbonates/thiocarbonates, Polyketones/thioketones",34.16,1.17
*CCCCCCOC(=O)OCCCCCCCCCCCCOC(=O)OCCCCCCOc1ccc(C(=O)c2ccc(O*)cc2)cc1,-8.0,P372071,"Polyoxides/ethers/acetals, Polycarbonates/thiocarbonates, Polyketones/thioketones",33.42,0.98
*Oc1ccccc1S(=O)(=O)c1ccc(*)cc1,221.0,P372072,"Polyoxides/ethers/acetals, Polysulfones/sulfoxides/sufonates/sulfoamides",79.28,3.72
*Oc1ccc(S(=O)(=O)c2ccc(*)cc2)c2ccccc12,238.0,P372073,"Polyoxides/ethers/acetals, Polysulfones/sulfoxides/sufonates/sulfoamides",109.42,4.87
*Oc1ccc(S(=O)(=O)c2ccc(-c3ccc(*)cc3)cc2)cc1,269.0,P372074,"Polyoxides/ethers/acetals, Polysulfones/sulfoxides/sufonates/sulfoamides",104.87,4.85
*CCCCCOc1ccc(OC(=O)c2ccc(C(=O)Oc3ccc(O*)cc3)cc2)cc1,112.0,P372075,"Polyoxides/ethers/acetals, Polyesters/thioesters",77.41,3.74
*CCCCCCOc1ccc(OC(=O)c2ccc(C(=O)Oc3ccc(O*)cc3)cc2)cc1,53.0,P372076,"Polyoxides/ethers/acetals, Polyesters/thioesters",71.38,3.0
*Oc1ccc(S(=O)(=O)c2cccc3c(S(=O)(=O)c4ccc(Oc5ccc(-c6ccc(*)cc6)cc5)cc4)cccc23)cc1,248.0,P372084,"Polyoxides/ethers/acetals, Polysulfones/sulfoxides/sufonates/sulfoamides",164.42,6.53
*Oc1ccc(S(=O)(=O)c2cccc3c(S(=O)(=O)c4ccc(Oc5c(C)cc(-c6cc(C)c(*)c(C)c6)cc5C)cc4)cccc23)cc1,262.0,P372085,"Polyoxides/ethers/acetals, Polysulfones/sulfoxides/sufonates/sulfoamides",154.9,6.86
*Oc1ccc(S(=O)(=O)c2ccc3cc(S(=O)(=O)c4ccc(Oc5ccc(-c6ccc(*)cc6)cc5)cc4)ccc3c2)cc1,255.0,P372087,"Polyoxides/ethers/acetals, Polysulfones/sulfoxides/sufonates/sulfoamides",149.46,6.92
*Oc1ccc(S(=O)(=O)c2ccc3cc(S(=O)(=O)c4ccc(Oc5c(C)cc(-c6cc(C)c(*)c(C)c6)cc5C)cc4)ccc3c2)cc1,280.0,P372088,"Polyoxides/ethers/acetals, Polysulfones/sulfoxides/sufonates/sulfoamides",150.99,6.32
*Oc1ccc(S(=O)(=O)c2ccc3cc(S(=O)(=O)c4ccc(Oc5c(C)cc(-c6cc(C)c(*)c(C)c6C)c(C)c5C)cc4)ccc3c2)cc1,300.0,P372089,"Polyoxides/ethers/acetals, Polysulfones/sulfoxides/sufonates/sulfoamides",165.26,6.64
*C(=O)c1ccc2c(c1)/C(=N\c1cccc(Oc3cccc(Oc4cccc(/N=C5/OC(=O)c6ccc(*)cc65)c4)c3)c1)OC2=O,190.0,P372090,"Polyoxides/ethers/acetals, Polyesters/thioesters, Polyimines, Polyketones/thioketones",144.24,5.2
*C(=O)c1ccc2c(c1)/C(=N\c1ccc(Oc3cccc(/N=C4/OC(=O)c5ccc(*)cc54)c3)cc1)OC2=O,253.0,P372091,"Polyoxides/ethers/acetals, Polyesters/thioesters, Polyimines, Polyketones/thioketones",121.38,5.17
*C(=O)c1ccc2c(c1)/C(=N\c1ccc(Oc3ccc(C(c4ccc(Oc5ccc(/N=C6/OC(=O)c7ccc(*)cc76)cc5)cc4)(C(F)(F)F)C(F)(F)F)cc3)cc1)OC2=O,248.0,P372093,"Polyoxides/ethers/acetals, Polyesters/thioesters, Polyimines, Polyketones/thioketones",169.65,6.55
*Oc1ccc(C(C)(C)c2ccc(Oc3cncc(*)n3)cc2)cc1,145.0,P372097,"Polyoxides/ethers/acetals, Polyimines",93.0,3.71
*CC(O)CN(CC(O)COc1ccc(C(C)(C)c2ccc(O*)cc2)cc1)c1ccc(C#N)cc1,100.0,P372098,"Polyoxides/ethers/acetals, Polyimines",79.19,3.61
*Oc1ccc(-c2ccc(Oc3ccc(C(=O)c4ccc5cc(C(=O)c6ccc(*)cc6)ccc5c4)cc3)cc2)cc1,195.0,P372099,"Polyoxides/ethers/acetals, Polyketones/thioketones",143.81,6.16
*Oc1c(C)cc(-c2cc(C)c(Oc3ccc(C(=O)c4ccc5cc(C(=O)c6ccc(*)cc6)ccc5c4)cc3)c(C)c2)cc1C,270.0,P372100,"Polyoxides/ethers/acetals, Polyketones/thioketones",166.71,6.49
*C(=O)c1ccc(Oc2ccc(-c3ccc(Oc4ccc(C(=O)c5ccc6nc(*)ccc6c5)cc4)cc3)cc2)cc1,155.0,P372102,"Polyoxides/ethers/acetals, Polyimines, Polyketones/thioketones",154.44,5.67
*C(=O)c1ccc(Oc2c(C)cc(-c3cc(C)c(Oc4ccc(C(=O)c5ccc6nc(*)ccc6c5)cc4)c(C)c3)cc2C)cc1,180.0,P372103,"Polyoxides/ethers/acetals, Polyimines, Polyketones/thioketones",149.01,6.54
*C(=O)c1ccc(Oc2c(C)cc(-c3cc(C)c(Oc4ccc(C(=O)c5ccc6nc(*)ccc6c5)cc4)c(C)c3C)c(C)c2C)cc1,250.0,P372104,"Polyoxides/ethers/acetals, Polyimines, Polyketones/thioketones",163.19,6.41
*CCOCCOc1ccc(N/C=N/c2ccc(O*)cc2)cc1,62.0,P372108,"Polyoxides/ethers/acetals, Polyimines",60.12,2.48
*CCOCCOC(=O)c1ccc(N/C=N/c2ccc(C(=O)O*)cc2)cc1,77.0,P372109,"Polyoxides/ethers/acetals, Polyesters/thioesters, Polyimines",59.68,2.46
*Oc1ccc(SC(=O)Sc2ccc(*)cc2)cc1,117.0,P372111,"Polyoxides/ethers/acetals, Polycarbonates/thiocarbonates",79.6,3.05
*Oc1ccc(SC(=O)Oc2ccc(C(C)(C)c3ccc(OC(=O)Sc4ccc(*)cc4)cc3)cc2)cc1,145.0,P372112,"Polyoxides/ethers/acetals, Polycarbonates/thiocarbonates",119.99,5.03
*Oc1cccc(Oc2ccc(S(=O)(=O)c3ccc(*)cc3)cc2)c1,177.0,P372113,"Polyoxides/ethers/acetals, Polysulfones/sulfoxides/sufonates/sulfoamides",106.02,4.35
*Oc1ccccc1Oc1ccc(S(=O)(=O)c2ccc(*)cc2)cc1,171.0,P372114,"Polyoxides/ethers/acetals, Polysulfones/sulfoxides/sufonates/sulfoamides",104.02,4.16
*Oc1ccc(S(=O)(=O)c2ccc(Oc3ccc(S(=O)(=O)c4ccc(-c5ccc(S(=O)(=O)c6ccc(*)cc6)cc5)cc4)cc3)cc2)cc1,267.0,P372115,"Polyoxides/ethers/acetals, Polysulfones/sulfoxides/sufonates/sulfoamides",148.45,6.29
*Oc1ccc(Oc2ccc(S(=O)(=O)c3ccc(-c4ccc(S(=O)(=O)c5ccc(*)cc5)cc4)cc3)cc2)cc1,251.0,P372116,"Polyoxides/ethers/acetals, Polysulfones/sulfoxides/sufonates/sulfoamides",141.92,6.26
*Oc1ccc(NC(=O)c2ccc(C(=O)Nc3ccc(Oc4ccc(C(=O)c5ccc(*)cc5)cc4)cc3)cc2)cc1,160.0,P372117,"Polyoxides/ethers/acetals, Polyamides/thioamides, Polyketones/thioketones",132.77,5.72
*Oc1ccc(NC(=O)c2cccc(C(=O)Nc3ccc(Oc4ccc(C(=O)c5ccc(*)cc5)cc4)cc3)c2)cc1,145.0,P372118,"Polyoxides/ethers/acetals, Polyamides/thioamides, Polyketones/thioketones",121.8,5.5
*C(=O)Nc1ccc(Oc2ccc(C(=O)c3ccc(Oc4ccc(NC(=O)c5ccc(*)nc5)cc4)cc3)cc2)cc1,170.0,P372119,"Polyoxides/ethers/acetals, Polyamides/thioamides, Polyimines, Polyketones/thioketones",131.16,5.51
*Oc1cccc(NC(=O)c2ccc(C(=O)Nc3ccc(Oc4ccc(C(=O)c5ccc(*)cc5)cc4)cc3)cc2)c1,126.0,P372120,"Polyoxides/ethers/acetals, Polyamides/thioamides, Polyketones/thioketones",116.69,5.35
*Oc1cccc(NC(=O)c2cccc(C(=O)Nc3ccc(Oc4ccc(C(=O)c5ccc(*)cc5)cc4)cc3)c2)c1,114.0,P372121,"Polyoxides/ethers/acetals, Polyamides/thioamides, Polyketones/thioketones",116.46,5.55
*C(=O)Nc1cccc(Oc2ccc(C(=O)c3ccc(Oc4cccc(NC(=O)c5ccc(*)nc5)c4)cc3)cc2)c1,154.0,P372122,"Polyoxides/ethers/acetals, Polyamides/thioamides, Polyimines, Polyketones/thioketones",130.27,4.96
*c1ccc(Oc2ccc(-c3ccc(Oc4ccc(-c5nc(*)nc(-c6ccccc6)n5)cc4)cc3)cc2)cc1,241.0,P372123,"Polyoxides/ethers/acetals, Polyimines",164.16,6.51
*c1ccc(Oc2ccc(Oc3ccc(-c4nc(*)nc(-c5ccccc5)n4)cc3)cc2)cc1,244.0,P372124,"Polyoxides/ethers/acetals, Polyimines",134.43,5.7
*c1ccc(Oc2ccc(C(C)(C)c3ccc(Oc4ccc(-c5nc(*)nc(-c6ccccc6)n5)cc4)cc3)cc2)cc1,228.0,P372125,"Polyoxides/ethers/acetals, Polyimines",159.69,6.14
*c1ccc(Oc2ccc3ccc(Oc4ccc(-c5nc(*)nc(-c6ccccc6)n5)cc4)cc3c2)cc1,255.0,P372126,"Polyoxides/ethers/acetals, Polyimines",161.38,6.77
*c1ccc(Oc2ccc(Sc3ccc(Oc4ccc(-c5nc(*)nc(-c6ccccc6)n5)cc4)cc3)cc2)cc1,211.0,P372127,"Polyoxides/ethers/acetals, Polysulfides, Polyimines",148.48,5.89
*c1ccc(Oc2ccc(Oc3ccc(Oc4ccc(-c5nc(*)nc(-c6ccccc6)n5)cc4)cc3)cc2)cc1,203.0,P372128,"Polyoxides/ethers/acetals, Polyimines",155.13,5.88
*c1ccc(Oc2ccc(C(c3ccccc3)(c3ccccc3)c3ccc(Oc4ccc(-c5nc(*)nc(-c6ccccc6)n5)cc4)cc3)cc2)cc1,261.0,P372129,"Polyoxides/ethers/acetals, Polyimines",176.26,8.9
*Oc1ccc(OC(=O)c2ccc(OCCCCCCCCCCOc3ccc(C(*)=O)cc3)cc2)cc1S(=O)(=O)c1ccccc1,88.0,P372130,"Polyoxides/ethers/acetals, Polyesters/thioesters",85.64,3.36
*Oc1ccc(S(=O)(=O)c2ccc(Oc3ccc(NC(=O)c4cc(NC(=O)c5ccncc5)cc(C(=O)Nc5ccc(*)cc5)c4)cc3)cc2)cc1,283.0,P372131,"Polyoxides/ethers/acetals, Polyamides/thioamides, Polysulfones/sulfoxides/sufonates/sulfoamides",163.08,6.99
*Oc1ccc(S(=O)(=O)c2ccc(Oc3ccc(NC(=O)c4cccc(C(=O)Nc5ccc(*)cc5)c4)cc3)cc2)cc1,260.0,P372132,"Polyoxides/ethers/acetals, Polyamides/thioamides, Polysulfones/sulfoxides/sufonates/sulfoamides",142.7,5.55
*Oc1ccc(NC(=O)c2cc(NC(=O)c3ccncc3)cc(C(=O)Nc3ccc(*)cc3)c2)cc1,305.0,P372133,"Polyoxides/ethers/acetals, Polyamides/thioamides",141.31,5.48
*Oc1ccc(C(=O)c2ccc(NC(=O)c3ccc(C(=O)Nc4ccc(C(=O)c5ccc(*)cc5)cc4)cc3)cc2)cc1,187.0,P372134,"Polyoxides/ethers/acetals, Polyamides/thioamides, Polyketones/thioketones",136.22,5.18
*Oc1ccc(C(=O)c2cccc(NC(=O)c3ccc(C(=O)Nc4cccc(C(=O)c5ccc(*)cc5)c4)cc3)c2)cc1,189.0,P372136,"Polyoxides/ethers/acetals, Polyamides/thioamides, Polyketones/thioketones",141.23,5.76
*Oc1ccc(Oc2ccc(C(=O)c3ccc(NC(=O)c4ccc(C(=O)Nc5ccc(C(=O)c6ccc(*)cc6)cc5)cc4)cc3)cc2)cc1,224.0,P372137,"Polyoxides/ethers/acetals, Polyamides/thioamides, Polyketones/thioketones",162.64,6.54
*Oc1ccc(Oc2ccc(C(=O)c3cccc(NC(=O)c4ccc(C(=O)Nc5cccc(C(=O)c6ccc(*)cc6)c5)cc4)c3)cc2)cc1,210.0,P372138,"Polyoxides/ethers/acetals, Polyamides/thioamides, Polyketones/thioketones",161.69,6.15
*Oc1cccc(Oc2ccc(C(=O)c3ccc(NC(=O)c4ccc(C(=O)Nc5ccc(C(=O)c6ccc(*)cc6)cc5)cc4)cc3)cc2)c1,190.0,P372139,"Polyoxides/ethers/acetals, Polyamides/thioamides, Polyketones/thioketones",158.04,6.07
*Oc1ccc(C(=O)c2ccc(NC(=O)c3cccc(C(=O)Nc4ccc(C(=O)c5ccc(*)cc5)cc4)c3)cc2)cc1,214.0,P372140,"Polyoxides/ethers/acetals, Polyamides/thioamides, Polyketones/thioketones",147.0,5.62
*Oc1ccc(C(=O)c2cccc(NC(=O)c3cccc(C(=O)Nc4ccc(C(=O)c5ccc(*)cc5)cc4)c3)c2)cc1,204.0,P372141,"Polyoxides/ethers/acetals, Polyamides/thioamides, Polyketones/thioketones",142.81,5.23
*Oc1ccc(C(=O)c2cccc(NC(=O)c3cccc(C(=O)Nc4cccc(C(=O)c5ccc(*)cc5)c4)c3)c2)cc1,191.0,P372142,"Polyoxides/ethers/acetals, Polyamides/thioamides, Polyketones/thioketones",139.84,5.64
*Oc1ccc(Oc2ccc(C(=O)c3ccc(NC(=O)c4cccc(C(=O)Nc5ccc(C(=O)c6ccc(*)cc6)cc5)c4)cc3)cc2)cc1,198.0,P372143,"Polyoxides/ethers/acetals, Polyamides/thioamides, Polyketones/thioketones",151.95,6.61
*Oc1ccc(Oc2ccc(C(=O)c3cccc(NC(=O)c4cccc(C(=O)Nc5cccc(C(=O)c6ccc(*)cc6)c5)c4)c3)cc2)cc1,202.0,P372144,"Polyoxides/ethers/acetals, Polyamides/thioamides, Polyketones/thioketones",141.37,5.99
*Oc1cccc(Oc2ccc(C(=O)c3ccc(NC(=O)c4cccc(C(=O)Nc5ccc(C(=O)c6ccc(*)cc6)cc5)c4)cc3)cc2)c1,214.0,P372145,"Polyoxides/ethers/acetals, Polyamides/thioamides, Polyketones/thioketones",158.34,5.74
*Oc1ccc(C(=O)c2cccc(NC(=O)CCCCCCCCC(=O)Nc3ccc(C(=O)c4ccc(*)cc4)cc3)c2)cc1,148.0,P372147,"Polyoxides/ethers/acetals, Polyamides/thioamides, Polyketones/thioketones",102.05,4.09
*Oc1ccc(C(=O)c2cccc(NC(=O)CCCCCCCCC(=O)Nc3cccc(C(=O)c4ccc(*)cc4)c3)c2)cc1,141.0,P372148,"Polyoxides/ethers/acetals, Polyamides/thioamides, Polyketones/thioketones",96.83,3.98
*Oc1ccc(Oc2ccc(C(=O)c3ccc(NC(=O)CCCCCCCCC(=O)Nc4ccc(C(=O)c5ccc(*)cc5)cc4)cc3)cc2)cc1,130.0,P372149,"Polyoxides/ethers/acetals, Polyamides/thioamides, Polyketones/thioketones",121.99,4.6
*Oc1ccc(Oc2ccc(C(=O)c3cccc(NC(=O)CCCCCCCCC(=O)Nc4cccc(C(=O)c5ccc(*)cc5)c4)c3)cc2)cc1,144.0,P372150,"Polyoxides/ethers/acetals, Polyamides/thioamides, Polyketones/thioketones",107.92,5.05
*Oc1cccc(Oc2ccc(C(=O)c3ccc(NC(=O)CCCCCCCCC(=O)Nc4ccc(C(=O)c5ccc(*)cc5)cc4)cc3)cc2)c1,143.0,P372151,"Polyoxides/ethers/acetals, Polyamides/thioamides, Polyketones/thioketones",109.4,4.7
*Oc1c(C)cc(-c2cc(C)c(Oc3ccc(C(=O)c4ccc(*)cc4)cc3)c(C)c2)cc1C,246.635,P372152,"Polyoxides/ethers/acetals, Polyketones/thioketones",131.13,5.39
*Oc1ccc(NC(=O)c2cccc(C(=O)Nc3ccc(Oc4ccc(C(C)(C)c5cccc(C(C)(C)c6ccc(*)cc6)c5)cc4)cc3)c2)cc1,180.0,P372153,"Polyoxides/ethers/acetals, Polyamides/thioamides",154.45,6.13
*OP(=O)(Oc1ccccc1)Oc1c(C)cc(S(=O)(=O)c2cc(C)c(*)c(C)c2)cc1C,142.0,P372154,"Polyoxides/ethers/acetals, Polysulfones/sulfoxides/sufonates/sulfoamides",89.61,3.65
*OP(=O)(Oc1ccc(C)cc1)Oc1c(C)cc(S(=O)(=O)c2cc(C)c(*)c(C)c2)cc1C,128.0,P372155,"Polyoxides/ethers/acetals, Polysulfones/sulfoxides/sufonates/sulfoamides",102.78,3.95
*OP(=O)(Oc1ccc([N+](=O)[O-])cc1)Oc1c(C)cc(S(=O)(=O)c2cc(C)c(*)c(C)c2)cc1C,173.0,P372156,"Polyoxides/ethers/acetals, Polysulfones/sulfoxides/sufonates/sulfoamides",105.17,4.21
*OP(=O)(Oc1ccc(Br)cc1)Oc1c(C)cc(S(=O)(=O)c2cc(C)c(*)c(C)c2)cc1C,162.0,P372157,"Polyoxides/ethers/acetals, Polysulfones/sulfoxides/sufonates/sulfoamides",108.34,4.05
*OP(=O)(Oc1ccc(OC)cc1)Oc1c(C)cc(S(=O)(=O)c2cc(C)c(*)c(C)c2)cc1C,147.0,P372158,"Polyoxides/ethers/acetals, Polysulfones/sulfoxides/sufonates/sulfoamides",106.62,3.4
*OP(=O)(Oc1ccccc1)Oc1ccc(S(=O)(=O)c2ccc(*)cc2)cc1,100.5,P372159,"Polyoxides/ethers/acetals, Polysulfones/sulfoxides/sufonates/sulfoamides",90.46,3.83
*OP(=O)(Oc1ccc(C)cc1)Oc1ccc(S(=O)(=O)c2ccc(*)cc2)cc1,66.0,P372160,"Polyoxides/ethers/acetals, Polysulfones/sulfoxides/sufonates/sulfoamides",94.81,3.06
*OP(=O)(Oc1ccc([N+](=O)[O-])cc1)Oc1ccc(S(=O)(=O)c2ccc(*)cc2)cc1,114.0,P372161,"Polyoxides/ethers/acetals, Polysulfones/sulfoxides/sufonates/sulfoamides",97.35,3.9
*OP(=O)(Oc1ccc(Br)cc1)Oc1ccc(S(=O)(=O)c2ccc(*)cc2)cc1,89.0,P372162,"Polyoxides/ethers/acetals, Polysulfones/sulfoxides/sufonates/sulfoamides",85.67,3.29
*OP(=O)(Oc1ccc(OC)cc1)Oc1ccc(S(=O)(=O)c2ccc(*)cc2)cc1,81.0,P372163,"Polyoxides/ethers/acetals, Polysulfones/sulfoxides/sufonates/sulfoamides",87.93,3.26
*CCOc1ccc(S(=O)(=O)c2ccc(OCCOP(=O)(O*)Oc3ccccc3)cc2)cc1,49.0,P372164,"Polyoxides/ethers/acetals, Polysulfones/sulfoxides/sufonates/sulfoamides",84.27,3.08
*CCOc1ccc(S(=O)(=O)c2ccc(OCCOP(=O)(O*)Oc3ccc(C)cc3)cc2)cc1,46.0,P372165,"Polyoxides/ethers/acetals, Polysulfones/sulfoxides/sufonates/sulfoamides",70.94,3.15
*CCOc1ccc(S(=O)(=O)c2ccc(OCCOP(=O)(O*)Oc3ccc([N+](=O)[O-])cc3)cc2)cc1,56.0,P372166,"Polyoxides/ethers/acetals, Polysulfones/sulfoxides/sufonates/sulfoamides",83.39,2.74
*CCOc1ccc(S(=O)(=O)c2ccc(OCCOP(=O)(O*)Oc3ccc(Br)cc3)cc2)cc1,59.0,P372167,"Polyoxides/ethers/acetals, Polysulfones/sulfoxides/sufonates/sulfoamides",76.35,3.26
*CCOc1ccc(S(=O)(=O)c2ccc(OCCOP(=O)(O*)Oc3ccc(OC)cc3)cc2)cc1,52.0,P372168,"Polyoxides/ethers/acetals, Polysulfones/sulfoxides/sufonates/sulfoamides",84.24,3.0
*Oc1ccc(C(=O)O)c(C(=O)Nc2ccc(NC(=O)c3cc(*)ccc3C(=O)O)cc2)c1,166.3,P372169,"Polyoxides/ethers/acetals, Polyamides/thioamides",90.22,4.01
*CCOCCOC(=O)O*,-27.0,P372170,"Polyoxides/ethers/acetals, Polycarbonates/thiocarbonates",23.24,0.63
*Oc1ccc(C(=O)OCCOCCOCCOC(=O)c2ccc(OC(=O)c3ccc(C(*)=O)cc3)cc2)cc1,30.0,P372172,"Polyoxides/ethers/acetals, Polyesters/thioesters",77.5,2.61
*Oc1ccc(C(=O)OCCOCCOCCOCCOC(=O)c2ccc(OC(=O)c3ccc(C(*)=O)cc3)cc2)cc1,30.0,P372173,"Polyoxides/ethers/acetals, Polyesters/thioesters",68.54,2.69
*Oc1ccc(C2(c3ccc(Oc4nc(*)nc(OC)n4)cc3)CCCCC2)cc1,200.0,P372182,"Polyoxides/ethers/acetals, Polyimines",110.2,4.34
*Oc1ccc(OC(=O)c2ccc(OCCCCCCOc3ccc(C(*)=O)cc3)cc2)cc1S(=O)(=O)c1ccccc1,105.5,P372194,"Polyoxides/ethers/acetals, Polyesters/thioesters",91.74,3.95
*Oc1ccc(OC(=O)c2ccc(OCCCCCCCCCCCCOc3ccc(C(*)=O)cc3)cc2)cc1S(=O)(=O)c1ccccc1,82.7,P372195,"Polyoxides/ethers/acetals, Polyesters/thioesters",93.86,3.45
*c1ccc(-c2nc3ccc(Oc4ccc(Oc5ccc(P(=O)(c6ccccc6)c6ccc(Oc7ccc(Oc8ccc9nc(*)c(-c%10ccccc%10)nc9c8)cc7)cc6)cc5)cc4)cc3nc2-c2ccccc2)cc1,248.0,P372196,"Polyoxides/ethers/acetals, Polyimines",231.47,10.91
*c1ccc(Oc2ccc(Oc3ccc(P(=O)(c4ccccc4)c4ccc(Oc5ccc(Oc6ccc(-c7nc8ccccc8nc7*)cc6)cc5)cc4)cc3)cc2)cc1,209.0,P372197,"Polyoxides/ethers/acetals, Polyimines",186.53,8.1
*c1ccc(Oc2ccc(Oc3ccc(P(=O)(c4ccccc4)c4ccc(Oc5ccc(Oc6ccc(-c7nc8ccc(-c9ccc%10nc(*)oc%10c9)cc8o7)cc6)cc5)cc4)cc3)cc2)cc1,223.0,P372198,"Polyoxides/ethers/acetals, Polyimines",246.04,10.01
*CCCCCCCCCCOc1ccc(/C=N/c2ccc(-c3ccc(/N=C/c4ccc(O*)cc4O)c(OC)c3)cc2OC)c(O)c1,72.0,P372199,"Polyoxides/ethers/acetals, Polyimines",96.93,3.62
*CCCCCOc1cccc(NC(=O)c2cccc(C(=O)Nc3cccc(O*)c3)c2)c1,131.5,P372200,"Polyoxides/ethers/acetals, Polyamides/thioamides",92.43,3.36
*CCCCCCCCOc1cccc(NC(=O)c2ccc(C(=O)Nc3cccc(O*)c3)cc2)c1,122.0,P372201,"Polyoxides/ethers/acetals, Polyamides/thioamides",75.4,3.08
*CCCCCOc1ccc(NC(=O)c2cccc(C(=O)Nc3ccc(O*)cc3)c2)cc1,155.0,P372202,"Polyoxides/ethers/acetals, Polyamides/thioamides",89.8,3.6
*CC(O)COC(=O)CCCCC(=O)OCC(O)COc1ccc(C(C)(C)c2ccc(O*)cc2)cc1,34.0,P372204,"Polyoxides/ethers/acetals, Polyesters/thioesters",58.16,2.01
*CC(O)COC(=O)CCCCCCC(=O)OCC(O)COc1ccc(C(C)(C)c2ccc(O*)cc2)cc1,35.0,P372205,"Polyoxides/ethers/acetals, Polyesters/thioesters",55.1,1.75
*CC(O)COC(=O)CCCCCCCCC(=O)OCC(O)COc1ccc(C(C)(C)c2ccc(O*)cc2)cc1,30.0,P372206,"Polyoxides/ethers/acetals, Polyesters/thioesters",50.96,1.58
*CC(O)COC(=O)CCCCCCCCCCC(=O)OCC(O)COc1ccc(C(C)(C)c2ccc(O*)cc2)cc1,25.0,P372207,"Polyoxides/ethers/acetals, Polyesters/thioesters",44.6,1.64
*CC(O)COC(=O)C1CCC(C(=O)OCC(O)COc2ccc(C(C)(C)c3ccc(O*)cc3)cc2)CC1,70.0,P372208,"Polyoxides/ethers/acetals, Polyesters/thioesters",66.17,2.2
*CC(O)COC(=O)C1CCC(C(=O)OCC(O)COc2ccc(C3(c4ccc(O*)cc4)c4ccccc4-c4ccccc43)cc2)CC1,110.0,P372209,"Polyoxides/ethers/acetals, Polyesters/thioesters",107.18,4.15
*CC(O)COC(=O)CCCCCCCCCCC(=O)OCC(O)COc1ccc(O*)cc1,10.0,P372210,"Polyoxides/ethers/acetals, Polyesters/thioesters",26.53,0.93
*CC(O)COC(=O)CCCCC(=O)OCC(O)COc1ccc(O*)cc1,19.0,P372211,"Polyoxides/ethers/acetals, Polyesters/thioesters",33.74,1.2
*Oc1ccc(C(c2ccc(OC(=O)c3ccc(Oc4ccc(C(*)=O)cc4)cc3)cc2)(C(F)(F)F)C(F)(F)F)cc1,181.0,P372212,"Polyoxides/ethers/acetals, Polyesters/thioesters",131.69,4.58
*OC(=O)Oc1ccc(C(=O)Oc2ccc(OC(=O)OC3COC4C(*)COC34)cc2)cc1,115.0,P372213,"Polyoxides/ethers/acetals, Polyesters/thioesters, Polycarbonates/thiocarbonates",76.82,2.74
*OP(=O)(Oc1ccccc1)OC(CCl)COc1ccc(S(=O)(=O)c2ccc(OCC(*)CCl)cc2)cc1,48.0,P372214,"Polyoxides/ethers/acetals, Polysulfones/sulfoxides/sufonates/sulfoamides",80.45,3.1
*OP(=O)(Oc1ccc(Br)cc1)OC(CCl)COc1ccc(S(=O)(=O)c2ccc(OCC(*)CCl)cc2)cc1,58.0,P372215,"Polyoxides/ethers/acetals, Polysulfones/sulfoxides/sufonates/sulfoamides",86.84,3.03
*OP(=O)(Oc1ccc(NC(=O)Oc2ccc(-c3ccc(OC(=O)Nc4ccc(*)cc4)cc3)cc2)cc1)c1ccccc1,34.0,P372216,"Polyoxides/ethers/acetals, Polyurethanes/thiourethanes",127.4,4.56
*OP(=O)(Oc1ccc(NC(=O)OCCCCCCOC(=O)Nc2ccc(*)cc2)cc1)c1ccccc1,-3.0,P372217,"Polyoxides/ethers/acetals, Polyurethanes/thiourethanes",74.46,2.7
*OP(=O)(Oc1ccc(NC(=O)Oc2ccc(C(C)(C)c3ccc(OC(=O)Nc4ccc(*)cc4)cc3)cc2)cc1)c1ccccc1,34.0,P372218,"Polyoxides/ethers/acetals, Polyurethanes/thiourethanes",110.32,4.87
*Oc1ccc(NC(=O)c2cc(-c3ccc(C(=O)O)c(C(=O)Nc4ccc(*)cc4)c3)ccc2C(=O)O)cc1,184.4,P372223,"Polyoxides/ethers/acetals, Polyamides/thioamides",127.49,4.32
*c1nnc(-c2ccc(Oc3ccc(C(c4ccc(Oc5ccc(*)c6ccccc56)cc4)(C(F)(F)F)C(F)(F)F)cc3)c3ccccc23)o1,220.0,P372224,"Polyoxides/ethers/acetals, Polyimines",190.71,7.58
*c1ccc(Oc2ccc(C(c3ccc(Oc4ccc(-c5nc(*)nc(-c6ccccc6)n5)cc4)cc3)(C(F)(F)F)C(F)(F)F)cc2)cc1,241.0,P372225,"Polyoxides/ethers/acetals, Polyimines",160.39,6.24
*Oc1ccc(C(C)(C)c2ccc(Oc3ccc(C(O)C(O)c4ccc(*)cc4)cc3)cc2)cc1,151.0,P372226,Polyoxides/ethers/acetals,100.16,4.61
*Oc1ccc(NC(=O)c2cc(C(=O)Nc3ccc(Oc4ccc(C(C)(C)c5ccc(*)cc5)cc4)cc3)cc(C(C)(C)C)c2)cc1,244.0,P372240,"Polyoxides/ethers/acetals, Polyamides/thioamides",127.31,5.64
*CCOP(=O)(/N=N/c1ccc(-c2ccc(/N=N/P(=O)(O*)OCC)cc2)cc1)OCC,43.0,P372241,"Polyoxides/ethers/acetals, Polyimines",55.5,2.01
*CCOP(=O)(/N=N/c1ccc(Oc2ccc(/N=N/P(=O)(O*)OCC)cc2)cc1)OCC,22.0,P372242,"Polyoxides/ethers/acetals, Polyimines",62.27,2.04
*CCOP(=O)(/N=N/c1ccc(C(=O)c2ccc(/N=N/P(=O)(O*)OCC)cc2)cc1)OCC,33.0,P372243,"Polyoxides/ethers/acetals, Polyimines, Polyketones/thioketones",61.0,2.08
*CCCCCCOP(=O)(/N=N/c1ccc(-c2ccc(/N=N/P(=O)(O*)OC)cc2)cc1)OC,37.0,P372244,"Polyoxides/ethers/acetals, Polyimines",58.19,2.02
*CCCCCCOP(=O)(/N=N/c1ccc(Oc2ccc(/N=N/P(=O)(O*)OC)cc2)cc1)OC,25.0,P372245,"Polyoxides/ethers/acetals, Polyimines",60.51,2.1
*CCCCCCOP(=O)(/N=N/c1ccc(C(=O)c2ccc(/N=N/P(=O)(O*)OC)cc2)cc1)OC,31.0,P372246,"Polyoxides/ethers/acetals, Polyimines, Polyketones/thioketones",51.93,2.05
*CCOCCOP(=O)(/N=N/c1ccc(-c2ccc(/N=N/P(=O)(O*)OC)cc2)cc1)OC,22.0,P372247,"Polyoxides/ethers/acetals, Polyimines",55.73,2.2
*CCOCCOP(=O)(/N=N/c1ccc(Oc2ccc(/N=N/P(=O)(O*)OC)cc2)cc1)OC,32.0,P372248,"Polyoxides/ethers/acetals, Polyimines",52.85,2.06
*CCOCCOP(=O)(/N=N/c1ccc(C(=O)c2ccc(/N=N/P(=O)(O*)OC)cc2)cc1)OC,33.0,P372249,"Polyoxides/ethers/acetals, Polyimines, Polyketones/thioketones",57.01,2.09
*CC1CCC(COP(=O)(/N=N/c2ccc(-c3ccc(/N=N/P(=O)(O*)OC)cc3)cc2)OC)CC1,58.0,P372250,"Polyoxides/ethers/acetals, Polyimines",60.85,2.22
*CC1CCC(COP(=O)(/N=N/c2ccc(Oc3ccc(/N=N/P(=O)(O*)OC)cc3)cc2)OC)CC1,50.0,P372251,"Polyoxides/ethers/acetals, Polyimines",60.18,2.38
*CC1CCC(COP(=O)(/N=N/c2ccc(C(=O)c3ccc(/N=N/P(=O)(O*)OC)cc3)cc2)OC)CC1,52.0,P372252,"Polyoxides/ethers/acetals, Polyimines, Polyketones/thioketones",65.48,2.39
*Cc1ccc(COP(=O)(/N=N/c2ccc(-c3ccc(/N=N/P(=O)(O*)OC)cc3)cc2)OC)cc1,48.0,P372253,"Polyoxides/ethers/acetals, Polyimines",87.75,3.29
*Cc1ccc(COP(=O)(/N=N/c2ccc(Oc3ccc(/N=N/P(=O)(O*)OC)cc3)cc2)OC)cc1,50.0,P372254,"Polyoxides/ethers/acetals, Polyimines",79.22,3.1
*Cc1ccc(COP(=O)(/N=N/c2ccc(C(=O)c3ccc(/N=N/P(=O)(O*)OC)cc3)cc2)OC)cc1,48.0,P372255,"Polyoxides/ethers/acetals, Polyimines, Polyketones/thioketones",73.88,2.91
*CCOCCOCCOCCOCCOCCOC(=O)c1cc(OCCCCCCOc2ccc(-c3ccc(OC)cc3)cc2)cc(C(=O)O*)c1,12.5,P372256,"Polyoxides/ethers/acetals, Polyesters/thioesters",53.98,2.06
*CCOCCOCCOCCOCCOCCOC(=O)c1cccc(C(=O)O*)c1,-23.5,P372257,"Polyoxides/ethers/acetals, Polyesters/thioesters",23.99,0.76
*Oc1c(C)cc(*)cc1C(C)CCCCC,60.0,P372261,Polyoxides/ethers/acetals,50.67,1.66
*Oc1c(C)cc(*)cc1C(C)CCCCCC,54.0,P372262,Polyoxides/ethers/acetals,50.18,1.79
*Oc1c(C)cc(*)cc1C(C)CCCCCCCC,20.0,P372263,Polyoxides/ethers/acetals,38.22,1.41
*Oc1c(C)cc(*)cc1C(C)CCCCCCCCCCCC,-10.0,P372264,Polyoxides/ethers/acetals,36.06,1.14
*Oc1cc(C(C)(C)C)c(Oc2ccc(C(=O)c3ccc(*)cc3)cc2)cc1C(C)(C)C,206.0,P372267,"Polyoxides/ethers/acetals, Polyketones/thioketones",115.24,4.39
*Oc1ccc(Oc2ccc(C(=O)c3ccc(*)cc3)cc2)cc1-c1ccccc1,157.0,P372268,"Polyoxides/ethers/acetals, Polyketones/thioketones",105.64,4.9
*Oc1ccc(NC(=O)c2ccc(*)cc2)cc1,225.0,P372272,"Polyoxides/ethers/acetals, Polyamides/thioamides",92.61,3.84
*Oc1ccc(C2(c3ccc(Oc4ccc(C(=O)c5ccccc5-c5ccccc5C(=O)c5ccc(*)cc5)cc4)cc3)c3ccccc3-c3ccccc32)cc1,229.0,P372274,"Polyoxides/ethers/acetals, Polyketones/thioketones",191.55,7.7
*Oc1ccc(C2(c3ccc(Oc4ccc(C(=O)c5ccccc5)c(-c5cc(*)ccc5C(=O)c5ccccc5)c4)cc3)c3ccccc3-c3ccccc32)cc1,215.0,P372275,Polyoxides/ethers/acetals,172.53,8.62
*Oc1ccc(C(=O)c2cccc(-c3cccc(C(=O)c4ccc(*)cc4)c3)c2)cc1,123.0,P372276,"Polyoxides/ethers/acetals, Polyketones/thioketones",110.53,4.72
*c1nnc(-c2sc(-c3nnc(-c4cc(OCCCCCCCC)c(*)cc4OCCCCCCCC)o3)cc2CCCCCCCC)o1,124.3,P372279,"Polyoxides/ethers/acetals, Polysulfides, Polyimines",78.05,3.85
*c1nnc(-c2cc(CCCCCCCCCC)c(-c3sc(-c4nnc(-c5cc(OCCCCCCCC)c(*)cc5OCCCCCCCC)o4)cc3CCCCCCCCCC)s2)o1,53.8,P372280,"Polyoxides/ethers/acetals, Polysulfides, Polyimines",87.65,3.27
*c1nnc(-c2cc(CCCCCCCC)c(-c3ccc(-c4sc(-c5nnc(-c6cc(OCCCCCCCC)c(*)cc6OCCCCCCCC)o5)cc4CCCCCCCC)s3)s2)o1,34.1,P372281,"Polyoxides/ethers/acetals, Polysulfides, Polyimines",108.58,4.4
*c1ccc(-c2nc3cc(Oc4ccc(NC(=O)c5cc(C(=O)Nc6ccc(Oc7ccc8nc(-c9ccccc9)c(*)nc8c7)cc6)cc(N6C(=O)c7ccccc7C6=O)c5)cc4)ccc3nc2-c2ccccc2)cc1,302.0,P372288,"Polyoxides/ethers/acetals, Polyamides/thioamides, Polyimines",234.4,11.22
*Oc1ccc(Oc2ccc(NC(=O)c3ccc(-c4ccc(C(=O)Nc5ccc(*)cc5)c(C)c4)cc3C)cc2)cc1,219.0,P372292,"Polyoxides/ethers/acetals, Polyamides/thioamides",145.38,5.42
*Oc1cccc(Oc2ccc(NC(=O)c3ccc(-c4ccc(C(=O)Nc5ccc(*)cc5)c(C)c4)cc3C)cc2)c1,213.0,P372293,"Polyoxides/ethers/acetals, Polyamides/thioamides",124.02,5.93
*Oc1ccc(Oc2ccc(Oc3ccc(NC(=O)c4ccc(-c5ccc(C(=O)Nc6ccc(*)cc6)c(C)c5)cc4C)cc3)cc2)cc1,200.0,P372294,"Polyoxides/ethers/acetals, Polyamides/thioamides",154.52,6.76
*Oc1ccc(S(=O)(=O)c2ccc(Oc3ccc(NC(=O)c4ccc(-c5ccc(C(=O)Nc6ccc(*)cc6)c(C)c5)cc4C)cc3)cc2)cc1,251.0,P372296,"Polyoxides/ethers/acetals, Polyamides/thioamides, Polysulfones/sulfoxides/sufonates/sulfoamides",157.55,5.94
*Oc1ccc(S(=O)(=O)c2ccc(Oc3cccc(NC(=O)c4ccc(-c5ccc(C(=O)Nc6cccc(*)c6)c(C)c5)cc4C)c3)cc2)cc1,220.0,P372297,"Polyoxides/ethers/acetals, Polyamides/thioamides, Polysulfones/sulfoxides/sufonates/sulfoamides",149.08,6.83
*Oc1ccc(NC(=O)c2ccc(-c3ccc(C(=O)Nc4ccc(Oc5ccc(C(C)(C)c6ccc(*)cc6)cc5)cc4)c(C)c3)cc2C)cc1,230.0,P372298,"Polyoxides/ethers/acetals, Polyamides/thioamides",166.6,6.47
*Oc1ccc(C(C)(C)c2ccc(Oc3ccc(C(=O)c4ccc(C(=O)c5ccc(*)c(C(F)(F)F)c5)cc4)cc3C(F)(F)F)cc2)cc1,171.0,P372302,"Polyoxides/ethers/acetals, Polyketones/thioketones",135.92,5.7
*Oc1ccc(C2(c3ccc(Oc4ccc(C(=O)c5ccc(C(=O)c6ccc(*)c(C(F)(F)F)c6)cc5)cc4C(F)(F)F)cc3)c3ccccc3-c3ccccc32)cc1,229.0,P372303,"Polyoxides/ethers/acetals, Polyketones/thioketones",174.32,7.53
*Oc1ccc(-c2ccc(Oc3ccc(C(=O)c4ccc(C(=O)c5ccc(*)c(C(F)(F)F)c5)cc4)cc3C(F)(F)F)cc2)cc1,187.0,P372304,"Polyoxides/ethers/acetals, Polyketones/thioketones",132.19,4.98
*Oc1ccc(S(=O)(=O)c2ccc(Oc3ccc(C4(c5ccc(*)cc5)CCCC4)cc3)cc2)cc1,230.0,P372305,"Polyoxides/ethers/acetals, Polysulfones/sulfoxides/sufonates/sulfoamides",111.74,5.4
*Oc1ccc(S(=O)(=O)c2ccc(Oc3ccc(C4(c5ccc(*)cc5)CCCCCC4)cc3)cc2)cc1,247.0,P372306,"Polyoxides/ethers/acetals, Polysulfones/sulfoxides/sufonates/sulfoamides",116.64,4.94
*Oc1ccc(C(C)(C)c2ccc(OC(=O)c3ccc(OCCCCCCCCCCOc4ccc(C(*)=O)cc4)cc3)cc2)cc1,77.0,P372309,"Polyoxides/ethers/acetals, Polyesters/thioesters",85.18,3.57
*Oc1ccc(C(c2ccc(OC(=O)c3ccc(OCCCCCCCCCCOc4ccc(C(*)=O)cc4)cc3)cc2)(C(F)(F)F)C(F)(F)F)cc1,89.0,P372310,"Polyoxides/ethers/acetals, Polyesters/thioesters",103.85,3.52
*Oc1c(Br)cc(C(C)(C)c2cc(Br)c(OC(=O)c3ccc(OCCCCCCCCCCOc4ccc(C(*)=O)cc4)cc3)c(Br)c2)cc1Br,128.0,P372311,"Polyoxides/ethers/acetals, Polyesters/thioesters",105.83,3.83
*Oc1c(Cl)cc(C(C)(C)c2cc(Cl)c(OC(=O)c3ccc(OCCCCCCCCCCOc4ccc(C(*)=O)cc4)cc3)c(Cl)c2)cc1Cl,140.0,P372312,"Polyoxides/ethers/acetals, Polyesters/thioesters",113.36,4.13
*Oc1ccc(C(c2ccc(Oc3ccc(C(=O)c4cccc(-c5cccc(C(=O)c6ccc(*)cc6)c5)c4)cc3)cc2)(C(F)(F)F)C(F)(F)F)cc1,159.0,P372313,"Polyoxides/ethers/acetals, Polyketones/thioketones",163.84,6.23
*Oc1ccc(C2(c3ccc(Oc4ccc(C(=O)c5cccc(-c6cccc(C(=O)c7ccc(*)cc7)c6)c5)cc4)cc3)c3ccccc3-c3ccccc32)cc1,212.0,P372314,"Polyoxides/ethers/acetals, Polyketones/thioketones",169.01,8.44
*Oc1c(C)cc(-c2cc(C)c(Oc3ccc(C(=O)c4ccccc4-c4ccccc4C(=O)c4ccc(*)cc4)cc3)c(C)c2)cc1C,233.0,P372315,"Polyoxides/ethers/acetals, Polyketones/thioketones",161.63,6.75
*Oc1ccc(C(=O)c2ccc(Oc3ccc(C(c4ccc(*)cc4)(C(F)(F)F)C(F)(F)F)cc3)cc2)c2ccccc12,190.0,P372316,"Polyoxides/ethers/acetals, Polyketones/thioketones",150.93,6.07
*Oc1ccc(C(=O)c2ccc(Oc3ccc(C4(c5ccc(*)cc5)c5ccccc5-c5ccccc54)cc3)cc2)c2ccccc12,260.0,P372317,"Polyoxides/ethers/acetals, Polyketones/thioketones",169.21,8.29
*c1ccc(OCCN(CC)c2ccc(-c3ccc(C(=C(C#N)C#N)c4ccc(N(CC)CC)cc4)s3)cc2)c(-c2cc(-c3ccccc3)c3cc(Oc4ccc5nc(*)cc(-c6ccccc6)c5c4)ccc3n2)c1,215.0,P372318,"Polyoxides/ethers/acetals, Polyimines",227.73,9.03
*c1ccc(OCCN(CC)c2ccc(-c3ccc(C(=C(C#N)C#N)c4ccc(-c5ccc(N(CC)CC)cc5)s4)s3)cc2)c(-c2cc(-c3ccccc3)c3cc(Oc4ccc5nc(*)cc(-c6ccccc6)c5c4)ccc3n2)c1,205.0,P372319,"Polyoxides/ethers/acetals, Polyimines",220.94,10.3
*c1ccc(C(c2ccc(-c3cc(-c4ccccc4)c4cc(Oc5ccc6nc(*)cc(-c7ccccc7)c6c5)ccc4n3)cc2)(C(F)(F)F)C(F)(F)F)cc1,260.0,P372320,"Polyoxides/ethers/acetals, Polyimines",217.14,8.17
*CCCCCCCCOC(=O)Nc1ccc(NC(=O)OCCCCCCCCOc2ccc(-c3ccc(O*)cc3)cc2)c(C)c1,81.0,P372326,"Polyoxides/ethers/acetals, Polyurethanes/thiourethanes",66.11,2.74
*CCCCCCCCCCCOC(=O)Nc1ccc(NC(=O)OCCCCCCCCCCCOc2ccc(-c3ccc(O*)cc3)cc2)c(C)c1,77.0,P372328,"Polyoxides/ethers/acetals, Polyurethanes/thiourethanes",65.56,2.19
*CCCCCCOC(=O)Nc1ccc(NC(=O)OCCCCCCOc2ccc(-c3ccc(O*)cc3)cc2)c(C)c1,89.0,P372329,"Polyoxides/ethers/acetals, Polyurethanes/thiourethanes",82.44,3.08
*CC(CO)(CCl)COc1ccc(C(c2ccc(O*)cc2)(C(F)(F)F)C(F)(F)F)cc1,107.0,P372331,Polyoxides/ethers/acetals,73.31,2.42
*Oc1cc(C(=O)c2ccccc2)c(Oc2ccc(*)cc2)cc1C(=O)c1ccccc1,137.0,P372332,Polyoxides/ethers/acetals,113.73,4.35
*CC(COCCOCCOC)O*,-57.0,P372336,Polyoxides/ethers/acetals,12.73,0.24
*CCOCCOc1ccc(/C=C(\C)c2ccc(O*)cc2)cc1,39.0,P372349,Polyoxides/ethers/acetals,59.78,2.35
*CCOCCOc1cccc(NC(=O)c2cccc(C(=O)Nc3cccc(O*)c3)c2)c1,128.5,P372351,"Polyoxides/ethers/acetals, Polyamides/thioamides",80.8,3.66
*CCOCCOc1cccc(NC(=O)c2ccc(C(=O)Nc3cccc(O*)c3)cc2)c1,140.0,P372352,"Polyoxides/ethers/acetals, Polyamides/thioamides",93.75,3.68
*CCOCCOc1ccc(NC(=O)c2cccc(C(=O)Nc3ccc(O*)cc3)c2)cc1,155.0,P372353,"Polyoxides/ethers/acetals, Polyamides/thioamides",83.36,3.74
*CCOCCOCCOc1cccc(NC(=O)c2cccc(C(=O)Nc3cccc(O*)c3)c2)c1,111.0,P372355,"Polyoxides/ethers/acetals, Polyamides/thioamides",82.3,3.53
*CCOCCOCCOc1cccc(NC(=O)c2ccc(C(=O)Nc3cccc(O*)c3)cc2)c1,116.0,P372356,"Polyoxides/ethers/acetals, Polyamides/thioamides",79.74,3.58
*CCOCCOCCOc1ccc(NC(=O)c2cccc(C(=O)Nc3ccc(O*)cc3)c2)cc1,129.0,P372357,"Polyoxides/ethers/acetals, Polyamides/thioamides",77.76,3.39
*CCCCCOc1cccc(NC(=O)c2ccc(C(=O)Nc3cccc(O*)c3)cc2)c1,135.0,P372359,"Polyoxides/ethers/acetals, Polyamides/thioamides",80.46,3.64
*CCCCCCCCOc1cccc(NC(=O)c2cccc(C(=O)Nc3cccc(O*)c3)c2)c1,117.0,P372361,"Polyoxides/ethers/acetals, Polyamides/thioamides",85.12,3.34
*CCCCCCCCOc1ccc(NC(=O)c2cccc(C(=O)Nc3ccc(O*)cc3)c2)cc1,128.0,P372362,"Polyoxides/ethers/acetals, Polyamides/thioamides",84.57,3.44
*Oc1ccc(NC(=C(C#N)C#N)c2cccc(C(Nc3ccc(Oc4ccc(NC(=O)c5ccc(C(=O)Nc6ccc(*)cc6)cc5)cc4)cc3)=C(C#N)C#N)c2)cc1,274.0,P372364,"Polyoxides/ethers/acetals, Polyamides/thioamides, Polyimines",168.9,6.44
*Oc1ccc(NC(=O)c2cc(NC(=O)c3ccc(OC(C)=O)cc3)cc(C(=O)Nc3ccc(*)cc3)c2)cc1,273.0,P372365,"Polyoxides/ethers/acetals, Polyamides/thioamides",135.89,5.67
*Oc1cccc(NC(=O)c2cc(NC(=O)c3ccc(OC(C)=O)cc3)cc(C(=O)Nc3ccc(*)cc3)c2)c1,251.0,P372366,"Polyoxides/ethers/acetals, Polyamides/thioamides",135.09,4.81
*Oc1ccc(Oc2ccc(NC(=O)c3cc(NC(=O)c4ccc(OC(C)=O)cc4)cc(C(=O)Nc4ccc(*)cc4)c3)cc2)cc1,251.0,P372367,"Polyoxides/ethers/acetals, Polyamides/thioamides",148.03,5.53
*Oc1cccc(Oc2ccc(NC(=O)c3cc(NC(=O)c4ccc(OC(C)=O)cc4)cc(C(=O)Nc4ccc(*)cc4)c3)cc2)c1,230.0,P372368,"Polyoxides/ethers/acetals, Polyamides/thioamides",129.17,6.12
*Oc1ccc(S(=O)(=O)c2ccc(Oc3ccc(NC(=O)c4cc(NC(=O)c5ccc(OC(C)=O)cc5)cc(C(=O)Nc5ccc(*)cc5)c4)cc3)cc2)cc1,263.0,P372369,"Polyoxides/ethers/acetals, Polyamides/thioamides, Polysulfones/sulfoxides/sufonates/sulfoamides",161.63,6.79
*Oc1ccc(NC(=O)c2cc(NC(=O)c3ccc(OC(C)=O)cc3)cc(C(=O)Nc3ccc(Oc4ccc(C(C)(C)c5ccc(*)cc5)cc4)cc3)c2)cc1,243.0,P372370,"Polyoxides/ethers/acetals, Polyamides/thioamides",164.52,6.15
*Oc1ccc(NC(=O)c2cc(NC(=O)c3ccc(OC(C)=O)cc3)cc(C(=O)Nc3ccc(Oc4ccc(-c5ccc(*)cc5)cc4)cc3)c2)cc1,252.0,P372371,"Polyoxides/ethers/acetals, Polyamides/thioamides",148.75,6.82
*CCCNC(=O)CCCCCCCCC(=O)NCCCOCCOCCO*,40.0,P372372,"Polyoxides/ethers/acetals, Polyamides/thioamides",8.89,0.11
*CCCNC(=O)C(Cc1ccccc1)NC(=O)CCCCCCCCC(=O)NC(Cc1ccccc1)C(=O)NCCCOCCOCCO*,44.0,P372373,"Polyoxides/ethers/acetals, Polyamides/thioamides",41.56,1.33
*CCCNC(=O)CNC(=O)C(Cc1ccccc1)NC(=O)CCCCCCCCC(=O)NC(Cc1ccccc1)C(=O)NCC(=O)NCCCOCCOCCO*,36.0,P372374,"Polyoxides/ethers/acetals, Polyamides/thioamides",33.68,1.09
*CCCNC(=O)CNC(=O)C(NC(=O)C(Cc1ccccc1)NC(=O)CCCCCCCCC(=O)NC(Cc1ccccc1)C(=O)NC(C(=O)NCC(=O)NCCCOCCOCCO*)C(C)C)C(C)C,58.0,P372375,"Polyoxides/ethers/acetals, Polyamides/thioamides",38.28,0.89
*CCCNC(=O)C(NC(=O)C(Cc1ccccc1)NC(=O)CCCCCCCCC(=O)NC(Cc1ccccc1)C(=O)NC(C(=O)NCCCOCCOCCO*)C(C)C)C(C)C,66.0,P372376,"Polyoxides/ethers/acetals, Polyamides/thioamides",35.23,1.18
*CCCCCCCCOc1c(OC)cc(/C=C/c2ccc(/C=C/c3cc(OC)c(O*)c(OC)c3)cc2)cc1OC,80.45,P372377,Polyoxides/ethers/acetals,72.32,2.71
*CCCCCCCCOc1c(OC)cc(/C=C/c2ccc(/C=C/c3cc(OC)c(O*)c(OC)c3)cc2)cc1OC,80.45,P372595,Polyoxides/ethers/acetals,78.86,2.85
*CCCCCCCCOc1c(OC)cc(/C=C/c2cc(CCCCCC)c(/C=C/c3cc(OC)c(O*)c(OC)c3)cc2CCCCCC)cc1OC,21.0,P372378,Polyoxides/ethers/acetals,56.7,1.97
*CCCCCCCCOc1c(OC)cc(/C=C/c2cc(C(C)C)c(/C=C/c3cc(OC)c(O*)c(OC)c3)cc2C(C)C)cc1OC,85.0,P372379,Polyoxides/ethers/acetals,70.83,2.67
*CCCCCCOc1ccc(-c2cc(-c3ccccc3)c(-c3ccc(NC(=O)c4ccc(C(=O)Nc5ccc(-c6c(-c7ccccc7)cc(-c7ccc(O*)cc7)cc6-c6ccccc6)cc5)cc4)cc3)c(-c3ccccc3)c2)cc1,127.0,P372380,"Polyoxides/ethers/acetals, Polyamides/thioamides",229.45,8.77
*CCCCCCCCCCOc1ccc(-c2cc(-c3ccccc3)c(-c3ccc(NC(=O)c4ccc(C(=O)Nc5ccc(-c6c(-c7ccccc7)cc(-c7ccc(O*)cc7)cc6-c6ccccc6)cc5)cc4)cc3)c(-c3ccccc3)c2)cc1,116.0,P372381,"Polyoxides/ethers/acetals, Polyamides/thioamides",229.07,8.55
*CCCCCCOc1ccc(-c2cc(-c3ccc(-c4ccccc4)cc3)c(-c3ccc(NC(=O)c4ccc(C(=O)Nc5ccc(-c6c(-c7ccc(-c8ccccc8)cc7)cc(-c7ccc(O*)cc7)cc6-c6ccc(-c7ccccc7)cc6)cc5)cc4)cc3)c(-c3ccc(-c4ccccc4)cc3)c2)cc1,121.5,P372382,"Polyoxides/ethers/acetals, Polyamides/thioamides",302.0,11.24
*CCCCCCCCCCOc1ccc(-c2cc(-c3ccc(-c4ccccc4)cc3)c(-c3ccc(NC(=O)c4ccc(C(=O)Nc5ccc(-c6c(-c7ccc(-c8ccccc8)cc7)cc(-c7ccc(O*)cc7)cc6-c6ccc(-c7ccccc7)cc6)cc5)cc4)cc3)c(-c3ccc(-c4ccccc4)cc3)c2)cc1,111.0,P372383,"Polyoxides/ethers/acetals, Polyamides/thioamides",271.72,12.77
*Oc1ccc(NC(=O)c2ccc3cc(C(=O)Nc4ccc(Oc5ccc(C6(c7ccc(*)cc7)CC7CCC6C7)cc5)cc4)ccc3c2)cc1,276.0,P372384,"Polyoxides/ethers/acetals, Polyamides/thioamides",161.04,7.22
*Oc1ccc(NC(=O)c2ccc(-c3ccc(C(=O)Nc4ccc(Oc5ccc(C6(c7ccc(*)cc7)CC7CCC6C7)cc5)cc4)cc3)cc2)cc1,296.0,P372385,"Polyoxides/ethers/acetals, Polyamides/thioamides",159.0,6.68
*Oc1ccc(NC(=O)c2ccc(S(=O)(=O)c3ccc(C(=O)Nc4ccc(Oc5ccc(C6(c7ccc(*)cc7)CC7CCC6C7)cc5)cc4)cc3)cc2)cc1,287.0,P372386,"Polyoxides/ethers/acetals, Polyamides/thioamides, Polysulfones/sulfoxides/sufonates/sulfoamides",177.34,6.13
*Oc1ccc(NC(=O)c2ccc(C(=O)Nc3ccc(Oc4ccc(C5(c6ccc(*)cc6)CC6CCC5C6)cc4)cc3)cc2)cc1,281.0,P372387,"Polyoxides/ethers/acetals, Polyamides/thioamides",155.32,5.62
*Oc1ccc(NC(=O)c2cccc(C(=O)Nc3ccc(Oc4ccc(C5(c6ccc(*)cc6)CC6CCC5C6)cc4)cc3)c2)cc1,256.0,P372388,"Polyoxides/ethers/acetals, Polyamides/thioamides",150.75,5.25
*Oc1ccc(NC(=O)c2cc(C(=O)Nc3ccc(Oc4ccc(C5(c6ccc(*)cc6)CC6CCC5C6)cc4)cc3)cc(C(C)(C)C)c2)cc1,272.0,P372389,"Polyoxides/ethers/acetals, Polyamides/thioamides",143.96,5.96
*OC(=O)c1ccc(C(=O)OC2COC3C(*)COC23)cc1,255.5,P372390,"Polyoxides/ethers/acetals, Polyesters/thioesters",75.15,2.85
*Oc1ccc(CC(NC(=O)CCc2ccc(OC(=O)COCC(*)=O)cc2)C(=O)OCCCC)cc1,64.0,P372391,"Polyoxides/ethers/acetals, Polyesters/thioesters, Polyamides/thioamides",64.04,2.0
*Oc1ccc(CC(NC(=O)CCc2ccc(OC(=O)COCC(*)=O)cc2)C(=O)OCc2ccccc2)cc1,76.0,P372392,"Polyoxides/ethers/acetals, Polyesters/thioesters, Polyamides/thioamides",77.39,2.82
*Oc1ccc(CC(NC(=O)CCc2ccc(OC(=O)COCC(*)=O)cc2)C(=O)OCCCCCCCCCCCC)cc1,36.0,P372393,"Polyoxides/ethers/acetals, Polyesters/thioesters, Polyamides/thioamides",42.55,1.72
*Oc1ccc(CC(NC(=O)CCc2ccc(OC(=O)COCC(*)=O)cc2)C(=O)OCC)cc1,79.0,P372394,"Polyoxides/ethers/acetals, Polyesters/thioesters, Polyamides/thioamides",56.97,2.52
*Oc1ccc(CC(NC(=O)CCc2ccc(OC(=O)COCC(*)=O)cc2)C(=O)OCCOCCOCC)cc1,27.0,P372395,"Polyoxides/ethers/acetals, Polyesters/thioesters, Polyamides/thioamides",49.47,1.9
*Oc1ccc(CC(NC(=O)CCc2ccc(OC(=O)COCC(*)=O)cc2)C(=O)OCCCCCC)cc1,45.0,P372396,"Polyoxides/ethers/acetals, Polyesters/thioesters, Polyamides/thioamides",53.6,1.95
*Oc1ccc(CC(NC(=O)CCc2ccc(OC(=O)COCC(*)=O)cc2)C(=O)OC)cc1,82.0,P372397,"Polyoxides/ethers/acetals, Polyesters/thioesters, Polyamides/thioamides",62.77,2.15
*Oc1ccc(CC(NC(=O)CCc2ccc(OC(=O)COCC(*)=O)cc2)C(=O)OCCCCCCCC)cc1,40.0,P372398,"Polyoxides/ethers/acetals, Polyesters/thioesters, Polyamides/thioamides",55.0,1.8
*Oc1ccc(CC(NC(=O)CCc2ccc(OC(=O)COCC(*)=O)cc2)C(=O)OCC(C)C)cc1,72.0,P372399,"Polyoxides/ethers/acetals, Polyesters/thioesters, Polyamides/thioamides",63.62,2.01
*Oc1ccc(CC(NC(=O)CCc2ccc(OC(=O)COCC(*)=O)cc2)C(=O)OC(C)C)cc1,80.0,P372400,"Polyoxides/ethers/acetals, Polyesters/thioesters, Polyamides/thioamides",66.09,2.38
*Oc1ccc(CC(NC(=O)CCc2ccc(OC(=O)COCC(*)=O)cc2)C(=O)OC(C)CC)cc1,68.0,P372401,"Polyoxides/ethers/acetals, Polyesters/thioesters, Polyamides/thioamides",61.43,2.24
*Oc1ccc(CC(NC(=O)CCc2ccc(OC(=O)COCCOCC(*)=O)cc2)C(=O)OCCCC)cc1,45.0,P372402,"Polyoxides/ethers/acetals, Polyesters/thioesters, Polyamides/thioamides",48.0,1.75
*Oc1ccc(CC(NC(=O)CCc2ccc(OC(=O)COCCOCC(*)=O)cc2)C(=O)OCc2ccccc2)cc1,55.0,P372403,"Polyoxides/ethers/acetals, Polyesters/thioesters, Polyamides/thioamides",73.22,2.86
*Oc1ccc(CC(NC(=O)CCc2ccc(OC(=O)COCCOCC(*)=O)cc2)C(=O)OCCCCCCCCCCCC)cc1,17.0,P372404,"Polyoxides/ethers/acetals, Polyesters/thioesters, Polyamides/thioamides",39.61,1.45
*Oc1ccc(CC(NC(=O)CCc2ccc(OC(=O)COCCOCC(*)=O)cc2)C(=O)OCC)cc1,53.0,P372405,"Polyoxides/ethers/acetals, Polyesters/thioesters, Polyamides/thioamides",51.58,2.17
*Oc1ccc(CC(NC(=O)CCc2ccc(OC(=O)COCCOCC(*)=O)cc2)C(=O)OCCOCCOCC)cc1,18.0,P372406,"Polyoxides/ethers/acetals, Polyesters/thioesters, Polyamides/thioamides",46.22,1.64
*Oc1ccc(CC(NC(=O)CCc2ccc(OC(=O)COCCOCC(*)=O)cc2)C(=O)OCCCCCC)cc1,28.0,P372407,"Polyoxides/ethers/acetals, Polyesters/thioesters, Polyamides/thioamides",53.1,1.59
*Oc1ccc(CC(NC(=O)CCc2ccc(OC(=O)COCCOCC(*)=O)cc2)C(=O)OC)cc1,63.0,P372408,"Polyoxides/ethers/acetals, Polyesters/thioesters, Polyamides/thioamides",63.71,2.2
*Oc1ccc(CC(NC(=O)CCc2ccc(OC(=O)COCCOCC(*)=O)cc2)C(=O)OCCCCCCCC)cc1,16.0,P372409,"Polyoxides/ethers/acetals, Polyesters/thioesters, Polyamides/thioamides",44.63,1.61
*Oc1ccc(CC(NC(=O)CCc2ccc(OC(=O)COCCOCC(*)=O)cc2)C(=O)OCC(C)C)cc1,50.0,P372410,"Polyoxides/ethers/acetals, Polyesters/thioesters, Polyamides/thioamides",56.02,2.0
*Oc1ccc(CC(NC(=O)CCc2ccc(OC(=O)COCCOCC(*)=O)cc2)C(=O)OC(C)C)cc1,58.0,P372411,"Polyoxides/ethers/acetals, Polyesters/thioesters, Polyamides/thioamides",56.28,2.0
*Oc1ccc(CC(NC(=O)CCc2ccc(OC(=O)COCCOCC(*)=O)cc2)C(=O)OC(C)CC)cc1,44.0,P372412,"Polyoxides/ethers/acetals, Polyesters/thioesters, Polyamides/thioamides",56.88,1.78
*Oc1ccc(CC(NC(=O)Cc2ccc(OC(=O)COCC(*)=O)cc2)C(=O)OCC)cc1,66.0,P372413,"Polyoxides/ethers/acetals, Polyesters/thioesters, Polyamides/thioamides",68.37,2.38
*Oc1ccc(CC(NC(=O)Cc2ccc(OC(=O)COCC(*)=O)cc2)C(=O)OCCCCCC)cc1,46.0,P372414,"Polyoxides/ethers/acetals, Polyesters/thioesters, Polyamides/thioamides",55.49,1.95
*Oc1ccc(CC(NC(=O)Cc2ccc(OC(=O)COCC(*)=O)cc2)C(=O)OCCCCCCCC)cc1,51.0,P372415,"Polyoxides/ethers/acetals, Polyesters/thioesters, Polyamides/thioamides",55.53,1.97
*Oc1ccc(CC(NC(=O)Cc2ccc(OC(=O)COCCOCC(*)=O)cc2)C(=O)OCC)cc1,50.0,P372416,"Polyoxides/ethers/acetals, Polyesters/thioesters, Polyamides/thioamides",56.52,1.95
*Oc1ccc(CC(NC(=O)Cc2ccc(OC(=O)COCCOCC(*)=O)cc2)C(=O)OCCCCCC)cc1,31.0,P372417,"Polyoxides/ethers/acetals, Polyesters/thioesters, Polyamides/thioamides",47.03,1.75
*Oc1ccc(CC(NC(=O)Cc2ccc(OC(=O)COCCOCC(*)=O)cc2)C(=O)OCCCCCCCC)cc1,23.0,P372418,"Polyoxides/ethers/acetals, Polyesters/thioesters, Polyamides/thioamides",42.81,1.64
*Oc1ccc(-c2ccc(-c3ccc(Oc4ccc(C(c5ccc(*)cc5)(C(F)(F)F)C(F)(F)F)cc4)c(C(F)(F)F)c3)cc2)cc1C(F)(F)F,207.5,P372419,Polyoxides/ethers/acetals,133.66,5.83
*Oc1ccc(-c2ccc(-c3ccc(Oc4ccc(C(C)(C)c5ccc(*)cc5)cc4)c(C(F)(F)F)c3)cc2)cc1C(F)(F)F,192.0,P372420,Polyoxides/ethers/acetals,144.87,6.17
*Oc1ccc(C2(c3ccc(Oc4ccc(-c5ccc(-c6ccc(*)c(C(F)(F)F)c6)cc5)cc4C(F)(F)F)cc3)c3ccccc3-c3ccccc32)cc1,237.0,P372421,Polyoxides/ethers/acetals,193.28,7.97
*Oc1ccc(-c2ccc(Oc3ccc(-c4ccc(-c5ccc(*)c(C(F)(F)F)c5)cc4)cc3C(F)(F)F)cc2)cc1,203.5,P372422,Polyoxides/ethers/acetals,154.03,5.38
*Oc1ccc(S(=O)(=O)c2ccc(Oc3ccc(-c4ccc(-c5ccc(*)c(C(F)(F)F)c5)cc4)cc3C(F)(F)F)cc2)cc1,214.0,P372423,"Polyoxides/ethers/acetals, Polysulfones/sulfoxides/sufonates/sulfoamides",144.39,6.05
*c1ccc(Oc2ccc(C(c3ccc(Oc4ccc(-c5cccc(*)n5)cc4C(F)(F)F)cc3)(C(F)(F)F)C(F)(F)F)cc2)c(C(F)(F)F)c1,153.0,P372424,"Polyoxides/ethers/acetals, Polyimines",147.58,5.32
*c1ccc(Oc2ccc(C(C)(C)c3ccc(Oc4ccc(-c5cccc(*)n5)cc4C(F)(F)F)cc3)cc2)c(C(F)(F)F)c1,125.0,P372425,"Polyoxides/ethers/acetals, Polyimines",141.63,5.0
*c1ccc(Oc2ccc(C3(c4ccc(Oc5ccc(-c6cccc(*)n6)cc5C(F)(F)F)cc4)c4ccccc4-c4ccccc43)cc2)c(C(F)(F)F)c1,182.5,P372426,"Polyoxides/ethers/acetals, Polyimines",173.49,6.92
*c1ccc(Oc2ccc(C(c3ccc(Oc4ccc(-c5ccc(*)s5)cc4C(F)(F)F)cc3)(C(F)(F)F)C(F)(F)F)cc2)c(C(F)(F)F)c1,155.0,P372427,"Polyoxides/ethers/acetals, Polysulfides",153.59,5.08
*c1ccc(Oc2ccc(C(C)(C)c3ccc(Oc4ccc(-c5ccc(*)s5)cc4C(F)(F)F)cc3)cc2)c(C(F)(F)F)c1,130.0,P372428,"Polyoxides/ethers/acetals, Polysulfides",123.1,4.79
*c1ccc(Oc2ccc(C3(c4ccc(Oc5ccc(-c6ccc(*)s6)cc5C(F)(F)F)cc4)c4ccccc4-c4ccccc43)cc2)c(C(F)(F)F)c1,169.0,P372429,"Polyoxides/ethers/acetals, Polysulfides",188.74,7.74
*Oc1cc(Cl)cc(Cl)c1*,165.0,P372432,Polyoxides/ethers/acetals,73.35,2.8
*CCCC(=O)NNC(=O)c1ccc(C(=O)NNC(=O)CCCOc2ccc(O*)c(C)c2)cc1,139.0,P372435,"Polyoxides/ethers/acetals, Polyamides/thioamides",68.7,2.72
*CCCCC(=O)NNC(=O)c1ccc(C(=O)NNC(=O)CCCCOc2ccc(O*)c(C)c2)cc1,150.0,P372436,"Polyoxides/ethers/acetals, Polyamides/thioamides",75.44,2.62
*CCCCCC(=O)NNC(=O)c1ccc(C(=O)NNC(=O)CCCCCOc2ccc(O*)c(C)c2)cc1,126.0,P372437,"Polyoxides/ethers/acetals, Polyamides/thioamides",65.46,2.64
*CCCOc1ccc(OCCCc2nnc(-c3ccc(-c4nnc(*)o4)cc3)o2)c(C)c1,112.0,P372438,"Polyoxides/ethers/acetals, Polyimines",96.15,4.04
*CCCCOc1ccc(OCCCCc2nnc(-c3ccc(-c4nnc(*)o4)cc3)o2)c(C)c1,129.0,P372439,"Polyoxides/ethers/acetals, Polyimines",95.9,4.6
*CCCCCOc1ccc(OCCCCCc2nnc(-c3ccc(-c4nnc(*)o4)cc3)o2)c(C)c1,95.0,P372440,"Polyoxides/ethers/acetals, Polyimines",89.7,3.86
*CCCCCCCCCCCCOc1ccc(C(C)(C)c2ccc(OCOc3ccc(C(C)(C)c4ccc(O*)cc4)cc3)cc2)cc1,37.0,P372441,Polyoxides/ethers/acetals,79.03,3.52
*Oc1ccc(S(=O)(=O)c2ccc(Oc3ccc(/C=C4\CC/C(=C\c5ccc(*)cc5)C4=O)cc3)cc2)cc1,235.0,P372446,"Polyoxides/ethers/acetals, Polyketones/thioketones, Polysulfones/sulfoxides/sufonates/sulfoamides",133.85,5.5
*Oc1ccc(S(=O)(=O)c2ccc(Oc3ccc(/C=C4\CCC/C(=C\c5ccc(*)cc5)C4=O)cc3)cc2)cc1,190.0,P372447,"Polyoxides/ethers/acetals, Polyketones/thioketones, Polysulfones/sulfoxides/sufonates/sulfoamides",118.31,5.11
*Oc1ccc(S(=O)(=O)c2ccc(Oc3ccc(/C=C4\CCCC/C(=C\c5ccc(*)cc5)C4=O)cc3)cc2)cc1,186.0,P372448,"Polyoxides/ethers/acetals, Polyketones/thioketones, Polysulfones/sulfoxides/sufonates/sulfoamides",123.43,5.03
*Oc1ccc(S(=O)(=O)c2ccc(Oc3ccc(/C=C4\CCC/C(=C\c5ccc(Oc6ccc(S(=O)(=O)c7ccc(Oc8ccc(C(C)(C)c9ccc(*)cc9)cc8)cc7)cc6)cc5)C4=O)cc3)cc2)cc1,194.0,P372449,"Polyoxides/ethers/acetals, Polyketones/thioketones, Polysulfones/sulfoxides/sufonates/sulfoamides",170.96,7.83
*Oc1ccc(S(=O)(=O)c2ccc(Oc3ccc(/C=C4\CCCC/C(=C\c5ccc(Oc6ccc(S(=O)(=O)c7ccc(Oc8ccc(C(C)(C)c9ccc(*)cc9)cc8)cc7)cc6)cc5)C4=O)cc3)cc2)cc1,188.0,P372450,"Polyoxides/ethers/acetals, Polyketones/thioketones, Polysulfones/sulfoxides/sufonates/sulfoamides",182.93,7.07
*Oc1ccc(S(=O)(=O)c2ccc(Oc3ccc(C4(c5ccc(Oc6ccc(S(=O)(=O)c7ccc(Oc8ccc(/C=C9\CC/C(=C\c%10ccc(*)cc%10)C9=O)cc8)cc7)cc6)cc5)CCCC4)cc3)cc2)cc1,240.0,P372451,"Polyoxides/ethers/acetals, Polyketones/thioketones, Polysulfones/sulfoxides/sufonates/sulfoamides",203.12,8.41
*Oc1ccc(S(=O)(=O)c2ccc(Oc3ccc(C4(c5ccc(Oc6ccc(S(=O)(=O)c7ccc(Oc8ccc(/C=C9\CCC/C(=C\c%10ccc(*)cc%10)C9=O)cc8)cc7)cc6)cc5)CCCCC4)cc3)cc2)cc1,190.0,P372452,"Polyoxides/ethers/acetals, Polyketones/thioketones, Polysulfones/sulfoxides/sufonates/sulfoamides",171.48,7.82
*Oc1ccc(S(=O)(=O)c2ccc(Oc3ccc(C4(c5ccc(Oc6ccc(S(=O)(=O)c7ccc(Oc8ccc(/C=C9\CCCC/C(=C\c%10ccc(*)cc%10)C9=O)cc8)cc7)cc6)cc5)CCCCCC4)cc3)cc2)cc1,196.0,P372453,"Polyoxides/ethers/acetals, Polyketones/thioketones, Polysulfones/sulfoxides/sufonates/sulfoamides",181.62,8.23
*CCOc1ccc(OC(=O)c2ccc(C(=O)Oc3ccc(O*)cc3)c(OCCCCC)c2)cc1,95.0,P372454,"Polyoxides/ethers/acetals, Polyesters/thioesters",86.91,3.09
*OC(=O)OC1COC2C(*)COC12,140.0,P372473,"Polyoxides/ethers/acetals, Polycarbonates/thiocarbonates",47.62,1.53
*Oc1ccc(NC(=O)c2ccc(C(=O)Nc3ccc(Oc4ccc(C5(c6ccc(*)cc6)C6CC7CC(C6)CC5C7)cc4)cc3)cc2)cc1,264.0,P372490,"Polyoxides/ethers/acetals, Polyamides/thioamides",139.01,5.63
*Oc1ccc(NC(=O)c2cccc(C(=O)Nc3ccc(Oc4ccc(C5(c6ccc(*)cc6)C6CC7CC(C6)CC5C7)cc4)cc3)c2)cc1,273.0,P372491,"Polyoxides/ethers/acetals, Polyamides/thioamides",156.25,5.77
*Oc1ccc(NC(=O)c2ccc(Oc3ccc(C(=O)Nc4ccc(Oc5ccc(C6(c7ccc(*)cc7)C7CC8CC(C7)CC6C8)cc5)cc4)cc3)cc2)cc1,230.0,P372493,"Polyoxides/ethers/acetals, Polyamides/thioamides",150.87,6.48
*Oc1ccc(NC(=O)c2ccc(S(=O)(=O)c3ccc(C(=O)Nc4ccc(Oc5ccc(C6(c7ccc(*)cc7)C7CC8CC(C7)CC6C8)cc5)cc4)cc3)cc2)cc1,252.0,P372494,"Polyoxides/ethers/acetals, Polyamides/thioamides, Polysulfones/sulfoxides/sufonates/sulfoamides",154.11,6.31
*Oc1ccc(NC(=O)c2ccc(C(c3ccc(C(=O)Nc4ccc(Oc5ccc(C6(c7ccc(*)cc7)C7CC8CC(C7)CC6C8)cc5)cc4)cc3)(C(F)(F)F)C(F)(F)F)cc2)cc1,241.0,P372495,"Polyoxides/ethers/acetals, Polyamides/thioamides",155.36,6.94
*Oc1ccc(NC(=O)c2ccc3cc(C(=O)Nc4ccc(Oc5ccc(C6(c7ccc(*)cc7)C7CC8CC(C7)CC6C8)cc5)cc4)ccc3c2)cc1,266.0,P372496,"Polyoxides/ethers/acetals, Polyamides/thioamides",167.55,6.4
*Oc1ccc(NC(=O)c2ccc(C(=O)Nc3ccc(Oc4ccc(C5(c6ccc(*)cc6)C6CC7CC(C6)CC5C7)cc4)cc3)c3ccccc23)cc1,269.0,P372497,"Polyoxides/ethers/acetals, Polyamides/thioamides",169.61,6.93
*c1ccc2oc(-c3ccc(Oc4ccc(C(c5ccc(Oc6ccc(-c7nc8cc(C(*)(C(F)(F)F)C(F)(F)F)ccc8o7)cc6)cc5)(C(F)(F)F)C(F)(F)F)cc4)cc3)nc2c1,255.0,P372502,"Polyoxides/ethers/acetals, Polyimines",184.37,8.04
*CCCCOCC(O)CN(CC(O)CO*)c1ccc(N(C)C)cc1,31.0,P372504,"Polyoxides/ethers/acetals, Polyimines",39.87,1.21
*Oc1ccc(NC(=O)c2cc(C(c3ccc(C(=O)O)c(C(=O)Nc4ccc(Oc5ccc(C(c6ccc(*)cc6)(C(F)(F)F)C(F)(F)F)cc5)cc4)c3)(C(F)(F)F)C(F)(F)F)ccc2C(=O)O)cc1,260.0,P372506,"Polyoxides/ethers/acetals, Polyamides/thioamides",160.94,6.59
*c1ccc(S(=O)(=O)c2ccc(-n3nc(-c4ccccc4)c4ccc(Oc5ccc6c(-c7ccccc7)nn(*)c(=O)c6c5)cc4c3=O)cc2)cc1,294.5,P372512,"Polyoxides/ethers/acetals, Polyamides/thioamides, Polyimines, Polysulfones/sulfoxides/sufonates/sulfoamides",212.71,9.28
*c1ccc(S(=O)(=O)c2ccc(-n3nc(-c4ccccc4)c4cc(Oc5ccc(C(C)(C)c6ccc(Oc7ccc8c(-c9ccccc9)nn(*)c(=O)c8c7)cc6)cc5)ccc4c3=O)cc2)cc1,210.5,P372513,"Polyoxides/ethers/acetals, Polyamides/thioamides, Polyimines, Polysulfones/sulfoxides/sufonates/sulfoamides",235.99,9.89
*c1ccc(C(=O)c2ccc(-n3nc(-c4ccccc4)c4cc(Oc5ccc6c(-c7ccccc7)nn(*)c(=O)c6c5)ccc4c3=O)cc2)cc1,275.5,P372514,"Polyoxides/ethers/acetals, Polyamides/thioamides, Polyimines, Polyketones/thioketones",204.1,8.78
*c1ccc(C(=O)c2ccc(-n3nc(-c4ccccc4)c4cc(Oc5ccc(C(C)(C)c6ccc(Oc7ccc8c(-c9ccccc9)nn(*)c(=O)c8c7)cc6)cc5)ccc4c3=O)cc2)cc1,195.0,P372515,"Polyoxides/ethers/acetals, Polyamides/thioamides, Polyimines, Polyketones/thioketones",232.93,8.81
*c1cccc(-n2nc(-c3ccccc3)c3cc(Oc4ccc5c(-c6ccccc6)nn(*)c(=O)c5c4)ccc3c2=O)c1C#N,301.0,P372516,"Polyoxides/ethers/acetals, Polyamides/thioamides, Polyimines",200.07,7.27
*c1cccc(-n2nc(-c3ccccc3)c3cc(Oc4ccc(C(C)(C)c5ccc(Oc6ccc7c(-c8ccccc8)nn(*)c(=O)c7c6)cc5)cc4)ccc3c2=O)c1C#N,200.0,P372517,"Polyoxides/ethers/acetals, Polyamides/thioamides, Polyimines",198.82,8.15
*c1ccc(S(=O)(=O)c2ccc(-n3nc(-c4ccc(Oc5ccc(-c6nn(*)c(=O)c7ccccc67)cc5)cc4)c4ccccc4c3=O)cc2)cc1,295.0,P372518,"Polyoxides/ethers/acetals, Polyamides/thioamides, Polyimines, Polysulfones/sulfoxides/sufonates/sulfoamides",196.24,8.75
*c1ccc(C(=O)c2ccc(-n3nc(-c4ccc(Oc5ccc(-c6nn(*)c(=O)c7ccccc67)cc5)cc4)c4ccccc4c3=O)cc2)cc1,301.0,P372519,"Polyoxides/ethers/acetals, Polyamides/thioamides, Polyimines, Polyketones/thioketones",197.57,8.16
*=Nc1ccc(Oc2ccc(C(c3ccc(Oc4ccc(/N=C5/OC(=O)c6cc7c(cc65)C(=*)OC7=O)cc4)cc3)(C(F)(F)F)C(F)(F)F)cc2)cc1,287.0,P372521,"Polyoxides/ethers/acetals, Polyesters/thioesters, Polyimines",145.4,5.76
*COc1ccc(C(c2ccc(OCC3(*)COC3)cc2)(C(F)(F)F)C(F)(F)F)cc1,134.0,P372522,Polyoxides/ethers/acetals,85.57,2.87
*c1ccc(Oc2ccc(N3C(=O)N4C(c5ccc(OC)cc5)N(*)C(=O)N4C3c3ccc(OC)cc3)cc2)cc1,163.0,P372523,"Polyoxides/ethers/acetals, Polyureas/thioureas",125.7,4.25
*c1ccc(Oc2ccc(Oc3ccc(P(=O)(c4ccccc4)c4ccc(Oc5ccc(Oc6ccc(-c7nc8cc9sc(*)nc9cc8s7)cc6)cc5)cc4)cc3)cc2)cc1,255.0,P372524,"Polyoxides/ethers/acetals, Polysulfides, Polyimines",221.85,10.6
*N1CCOC1(*)CC,55.0,P372525,"Polyoxides/ethers/acetals, Polyimines",35.13,1.33
*c1ccccc1C(=O)Oc1ccc2c(*)c3ccc(=O)cc-3oc2c1,250.0,P372527,"Polyoxides/ethers/acetals, Polyesters/thioesters, Polyketones/thioketones",97.25,3.47
*CC[Si](C)(C)O[Si]1(*)O[Si](C)(C)O[Si](C)(C)O1,-64.0,P372528,"Polyoxides/ethers/acetals, Polysiloxanes/silanes",28.63,0.46
*c1ccc(Oc2ccc(C(c3ccc(Oc4ccc(-c5ncc(*)o5)cc4C(F)(F)F)cc3)(C(F)(F)F)C(F)(F)F)cc2)c(C(F)(F)F)c1,205.0,P372529,"Polyoxides/ethers/acetals, Polyimines",156.74,5.16
*c1ccc(Oc2ccc(C(C)(C)c3ccc(Oc4ccc(-c5ncc(*)o5)cc4C(F)(F)F)cc3)cc2)c(C(F)(F)F)c1,185.0,P372530,"Polyoxides/ethers/acetals, Polyimines",151.62,5.34
*c1ccc(Oc2ccc(-c3ccc(Oc4ccc(-c5ncc(*)o5)cc4C(F)(F)F)cc3)cc2)c(C(F)(F)F)c1,200.0,P372531,"Polyoxides/ethers/acetals, Polyimines",137.2,5.99
*c1ccc(Oc2ccc(S(=O)(=O)c3ccc(Oc4ccc(-c5ncc(*)o5)cc4C(F)(F)F)cc3)cc2)c(C(F)(F)F)c1,210.0,P372532,"Polyoxides/ethers/acetals, Polyimines, Polysulfones/sulfoxides/sufonates/sulfoamides",138.66,6.22
*c1ccc(OCOc2ccc(-c3nc(-c4ccc([N+](=O)[O-])cc4)oc3*)cc2)cc1,194.0,P372533,"Polyoxides/ethers/acetals, Polyimines",103.26,4.34
*c1ccc(C(=O)c2ccc(Oc3ccc(-c4nn(*)c(=O)c5ccccc45)cc3)cc2)cc1,263.0,P372537,"Polyoxides/ethers/acetals, Polyamides/thioamides, Polyimines, Polyketones/thioketones",138.22,6.42
*OCCOC(=O)CCCC(=O)OCCOc1nc(-c2ccc(OC)cc2)nc(*)c1-c1ccc(OC)cc1,57.0,P372544,"Polyoxides/ethers/acetals, Polyesters/thioesters, Polyimines",81.54,3.0
*OCCOC(=O)CCCC(=O)OCCOc1nc(-c2ccc(OCCCC)cc2)nc(*)c1-c1ccc(OC)cc1,46.0,P372545,"Polyoxides/ethers/acetals, Polyesters/thioesters, Polyimines",69.37,2.47
*OCCOC(=O)CCCC(=O)OCCOc1nc(-c2ccc(OCCCC)cc2)nc(*)c1-c1ccc(OCCCC)cc1,37.0,P372546,"Polyoxides/ethers/acetals, Polyesters/thioesters, Polyimines",65.99,2.63
*OCCOC(=O)CCCCC(=O)OCCOc1nc(-c2ccc(OC)cc2)nc(*)c1-c1ccc(OC)cc1,48.0,P372547,"Polyoxides/ethers/acetals, Polyesters/thioesters, Polyimines",72.06,2.72
*OCCOC(=O)CCCCC(=O)OCCOc1nc(-c2ccc(OCCCC)cc2)nc(*)c1-c1ccc(OC)cc1,34.0,P372548,"Polyoxides/ethers/acetals, Polyesters/thioesters, Polyimines",73.89,2.38
*OCCOC(=O)c1ccc(C(=O)OCCOc2nc(-c3ccc(OCCCC)cc3)nc(*)c2-c2ccc(OC)cc2)cc1,94.0,P372549,"Polyoxides/ethers/acetals, Polyesters/thioesters, Polyimines",90.62,3.96
*OCCOC(=O)c1cccc(C(=O)OCCOc2nc(-c3ccc(OCCCC)cc3)nc(*)c2-c2ccc(OC)cc2)c1,92.0,P372550,"Polyoxides/ethers/acetals, Polyesters/thioesters, Polyimines",103.13,3.81
*CCOCCOCCOC(=O)c1cc(/N=N/c2ccc(OCC)cc2)ccc1-c1ccc(/N=N/c2ccc(OCC)cc2)cc1C(=O)O*,65.0,P372551,"Polyoxides/ethers/acetals, Polyesters/thioesters",84.82,3.53
*OCCOC(=O)c1cc(/N=N/c2ccc(OCC)cc2)ccc1-c1ccc(/N=N/c2ccc(OCC)cc2)cc1C(=O)OCCOc1nc(-c2ccc(OCCCC)cc2)nc(*)c1-c1ccc(OC)cc1,126.0,P372552,"Polyoxides/ethers/acetals, Polyesters/thioesters, Polyimines",156.73,6.01
*OC1C(COCO)OC(*)C(O)C1O,208.0,P372553,Polyoxides/ethers/acetals,54.89,1.93
*CCCCCOc1ccc(/C=C/C(=O)OCCN(CCOC(=O)/C=C/c2ccc(O*)cc2)c2ccc(/N=N/c3ccc([N+](=O)[O-])cc3)cc2)cc1,92.0,P372554,"Polyoxides/ethers/acetals, Polyesters/thioesters, Polyimines",95.29,3.26
*CCOCCOC(=O)/C=C/C(=O)O*,-8.2,P372555,"Polyoxides/ethers/acetals, Polyesters/thioesters",24.25,0.66
*CC(COc1ccc(C(C)(C)c2ccc(O*)cc2)cc1)OC(=O)/C=C/c1ccccc1,100.6,P372556,Polyoxides/ethers/acetals,86.91,3.66
*CC(COc1ccc(C(C)(C)c2ccc(O*)cc2)cc1)OC(=O)/C=C/c1ccco1,107.2,P372557,Polyoxides/ethers/acetals,80.23,3.36
*c1ccc(OCCN(CCOc2ccc(-c3cc(-c4ccccc4)c4cc(Oc5ccc6nc(*)cc(-c7ccccc7)c6c5)ccc4n3)cc2)c2ccc(C(C#N)=C(C#N)C#N)cc2)cc1,175.0,P372568,"Polyoxides/ethers/acetals, Polyimines",207.45,7.81
*c1ccc(OCCN(CC)c2ccc(C(C#N)=C(C#N)C#N)cc2)c(-c2cc(-c3ccccc3)c3cc(Oc4ccc5nc(*)cc(-c6ccccc6)c5c4)ccc3n2)c1,200.0,P372570,"Polyoxides/ethers/acetals, Polyimines",198.51,8.4
*c1ccc(OCCCCCCN(CC)c2ccc(C(C#N)=C(C#N)C#N)cc2)c(-c2cc(-c3ccccc3)c3cc(Oc4ccc5nc(*)cc(-c6ccccc6)c5c4)ccc3n2)c1,175.0,P372572,"Polyoxides/ethers/acetals, Polyimines",160.27,6.77
*CC(O)CN(CC(O)COc1ccc(C(C)(C)c2ccc(O*)cc2)cc1)c1ccc(/C=C/c2ccc([N+](=O)[O-])cc2)cc1,320.0,P372573,"Polyoxides/ethers/acetals, Polyimines",128.67,5.53
*O[Si](C)(C)CCCCCCOC(=O)C(C)Oc1ccc(OC(=O)c2ccc(-c3ccc(OCCCCCCCCCC[Si](*)(C)C)cc3)cc2)cc1,35.0,P372575,"Polyoxides/ethers/acetals, Polyesters/thioesters, Polysiloxanes/silanes",69.27,2.24
*O[Si](C)(C)CCCCCCOC(=O)C(C)Oc1ccc(OC(=O)c2ccc(-c3ccc(OCCCCCCCCCC[Si](*)(C)C)cc3)cc2)cc1[N+](=O)[O-],20.0,P372576,"Polyoxides/ethers/acetals, Polyesters/thioesters, Polysiloxanes/silanes",60.64,2.17
*Oc1ccc(NC(=O)Nc2ccccc2CCc2ccc(NC(=O)Nc3ccc(*)cc3)cc2)cc1,200.0,P372578,"Polyoxides/ethers/acetals, Polyureas/thioureas",126.62,4.64
*Oc1ccc(NC(=O)Nc2ccccc2CCc2ccccc2NC(=O)Nc2ccc(*)cc2)cc1,232.0,P372579,"Polyoxides/ethers/acetals, Polyureas/thioureas",116.4,4.93
*Oc1cccc(OC2(F)C(*)(F)C(F)(F)C2(F)F)c1,32.0,P372580,Polyoxides/ethers/acetals,53.63,1.98
*Oc1ccc(-c2ccc(OC3(F)C(*)(F)C(F)(F)C3(F)F)cc2)cc1,161.0,P372581,Polyoxides/ethers/acetals,90.08,3.4
*Oc1ccc(Sc2ccc(OC3(F)C(*)(F)C(F)(F)C3(F)F)cc2)cc1,78.0,P372582,"Polyoxides/ethers/acetals, Polysulfides",74.58,2.76
*Oc1ccc(C(C)(C)c2ccc(OC3(F)C(*)(F)C(F)(F)C3(F)F)cc2)cc1,98.0,P372583,Polyoxides/ethers/acetals,76.82,2.99
*Oc1ccc(C(c2ccc(OC3(F)C(*)(F)C(F)(F)C3(F)F)cc2)(C(F)(F)F)C(F)(F)F)cc1,122.5,P372584,Polyoxides/ethers/acetals,83.29,3.15
*Oc1ccc(C2(c3ccc(OC4(F)C(*)(F)C(F)(F)C4(F)F)cc3)c3ccccc3-c3ccccc32)cc1,228.0,P372585,Polyoxides/ethers/acetals,135.56,4.63
*Oc1cccc(Oc2ccc(C(=O)c3ccc(*)cc3)cc2)c1,125.0,P372586,"Polyoxides/ethers/acetals, Polyketones/thioketones",98.28,3.98
*Oc1ccc(-c2ccc(Oc3ccc(*)cc3)c3ccccc23)c2ccccc12,226.0,P372587,Polyoxides/ethers/acetals,150.57,5.84
*Oc1ccc(-c2ccc(Oc3ccc(Oc4ccc(Oc5ccc(*)cc5)cc4)cc3)c3ccccc23)c2ccccc12,147.0,P372588,Polyoxides/ethers/acetals,162.2,6.25
*Oc1ccc(-c2ccc(Oc3ccc(Oc4cccc(Oc5ccc(*)cc5)c4C)cc3)c3ccccc23)c2ccccc12,156.0,P372589,Polyoxides/ethers/acetals,176.6,6.32
*Oc1ccc(-c2ccc(Oc3ccc(Oc4cc(Oc5ccc(*)cc5)ccc4CCCCCC)cc3)c3ccccc23)c2ccccc12,150.0,P372590,Polyoxides/ethers/acetals,168.04,7.09
*c1ccc(Oc2ccc(Oc3ccc(-c4ccc(Oc5ccc(Oc6ccc(C7(*)OC(=O)c8ccccc87)cc6)cc5)c5ccccc45)c4ccccc34)cc2)cc1,198.0,P372591,"Polyoxides/ethers/acetals, Polyesters/thioesters",209.97,7.84
*Oc1ccc(-c2ccc(Oc3ccc(Oc4ccc(S(=O)(=O)c5ccc(Oc6ccc(*)cc6)cc5)cc4)cc3)c3ccccc23)c2ccccc12,214.0,P372592,"Polyoxides/ethers/acetals, Polysulfones/sulfoxides/sufonates/sulfoamides",202.48,8.16
*CCCCCCOc1c(OC)cc(/C=C/c2ccc(/C=C/c3cc(OC)c(O*)c(OC)c3)cc2)cc1OC,90.0,P372594,Polyoxides/ethers/acetals,84.52,3.19
*CCCCCCCCOc1c(OC)cc(/C=C/c2ccc(/C=C/c3cc(OC)c(O*)c(OC)c3)cc2)cc1OC,69.4,P372377,Polyoxides/ethers/acetals,73.08,2.9
*CCCCCCCCOc1c(OC)cc(/C=C/c2ccc(/C=C/c3cc(OC)c(O*)c(OC)c3)cc2)cc1OC,69.4,P372595,Polyoxides/ethers/acetals,66.62,2.94
*CCCCCCCCCCOc1c(OC)cc(/C=C/c2ccc(/C=C/c3cc(OC)c(O*)c(OC)c3)cc2)cc1OC,68.5,P372596,Polyoxides/ethers/acetals,63.79,2.69
*CCCCCCCCCCCCOc1c(OC)cc(/C=C/c2ccc(/C=C/c3cc(OC)c(O*)c(OC)c3)cc2)cc1OC,61.1,P372597,Polyoxides/ethers/acetals,67.47,2.83
*CCCCCCCCOc1c(OC)cc(/C=C/c2ccc(/C=C/c3ccc(/C=C/c4cc(OC)c(O*)c(OC)c4)cc3)cc2)cc1OC,68.1,P372598,Polyoxides/ethers/acetals,93.77,3.29
*CCCCCCCCOc1c(OC)cc(/C=C/c2ccc(/C=C/c3ccc(/C=C/c4cc(OC)c(O*)c(OC)c4)cc3)cc2)cc1OC,68.1,P373575,Polyoxides/ethers/acetals,84.39,3.88
*OC1C(CO)OC(*)C(N)C1O,194.0,P372599,Polyoxides/ethers/acetals,52.1,1.97
*OC1C(CO)OC(*)C(NC(C)=O)C1O,154.6,P372600,Polyoxides/ethers/acetals,50.11,1.69
*Oc1ccc(NC(=O)c2cc(-c3ccc(C(=O)OCC)c(C(=O)Nc4ccc(*)cc4)c3)ccc2C(=O)OCC)cc1,190.15,P372603,"Polyoxides/ethers/acetals, Polyamides/thioamides",123.92,4.51
*Oc1ccc(NC(=O)c2cc(C(=O)Nc3ccc(*)cc3)c(C(=O)OCC)cc2C(=O)OCC)cc1,208.05,P372604,"Polyoxides/ethers/acetals, Polyamides/thioamides",96.07,4.13
*Oc1ccc(Oc2ccc(C(=O)c3ccc(*)cc3)cc2)cc1S(=O)(=O)O,225.0,P372608,"Polyoxides/ethers/acetals, Polyketones/thioketones",93.87,4.32
*COC(=O)OC1C(*)OC2OC(C)(C)OC21,128.0,P372622,"Polyoxides/ethers/acetals, Polycarbonates/thiocarbonates",49.92,1.55
*OC(=O)C(Cc1ccccc1)NC(=O)CCCCC(=O)NC(Cc1ccccc1)C(=O)OC1COC2C(*)COC12,97.5,P372623,"Polyoxides/ethers/acetals, Polyesters/thioesters, Polyamides/thioamides",64.19,2.31
*OC(=O)C(Cc1ccccc1)NC(=O)CCCCCCC(=O)NC(Cc1ccccc1)C(=O)OC1COC2C(*)COC12,91.0,P372624,"Polyoxides/ethers/acetals, Polyesters/thioesters, Polyamides/thioamides",61.91,2.4
*OC(=O)C(Cc1ccccc1)NC(=O)CCCCCCCCC(=O)NC(Cc1ccccc1)C(=O)OC1COC2C(*)COC12,74.0,P372625,"Polyoxides/ethers/acetals, Polyesters/thioesters, Polyamides/thioamides",61.39,2.11
*OC(=O)C(Cc1ccccc1)NC(=O)CCCCCCCCCCC(=O)NC(Cc1ccccc1)C(=O)OC1COC2C(*)COC12,76.0,P372626,"Polyoxides/ethers/acetals, Polyesters/thioesters, Polyamides/thioamides",58.23,1.89
*OC(=O)C(CC(C)C)NC(=O)CCCCC(=O)NC(CC(C)C)C(=O)OC1COC2C(*)COC12,91.0,P372627,"Polyoxides/ethers/acetals, Polyesters/thioesters, Polyamides/thioamides",33.79,0.76
*OC(=O)C(CC(C)C)NC(=O)CCCCCCCCC(=O)NC(CC(C)C)C(=O)OC1COC2C(*)COC12,89.0,P372628,"Polyoxides/ethers/acetals, Polyesters/thioesters, Polyamides/thioamides",28.0,0.49
*OC(=O)C(NC(=O)CCCCC(=O)NC(C(=O)OC1COC2C(*)COC12)C(C)CC)C(C)CC,102.0,P372629,"Polyoxides/ethers/acetals, Polyesters/thioesters, Polyamides/thioamides",39.21,0.85
*OC(=O)C(NC(=O)CCCCCCCCC(=O)NC(C(=O)OC1COC2C(*)COC12)C(C)CC)C(C)CC,91.0,P372630,"Polyoxides/ethers/acetals, Polyesters/thioesters, Polyamides/thioamides",31.26,0.56
*OC(=O)C(CCSC)NC(=O)CCCCC(=O)NC(CCSC)C(=O)OC1COC2C(*)COC12,71.0,P372631,"Polyoxides/ethers/acetals, Polyesters/thioesters, Polyamides/thioamides",33.62,0.51
*OC(=O)C(CCSC)NC(=O)CCCCCCCCC(=O)NC(CCSC)C(=O)OC1COC2C(*)COC12,61.0,P372632,"Polyoxides/ethers/acetals, Polyesters/thioesters, Polyamides/thioamides",25.18,0.32
*Oc1ccc(N(c2ccccc2)c2ccc(-c3ccc(N(c4ccccc4)c4ccc(*)cc4)cc3)cc2)cc1,218.0,P372633,"Polyoxides/ethers/acetals, Polyimines",161.3,6.87
*Oc1ccc(N(c2ccc(OC)cc2)c2ccc3ccc(N(c4ccc(*)cc4)c4ccc(OC)cc4)cc3c2)cc1,197.0,P372634,"Polyoxides/ethers/acetals, Polyimines",154.41,6.23
*Oc1ccc(NC(=C(C#N)C#N)c2ccc(C(Nc3ccc(*)cc3)=C(C#N)C#N)cc2)cc1,274.0,P372637,"Polyoxides/ethers/acetals, Polyimines",106.43,4.32
*Oc1ccc(NC(=C(C#N)C#N)c2ccc3cc(C(Nc4ccc(*)cc4)=C(C#N)C#N)ccc3c2)cc1,280.0,P372638,"Polyoxides/ethers/acetals, Polyimines",116.98,5.37
*Oc1ccc(Oc2ccc(NC(=C(C#N)C#N)c3ccc(C(Nc4ccc(*)cc4)=C(C#N)C#N)cc3)cc2)cc1,255.0,P372639,"Polyoxides/ethers/acetals, Polyimines",127.69,4.67
*Oc1ccc(Oc2ccc(NC(=C(C#N)C#N)c3cccc(C(Nc4ccc(*)cc4)=C(C#N)C#N)c3)cc2)cc1,228.0,P372640,"Polyoxides/ethers/acetals, Polyimines",128.02,4.59
*COC1OC(*)C(O)C(O)C1O,200.0,P372649,Polyoxides/ethers/acetals,53.57,1.9
*CCCCOc1ccc(OC(=O)c2ccc(C(=O)Oc3ccc(O*)cc3)c(C(=O)OCC=C)c2)cc1,56.0,P372652,"Polyoxides/ethers/acetals, Polyesters/thioesters",76.48,2.87
*O[Si](C)(C)COC(=O)CCCCCCCCC(=O)Oc1ccc(S(=O)(=O)c2ccc(Oc3ccc(/C=C4\CC/C(=C\c5ccc(Oc6ccc(S(=O)(=O)c7ccc(OC(=O)CCCCCCCCC(=O)OC[Si](*)(C)C)cc7)cc6)cc5)C4=O)cc3)cc2)cc1,73.0,P372656,"Polyoxides/ethers/acetals, Polyesters/thioesters, Polysiloxanes/silanes, Polyketones/thioketones, Polysulfones/sulfoxides/sufonates/sulfoamides",116.17,4.78
*O[Si](C)(C)COC(=O)CCCCCCCCC(=O)Oc1ccc(S(=O)(=O)c2ccc(Oc3ccc(/C=C4\CCC/C(=C\c5ccc(Oc6ccc(S(=O)(=O)c7ccc(OC(=O)CCCCCCCCC(=O)OC[Si](*)(C)C)cc7)cc6)cc5)C4=O)cc3)cc2)cc1,80.0,P372657,"Polyoxides/ethers/acetals, Polyesters/thioesters, Polysiloxanes/silanes, Polyketones/thioketones, Polysulfones/sulfoxides/sufonates/sulfoamides",126.45,4.34
*O[Si](C)(C)COC(=O)CCCCCCCCC(=O)Oc1ccc(S(=O)(=O)c2ccc(Oc3ccc(/C=C4\CCCC/C(=C\c5ccc(Oc6ccc(S(=O)(=O)c7ccc(OC(=O)CCCCCCCCC(=O)OC[Si](*)(C)C)cc7)cc6)cc5)C4=O)cc3)cc2)cc1,81.0,P372658,"Polyoxides/ethers/acetals, Polyesters/thioesters, Polysiloxanes/silanes, Polyketones/thioketones, Polysulfones/sulfoxides/sufonates/sulfoamides",122.54,4.39
*CCNC(=O)Nc1ccc(Cc2ccc(NC(=O)NCCOCCO*)cc2)cc1,8.0,P372659,"Polyoxides/ethers/acetals, Polyureas/thioureas",57.68,1.95
*OC1C(COC(=O)Nc2ccccc2)OC(*)C(OC(=O)Nc2ccccc2)C1OC(=O)Nc1ccccc1,217.0,P372660,Polyoxides/ethers/acetals,99.33,3.7
*O[Si](C)(C)O[Si](C)(C)O[Si](C)(C)O[Si](C)(C)O[Si](C)(C)O[Si](C)(C)Oc1c(*)c2ccccc2c2ccccc12,-68.0,P372662,"Polyoxides/ethers/acetals, Polysiloxanes/silanes",69.28,2.2
*O[Si](C)(C)O[Si](C)(C)O[Si](C)(C)O[Si](C)(C)O[Si](C)(C)Oc1c(*)c2ccccc2c2ccccc12,-38.0,P372663,"Polyoxides/ethers/acetals, Polysiloxanes/silanes",74.94,2.5
*O[Si](C)(C)O[Si](C)(C)O[Si](C)(C)O[Si](C)(C)Oc1c(*)c2ccccc2c2ccccc12,-35.0,P372664,"Polyoxides/ethers/acetals, Polysiloxanes/silanes",71.77,2.88
*c1ccc(Oc2ccc(/C=C/c3ccc(Oc4ccc(-c5nnc(*)o5)cc4)cc3)cc2)cc1,215.0,P372665,"Polyoxides/ethers/acetals, Polyimines",128.39,6.05
*c1ccc(Oc2ccc(/C=C/c3ccc(Oc4ccc(-c5nnc(*)o5)cc4)c4ccccc34)cc2)cc1,213.0,P372666,"Polyoxides/ethers/acetals, Polyimines",148.25,6.57
*c1nnc(-c2ccc(Oc3ccc(/C=C/c4ccc(Oc5ccc(*)c6ccccc56)cc4)cc3)c3ccccc23)o1,238.0,P372667,"Polyoxides/ethers/acetals, Polyimines",187.49,7.03
*c1nnc(-c2ccc(Oc3ccc(/C=C/c4ccc(Oc5ccc(*)c6ccccc56)cc4)c4ccccc34)c3ccccc23)o1,241.0,P372668,"Polyoxides/ethers/acetals, Polyimines",202.21,8.04
*CCCCCCOc1ccc(/C=C/c2ccc(O*)cc2)cc1,76.0,P372669,Polyoxides/ethers/acetals,59.18,2.25
*CCCCCCOc1ccc(/C=C/c2ccc(O*)c3ccccc23)cc1,78.0,P372670,Polyoxides/ethers/acetals,77.57,3.59
*Oc1cc(OC(=O)c2ccc(Oc3ccc(C4(c5ccc(Oc6ccc(C(*)=O)cc6)cc5)CCC(C(C)(C)C)CC4)cc3)cc2)ccc1C12CC3CC(CC(C3)C1)C2,180.0,P372672,"Polyoxides/ethers/acetals, Polyesters/thioesters",129.87,5.56
*Oc1ccc(-c2ccc(OC(=O)c3ccc(Oc4ccc(C5(c6ccc(Oc7ccc(C(*)=O)cc7)cc6)CCC(C(C)(C)C)CC5)cc4)cc3)cc2C)c(C)c1,163.0,P372673,"Polyoxides/ethers/acetals, Polyesters/thioesters",155.03,5.59
*Oc1ccc(C2(c3ccc(OC(=O)c4ccc(Oc5ccc(C6(c7ccc(Oc8ccc(C(*)=O)cc8)cc7)CCC(C(C)(C)C)CC6)cc5)cc4)cc3)C3CC4CC(C3)CC2C4)cc1,197.0,P372674,"Polyoxides/ethers/acetals, Polyesters/thioesters",145.63,6.78
*Oc1ccc(C2(c3ccc(Oc4ccc(C(=O)Oc5ccc(C6(c7ccc(OC(=O)c8ccc(*)cc8)cc7)CCC(c7ccccc7)CC6)cc5)cc4)cc3)CCC(C(C)(C)C)CC2)cc1,172.0,P372675,"Polyoxides/ethers/acetals, Polyesters/thioesters",167.62,7.16
*Oc1ccc(C2(c3ccc(OC(=O)c4ccc(Oc5ccc(C6(c7ccc(Oc8ccc(C(*)=O)cc8)cc7)CCC(C(C)(C)C)CC6)cc5)cc4)cc3)CCCCCCCCCCC2)cc1,181.0,P372676,"Polyoxides/ethers/acetals, Polyesters/thioesters",164.24,5.99
*Oc1ccc(C2(c3ccc(Oc4ccc(C(=O)Oc5ccc(C(C)(C)c6ccc(OC(=O)c7ccc(*)cc7)cc6)cc5)cc4)cc3)CCC(C(C)(C)C)CC2)cc1,144.0,P372677,"Polyoxides/ethers/acetals, Polyesters/thioesters",137.89,6.05
*Oc1ccc(C2(c3ccc(Oc4ccc(C(=O)Oc5c(C)cc(C(C)(C)c6cc(C)c(OC(=O)c7ccc(*)cc7)c(C)c6)cc5C)cc4)cc3)CCC(C(C)(C)C)CC2)cc1,176.0,P372678,"Polyoxides/ethers/acetals, Polyesters/thioesters",165.54,5.95
*OC(=O)C(C)NC(=O)CCCCC(=O)NC(C)C(=O)OC1COC2C(*)COC12,56.0,P372679,"Polyoxides/ethers/acetals, Polyesters/thioesters, Polyamides/thioamides",34.46,0.85
*OC(=O)C(C)NC(=O)CCCCCC(=O)NC(C)C(=O)OC1COC2C(*)COC12,45.0,P372680,"Polyoxides/ethers/acetals, Polyesters/thioesters, Polyamides/thioamides",32.4,0.72
*OC(=O)C(C)NC(=O)CCCCCCC(=O)NC(C)C(=O)OC1COC2C(*)COC12,57.0,P372681,"Polyoxides/ethers/acetals, Polyesters/thioesters, Polyamides/thioamides",33.66,0.62
*OC(=O)C(C)NC(=O)CCCCCCCC(=O)NC(C)C(=O)OC1COC2C(*)COC12,46.0,P372682,"Polyoxides/ethers/acetals, Polyesters/thioesters, Polyamides/thioamides",29.52,0.63
*OC(=O)C(C)NC(=O)CCCCCCCCC(=O)NC(C)C(=O)OC1COC2C(*)COC12,57.0,P372683,"Polyoxides/ethers/acetals, Polyesters/thioesters, Polyamides/thioamides",28.83,0.55
*OC(=O)C(C)NC(=O)CCCCCCCCCCC(=O)NC(C)C(=O)OC1COC2C(*)COC12,28.0,P372684,"Polyoxides/ethers/acetals, Polyesters/thioesters, Polyamides/thioamides",23.36,0.37
*OC(=O)CNC(=O)CCCCCCCCC(=O)NCC(=O)OC1COC2C(*)COC12,66.0,P372685,"Polyoxides/ethers/acetals, Polyesters/thioesters, Polyamides/thioamides",30.65,0.64
*OC(=O)CNC(=O)CNC(=O)CCCCCCCCC(=O)NCC(=O)NCC(=O)OC1COC2C(*)COC12,47.0,P372686,"Polyoxides/ethers/acetals, Polyesters/thioesters, Polyamides/thioamides",25.09,0.3
*CCCCCCCCOc1ccc(/C=C/c2cc(OCCCCCCCC)c(/C=C/c3ccc(O*)cc3)cc2OCCCCCCCC)cc1,130.0,P372687,Polyoxides/ethers/acetals,64.52,2.49
*Oc1ccc(/C(=C/c2cc(OC)c(/C=C(/c3ccc(*)cc3)c3ccc(F)cc3)cc2OC)c2ccc(F)cc2)cc1,187.0,P372688,Polyoxides/ethers/acetals,139.14,5.17
*Oc1ccc(/C(=C/c2cc(OC)c(/C=C(/c3ccc(*)cc3)c3ccc(C(F)(F)F)cc3)cc2OC)c2ccc(C(F)(F)F)cc2)cc1,194.0,P372689,Polyoxides/ethers/acetals,152.46,5.93
*Oc1ccc(N(c2ccc(OCCCCCC)cc2)c2ccc(-c3ccc(N(c4ccc(*)cc4)c4ccc(OCCCCCC)cc4)cc3)cc2)cc1,105.0,P372690,"Polyoxides/ethers/acetals, Polyimines",135.06,5.14
*CCCCCCCCCCOc1ccc(N(c2ccccc2)c2ccc(-c3ccc(N(c4ccccc4)c4ccc(O*)cc4)cc3)cc2)cc1,90.0,P372691,"Polyoxides/ethers/acetals, Polyimines",118.2,5.68
*Oc1ccc(C2(c3ccc(OC(=O)c4ccc(Oc5ccc(C6(c7ccc(Oc8ccc(C(*)=O)cc8)cc7)CCC(C(C)(C)C)CC6)cc5)cc4)cc3)CC3CC2C2CCCC32)cc1,181.0,P372696,"Polyoxides/ethers/acetals, Polyesters/thioesters",156.87,6.64
*O[Si](C)(C)O[Si](C)(C)O[Si](C)(C)O[Si](C)(C)O[Si](C)(C)O[Si](C)(C)OC1=C(*)c2cccc3cccc1c23,-93.0,P372703,"Polyoxides/ethers/acetals, Polysiloxanes/silanes",59.06,1.54
*O[Si](C)(C)O[Si](C)(C)O[Si](C)(C)O[Si](C)(C)O[Si](C)(C)OC1=C(*)c2cccc3cccc1c23,-54.0,P372704,"Polyoxides/ethers/acetals, Polysiloxanes/silanes",61.53,1.63
*O[Si](C)(C)O[Si](C)(C)O[Si](C)(C)O[Si](C)(C)OC1=C(*)c2cccc3cccc1c23,-43.0,P372705,"Polyoxides/ethers/acetals, Polysiloxanes/silanes",66.66,1.76
*Oc1ccc(Oc2ccc(NC(=O)c3cccc(C(=O)Nc4ccc(*)cc4)c3)cc2)cc1C(C)(C)C,208.0,P372712,"Polyoxides/ethers/acetals, Polyamides/thioamides",120.38,4.68
*CC(CC)(CO*)COC(=O)C(=C)C,40.0,P372724,Polyoxides/ethers/acetals,27.35,0.9
*O[Si](C)(C)O[Si](C)(C)OC(C)CCC(*)C,-83.0,P372725,"Polyoxides/ethers/acetals, Polysiloxanes/silanes",16.81,0.2
*O[Si](C)(C)O[Si](C)(C)O[Si](C)(C)OC(C)CCC(*)C,-90.0,P372726,"Polyoxides/ethers/acetals, Polysiloxanes/silanes",17.32,0.1
*O[Si](C)(C)O[Si](C)(C)O[Si](C)(C)O[Si](C)(C)OC(C)CCC(*)C,-96.0,P372727,"Polyoxides/ethers/acetals, Polysiloxanes/silanes",17.25,0.1
*O[Si](C)(C)O[Si](C)(C)O[Si](C)(C)O[Si](C)(C)O[Si](C)(C)OC(C)CCC(*)C,-106.0,P372728,"Polyoxides/ethers/acetals, Polysiloxanes/silanes",15.76,0.1
*Oc1ccc(NC(=O)c2ccc(NC(=O)c3ccc([Si](C)(C)c4ccc(C(=O)Nc5ccc(C(=O)Nc6ccc(*)cc6)cc5)cc4)cc3)cc2)cc1,304.0,P372740,"Polyoxides/ethers/acetals, Polyamides/thioamides, Polysiloxanes/silanes",153.97,7.37
*Oc1ccc(N(CC)c2ccc(/C=C(\C#N)C(=O)NC3CCCCC3NC(=O)/C(C#N)=C/c3ccc(N(CC)c4ccc(*)cc4)cc3)cc2)cc1,235.0,P372757,"Polyoxides/ethers/acetals, Polyamides/thioamides, Polyimines",127.63,4.37
*c1ccc(CC(=O)Nc2ccc(Oc3ccc(NC(=O)Cc4ccc(-c5sc(*)c(-c6ccccc6)c5-c5ccccc5)cc4)cc3)cc2)cc1,226.0,P372758,"Polyoxides/ethers/acetals, Polysulfides, Polyamides/thioamides",163.27,6.91
*OC(=O)c1ccc(/N=N/c2ccc(C(=O)OC3COC4C(*)COC34)cc2)cc1,98.0,P372771,"Polyoxides/ethers/acetals, Polyesters/thioesters, Polyimines",85.51,2.61
*OC(=O)CCCCCCCCC(=O)OC1COC2C(*)COC12,3.0,P372775,"Polyoxides/ethers/acetals, Polyesters/thioesters",25.92,0.54
*CC#CC#CCOc1ccc(C(=O)OCCN(CCOC(=O)c2ccc(O*)cc2)c2ccc([N+](=O)[O-])cc2)cc1,100.0,P372784,"Polyoxides/ethers/acetals, Polyesters/thioesters, Polyimines",83.0,3.07
*CC#CC#CCOc1ccc(C(=O)OCCN(CCOC(=O)c2ccc(O*)cc2)c2ccc(/N=N/c3ccc(C#N)cc3)cc2)cc1,121.0,P372785,"Polyoxides/ethers/acetals, Polyesters/thioesters, Polyimines",115.61,3.96
*CC#CC#CCOc1ccc(C(=O)OCCN(CCOC(=O)c2ccc(O*)cc2)c2ccc(/N=N/c3ccc([N+](=O)[O-])cc3)cc2)cc1,100.0,P372786,"Polyoxides/ethers/acetals, Polyesters/thioesters, Polyimines",103.14,3.94
*CC#CC#CCOc1cccc(C(=O)OCCN(CCOC(=O)c2cccc(O*)c2)c2ccc(/N=N/c3ccc(C#N)cc3)cc2)c1,50.0,P372787,"Polyoxides/ethers/acetals, Polyesters/thioesters, Polyimines",90.2,3.57
*CC#CC#CCOc1ccc(C(=O)OCCN(CCOC(=O)c2ccc(O*)cc2)c2ccc(/N=N/c3ccc(/N=N/c4cc(C)c([N+](=O)[O-])c(C)c4)cc3)cc2)cc1,115.0,P372788,"Polyoxides/ethers/acetals, Polyesters/thioesters, Polyimines",124.37,4.73
*CC#CC#CCOc1ccc(C(=O)OCCN(CCOC(=O)c2ccc(O*)cc2)c2ccc(/N=N/c3ccc(/N=N/c4cc(C)c(C#N)c(C)c4)cc3)cc2)cc1,120.0,P372789,"Polyoxides/ethers/acetals, Polyesters/thioesters, Polyimines",121.34,4.82
*Oc1ccc(S(=O)(=O)c2ccc(Oc3ccc(C(=O)c4cc(Br)cc(C(=O)c5ccc(*)cc5)c4)cc3)cc2)cc1,192.0,P372790,"Polyoxides/ethers/acetals, Polyketones/thioketones, Polysulfones/sulfoxides/sufonates/sulfoamides",133.32,5.53
*Oc1ccc(S(=O)(=O)c2ccc(Oc3ccc(C(=O)c4cc(I)cc(C(=O)c5ccc(*)cc5)c4)cc3)cc2)cc1,203.0,P372791,"Polyoxides/ethers/acetals, Polyketones/thioketones, Polysulfones/sulfoxides/sufonates/sulfoamides",137.47,5.34
*Oc1ccc(S(=O)(=O)c2ccc(Oc3ccc(C(=O)c4cc(C(=O)c5ccc(*)cc5)cc(C(C)(C)C)c4)cc3)cc2)cc1,198.0,P372792,"Polyoxides/ethers/acetals, Polyketones/thioketones, Polysulfones/sulfoxides/sufonates/sulfoamides",124.89,5.19
*Oc1ccc(C(c2ccc(Oc3ccc(C(=O)c4cccc(C(=O)c5ccc(*)cc5)c4)cc3)cc2)(C(F)(F)F)C(F)(F)F)cc1,168.1,P372793,"Polyoxides/ethers/acetals, Polyketones/thioketones",148.01,4.87
*Oc1ccc(C(c2ccc(Oc3ccc(C(=O)c4cc(C(=O)c5ccc(*)cc5)cc(C(C)(C)C)c4)cc3)cc2)(C(F)(F)F)C(F)(F)F)cc1,181.0,P372794,"Polyoxides/ethers/acetals, Polyketones/thioketones",145.89,5.23
*c1ccc(C#Cc2cc(OCCCCCCCC)c(C#Cc3ccc(-c4nnc(*)o4)cc3)cc2OCCCCCCCC)cc1,130.0,P372796,"Polyoxides/ethers/acetals, Polyimines",105.87,4.23
*O[Si](C)(C)O[Si](C)(C)OC(C)CCCCC(*)C,-87.0,P372798,"Polyoxides/ethers/acetals, Polysiloxanes/silanes",14.85,0.1
*O[Si](C)(C)O[Si](C)(C)O[Si](C)(C)OC(C)CCCCC(*)C,-94.0,P372799,"Polyoxides/ethers/acetals, Polysiloxanes/silanes",12.89,0.1
*O[Si](C)(C)O[Si](C)(C)O[Si](C)(C)O[Si](C)(C)OC(C)CCCCC(*)C,-98.0,P372800,"Polyoxides/ethers/acetals, Polysiloxanes/silanes",13.75,0.1
*O[Si](C)(C)O[Si](C)(C)O[Si](C)(C)O[Si](C)(C)O[Si](C)(C)OC(C)CCCCC(*)C,-104.0,P372801,"Polyoxides/ethers/acetals, Polysiloxanes/silanes",11.78,0.1
*c1ccc(-c2nnc(*)o2)c(OCC)c1,231.0,P372802,"Polyoxides/ethers/acetals, Polyimines",78.27,3.9
*c1ccc(-c2nnc(*)o2)c(OCCCCC)c1,205.0,P372803,"Polyoxides/ethers/acetals, Polyimines",87.59,3.29
*c1ccc(-c2nnc(*)o2)c(OCCCCCCCC)c1,173.0,P372804,"Polyoxides/ethers/acetals, Polyimines",71.71,3.0
*c1ccc(-c2nnc(*)o2)c(OCCCCCCCCCC)c1,165.0,P372805,"Polyoxides/ethers/acetals, Polyimines",63.18,2.74
*c1ccc(Oc2ccc(C(=O)c3ccc(Oc4ccc(C5(*)c6ccccc6C(=O)N5C)cc4)cc3)cc2)cc1,245.0,P372806,"Polyoxides/ethers/acetals, Polyamides/thioamides, Polyketones/thioketones",149.22,5.62
*CC(OO*)c1ccc(C)cc1,4.6,P372808,Polyoxides/ethers/acetals,47.23,1.65
*CC(OO*)c1ccc(Br)cc1,9.6,P372809,Polyoxides/ethers/acetals,50.13,1.79
*CC(OO*)c1ccc(C(C)(C)C)cc1,19.9,P372810,Polyoxides/ethers/acetals,51.27,1.86
*Oc1cccc(Oc2ccc(C(=O)O)c(C(=O)Nc3ccc(Oc4ccc(-c5ccc(Oc6ccc(NC(=O)c7cc(*)ccc7C(=O)O)cc6)cc5)cc4)cc3)c2)c1,100.0,P372811,"Polyoxides/ethers/acetals, Polyamides/thioamides",156.06,6.19
*CCCC(C)O[Si](C)(C)O*,-81.0,P372812,"Polyoxides/ethers/acetals, Polysiloxanes/silanes",18.8,0.32
*CCC(C)O[Si](C)(C)O*,-88.0,P372813,"Polyoxides/ethers/acetals, Polysiloxanes/silanes",20.14,0.32
*OC(F)(C(=O)N([Li])S(=O)(=O)C(F)(F)C(*)(F)F)C(F)(F)F,67.0,P372814,"Polyoxides/ethers/acetals, Polyamides/thioamides, Polysulfones/sulfoxides/sufonates/sulfoamides",46.96,1.09
*C1OCOC(C(*)(F)F)C1(F)F,125.0,P372826,Polyoxides/ethers/acetals,53.46,1.62
*Oc1ccc(P(=O)(c2ccccc2)c2ccc(Oc3ccc(C(c4ccc(*)cc4)(C(F)(F)F)C(F)(F)F)cc3)cc2)cc1,210.5,P372827,Polyoxides/ethers/acetals,145.84,5.99
*Oc1c(F)c(F)c(Sc2c(F)c(F)c(Oc3ccc(C(c4ccc(*)cc4)(C(F)(F)F)C(F)(F)F)cc3)c(F)c2F)c(F)c1F,141.5,P372828,"Polyoxides/ethers/acetals, Polysulfides",113.63,4.2
*c1ccc(Oc2ccc(S(=O)(=O)c3ccc(Oc4ccc(C5(*)OC(=O)c6ccccc65)cc4C)cc3)cc2)c(C)c1,245.0,P372829,"Polyoxides/ethers/acetals, Polyesters/thioesters, Polysulfones/sulfoxides/sufonates/sulfoamides",132.21,6.33
*c1cc(C)c(Oc2ccc(S(=O)(=O)c3ccc(Oc4cc(C)c(C5(*)OC(=O)c6ccccc65)cc4C)cc3)cc2)cc1C,269.0,P372830,"Polyoxides/ethers/acetals, Polyesters/thioesters, Polysulfones/sulfoxides/sufonates/sulfoamides",137.13,6.48
*c1cc(C(C)C)c(Oc2ccc(S(=O)(=O)c3ccc(Oc4cc(C)c(C5(*)OC(=O)c6ccccc65)cc4C(C)C)cc3)cc2)cc1C,230.0,P372831,"Polyoxides/ethers/acetals, Polyesters/thioesters, Polysulfones/sulfoxides/sufonates/sulfoamides",143.11,5.16
*Oc1ccc(S(=O)(=O)c2ccc(Oc3cc(C)c(C(c4cc(C(C)C)c(*)cc4C)c4ccccc4C(=O)O)cc3C(C)C)cc2)cc1,240.0,P372832,"Polyoxides/ethers/acetals, Polysulfones/sulfoxides/sufonates/sulfoamides",137.01,5.4
*Oc1ccc(S(=O)(=O)c2ccc(Oc3ccc(C(c4ccc(*)cc4)c4ccccc4C(=O)O)cc3)cc2)cc1,223.0,P372833,"Polyoxides/ethers/acetals, Polysulfones/sulfoxides/sufonates/sulfoamides",129.79,5.36
*Oc1cccc(N(c2ccccc2)c2ccc(-c3ccc(N(c4ccccc4)c4cccc(OC(=O)OCCOCCOC(*)=O)c4)cc3)cc2)c1,113.0,P372836,"Polyoxides/ethers/acetals, Polycarbonates/thiocarbonates, Polyimines",146.12,5.76
*Oc1cccc(N(c2ccccc2)c2ccc(-c3ccc(N(c4ccc(/N=N/c5ccc([N+](=O)[O-])cc5)cc4)c4cccc(OC(=O)OCCOCCOC(*)=O)c4)cc3)cc2)c1,111.0,P372837,"Polyoxides/ethers/acetals, Polycarbonates/thiocarbonates, Polyimines",147.92,6.36
*C1OCCCC1C1C(=O)OC(=O)C1*,210.0,P372842,"Polyoxides/ethers/acetals, Polyanhydrides/thioanhydrides",57.81,2.18
*OC1C(COC(C)=O)OC(*)C(OC(C)=O)C1O,202.0,P372848,Polyoxides/ethers/acetals,50.11,1.81
*Oc1ccc(-c2ccc(Oc3ccc(C(=O)c4ccc(C(=O)c5ccc(*)cc5)cc4)cc3)cc2)cc1,173.0,P372852,"Polyoxides/ethers/acetals, Polyketones/thioketones",124.41,5.3
*Oc1ccc(OC(=O)c2ccc(Oc3ccc(C(*)=O)cc3)cc2)c2ccccc12,166.0,P372854,"Polyoxides/ethers/acetals, Polyesters/thioesters",117.34,5.05
*Oc1cccc2c(OC(=O)c3ccc(Oc4ccc(C(*)=O)cc4)cc3)cccc12,171.0,P372855,"Polyoxides/ethers/acetals, Polyesters/thioesters",113.55,4.75
*Oc1cccc2cc(OC(=O)c3ccc(Oc4ccc(C(*)=O)cc4)cc3)ccc12,179.0,P372856,"Polyoxides/ethers/acetals, Polyesters/thioesters",124.12,4.8
*Oc1cc2ccccc2cc1OC(=O)c1ccc(Oc2ccc(C(*)=O)cc2)cc1,148.0,P372857,"Polyoxides/ethers/acetals, Polyesters/thioesters",111.26,4.72
*Oc1ccc2cc(OC(=O)c3ccc(Oc4ccc(C(*)=O)cc4)cc3)ccc2c1,145.0,P372858,"Polyoxides/ethers/acetals, Polyesters/thioesters",102.37,4.21
*Oc1ccc2ccc(OC(=O)c3ccc(Oc4ccc(C(*)=O)cc4)cc3)cc2c1,142.0,P372859,"Polyoxides/ethers/acetals, Polyesters/thioesters",110.96,4.34
*c1ccc(OCCCCCCCCCCCOC(=O)c2cccc(C(=O)OCCCCCCCCCCCOc3ccc(-c4nnc(*)s4)cc3)c2)cc1,68.0,P372862,"Polyoxides/ethers/acetals, Polysulfides, Polyesters/thioesters, Polyimines",72.99,2.95
*c1ccc(OCCCCCCCCCCCOC(=O)c2ccc(C(=O)OCCCCCCCCCCCOc3ccc(-c4nnc(*)s4)cc3)cc2)cc1,64.0,P372863,"Polyoxides/ethers/acetals, Polysulfides, Polyesters/thioesters, Polyimines",74.77,3.31
*c1ccc(OCCCCCCCCCCCOC(=O)CCCCC(=O)OCCCCCCCCCCCOc2ccc(-c3nnc(*)s3)cc2)cc1,69.0,P372864,"Polyoxides/ethers/acetals, Polysulfides, Polyesters/thioesters, Polyimines",51.68,2.08
*c1ccc(OCCCCCCCCCCCOC(=O)CCCCCCCCC(=O)OCCCCCCCCCCCOc2ccc(-c3nnc(*)s3)cc2)cc1,52.0,P372865,"Polyoxides/ethers/acetals, Polysulfides, Polyesters/thioesters, Polyimines",45.29,1.81
*c1ccc(OCCCCCCCCCCCOC(=O)c2cccc(C(=O)OCCCCCCCCCCCOc3cccc(-c4nnc(*)s4)c3)c2)cc1,39.0,P372866,"Polyoxides/ethers/acetals, Polysulfides, Polyesters/thioesters, Polyimines",79.3,2.98
*c1ccc(OCCCCCCCCCCCOC(=O)c2ccc(C(=O)OCCCCCCCCCCCOc3cccc(-c4nnc(*)s4)c3)cc2)cc1,35.0,P372867,"Polyoxides/ethers/acetals, Polysulfides, Polyesters/thioesters, Polyimines",74.04,2.68
*c1cccc(OCCCCCCCCCCCOC(=O)c2cccc(C(=O)OCCCCCCCCCCCOc3cccc(-c4nnc(*)s4)c3)c2)c1,15.0,P372870,"Polyoxides/ethers/acetals, Polysulfides, Polyesters/thioesters, Polyimines",74.33,2.6
*c1cccc(OCCCCCCCCCCCOC(=O)c2ccc(C(=O)OCCCCCCCCCCCOc3cccc(-c4nnc(*)s4)c3)cc2)c1,22.0,P372871,"Polyoxides/ethers/acetals, Polysulfides, Polyesters/thioesters, Polyimines",71.31,3.06
*Oc1ccc(C(C)(C)C)cc1Oc1ccc(S(=O)(=O)c2ccc(*)cc2)cc1,182.0,P372874,"Polyoxides/ethers/acetals, Polysulfones/sulfoxides/sufonates/sulfoamides",106.1,3.82
*Oc1ccc(C(C)(C)C)cc1Oc1ccc(S(=O)(=O)c2ccc(*)cc2)cc1,182.0,P374138,"Polyoxides/ethers/acetals, Polysulfones/sulfoxides/sufonates/sulfoamides",103.84,4.29
*Oc1ccc(Oc2ccc(C(=O)c3ccc(C(=O)c4ccc(*)cc4)cc3)cc2)cc1-c1ccc(Cl)c(C(F)(F)F)c1,147.0,P372875,"Polyoxides/ethers/acetals, Polyketones/thioketones",122.71,5.06
*CC(O)COC(=O)/C=C/C(=O)Oc1ccc(C(C)(C)c2ccc(O*)cc2)cc1,32.0,P372876,"Polyoxides/ethers/acetals, Polyesters/thioesters",66.09,2.25
*CCCCCCCCOc1ccc(C(C)(C)c2ccc(O*)cc2)cc1,19.6,P372877,Polyoxides/ethers/acetals,58.84,1.96
*CCCCCCCCOc1ccc(C(c2ccc(O*)cc2)(C(F)(F)F)C(F)(F)F)cc1,27.8,P372878,Polyoxides/ethers/acetals,63.3,2.12
*Oc1ccc(C(=O)NNC(=O)c2ccc(*)cc2)cc1,263.0,P372879,"Polyoxides/ethers/acetals, Polyamides/thioamides",84.03,3.8
*CCOCCOCCOCCOC(=O)Nc1ccc(Cc2ccc(NC(=O)O*)cc2)cc1,37.0,P372928,"Polyoxides/ethers/acetals, Polyurethanes/thiourethanes",59.67,2.06
*CCCCCCOC(=O)C(CCCCCBr)C(=O)OCCCCCCOc1ccc(-n2on2-c2ccc(O*)cc2)cc1,7.0,P372933,"Polyoxides/ethers/acetals, Polyesters/thioesters, Polyimines",65.8,2.24
*CCCCCCOC(=O)C(CCCCCCCCCCBr)C(=O)OCCCCCCOc1ccc(-n2on2-c2ccc(O*)cc2)cc1,16.0,P372934,"Polyoxides/ethers/acetals, Polyesters/thioesters, Polyimines",58.82,2.13
*CCCCCCOC(=O)C(CCCCP(=O)(OCC)OCC)C(=O)OCCCCCCOc1ccc(-n2on2-c2ccc(O*)cc2)cc1,4.0,P372935,"Polyoxides/ethers/acetals, Polyesters/thioesters, Polyimines",55.24,1.88
*CCCCCCOC(=O)C(CCCCP(=O)(O)O)C(=O)OCCCCCCOc1ccc(-n2on2-c2ccc(O*)cc2)cc1,19.0,P372936,"Polyoxides/ethers/acetals, Polyesters/thioesters, Polyimines",56.11,2.15
*CCCCCCOC(=O)C(CCCCCP(=O)(OCC)OCC)C(=O)OCCCCCCOc1ccc(-n2on2-c2ccc(O*)cc2)cc1,7.0,P372937,"Polyoxides/ethers/acetals, Polyesters/thioesters, Polyimines",58.04,2.05
*CCCCCCOC(=O)C(CCCCCP(=O)(O)O)C(=O)OCCCCCCOc1ccc(-n2on2-c2ccc(O*)cc2)cc1,17.0,P372938,"Polyoxides/ethers/acetals, Polyesters/thioesters, Polyimines",62.31,2.43
*CCCCCCOC(=O)C(CCCCCCP(=O)(OCC)OCC)C(=O)OCCCCCCOc1ccc(-n2on2-c2ccc(O*)cc2)cc1,9.0,P372939,"Polyoxides/ethers/acetals, Polyesters/thioesters, Polyimines",47.72,1.86
*CCCCCCOC(=O)C(CCCCCCP(=O)(O)O)C(=O)OCCCCCCOc1ccc(-n2on2-c2ccc(O*)cc2)cc1,21.0,P372940,"Polyoxides/ethers/acetals, Polyesters/thioesters, Polyimines",54.35,2.23
*CCCCCCOC(=O)C(CCCCCCCCCCP(=O)(OCC)OCC)C(=O)OCCCCCCOc1ccc(-n2on2-c2ccc(O*)cc2)cc1,9.0,P372941,"Polyoxides/ethers/acetals, Polyesters/thioesters, Polyimines",48.6,1.72
*CCCCCCOC(=O)C(CCCCCCCCCCP(=O)(O)O)C(=O)OCCCCCCOc1ccc(-n2on2-c2ccc(O*)cc2)cc1,16.0,P372942,"Polyoxides/ethers/acetals, Polyesters/thioesters, Polyimines",52.03,1.88
*CCCCCCOC(=O)CC(=O)OCCCCCCOc1ccc(-n2on2-c2ccc(O*)cc2)cc1,16.0,P372943,"Polyoxides/ethers/acetals, Polyesters/thioesters, Polyimines",68.39,2.28
*CCCCCCOC(=O)C(C(=O)OCCCCCCOc1ccc(-n2on2-c2ccc(O*)cc2)cc1)c1ccccc1,23.0,P372944,"Polyoxides/ethers/acetals, Polyesters/thioesters, Polyimines",79.66,3.33
*CCOCCOCCOc1ccc(/C=C/c2ccc(/C=C/c3ccc(O*)c4ccccc34)cc2)c2ccccc12,83.5,P372971,Polyoxides/ethers/acetals,116.7,4.51
*CCOCCOCCOc1ccc(/C=C/c2cc(OC)c(/C=C/c3ccc(O*)c4ccccc34)cc2OC)c2ccccc12,79.5,P372972,Polyoxides/ethers/acetals,112.22,5.02
*O[Si](C)(C)OC(CCl)COc1ccc(C(C)(C)c2ccc(OCC(*)CCl)cc2)cc1,24.0,P372973,"Polyoxides/ethers/acetals, Polysiloxanes/silanes",54.32,2.17
*O[Si](C)(C)CCCC(=O)Oc1ccc(/C=N/c2ccc(Oc3ccc(/N=C/c4ccc(OC(=O)CCC[Si](*)(C)C)cc4)cc3)cc2)cc1,52.0,P372974,"Polyoxides/ethers/acetals, Polyesters/thioesters, Polyimines, Polysiloxanes/silanes",96.56,3.62
*CCCCCCOc1ccc(N(c2ccccc2)c2ccc(-c3ccc(N(c4ccccc4)c4ccc(O*)cc4)cc3)cc2)cc1,85.0,P372975,"Polyoxides/ethers/acetals, Polyimines",132.8,5.3
*CCCCCCCCCCCCOc1ccc(N(c2ccccc2)c2ccc(-c3ccc(N(c4ccccc4)c4ccc(O*)cc4)cc3)cc2)cc1,42.5,P372976,"Polyoxides/ethers/acetals, Polyimines",115.8,5.18
*CCOP(=O)(/N=N/c1ccc(COC(=O)c2cc(C(=O)OCc3ccc(/N=N/P(=O)(O*)OC)cc3)cc(C(C)(C)C)c2)cc1)OC,105.0,P372977,"Polyoxides/ethers/acetals, Polyesters/thioesters, Polyimines, Polyurethanes/thiourethanes",89.12,3.24
*CCOP(=O)(/N=N/c1ccc(CCOC(=O)c2cc(C(=O)OCCc3ccc(/N=N/P(=O)(O*)OC)cc3)cc(C(C)(C)C)c2)cc1)OC,84.0,P372978,"Polyoxides/ethers/acetals, Polyesters/thioesters, Polyimines, Polyurethanes/thiourethanes",79.27,2.64
*CCCCCCOP(=O)(/N=N/c1ccc(COC(=O)c2cc(C(=O)OCc3ccc(/N=N/P(=O)(O*)OC)cc3)cc(C(C)(C)C)c2)cc1)OC,62.0,P372979,"Polyoxides/ethers/acetals, Polyesters/thioesters, Polyimines",72.61,2.87
*CCCCCCOP(=O)(/N=N/c1ccc(CCOC(=O)c2cc(C(=O)OCCc3ccc(/N=N/P(=O)(O*)OC)cc3)cc(C(C)(C)C)c2)cc1)OC,47.0,P372980,"Polyoxides/ethers/acetals, Polyesters/thioesters, Polyimines",72.27,2.34
*Oc1ccc(NC(=O)c2cc(NC(=O)CCN3C(=O)c4ccccc4C3=O)cc(C(=O)Nc3ccc(*)cc3)c2)cc1,240.0,P373017,"Polyoxides/ethers/acetals, Polyamides/thioamides",125.15,4.66
*Oc1ccc(NC(=O)c2cc(NC(=O)CCCN3C(=O)c4ccccc4C3=O)cc(C(=O)Nc3ccc(*)cc3)c2)cc1,225.0,P373018,"Polyoxides/ethers/acetals, Polyamides/thioamides",121.6,4.67
*Oc1ccc(NC(=O)c2cc(NC(=O)CCCCCN3C(=O)c4ccccc4C3=O)cc(C(=O)Nc3ccc(*)cc3)c2)cc1,200.0,P373019,"Polyoxides/ethers/acetals, Polyamides/thioamides",120.39,4.64
*Oc1ccc(NC(=O)c2cc(NC(=O)CCCCCCCCCCN3C(=O)c4ccccc4C3=O)cc(C(=O)Nc3ccc(*)cc3)c2)cc1,160.0,P373020,"Polyoxides/ethers/acetals, Polyamides/thioamides",107.3,4.44
*Oc1ccc(S(=O)(=O)c2ccc(Oc3c(C)cc(C(C)(C)c4cc(C)c(*)c(C)c4Br)c(Br)c3C)cc2)cc1,275.4,P373021,"Polyoxides/ethers/acetals, Polysulfones/sulfoxides/sufonates/sulfoamides",137.1,5.71
*Oc1ccc(S(=O)(=O)c2ccc(Oc3c(C)cc(-c4cc(C)c(*)c(C)c4Br)c(Br)c3C)cc2)cc1,298.2,P373022,"Polyoxides/ethers/acetals, Polysulfones/sulfoxides/sufonates/sulfoamides",126.36,5.49
*Oc1ccc(C(=O)Nc2ccc(C(c3ccc(NC(=O)c4ccc(*)cc4)cc3)(P3(=O)Oc4ccccc4-c4ccccc43)P3(=O)Oc4ccccc4-c4ccccc43)cc2)cc1,243.0,P373026,"Polyoxides/ethers/acetals, Polyamides/thioamides",185.21,7.72
*CCCCCCCCCCCOC(=O)c1cc(OCCCCCCCCOc2ccc(/N=N/c3ccc(OC)cc3)cc2)cc(C(=O)OCCCCCCCCCCCOc2ccc(-c3ccc(O*)cc3)cc2)c1,60.0,P373038,"Polyoxides/ethers/acetals, Polyesters/thioesters",84.46,3.39
*CCCCCCCCCCCOC(=O)c1cc(OCCCCCCCCCCOc2ccc(/N=N/c3ccc(OC)cc3)cc2)cc(C(=O)OCCCCCCCCCCCOc2ccc(-c3ccc(O*)cc3)cc2)c1,53.0,P373040,"Polyoxides/ethers/acetals, Polyesters/thioesters",79.4,2.8
*Oc1ccc2cc(Oc3ccc(C(=O)c4ccc(*)cc4)cc3)ccc2c1,247.0,P373055,"Polyoxides/ethers/acetals, Polyketones/thioketones",114.9,4.86
*N=P1(*)Oc2ccc3ccccc3c2-c2c(ccc3ccccc23)O1,291.0,P373062,"Polyoxides/ethers/acetals, Polyphosphazenes, Polyimines",137.52,5.44
*Oc1cccc2c(OC3(F)C(*)(F)C(F)(F)C3(F)F)cccc12,138.0,P373063,Polyoxides/ethers/acetals,87.02,3.24
*Oc1ccc(OC2(F)C(*)(F)C(F)(F)C2(F)F)cc1,41.0,P373064,Polyoxides/ethers/acetals,53.99,1.75
*Oc1ccc(SSc2ccc(*)cc2)cc1,76.8,P373065,"Polyoxides/ethers/acetals, Polysulfides",76.19,2.76
*Oc1ccc(-c2ccc(Oc3ccc4ccccc4c3-c3c(*)ccc4ccccc34)c3ccccc23)c2ccccc12,301.0,P373066,Polyoxides/ethers/acetals,185.85,8.02
*c1ccc(Oc2ccc(-c3cc(OCCCCCC)c(-c4ccc(Oc5ccc(-c6nnc(*)o6)cc5)cc4)cc3OCCCCCC)cc2)cc1,103.0,P373068,"Polyoxides/ethers/acetals, Polyimines",120.74,4.92
*Oc1ccc(S(=O)(=O)c2ccc(Oc3ccc(C(c4ccc(*)c(Br)c4)(C(F)(F)F)C(F)(F)F)cc3Br)cc2)cc1,197.5,P373094,"Polyoxides/ethers/acetals, Polysulfones/sulfoxides/sufonates/sulfoamides",121.78,5.01
*Oc1ccc(S(=O)(=O)c2ccc(Oc3ccc(C(c4ccc(*)c([Si](C)(C)C)c4)(C(F)(F)F)C(F)(F)F)cc3[Si](C)(C)C)cc2)cc1,168.6,P373095,"Polyoxides/ethers/acetals, Polysulfones/sulfoxides/sufonates/sulfoamides",128.19,4.45
*Oc1ccc(S(=O)(=O)c2ccc(Oc3ccc(C(c4ccc(*)cc4)(C(F)(F)F)C(F)(F)F)cc3)cc2[Si](C)(C)C)c([Si](C)(C)C)c1,172.0,P373096,"Polyoxides/ethers/acetals, Polysulfones/sulfoxides/sufonates/sulfoamides",127.89,4.89
*Oc1ccc(S(=O)(=O)c2ccc(Oc3ccc(C(c4ccc(*)c([Si](C)(C)C)c4)(C(F)(F)F)C(F)(F)F)cc3[Si](C)(C)C)cc2[Si](C)(C)C)c([Si](C)(C)C)c1,148.9,P373097,"Polyoxides/ethers/acetals, Polysulfones/sulfoxides/sufonates/sulfoamides",124.11,4.42
*Oc1ccc(S(=O)(=O)c2ccc(Oc3c(C)cc(C(c4cc(C)c(*)c(C)c4)(C(F)(F)F)C(F)(F)F)cc3C)c(Br)c2)cc1Br,230.8,P373098,"Polyoxides/ethers/acetals, Polysulfones/sulfoxides/sufonates/sulfoamides",140.88,5.41
*Oc1ccc(S(=O)(=O)c2ccc(Oc3c(C)cc(C(c4cc(C)c(*)c(C)c4)(C(F)(F)F)C(F)(F)F)cc3C)cc2[Si](C)(C)C)c([Si](C)(C)C)c1,197.0,P373099,"Polyoxides/ethers/acetals, Polysulfones/sulfoxides/sufonates/sulfoamides",131.39,4.79
*Oc1ccc(Oc2ccc(/C=N/CC/N=C/c3ccc(*)cc3)cc2)cc1,101.0,P373100,"Polyoxides/ethers/acetals, Polyimines",77.84,3.42
*Oc1ccc(Oc2ccc(/C=N/CCCC/N=C/c3ccc(*)cc3)cc2)cc1,105.0,P373101,"Polyoxides/ethers/acetals, Polyimines",82.4,3.38
*Oc1ccc(Oc2ccc(/C=N/CCCCCC/N=C/c3ccc(*)cc3)cc2)cc1,111.0,P373102,"Polyoxides/ethers/acetals, Polyimines",76.7,3.5
*Oc1ccc(Oc2ccc(/C=N/CCCCCCCCCC/N=C/c3ccc(*)cc3)cc2)cc1,108.0,P373103,"Polyoxides/ethers/acetals, Polyimines",77.75,3.03
*Oc1ccc(Oc2ccc(/C=N/CCCCCCCCCCCC/N=C/c3ccc(*)cc3)cc2)cc1,118.0,P373104,"Polyoxides/ethers/acetals, Polyimines",77.54,3.06
*Oc1ccc(Oc2ccc(/C=N/c3ccc(/N=C/c4ccc(*)cc4)cc3)cc2)cc1,117.0,P373105,"Polyoxides/ethers/acetals, Polyimines",109.43,4.36
*Oc1ccc(Oc2ccc(/C=N/c3ccc(Oc4ccc(/N=C/c5ccc(*)cc5)cc4)cc3)cc2)cc1,120.0,P373106,"Polyoxides/ethers/acetals, Polyimines",120.66,5.56
*OP(=O)(Oc1ccc(*)cc1)OC1CCCCC1,108.0,P373120,Polyoxides/ethers/acetals,59.25,2.18
*OP(=O)(Oc1ccc(C(C)(C)c2ccc(*)cc2)cc1)OC1CCCCC1,86.0,P373121,Polyoxides/ethers/acetals,68.7,2.72
*OP(=O)(Oc1ccc(-c2ccc(*)cc2)cc1)OC1CCCCC1,116.0,P373122,Polyoxides/ethers/acetals,83.19,3.15
*OP(=O)(Oc1cccc2c(*)cccc12)OC1CCCCC1,134.0,P373123,Polyoxides/ethers/acetals,74.16,2.87
*OP(=O)(Oc1ccc(S(=O)(=O)c2ccc(*)cc2)cc1)OC1CCCCC1,120.0,P373124,"Polyoxides/ethers/acetals, Polysulfones/sulfoxides/sufonates/sulfoamides",71.13,2.95
*OP(=O)(Oc1ccccc1)Oc1ccc(*)cc1,97.0,P373125,Polyoxides/ethers/acetals,66.67,2.75
*OP(=O)(Oc1ccccc1)Oc1ccc(-c2ccc(*)cc2)cc1,112.0,P373126,Polyoxides/ethers/acetals,81.49,3.62
*OP(=O)(Oc1ccccc1)Oc1cccc2c(*)cccc12,138.0,P373127,Polyoxides/ethers/acetals,98.67,3.65
*SCC(=O)N/N=C/c1ccc(OCCCCCCCCCCOc2ccc(/C=N/NC(=O)CSc3nnc(*)s3)cc2)cc1,117.0,P373138,"Polyoxides/ethers/acetals, Polysulfides, Polyamides/thioamides, Polyimines",70.44,3.01
*SCC(=O)N/N=C/c1ccc(OCCCCCCCCCCOc2ccc(/C=N/NC(=O)CSc3nnc(*)s3)cc2OC)c(OC)c1,156.0,P373142,"Polyoxides/ethers/acetals, Polysulfides, Polyamides/thioamides, Polyimines",70.31,2.95
*c1ccc(Oc2ccc(P(=O)(c3ccccc3)c3ccc(Oc4ccc(-c5ccc(*)nc5)cc4)cc3)cc2)cc1,257.0,P373149,"Polyoxides/ethers/acetals, Polyimines",160.03,7.13
*Oc1c(F)c(F)c(-c2c(F)c(F)c(Oc3ccc(Cc4ccc(*)c(C=O)c4)cc3C=O)c(F)c2F)c(F)c1F,198.0,P373150,Polyoxides/ethers/acetals,125.81,4.72
*CC(O)COC(=O)CCCCC(=O)OCC(O)COc1ccc(/C=C(\C)c2ccc(O*)cc2)cc1,33.0,P373156,"Polyoxides/ethers/acetals, Polyesters/thioesters",59.8,1.81
*CC(O)COC(=O)CCCCCCCCC(=O)OCC(O)COc1ccc(/C=C(\C)c2ccc(O*)cc2)cc1,30.0,P373157,"Polyoxides/ethers/acetals, Polyesters/thioesters",45.99,1.92
*CC(O)COC(=O)CCCCC(=O)OCC(O)COc1ccc(C(=O)Oc2ccc(O*)cc2)cc1,37.0,P373158,"Polyoxides/ethers/acetals, Polyesters/thioesters",60.42,1.94
*CC(O)COC(=O)CCCCCCCCC(=O)OCC(O)COc1ccc(C(=O)Oc2ccc(O*)cc2)cc1,36.0,P373159,"Polyoxides/ethers/acetals, Polyesters/thioesters",48.79,1.85
*CC(C)(CO*)COCCC#N,-52.0,P373160,Polyoxides/ethers/acetals,19.21,0.36
*CC(C)(CO*)COCCOCCOCCOC,-18.0,P373161,Polyoxides/ethers/acetals,11.41,0.22
*Oc1ccc(S(=O)(=O)c2ccc(Oc3ccc(C(C)(CCC(=O)O)c4ccc(*)cc4)cc3)cc2)cc1,163.0,P373162,"Polyoxides/ethers/acetals, Polysulfones/sulfoxides/sufonates/sulfoamides",114.93,4.57
*c1ccc(C(=O)c2ccc(C(=O)c3ccc(Oc4ccc(-c5nn(*)c(=O)c6ccccc56)c(F)c4)cc3)cc2)cc1,287.0,P373173,"Polyoxides/ethers/acetals, Polyamides/thioamides, Polyimines, Polyketones/thioketones",146.53,6.5
*c1ccc(C(=O)c2ccc(Oc3ccc(-c4nn(*)c(=O)c5ccccc45)c(F)c3)cc2)cc1,253.0,P373174,"Polyoxides/ethers/acetals, Polyamides/thioamides, Polyimines, Polyketones/thioketones",150.72,5.64
*c1ccc(S(=O)(=O)c2ccc(Oc3ccc(-c4nn(*)c(=O)c5ccccc45)c(F)c3)cc2)cc1,283.0,P373175,"Polyoxides/ethers/acetals, Polyamides/thioamides, Polyimines, Polysulfones/sulfoxides/sufonates/sulfoamides",161.02,6.04
*c1c(F)c(F)c(-c2c(F)c(F)c(Oc3ccc(-c4nn(*)c(=O)c5ccccc45)c(F)c3)c(F)c2F)c(F)c1F,253.0,P373176,"Polyoxides/ethers/acetals, Polyamides/thioamides, Polyimines",161.39,5.56
*CCOC(=O)Nc1ccc(Cc2ccc(NC(=O)OCCOc3ccc(C4(c5ccc(O*)cc5)c5ccccc5-c5ccccc54)cc3)cc2)cc1,152.0,P373184,"Polyoxides/ethers/acetals, Polyurethanes/thiourethanes",136.72,5.61
*CCOC(=O)Nc1ccc(C)c(NC(=O)OCCOc2ccc(C3(c4ccc(O*)cc4)c4ccccc4-c4ccccc43)cc2)c1,175.0,P373185,"Polyoxides/ethers/acetals, Polyurethanes/thiourethanes",118.86,5.64
*CCOC(=O)NCCCCCCNC(=O)OCCOc1ccc(C2(c3ccc(O*)cc3)c3ccccc3-c3ccccc32)cc1,61.0,P373186,"Polyoxides/ethers/acetals, Polyurethanes/thiourethanes",102.05,3.52
*CCOC(=O)NC1CCC(CC2CCC(NC(=O)OCCOc3ccc(C4(c5ccc(O*)cc5)c5ccccc5-c5ccccc54)cc3)CC2)CC1,140.0,P373187,"Polyoxides/ethers/acetals, Polyurethanes/thiourethanes",119.5,4.43
*CCOC(=O)C1CCC(C(=O)OCCOc2ccc(C3(c4ccc(O*)cc4)c4ccccc4-c4ccccc43)cc2)CC1,120.05,P373188,"Polyoxides/ethers/acetals, Polyesters/thioesters",105.08,4.1
*CCOC(=O)Nc1ccc(Cc2ccc(NC(=O)OCCOc3ccc(C(C)(C)c4ccc(O*)cc4)cc3)cc2)cc1,127.0,P373189,"Polyoxides/ethers/acetals, Polyurethanes/thiourethanes",105.81,3.8
*CCOC(=O)C1CCC(C(=O)OCCOc2ccc(C(C)(C)c3ccc(O*)cc3)cc2)CC1,57.0,P373190,"Polyoxides/ethers/acetals, Polyesters/thioesters",70.7,2.17
*Oc1ccc(C(=O)Nc2cc(NC(=O)c3ccc(*)cc3)cc(C(=O)OCCOC(=O)/C=C/c3ccc(N(C)C)cc3)c2)cc1,182.0,P373191,"Polyoxides/ethers/acetals, Polyamides/thioamides",118.97,4.83
*OC(=O)OCCCCCCOC(=O)OC1COC2C(*)COC12,27.5,P373192,"Polyoxides/ethers/acetals, Polycarbonates/thiocarbonates",35.44,0.79
*Oc1ccc(S(=O)(=O)c2ccc(OC3(F)C(*)(F)C(F)(F)C3(F)F)cc2)cc1,162.2,P373193,"Polyoxides/ethers/acetals, Polysulfones/sulfoxides/sufonates/sulfoamides",83.78,3.37
*OC(=O)OCC(OC)C(COC(=O)OC1COC2C(*)COC12)OC,61.0,P373194,"Polyoxides/ethers/acetals, Polycarbonates/thiocarbonates",40.48,0.83
*OC(=O)OCC(O)C(O)COC(=O)OC1COC2C(*)COC12,78.5,P373195,"Polyoxides/ethers/acetals, Polycarbonates/thiocarbonates",42.2,1.06
*OC(=O)OCC1OC(C)(C)OC1COC(=O)OC1COC2C(*)COC12,95.5,P373206,"Polyoxides/ethers/acetals, Polycarbonates/thiocarbonates",52.07,1.21
*=Nc1ccc(C(C)(C)c2ccc(C(C)(C)c3ccc(/N=C4/OC(=O)c5ccc(Oc6ccc7c(c6)C(=O)OC7=*)cc54)cc3)cc2)cc1,249.0,P373220,"Polyoxides/ethers/acetals, Polyesters/thioesters, Polyimines",157.42,5.91
*Oc1ccc(C(=O)Nc2ccc(S(=O)(=O)c3ccc(NC(=O)c4ccc(Oc5nc(*)nc(Sc6ccccc6)n5)cc4)cc3)cc2)cc1,310.0,P373222,"Polyoxides/ethers/acetals, Polyamides/thioamides, Polyimines, Polysulfones/sulfoxides/sufonates/sulfoamides",178.26,7.03
*Oc1ccc(C(=O)Nc2ccc(Cc3ccc(NC(=O)c4ccc(Oc5nc(*)nc(Sc6ccccc6)n5)cc4)cc3)cc2)cc1,302.0,P373224,"Polyoxides/ethers/acetals, Polyamides/thioamides, Polyimines",168.65,6.99
*Oc1cccc(C(=O)Nc2ccc(-c3ccc(NC(=O)c4cccc(Oc5nc(*)nc(Sc6ccccc6)n5)c4)cc3)cc2)c1,279.0,P373225,"Polyoxides/ethers/acetals, Polyamides/thioamides, Polyimines",152.43,7.19
*Oc1cccc(C(=O)Nc2ccc(S(=O)(=O)c3ccc(NC(=O)c4cccc(Oc5nc(*)nc(Sc6ccccc6)n5)c4)cc3)cc2)c1,304.0,P373226,"Polyoxides/ethers/acetals, Polyamides/thioamides, Polyimines, Polysulfones/sulfoxides/sufonates/sulfoamides",164.17,7.43
*C(F)(F)C1(*)OC(F)(F)C(F)(C(F)(F)F)O1,133.6,P373231,Polyoxides/ethers/acetals,50.82,1.57
*C(F)(F)C1(*)OC(F)(F)C(F)(C(F)(F)F)O1,133.6,P373386,Polyoxides/ethers/acetals,55.91,1.73
*Oc1ccc(C(=O)Nc2cc(NC(=O)c3ccc(*)cc3)cc(-c3nc4ccccc4[nH]3)c2)cc1,335.0,P373235,"Polyoxides/ethers/acetals, Polyamides/thioamides",148.94,6.73
*CCOc1ccc(C(=O)Nc2cc(NC(=O)c3ccc(O*)cc3)cc(-c3nc4ccccc4[nH]3)c2)cc1,275.0,P373236,"Polyoxides/ethers/acetals, Polyamides/thioamides",125.15,5.53
*CCOCCOc1ccc(C(=O)Nc2cc(NC(=O)c3ccc(O*)cc3)cc(-c3nc4ccccc4[nH]3)c2)cc1,230.0,P373237,"Polyoxides/ethers/acetals, Polyamides/thioamides",121.37,5.6
*CCOCCOCCOc1ccc(C(=O)Nc2cc(NC(=O)c3ccc(O*)cc3)cc(-c3nc4ccccc4[nH]3)c2)cc1,165.0,P373238,"Polyoxides/ethers/acetals, Polyamides/thioamides",126.87,4.59
*CCOCCOCCOCCOc1ccc(C(=O)Nc2cc(NC(=O)c3ccc(O*)cc3)cc(-c3nc4ccccc4[nH]3)c2)cc1,163.0,P373239,"Polyoxides/ethers/acetals, Polyamides/thioamides",123.89,4.6
*CCOCCOCCOCCOCCOc1ccc(C(=O)Nc2cc(NC(=O)c3ccc(O*)cc3)cc(-c3nc4ccccc4[nH]3)c2)cc1,145.0,P373240,"Polyoxides/ethers/acetals, Polyamides/thioamides",103.01,4.54
*CCOCCOCCOCCOCCOCCOc1ccc(C(=O)Nc2cc(NC(=O)c3ccc(O*)cc3)cc(-c3nc4ccccc4[nH]3)c2)cc1,125.0,P373241,"Polyoxides/ethers/acetals, Polyamides/thioamides",103.97,4.53
*Oc1ccc(Oc2ccc(C(=O)c3cccc(C(=O)c4ccc(*)cc4)c3)cc2)cc1S(=O)(=O)O,195.0,P373243,"Polyoxides/ethers/acetals, Polyketones/thioketones",110.41,5.24
*Oc1ccc(Oc2ccc(C(=O)c3ccc(*)c(S(=O)(=O)O)c3)cc2S(=O)(=O)O)cc1S(=O)(=O)O,248.0,P373244,"Polyoxides/ethers/acetals, Polyketones/thioketones",111.49,4.36
*Oc1ccc(Oc2ccc(C(=O)c3ccc(*)c(S(=O)(=O)O)c3)cc2S(=O)(=O)O)cc1,220.0,P373245,"Polyoxides/ethers/acetals, Polyketones/thioketones",99.95,4.43
*Oc1ccc(-c2ccc(Oc3ccc(C(=O)c4ccc(*)c(S(=O)(=O)O)c4)cc3S(=O)(=O)O)cc2)cc1,225.0,P373246,"Polyoxides/ethers/acetals, Polyketones/thioketones",128.98,4.63
*Oc1ccc(C(C)(C)c2ccc(Oc3ccc(C(=O)c4ccc(*)c(S(=O)(=O)O)c4)cc3S(=O)(=O)O)cc2)cc1,175.0,P373247,"Polyoxides/ethers/acetals, Polyketones/thioketones",118.9,4.76
*Oc1ccc(S(=O)(=O)c2ccc(Oc3ccc(C(C)(C)c4ccc(*)cc4)cc3)c(S(=O)(=O)O)c2)cc1S(=O)(=O)O,188.0,P373248,"Polyoxides/ethers/acetals, Polysulfones/sulfoxides/sufonates/sulfoamides",117.47,4.92
*CCC(C)Oc1ccc(-c2ccc(C(=O)OCC(C)COC(=O)c3ccc(-c4ccc(O*)cc4)cc3)cc2)cc1,84.0,P373250,"Polyoxides/ethers/acetals, Polyesters/thioesters",90.93,4.01
*Oc1c(C)cc(C(=O)c2ccc(*)cc2)cc1C,200.0,P373255,"Polyoxides/ethers/acetals, Polyketones/thioketones",87.3,3.33
*Oc1c(F)c(F)c(S(=O)(=O)c2c(F)c(F)c(Oc3ccc(C(c4ccc(*)cc4)(C(F)(F)F)C(F)(F)F)cc3)c(F)c2F)c(F)c1F,182.0,P373268,"Polyoxides/ethers/acetals, Polysulfones/sulfoxides/sufonates/sulfoamides",116.62,5.05
*Oc1cc(C(C)(C)C)c(Oc2ccc(C(=O)Nc3ccc(C(C)(C)c4ccc(NC(=O)c5ccc(*)cc5)cc4)cc3)cc2)cc1C(C)(C)C,254.0,P373274,"Polyoxides/ethers/acetals, Polyamides/thioamides",136.08,6.16
*Oc1cc(C(C)(C)C)c(Oc2ccc(C(=O)Nc3ccc(C(C)(C)c4ccc(NC(=O)c5ccc(*)cc5)c(C)c4)cc3C)cc2)cc1C(C)(C)C,275.0,P373275,"Polyoxides/ethers/acetals, Polyamides/thioamides",148.72,5.46
*Oc1cc(C(C)(C)C)c(Oc2ccc(C(=O)Nc3c(C)cc(C(C)(C)c4cc(C)c(NC(=O)c5ccc(*)cc5)c(C)c4)cc3C)cc2)cc1C(C)(C)C,295.0,P373276,"Polyoxides/ethers/acetals, Polyamides/thioamides",140.38,6.54
*Oc1cc(C(C)(C)C)c(Oc2ccc(C(=O)Nc3c(C)cc(Cc4cc(C)c(NC(=O)c5ccc(*)cc5)c(C(C)C)c4)cc3C(C)C)cc2)cc1C(C)(C)C,260.0,P373277,"Polyoxides/ethers/acetals, Polyamides/thioamides",144.32,6.3
*Oc1cc(C(C)(C)C)c(Oc2ccc(C(=O)Nc3ccc(C(c4ccc(NC(=O)c5ccc(*)cc5)cc4)(C(F)(F)F)C(F)(F)F)cc3)cc2)cc1C(C)(C)C,268.0,P373278,"Polyoxides/ethers/acetals, Polyamides/thioamides",139.26,5.97
*c1ccc(OCCCCCCCCCCCOc2ccc(-c3ccc4nc(-c5cccc(-c6cc(-c7ccccc7)c7cc(*)ccc7n6)c5)cc(-c5ccccc5)c4c3)cc2)cc1,133.5,P373280,"Polyoxides/ethers/acetals, Polyimines",182.21,7.62
*CCCCCCCCCCOc1ccc(/C=C/c2ccc(OCCCCCCCCCCOP(=O)(O*)OCCCCCCCCCCOc3ccc(/N=N/c4ccccc4)cc3)cc2)cc1,55.0,P373292,Polyoxides/ethers/acetals,58.14,2.41
*CCCCCCCCCCOc1ccc(/C=C/c2ccc(OCCCCCCCCCCOP(=O)(O*)OCCCCCCCCCCOc3ccc(/N=N/c4ccc(Cl)cc4)cc3)cc2)cc1,60.0,P373294,Polyoxides/ethers/acetals,54.53,2.56
*CCCCCCCCCCOc1ccc(/C=C/c2ccc(OCCCCCCCCCCOP(=O)(O*)OCCCCCCCCCCOc3ccc(/N=N/c4ccc(C#N)cc4)cc3)cc2)cc1,60.0,P373296,Polyoxides/ethers/acetals,62.73,2.35
*CCCCCCCCCCOc1ccc(/C=C/c2ccc(OCCCCCCCCCCOP(=O)(O*)OCCCCCCCCCCOc3ccc(/N=N/c4ccc([N+](=O)[O-])cc4)cc3)cc2)cc1,50.0,P373297,Polyoxides/ethers/acetals,53.81,2.27
*CCCCCCCCCCOc1ccc(/C=C/c2ccc(OCCCCCCCCCCOP(=O)(O*)OCCCCCCCCCCOc3ccc(/N=N/c4ccc(OC)cc4)cc3)cc2)cc1,58.0,P373299,Polyoxides/ethers/acetals,56.76,2.18
*CCCCCCCCCCOc1ccc(/C=C/c2ccc(OCCCCCCCCCCOP(=O)(O*)OCCCCCCCCCCOc3ccc(/N=N/c4ccc(-c5ccccc5)cc4)cc3)cc2)cc1,50.0,P373300,Polyoxides/ethers/acetals,80.77,3.32
*c1ccc(NC(=O)c2ccc(OCCOc3ccc(C(=O)Nc4ccc5[nH]c(*)nc5c4)cc3)cc2)cc1,225.0,P373302,"Polyoxides/ethers/acetals, Polyamides/thioamides, Polyimines",145.56,5.86
*c1ccc(NC(=O)c2ccc(OCCOCCOc3ccc(C(=O)Nc4ccc5[nH]c(*)nc5c4)cc3)cc2)cc1,175.0,P373303,"Polyoxides/ethers/acetals, Polyamides/thioamides, Polyimines",114.44,5.27
*c1ccc(NC(=O)c2ccc(OCCOCCOCCOc3ccc(C(=O)Nc4ccc5[nH]c(*)nc5c4)cc3)cc2)cc1,155.0,P373304,"Polyoxides/ethers/acetals, Polyamides/thioamides, Polyimines",110.35,5.13
*c1ccc(NC(=O)c2ccc(OCCOCCOCCOCCOc3ccc(C(=O)Nc4ccc5[nH]c(*)nc5c4)cc3)cc2)cc1,140.0,P373305,"Polyoxides/ethers/acetals, Polyamides/thioamides, Polyimines",112.89,5.11
*c1ccc(NC(=O)c2ccc(OCCOCCOCCOCCOCCOc3ccc(C(=O)Nc4ccc5[nH]c(*)nc5c4)cc3)cc2)cc1,125.0,P373306,"Polyoxides/ethers/acetals, Polyamides/thioamides, Polyimines",109.23,4.39
*c1cccc(NC(=O)c2ccc(OCCOc3ccc(C(=O)Nc4ccc5[nH]c(*)nc5c4)cc3)cc2)c1,250.0,P373307,"Polyoxides/ethers/acetals, Polyamides/thioamides, Polyimines",135.67,6.37
*c1cccc(NC(=O)c2ccc(OCCOCCOc3ccc(C(=O)Nc4ccc5[nH]c(*)nc5c4)cc3)cc2)c1,215.0,P373308,"Polyoxides/ethers/acetals, Polyamides/thioamides, Polyimines",140.61,5.13
*c1cccc(NC(=O)c2ccc(OCCOCCOCCOc3ccc(C(=O)Nc4ccc5[nH]c(*)nc5c4)cc3)cc2)c1,180.0,P373309,"Polyoxides/ethers/acetals, Polyamides/thioamides, Polyimines",126.59,5.02
*c1cccc(NC(=O)c2ccc(OCCOCCOCCOCCOc3ccc(C(=O)Nc4ccc5[nH]c(*)nc5c4)cc3)cc2)c1,155.0,P373310,"Polyoxides/ethers/acetals, Polyamides/thioamides, Polyimines",115.42,4.78
*c1cccc(NC(=O)c2ccc(OCCOCCOCCOCCOCCOc3ccc(C(=O)Nc4ccc5[nH]c(*)nc5c4)cc3)cc2)c1,140.0,P373311,"Polyoxides/ethers/acetals, Polyamides/thioamides, Polyimines",106.2,4.37
*OCCCCOC1COC2C(OC(=O)CCCCC(=O)OC3COC4C(*)COC34)COC12,114.0,P373319,"Polyoxides/ethers/acetals, Polyesters/thioesters",41.12,0.91
*Oc1ccc(Oc2ccc(OC(=O)c3ccc(C(c4ccc(C(*)=O)cc4)(C(F)(F)F)C(F)(F)F)cc3)cc2)cc1,215.0,P373321,"Polyoxides/ethers/acetals, Polyesters/thioesters",118.15,4.46
*Oc1ccc(Oc2ccc(OC(=O)c3ccccc3-c3ccccc3C(*)=O)cc2)cc1,147.0,P373322,"Polyoxides/ethers/acetals, Polyesters/thioesters",106.89,4.64
*c1ccc(OCCN(CCOc2ccc(-c3nc4ccc(Oc5ccc6nc(*)c(-c7ccccc7)nc6c5)cc4nc3-c3ccccc3)cc2)c2ccc(/C=C/c3ccc([N+](=O)[O-])cc3)cc2)cc1,201.0,P373339,"Polyoxides/ethers/acetals, Polyimines",211.55,8.72
*c1ccc(OCCOc2ccc(/C=C/c3ccc([N+](=O)[O-])cc3)c(OCCOc3ccc(-c4nc5ccc(Oc6ccc7nc(*)c(-c8ccccc8)nc7c6)cc5nc4-c4ccccc4)cc3)c2)cc1,187.0,P373340,"Polyoxides/ethers/acetals, Polyimines",194.67,9.49
*c1ccc(OCCN(CCOc2ccc(-c3nc4ccc(Oc5ccc6nc(*)c(-c7ccccc7)nc6c5)cc4nc3-c3ccccc3)cc2)c2ccc(/N=N/c3ccc([N+](=O)[O-])cc3)cc2)cc1,199.0,P373341,"Polyoxides/ethers/acetals, Polyimines",197.06,9.19
*c1ccc(OCCN(CCOc2ccc(-c3nc4ccc(Oc5ccc6nc(*)c(-c7ccccc7)nc6c5)cc4nc3-c3ccccc3)cc2)c2ccc(/N=N/c3ccc([N+](=O)[O-])cc3C)cc2)cc1,188.0,P373342,"Polyoxides/ethers/acetals, Polyimines",219.31,9.53
*c1ccc(OCCN(C)c2ccc(/C=C/C3=C/C(=C4/C(=O)c5ccccc5C4=C(C#N)C#N)C=C(/C=C/c4ccc(N(C)CCOc5ccc(-c6nc7ccc(Oc8ccc9nc(*)c(-c%10ccccc%10)nc9c8)cc7nc6-c6ccccc6)cc5)cc4)O3)cc2)cc1,260.0,P373343,"Polyoxides/ethers/acetals, Polyimines",228.52,11.11
*c1ccc(C(=O)c2ccc(Oc3ccc(-c4nn(*)c(=O)c5ccccc45)cc3Br)cc2)cc1,254.0,P373344,"Polyoxides/ethers/acetals, Polyamides/thioamides, Polyimines, Polyketones/thioketones",143.77,5.5
*Oc1ccc(/N=C/c2ccc(Oc3ccc(C(C)(C)c4ccc(Oc5ccc(/C=N/c6ccc(Oc7ccc(-c8ccc(*)cc8)cc7)cc6)cc5)cc4)cc3)cc2)cc1,120.0,P373350,"Polyoxides/ethers/acetals, Polyimines",183.89,7.49
*Oc1ccc(/N=C/c2ccc(Oc3ccc(C(c4ccc(Oc5ccc(/C=N/c6ccc(Oc7ccc(-c8ccc(*)cc8)cc7)cc6)cc5)cc4)(C(F)(F)F)C(F)(F)F)cc3)cc2)cc1,128.0,P373351,"Polyoxides/ethers/acetals, Polyimines",168.81,7.45
*Oc1ccc(S(=O)(=O)c2ccc(Oc3ccc(/C=N/c4ccc(Oc5ccc(-c6ccc(Oc7ccc(/N=C/c8ccc(*)cc8)cc7)cc6)cc5)cc4)cc3)cc2)cc1,127.0,P373352,"Polyoxides/ethers/acetals, Polyimines, Polysulfones/sulfoxides/sufonates/sulfoamides",161.85,7.72
*Oc1ccc(S(=O)(=O)c2ccc(Oc3ccc(/C=N/c4ccc(Oc5ccc(/N=C/c6ccc(*)cc6)cc5)cc4)cc3)cc2)cc1,162.0,P373353,"Polyoxides/ethers/acetals, Polyimines, Polysulfones/sulfoxides/sufonates/sulfoamides",151.4,5.99
*Oc1ccc(S(=O)(=O)c2ccc(Oc3ccc(/N=C/c4ccc(*)cc4)cc3)cc2)cc1,110.0,P373355,"Polyoxides/ethers/acetals, Polyimines, Polysulfones/sulfoxides/sufonates/sulfoamides",117.96,4.59
*Oc1ccc(CNC(=O)c2ccc(C(=O)NCc3ccc(OC4COC5C(*)COC45)cc3)cc2)cc1,122.0,P373357,"Polyoxides/ethers/acetals, Polyamides/thioamides",90.6,3.45
*Oc1ccc(CNC(=O)c2cccc(C(=O)NCc3ccc(OC4COC5C(*)COC45)cc3)c2)cc1,83.0,P373358,"Polyoxides/ethers/acetals, Polyamides/thioamides",97.52,3.23
*Oc1ccc(CNC(=O)CCCCC(=O)NCc2ccc(OC3COC4C(*)COC34)cc2)cc1,116.0,P373359,"Polyoxides/ethers/acetals, Polyamides/thioamides",68.02,2.71
*Oc1ccc(NC(=O)c2ccc(OC3COC4C(Oc5ccc(C(=O)Nc6ccc(OC7COC8C(*)COC78)cc6)cc5)COC34)cc2)cc1,165.0,P373361,"Polyoxides/ethers/acetals, Polyamides/thioamides",126.01,4.11
*CC(COCOCC(C)([N+](=O)[O-])[N+](=O)[O-])O*,-15.0,P373367,Polyoxides/ethers/acetals,19.38,0.4
*Oc1ccc(S(=O)(=O)c2ccc(Oc3ccc(C(C)(c4ccc(*)cc4)c4ccc(O)cc4)cc3)cc2)cc1,228.0,P373368,"Polyoxides/ethers/acetals, Polysulfones/sulfoxides/sufonates/sulfoamides",132.55,5.19
*Oc1ccc(Oc2ccc(C(=O)c3ccc(*)cc3)cc2)cc1-c1cc(C(F)(F)F)cc(C(F)(F)F)c1,146.0,P373372,"Polyoxides/ethers/acetals, Polyketones/thioketones",126.38,4.92
*Oc1ccc(Oc2ccc(C(=O)c3ccc(*)cc3)cc2)cc1-c1cccc(C(F)(F)F)c1,134.0,P373373,"Polyoxides/ethers/acetals, Polyketones/thioketones",103.38,4.91
*Oc1ccc(Oc2ccc(C(=O)c3ccc(*)cc3)cc2)cc1-c1cc(C)cc(C)c1,162.0,P373374,"Polyoxides/ethers/acetals, Polyketones/thioketones",116.39,5.02
*Oc1ccc(Oc2ccc(C(=O)c3ccc(*)cc3)cc2)cc1-c1ccc(Oc2ccccc2)cc1,146.0,P373375,"Polyoxides/ethers/acetals, Polyketones/thioketones",135.42,4.95
*Oc1ccc(Oc2ccc(C(=O)c3ccc(C(=O)c4ccc(*)cc4)cc3)cc2)cc1-c1cccc(C)c1,159.0,P373376,"Polyoxides/ethers/acetals, Polyketones/thioketones",129.11,5.09
*Oc1ccc(Oc2ccc(C(=O)c3ccc(-c4ccc(C(=O)c5ccc(*)cc5)cc4)cc3)cc2)cc1-c1cccc(C)c1,170.0,P373377,"Polyoxides/ethers/acetals, Polyketones/thioketones",150.58,6.26
*Oc1ccc(Oc2ccc(C(=O)c3ccc(C(=O)c4ccc(*)cc4)cc3)cc2)cc1-c1ccccc1,166.0,P373378,"Polyoxides/ethers/acetals, Polyketones/thioketones",122.67,5.01
*Oc1ccc(Oc2ccc(C(=O)c3ccc(-c4ccc(C(=O)c5ccc(*)cc5)cc4)cc3)cc2)cc1-c1ccccc1,186.0,P373379,"Polyoxides/ethers/acetals, Polyketones/thioketones",158.42,5.8
*Oc1ccc(Oc2ccc(C(=O)c3ccc(C(=O)c4ccc(*)cc4)cc3)cc2)cc1-c1ccc(S(=O)(=O)O)c(C)c1,167.0,P373382,"Polyoxides/ethers/acetals, Polyketones/thioketones",134.11,5.02
*Oc1ccc(Oc2ccc(C(=O)c3ccc(-c4ccc(C(=O)c5ccc(*)cc5)cc4)cc3)cc2)cc1-c1ccc(S(=O)(=O)O)c(C)c1,182.0,P373383,"Polyoxides/ethers/acetals, Polyketones/thioketones",146.28,6.4
*Oc1ccc(Oc2ccc(C(=O)c3ccc(C(=O)c4ccc(*)cc4)cc3)cc2)cc1-c1ccc(S(=O)(=O)O)cc1,174.0,P373384,"Polyoxides/ethers/acetals, Polyketones/thioketones",125.45,5.25
*C(F)(F)C1(*)OC(F)(F)C(F)(C(F)(F)F)O1,135.0,P373231,Polyoxides/ethers/acetals,50.81,1.6
*C(F)(F)C1(*)OC(F)(F)C(F)(C(F)(F)F)O1,135.0,P373386,Polyoxides/ethers/acetals,52.54,1.61
*C(F)(F)C1(*)OC(F)(C(F)(F)F)C(F)(C(F)(F)F)O1,165.0,P373387,Polyoxides/ethers/acetals,59.52,1.65
*CC(=O)Nc1ccc(NC(=O)COc2ccc3ccccc3c2Sc2c(O*)ccc3ccccc23)cc1,268.0,P373398,"Polyoxides/ethers/acetals, Polysulfides, Polyamides/thioamides",130.82,5.97
*CC(=O)Nc1cccc(NC(=O)COc2ccc3ccccc3c2Sc2c(O*)ccc3ccccc23)c1,254.0,P373399,"Polyoxides/ethers/acetals, Polysulfides, Polyamides/thioamides",131.86,6.24
*CC(=O)Nc1ccc(Cc2ccc(NC(=O)COc3ccc4ccccc4c3Sc3c(O*)ccc4ccccc34)cc2)cc1,241.0,P373400,"Polyoxides/ethers/acetals, Polysulfides, Polyamides/thioamides",148.85,5.9
*CC(=O)Nc1ccc(Oc2ccc(NC(=O)COc3ccc4ccccc4c3Sc3c(O*)ccc4ccccc34)cc2)cc1,245.0,P373401,"Polyoxides/ethers/acetals, Polysulfides, Polyamides/thioamides",149.79,6.43
*CC(=O)Nc1cccc2c(NC(=O)COc3ccc4ccccc4c3Sc3c(O*)ccc4ccccc34)cccc12,264.0,P373402,"Polyoxides/ethers/acetals, Polysulfides, Polyamides/thioamides",144.35,7.03
*Oc1cc(Oc2ccc(C(C)(C)c3ccc(*)cc3)cc2)cc(C(=O)Oc2ccc(/N=N/c3ccc(C#N)cc3)cc2)c1,163.0,P373414,Polyoxides/ethers/acetals,121.23,5.9
*Oc1ccc(NC(=O)c2ccc(C(=O)Nc3ccc(OC4COC5C(*)COC45)cc3)cc2)cc1,57.0,P373415,"Polyoxides/ethers/acetals, Polyamides/thioamides",93.37,3.64
*Oc1ccc(NC(=O)c2cccc(C(=O)Nc3ccc(OC4COC5C(*)COC45)cc3)c2)cc1,218.0,P373416,"Polyoxides/ethers/acetals, Polyamides/thioamides",101.11,3.77
*Oc1ccc(NC(=O)CCCCC(=O)Nc2ccc(OC3COC4C(*)COC34)cc2)cc1,150.0,P373417,"Polyoxides/ethers/acetals, Polyamides/thioamides",71.5,2.82
*Oc1ccc(NC(=O)CCCCCCC(=O)Nc2ccc(OC3COC4C(*)COC34)cc2)cc1,72.5,P373418,"Polyoxides/ethers/acetals, Polyamides/thioamides",66.78,2.32
*Oc1ccc(Oc2ccc(C(=O)c3ccc(C(=O)c4ccc(*)cc4)c4ccccc34)cc2)cc1,200.025,P373419,"Polyoxides/ethers/acetals, Polyketones/thioketones",126.22,5.33
*Oc1ccc(OC(=O)c2ccc(OCCCCCCCCCCCCOc3ccc(C(*)=O)cc3)cc2)cc1/C=C/c1ccncc1,94.3,P373421,"Polyoxides/ethers/acetals, Polyesters/thioesters",81.92,3.95
*CCCCCCOC(=O)C(CCCCCOc1ccc(/N=N/c2ccncc2)cc1)C(=O)OCCCCCCOc1ccc(-c2ccc(O*)cc2)cc1,53.6,P373422,"Polyoxides/ethers/acetals, Polyesters/thioesters",73.06,2.91
*OC(=O)OCCCCOC(=O)OC1COC2C(*)COC12,49.0,P373423,"Polyoxides/ethers/acetals, Polycarbonates/thiocarbonates",34.3,0.89
*OC(=O)OCCCCCCCCOC(=O)OC1COC2C(*)COC12,19.5,P373424,"Polyoxides/ethers/acetals, Polycarbonates/thiocarbonates",27.97,0.63
*OC(=O)OCCCCCCCCCCOC(=O)OC1COC2C(*)COC12,6.5,P373425,"Polyoxides/ethers/acetals, Polycarbonates/thiocarbonates",25.46,0.46
*OC(=O)OCCOCCOC(=O)OC1COC2C(*)COC12,46.5,P373426,"Polyoxides/ethers/acetals, Polycarbonates/thiocarbonates",37.66,0.83
*OC(=O)OCCOCCOCCOC(=O)OC1COC2C(*)COC12,17.0,P373427,"Polyoxides/ethers/acetals, Polycarbonates/thiocarbonates",31.54,0.6
*OC(=O)OCCOCCOCCOCCOC(=O)OC1COC2C(*)COC12,9.5,P373428,"Polyoxides/ethers/acetals, Polycarbonates/thiocarbonates",23.81,0.41
*CCNC(=O)c1ccc(O*)cc1,150.0,P373430,"Polyoxides/ethers/acetals, Polyamides/thioamides",62.06,2.55
*CCNC(=O)c1cccc(O*)c1,106.0,P373431,"Polyoxides/ethers/acetals, Polyamides/thioamides",55.98,1.93
*CCNC(=O)c1ccccc1O*,84.0,P373432,"Polyoxides/ethers/acetals, Polyamides/thioamides",58.18,1.84
*/C=C/c1ccc(N(C)CCOC(=O)Nc2ccc(C)c(NC(=O)OCCN(C)c3ccc(/C=C/C4=CC(=C(C#N)C#N)C=C(*)O4)s3)c2)s1,183.0,P373433,"Polyoxides/ethers/acetals, Polysulfides, Polyurethanes/thiourethanes, Polyimines",101.69,3.54
*OC(=O)Nc1ccc(C)c(NC(=O)OC2CCN(c3ccc(/C=C/C4=CC(=C(C#N)C#N)C=C(/C=C/c5ccc(N6CCC(*)CC6)s5)O4)s3)CC2)c1,212.0,P373434,"Polyoxides/ethers/acetals, Polysulfides, Polyurethanes/thiourethanes, Polyimines",108.13,4.04
*/C=C/c1ccc(/N=N/c2ccc(N(C)CCOC(=O)Nc3ccc(C)c(NC(=O)OCCN(C)c4ccc(/N=N/c5ccc(/C=C/C6=CC(=C(C#N)C#N)C=C(*)O6)cc5)cc4)c3)cc2)cc1,196.0,P373435,"Polyoxides/ethers/acetals, Polyurethanes/thiourethanes, Polyimines",127.45,4.65
*CCOc1ccc(/C=C2\CC/C(=C\c3ccc(OCCOP(=O)(O*)OC)c(OC)c3)C2=O)cc1OC,99.0,P373440,"Polyoxides/ethers/acetals, Polyketones/thioketones",64.57,2.44
*CCCCOc1ccc(/C=C2\CC/C(=C\c3ccc(OCCCCOP(=O)(O*)OC)c(OC)c3)C2=O)cc1OC,75.0,P373441,"Polyoxides/ethers/acetals, Polyketones/thioketones",59.61,2.06
*CCCCCCOc1ccc(/C=C2\CC/C(=C\c3ccc(OCCCCCCOP(=O)(O*)OC)c(OC)c3)C2=O)cc1OC,74.0,P373442,"Polyoxides/ethers/acetals, Polyketones/thioketones",54.24,1.71
*CCCCCCCCOc1ccc(/C=C2\CC/C(=C\c3ccc(OCCCCCCCCOP(=O)(O*)OC)c(OC)c3)C2=O)cc1OC,73.0,P373443,"Polyoxides/ethers/acetals, Polyketones/thioketones",52.09,1.72
*CCCCCCCCCCOc1ccc(/C=C2\CC/C(=C\c3ccc(OCCCCCCCCCCOP(=O)(O*)OC)c(OC)c3)C2=O)cc1OC,48.0,P373444,"Polyoxides/ethers/acetals, Polyketones/thioketones",43.47,1.38
*CCOc1ccc(/C=C2\CC/C(=C\c3ccc(OCCOP(=O)(O*)OCC)c(OC)c3)C2=O)cc1OC,80.0,P373445,"Polyoxides/ethers/acetals, Polyketones/thioketones",67.79,2.09
*CCCCOc1ccc(/C=C2\CC/C(=C\c3ccc(OCCCCOP(=O)(O*)OCC)c(OC)c3)C2=O)cc1OC,79.0,P373446,"Polyoxides/ethers/acetals, Polyketones/thioketones",55.2,2.23
*CCCCCCOc1ccc(/C=C2\CC/C(=C\c3ccc(OCCCCCCOP(=O)(O*)OCC)c(OC)c3)C2=O)cc1OC,75.0,P373447,"Polyoxides/ethers/acetals, Polyketones/thioketones",50.35,2.0
*CCCCCCCCOc1ccc(/C=C2\CC/C(=C\c3ccc(OCCCCCCCCOP(=O)(O*)OCC)c(OC)c3)C2=O)cc1OC,62.0,P373448,"Polyoxides/ethers/acetals, Polyketones/thioketones",49.16,1.67
*CCCCCCCCCCOc1ccc(/C=C2\CC/C(=C\c3ccc(OCCCCCCCCCCOP(=O)(O*)OCC)c(OC)c3)C2=O)cc1OC,47.0,P373449,"Polyoxides/ethers/acetals, Polyketones/thioketones",41.15,1.3
*Oc1ccc(C(=O)CNc2ccc(S(=O)(=O)c3ccc(NCC(=O)c4ccc(*)cc4)cc3)cc2)cc1,247.0,P373455,"Polyoxides/ethers/acetals, Polyimines, Polyketones/thioketones, Polysulfones/sulfoxides/sufonates/sulfoamides",118.14,4.95
*Oc1ccc(NCC(=O)c2ccc(Sc3ccc(C(=O)CNc4ccc(*)cc4)cc3)cc2)cc1,208.0,P373460,"Polyoxides/ethers/acetals, Polysulfides, Polyimines, Polyketones/thioketones",119.22,4.83
*Oc1ccc(OC(C)COCCCCCCCOc2ccc(-c3ccc(C(*)=O)cc3)cc2)c([N+](=O)[O-])c1,50.0,P373470,"Polyoxides/ethers/acetals, Polyesters/thioesters",68.15,2.74
*Oc1ccc(/N=C/c2ccc(N(c3ccccc3)c3ccc(/C=N/c4ccc(*)cc4)cc3)cc2)cc1,162.0,P373479,"Polyoxides/ethers/acetals, Polyimines",127.08,5.3
*Oc1cccc(Oc2ccc(/N=C/c3ccc(N(c4ccccc4)c4ccc(/C=N/c5ccc(*)cc5)cc4)cc3)cc2)c1,174.0,P373480,"Polyoxides/ethers/acetals, Polyimines",156.26,6.53
*Oc1ccc(S(=O)(=O)c2ccc(Oc3ccc(C(C)(C)c4ccc(*)c(C(O)(C(F)(F)F)C(F)(F)F)c4)cc3C(O)(C(F)(F)F)C(F)(F)F)cc2)cc1,167.0,P373482,"Polyoxides/ethers/acetals, Polysulfones/sulfoxides/sufonates/sulfoamides",119.95,4.21
*Oc1ccc(S(=O)(=O)c2ccc(Oc3ccc(C(C)(C)c4ccc(*)c(C(OC)(C(F)(F)F)C(F)(F)F)c4)cc3C(OC)(C(F)(F)F)C(F)(F)F)cc2)cc1,163.0,P373483,"Polyoxides/ethers/acetals, Polysulfones/sulfoxides/sufonates/sulfoamides",119.72,4.56
*Oc1ccc(S(=O)(=O)c2ccc(Oc3c(C)cc(C(C)(C)c4cc(C)c(*)c(C)c4)cc3C)cc2C(O)(C(F)(F)F)C(F)(F)F)c(C(O)(C(F)(F)F)C(F)(F)F)c1,187.0,P373484,"Polyoxides/ethers/acetals, Polysulfones/sulfoxides/sufonates/sulfoamides",120.3,5.13
*Oc1ccc(S(=O)(=O)c2ccc(Oc3ccc(C(c4ccc(*)cc4)(C(F)(F)F)C(F)(F)F)cc3)cc2C(O)(C(F)(F)F)C(F)(F)F)c(C(O)(C(F)(F)F)C(F)(F)F)c1,148.0,P373485,"Polyoxides/ethers/acetals, Polysulfones/sulfoxides/sufonates/sulfoamides",128.06,4.06
*Oc1ccc(S(=O)(=O)c2ccc(Oc3c(C)cc(C(c4cc(C)c(*)c(C)c4)(C(F)(F)F)C(F)(F)F)cc3C)cc2C(O)(C(F)(F)F)C(F)(F)F)c(C(O)(C(F)(F)F)C(F)(F)F)c1,196.0,P373486,"Polyoxides/ethers/acetals, Polysulfones/sulfoxides/sufonates/sulfoamides",144.65,5.17
*Oc1ccc(S(=O)(=O)c2ccc(Oc3c(C)cc(C(c4cc(C)c(*)c(C)c4)(C(F)(F)F)C(F)(F)F)cc3C)cc2C(OC)(C(F)(F)F)C(F)(F)F)c(C(OC)(C(F)(F)F)C(F)(F)F)c1,163.0,P373487,"Polyoxides/ethers/acetals, Polysulfones/sulfoxides/sufonates/sulfoamides",133.54,4.28
*c1ccc(NC(=O)c2cc(NC(=O)c3ccc(OC(C)=O)cc3)cc(C(=O)Nc3ccc(-c4nnc(*)o4)cc3)c2)cc1,280.0,P373490,"Polyoxides/ethers/acetals, Polyamides/thioamides, Polyimines",143.69,5.4
*c1ccc(Oc2ccc(NC(=O)c3cc(NC(=O)c4ccc(OC(C)=O)cc4)cc(C(=O)Nc4ccc(Oc5ccc(-c6nnc(*)o6)cc5)cc4)c3)cc2)cc1,270.0,P373491,"Polyoxides/ethers/acetals, Polyamides/thioamides, Polyimines",176.05,7.33
*c1ccc(Oc2cccc(NC(=O)c3cc(NC(=O)c4ccc(OC(C)=O)cc4)cc(C(=O)Nc4cccc(Oc5ccc(-c6nnc(*)o6)cc5)c4)c3)c2)cc1,270.0,P373492,"Polyoxides/ethers/acetals, Polyamides/thioamides, Polyimines",187.29,7.28
*CC(COC(C)C)O*,-67.0,P373493,Polyoxides/ethers/acetals,19.18,0.45
*CC(COC(C)(C)C)O*,-24.0,P373494,Polyoxides/ethers/acetals,27.5,0.64
*C(F)(F)C1(*)OC(F)(F)C(F)(F)O1,108.0,P373495,Polyoxides/ethers/acetals,47.11,1.59
*c1ccc(C(=O)OCCCCCCOc2ccc(/C=C3\CCC/C(=C\c4ccc(OCCCCCCOC(=O)c5ccc(-c6nnc(*)o6)cc5)cc4)C3=O)cc2)cc1,71.0,P373500,"Polyoxides/ethers/acetals, Polyesters/thioesters, Polyimines, Polyketones/thioketones",105.65,4.21
*c1ccc(C(=O)OCCCCCCCCOc2ccc(/C=C3\CCC/C(=C\c4ccc(OCCCCCCCCOC(=O)c5ccc(-c6nnc(*)o6)cc5)cc4)C3=O)cc2)cc1,59.0,P373501,"Polyoxides/ethers/acetals, Polyesters/thioesters, Polyimines, Polyketones/thioketones",93.82,3.68
*c1ccc(C(=O)OCCCCCCCCOc2ccc(/C=C3\CC/C(=C\c4ccc(OCCCCCCCCOC(=O)c5ccc(-c6nnc(*)o6)cc5)cc4)C3=O)cc2)cc1,99.0,P373504,"Polyoxides/ethers/acetals, Polyesters/thioesters, Polyimines, Polyketones/thioketones",115.46,4.55
*c1ccc(C(=O)OCCCCCCCCCCOc2ccc(/C=C3\CC/C(=C\c4ccc(OCCCCCCCCCCOC(=O)c5ccc(-c6nnc(*)o6)cc5)cc4)C3=O)cc2)cc1,58.0,P373505,"Polyoxides/ethers/acetals, Polyesters/thioesters, Polyimines, Polyketones/thioketones",99.34,4.0
*c1ccc(Oc2ccc(-c3csc(/N=C/c4ccc(OCCCCCCOc5ccc(/C=N/c6nc(*)cs6)cc5)cc4)n3)cc2)cc1,117.0,P373517,"Polyoxides/ethers/acetals, Polysulfides, Polyimines",141.63,5.49
*c1ccc(Oc2ccc(-c3csc(/N=C/c4ccc(OCCCCCCCCOc5ccc(/C=N/c6nc(*)cs6)cc5)cc4)n3)cc2)cc1,150.0,P373518,"Polyoxides/ethers/acetals, Polysulfides, Polyimines",139.18,5.19
*Oc1ccc(C(=O)OCCN(CCOC(=O)c2ccc(OC3(F)C(*)(F)C(F)(F)C3(F)F)cc2)c2ccc(/C=C/C3=CC(=C(C#N)C#N)CC(C)(C)C3)cc2)cc1,143.0,P373527,"Polyoxides/ethers/acetals, Polyesters/thioesters, Polyimines",104.22,3.6
*CC(=O)c1ccc(Oc2ccc(C(=O)COc3ccc(/C=C4\CCC/C(=C\c5ccc(O*)c(OC)c5)C4=O)cc3OC)cc2)cc1,211.75,P373536,"Polyoxides/ethers/acetals, Polyketones/thioketones",116.35,4.18
*CCCCCCOc1ccc(C(C)(C)c2ccc(O*)cc2)cc1,36.0,P373539,Polyoxides/ethers/acetals,63.63,2.15
*CC(C)(CO*)COCCCCCCCCCCOc1ccc(-c2ccc(C#N)cc2)cc1,7.0,P373541,Polyoxides/ethers/acetals,47.17,1.66
*Oc1ccc(Sc2ccc(Oc3ccc(-c4ccc(-c5ccc(*)c(C(F)(F)F)c5)cc4)cc3C(F)(F)F)cc2)cc1,164.5,P373546,"Polyoxides/ethers/acetals, Polysulfides",148.5,5.56
*Oc1ccc(Sc2ccc(Oc3ccc(-c4ccc(-c5ccc(-c6ccc(*)c(C(F)(F)F)c6)cc5)cc4)cc3C(F)(F)F)cc2)cc1,176.5,P373547,"Polyoxides/ethers/acetals, Polysulfides",165.87,6.2
*c1ccc(Oc2ccc(Sc3ccc(Oc4ccc(-c5cccc(*)n5)cc4C(F)(F)F)cc3)cc2)c(C(F)(F)F)c1,144.5,P373548,"Polyoxides/ethers/acetals, Polysulfides, Polyimines",137.86,4.99
*c1ccc(Oc2ccc(Sc3ccc(Oc4ccc(-c5ccc(*)s5)cc4C(F)(F)F)cc3)cc2)c(C(F)(F)F)c1,142.0,P373549,"Polyoxides/ethers/acetals, Polysulfides",124.0,5.29
*Oc1ccc(Oc2ccc(NC(=O)c3cc(C(=O)Nc4ccc(*)cc4)cc(C(C)(C)C)c3)cc2)cc1,195.5,P373555,"Polyoxides/ethers/acetals, Polyamides/thioamides",119.33,4.53
*Oc1ccc(S(=O)(=O)c2ccc(Oc3ccc(NC(=O)c4cc(C(=O)Nc5ccc(*)cc5)cc(C(C)(C)C)c4)cc3)cc2)cc1,232.5,P373556,"Polyoxides/ethers/acetals, Polyamides/thioamides, Polysulfones/sulfoxides/sufonates/sulfoamides",151.08,5.73
*Oc1ccc(Oc2ccc(Oc3ccc(NC(=O)c4cc(C(=O)Nc5ccc(*)cc5)cc(C(C)(C)C)c4)cc3)cc2)cc1,230.0,P373557,"Polyoxides/ethers/acetals, Polyamides/thioamides",135.07,5.88
*CCCCCCOc1ccc(NC(=O)c2cc(C(=O)Nc3ccc(O*)cc3)cc(C(C)(C)C)c2)cc1,166.0,P373558,"Polyoxides/ethers/acetals, Polyamides/thioamides",90.18,3.54
*CCCCCCCCOc1c(OC)cc(/C=C/c2ccc(/C=C/c3ccc(/C=C/c4cc(OC)c(O*)c(OC)c4)cc3)cc2)cc1OC,78.7,P372598,Polyoxides/ethers/acetals,84.75,3.7
*CCCCCCCCOc1c(OC)cc(/C=C/c2ccc(/C=C/c3ccc(/C=C/c4cc(OC)c(O*)c(OC)c4)cc3)cc2)cc1OC,78.7,P373575,Polyoxides/ethers/acetals,94.85,3.75
*CC(O)CN(CC(O)COc1ccc(C(C)(C)c2ccc(O*)cc2)cc1)c1ccc(/N=N/c2ccc([N+](=O)[O-])cc2)cc1,59.0,P373579,"Polyoxides/ethers/acetals, Polyimines",89.28,3.74
*c1ccc(C(=O)Nc2ccc(Oc3ccc(NC(=O)c4ccc(Oc5ccc(-c6nn(*)c(=O)c7ccccc67)cc5)cc4)cc3)cc2)cc1,280.0,P373580,"Polyoxides/ethers/acetals, Polyamides/thioamides, Polyimines",166.02,7.47
*CC1CCC(COC(C)OC(=O)c2cccc(C(=O)OC(C)O*)c2)CC1,30.0,P373581,"Polyoxides/ethers/acetals, Polyesters/thioesters",45.58,1.47
*CC1CCC(COC(C)OC(=O)c2ccc(C(=O)OC(C)O*)c3ccccc23)CC1,60.0,P373583,"Polyoxides/ethers/acetals, Polyesters/thioesters",72.25,2.46
*CC1CCC(COC(C)OC(=O)c2ccc(C(=O)OC(C)O*)cc2)CC1,61.0,P373584,"Polyoxides/ethers/acetals, Polyesters/thioesters",53.07,1.71
*O[Si](Oc1ccc(C2(c3ccc(*)c(C)c3)c3ccccc3-c3ccccc32)cc1C)(c1ccccc1)c1ccccc1,171.0,P373585,"Polyoxides/ethers/acetals, Polysiloxanes/silanes",155.01,6.41
*O[Si](Oc1ccc(C2(c3ccc(*)cc3)c3ccccc3-c3ccccc32)cc1)(c1ccccc1)c1ccccc1,166.0,P373586,"Polyoxides/ethers/acetals, Polysiloxanes/silanes",158.13,6.45
*CCOc1ccc(C2(c3ccc(OCCO[Si](O*)(c4ccccc4)c4ccccc4)cc3)c3ccccc3-c3ccccc32)cc1,97.0,P373587,"Polyoxides/ethers/acetals, Polysiloxanes/silanes",131.89,5.8
*/C=C/c1sc(-c2ccc3c(c2)C(CCCCCC)(CCCCCC)c2cc(-c4sc(/C=C/C5=CC(=C(C#N)C#N)C=C(*)O5)c(CCCCCC)c4CCCCCC)ccc2-3)c(CCCCCC)c1CCCCCC,115.0,P373596,"Polyoxides/ethers/acetals, Polysulfides",83.5,3.02
*c1ccc2c(c1)Sc1cc(-c3sc(/C=C/C4=CC(=C(C#N)C#N)C=C(/C=C/c5sc(*)c(CCCCCC)c5CCCCCC)O4)c(CCCCCC)c3CCCCCC)ccc1N2CCCCCC,130.0,P373597,"Polyoxides/ethers/acetals, Polysulfides, Polyimines",101.0,3.4
*/C=C/c1sc(-c2ccc(-c3ccc(-c4sc(/C=C/C5=CC(=C(C#N)C#N)C=C(*)O5)c(CCCCCC)c4CCCCCC)s3)s2)c(CCCCCC)c1CCCCCC,112.0,P373598,"Polyoxides/ethers/acetals, Polysulfides",98.0,3.8
*CCCCCCOc1ccc(/C=C2\CCC/C(=C\c3ccc(O*)cc3)C2=O)cc1,116.0,P373599,"Polyoxides/ethers/acetals, Polyketones/thioketones",64.86,2.6
*CCCCCCCCOc1ccc(/C=C2\CCC/C(=C\c3ccc(O*)cc3)C2=O)cc1,90.0,P373600,"Polyoxides/ethers/acetals, Polyketones/thioketones",69.26,2.43
*CCCCCCCCCCOc1ccc(/C=C2\CCC/C(=C\c3ccc(O*)cc3)C2=O)cc1,85.0,P373601,"Polyoxides/ethers/acetals, Polyketones/thioketones",68.01,2.19
*CCCCCCOc1ccc(/C=C2\CCC/C(=C\c3ccc(O*)c(OC)c3)C2=O)cc1OC,80.0,P373602,"Polyoxides/ethers/acetals, Polyketones/thioketones",71.97,2.34
*CCCCCCCCOc1ccc(/C=C2\CCC/C(=C\c3ccc(O*)c(OC)c3)C2=O)cc1OC,72.0,P373603,"Polyoxides/ethers/acetals, Polyketones/thioketones",67.75,2.37
*CCCCCCCCCCOc1ccc(/C=C2\CCC/C(=C\c3ccc(O*)c(OC)c3)C2=O)cc1OC,60.0,P373604,"Polyoxides/ethers/acetals, Polyketones/thioketones",58.65,1.9
*CCCCCCOc1c(OC)cc(/C=C2\CCC/C(=C\c3cc(OC)c(O*)c(OC)c3)C2=O)cc1OC,71.0,P373605,"Polyoxides/ethers/acetals, Polyketones/thioketones",68.91,2.42
*CCCCCCCCOc1c(OC)cc(/C=C2\CCC/C(=C\c3cc(OC)c(O*)c(OC)c3)C2=O)cc1OC,62.0,P373606,"Polyoxides/ethers/acetals, Polyketones/thioketones",61.31,2.31
*CCCCCCCCCCOc1c(OC)cc(/C=C2\CCC/C(=C\c3cc(OC)c(O*)c(OC)c3)C2=O)cc1OC,49.0,P373607,"Polyoxides/ethers/acetals, Polyketones/thioketones",54.13,2.08
*Cc1cc2cc(C(=O)Nc3ccc(Oc4ccc(NC(=O)c5cc6cc(*)c(OC(=O)COc7ccc8ccc(=O)oc8c7)cc6oc5=O)cc4)cc3)c(=O)oc2cc1OC(=O)COc1ccc2ccc(=O)oc2c1,226.0,P373611,"Polyoxides/ethers/acetals, Polyesters/thioesters, Polyamides/thioamides",213.97,10.11
*Oc1ccc2cc(Oc3ccc(S(=O)(=O)c4ccc(*)cc4)cc3)ccc2c1,231.0,P373612,"Polyoxides/ethers/acetals, Polysulfones/sulfoxides/sufonates/sulfoamides",123.54,5.51
*c1ccc2oc(C3CCC(c4nc5cc(C(*)(C(F)(F)F)C(F)(F)F)ccc5o4)CC3)nc2c1,271.0,P373613,"Polyoxides/ethers/acetals, Polyimines",138.41,5.58
*c1nc2cc(S(=O)(=O)c3ccc4oc(C5CCC(*)CC5)nc4c3)ccc2o1,296.0,P373614,"Polyoxides/ethers/acetals, Polyimines, Polysulfones/sulfoxides/sufonates/sulfoamides",120.99,5.89
*CCOCCOC(=O)/C=C/C(=O)NCCCCCCNC(=O)/C=C/C(=O)O*,76.0,P373636,"Polyoxides/ethers/acetals, Polyesters/thioesters, Polyamides/thioamides",23.45,0.63
*CCOCCOCCOC(=O)/C=C/C(=O)NCCCCCCNC(=O)/C=C/C(=O)O*,65.0,P373637,"Polyoxides/ethers/acetals, Polyesters/thioesters, Polyamides/thioamides",20.5,0.4
*CCOCCOCCOCCOC(=O)/C=C/C(=O)NCCCCCCNC(=O)/C=C/C(=O)O*,52.0,P373638,"Polyoxides/ethers/acetals, Polyesters/thioesters, Polyamides/thioamides",13.6,0.15
*c1ccc(C(=O)Nc2ccc(NC(=O)c3ccc(Oc4ccc(-c5nn(*)c(=O)c6ccccc56)c5ccccc45)cc3)cc2)cc1,347.5,P373646,"Polyoxides/ethers/acetals, Polyamides/thioamides, Polyimines",190.49,8.57
*c1ccc(C(=O)Nc2ccc(Oc3ccc(NC(=O)c4ccc(Oc5ccc(-c6nn(*)c(=O)c7ccccc67)c6ccccc56)cc4)cc3)cc2)cc1,317.5,P373647,"Polyoxides/ethers/acetals, Polyamides/thioamides, Polyimines",211.05,8.23
*c1ccc(C(=O)Nc2ccc(Oc3ccc(Oc4ccc(NC(=O)c5ccc(Oc6ccc(-c7nn(*)c(=O)c8ccccc78)c7ccccc67)cc5)cc4)cc3)cc2)cc1,289.5,P373648,"Polyoxides/ethers/acetals, Polyamides/thioamides, Polyimines",228.78,8.66
*c1ccc(C(=O)Nc2ccc(Oc3ccc(Oc4ccc(NC(=O)c5ccc(Oc6ccc(-c7nn(*)c(=O)c8ccccc78)c7ccccc67)cc5)cc4C(F)(F)F)cc3)c(C(F)(F)F)c2)cc1,281.5,P373649,"Polyoxides/ethers/acetals, Polyamides/thioamides, Polyimines",228.96,9.23
*Nc1ccc(Oc2ccc(Nc3ccc4c(c3)c3cc(*)ccc3n4CC(CC)CCCC)cc2)cc1,220.0,P373650,"Polyoxides/ethers/acetals, Polyimines",123.76,5.73
*Oc1ccc(Nc2ccc(/N=N/c3ccc(Nc4ccc(*)cc4)cc3)cc2)cc1,169.0,P373651,"Polyoxides/ethers/acetals, Polyimines",101.92,5.12
*Oc1ccc(Nc2ccc(C(=O)c3ccc(C(=O)c4ccc(Nc5ccc(*)cc5)cc4)cc3)cc2)cc1,215.0,P373652,"Polyoxides/ethers/acetals, Polyimines, Polyketones/thioketones",135.86,5.81
*Oc1ccc(NC(=O)c2cc(C(=O)Nc3ccc(*)cc3)cc(C(C)(C)C)c2)cc1,268.0,P373653,"Polyoxides/ethers/acetals, Polyamides/thioamides",118.47,4.54
*Oc1ccc(C2(c3ccc(Oc4ccc(-c5ccc(NC(=O)c6cc(C(=O)Nc7ccc(-c8ccc(*)c(C(F)(F)F)c8)cc7)cc(C(C)(C)C)c6)cc5)cc4C(F)(F)F)cc3)c3ccccc3-c3ccccc32)cc1,278.0,P373654,"Polyoxides/ethers/acetals, Polyamides/thioamides",205.85,8.77
*Oc1ccc(-c2ccc(NC(=O)c3cc(C(=O)Nc4ccc(-c5ccc(Oc6ccc(C(c7ccc(*)cc7)(C(F)(F)F)C(F)(F)F)cc6)c(C(F)(F)F)c5)cc4)cc(C(C)(C)C)c3)cc2)cc1C(F)(F)F,251.5,P373655,"Polyoxides/ethers/acetals, Polyamides/thioamides",179.62,7.04
*Oc1ccc(-c2ccc(NC(=O)c3cc(C(=O)Nc4ccc(-c5ccc(Oc6ccc(C(C)(C)c7ccc(*)cc7)cc6)c(C(F)(F)F)c5)cc4)cc(C(C)(C)C)c3)cc2)cc1C(F)(F)F,248.5,P373656,"Polyoxides/ethers/acetals, Polyamides/thioamides",198.2,6.98
*CCOC(=O)Nc1ccc(C)c(NC(=O)OCCOc2cc([N+](=O)[O-])ccc2/N=N/c2cn(*)c3ccc(-c4ccc5c(c4)c4ccccc4n5CCCC)cc23)c1,160.0,P373657,"Polyoxides/ethers/acetals, Polyurethanes/thiourethanes, Polyimines",147.41,6.45
*CCOC(=O)Nc1ccc(C)c(NC(=O)OCCOc2cc([N+](=O)[O-])ccc2/N=N/c2cn(*)c3ccc(-c4ccccc4)cc23)c1,165.0,P373658,"Polyoxides/ethers/acetals, Polyurethanes/thiourethanes, Polyimines",140.02,5.51
*CCOC(=O)Nc1ccc(C)c(NC(=O)OCCOc2cc([N+](=O)[O-])ccc2/N=N/c2cn(*)c3ccccc23)c1,150.0,P373659,"Polyoxides/ethers/acetals, Polyurethanes/thiourethanes, Polyimines",106.94,3.99
*OC(=O)C1CCC(C(=O)OC2COC3C(*)COC23)CC1,121.0,P373661,"Polyoxides/ethers/acetals, Polyesters/thioesters",50.64,1.59
*OC(=O)CCC(=O)OC1COC2C(*)COC12,77.0,P373662,"Polyoxides/ethers/acetals, Polyesters/thioesters",37.72,1.23
*OC(=O)/C=C/C(=O)OC1COC2C(*)COC12,60.0,P373664,"Polyoxides/ethers/acetals, Polyesters/thioesters",42.59,1.21
*/C=C/c1sc(-c2ccc(-c3sc(/C=C/C4=CC(=C(C#N)C#N)C=C(*)O4)c(CCCCCC)c3CCCCCC)s2)c(CCCCCC)c1CCCCCC,114.0,P373669,"Polyoxides/ethers/acetals, Polysulfides",77.91,2.97
*/C=C/c1sc(-c2ccc(-c3ccc(-c4ccc(-c5sc(/C=C/C6=CC(=C(C#N)C#N)C=C(*)O6)c(CCCCCC)c5CCCCCC)s4)s3)s2)c(CCCCCC)c1CCCCCC,134.0,P373670,"Polyoxides/ethers/acetals, Polysulfides",115.22,4.06
*c1ccc(C(=O)OCCCCCCOc2ccc(/C=C/C(=O)/C=C/c3ccc(OCCCCCCOC(=O)c4ccc(-c5nnc(*)o5)cc4)cc3)cc2)cc1,62.0,P373674,"Polyoxides/ethers/acetals, Polyesters/thioesters, Polyimines, Polyketones/thioketones",93.52,4.43
*c1ccc(C(=O)OCCCCCCCCOc2ccc(/C=C/C(=O)/C=C/c3ccc(OCCCCCCCCOC(=O)c4ccc(-c5nnc(*)o5)cc4)cc3)cc2)cc1,59.0,P373675,"Polyoxides/ethers/acetals, Polyesters/thioesters, Polyimines, Polyketones/thioketones",100.62,3.73
*c1ccc(C(=O)OCCCCCCCCCCOc2ccc(/C=C/C(=O)/C=C/c3ccc(OCCCCCCCCCCOC(=O)c4ccc(-c5nnc(*)o5)cc4)cc3)cc2)cc1,58.0,P373676,"Polyoxides/ethers/acetals, Polyesters/thioesters, Polyimines, Polyketones/thioketones",97.31,4.06
*c1ccc(C(=O)OCCCCCCOc2ccc(/C=C3\CCCC/C(=C\c4ccc(OCCCCCCOC(=O)c5ccc(-c6nnc(*)o6)cc5)cc4)C3=O)cc2)cc1,104.0,P373677,"Polyoxides/ethers/acetals, Polyesters/thioesters, Polyimines, Polyketones/thioketones",109.28,4.17
*c1ccc(C(=O)OCCCCCCCCOc2ccc(/C=C3\CCCC/C(=C\c4ccc(OCCCCCCCCOC(=O)c5ccc(-c6nnc(*)o6)cc5)cc4)C3=O)cc2)cc1,98.0,P373678,"Polyoxides/ethers/acetals, Polyesters/thioesters, Polyimines, Polyketones/thioketones",103.64,4.49
*c1ccc(C(=O)OCCCCCCCCCCOc2ccc(/C=C3\CCCC/C(=C\c4ccc(OCCCCCCCCCCOC(=O)c5ccc(-c6nnc(*)o6)cc5)cc4)C3=O)cc2)cc1,74.0,P373679,"Polyoxides/ethers/acetals, Polyesters/thioesters, Polyimines, Polyketones/thioketones",105.96,4.13
*Cc1ccc2oc(=O)c(C(=O)Nc3ccc(Oc4ccc(NC(=O)c5cc6cc(*)ccc6oc5=O)cc4)cc3)cc2c1,312.0,P373688,"Polyoxides/ethers/acetals, Polyesters/thioesters, Polyamides/thioamides",156.43,7.62
*Cc1ccc2oc(=O)c(C(=O)Nc3ccc(Oc4ccc(Oc5ccc(NC(=O)c6cc7cc(*)ccc7oc6=O)cc5)cc4)cc3)cc2c1,290.0,P373689,"Polyoxides/ethers/acetals, Polyesters/thioesters, Polyamides/thioamides",176.62,7.76
*Cc1ccc2oc(=O)c(C(=O)Nc3ccc(Oc4ccc(C(c5ccc(Oc6ccc(NC(=O)c7cc8cc(*)ccc8oc7=O)cc6)cc5)(C(F)(F)F)C(F)(F)F)cc4)cc3)cc2c1,283.0,P373690,"Polyoxides/ethers/acetals, Polyesters/thioesters, Polyamides/thioamides",182.75,7.97
*/C=N/c1ccc(C(=O)OCCCCOCCCCOCCCCOC(=O)c2ccc(/N=C/c3ccc(*)s3)cc2)cc1,25.0,P373692,"Polyoxides/ethers/acetals, Polysulfides, Polyesters/thioesters, Polyimines",60.76,2.31
*/C=N/c1ccc(C(=O)OCCCCOCCCCOCCCCOC(=O)c2ccc(/N=C/c3ccc4c(c3)c3cc(*)ccc3n4CC(CC)CCCC)cc2)cc1,5.2,P373693,"Polyoxides/ethers/acetals, Polyesters/thioesters, Polyimines",96.64,3.85
*CCCCOCCCCOCCCCOC(=O)c1ccc(/N=C/c2cc(OCCCCCC)c(/C=C/c3cc(OCCCCCC)c(/C=C/c4cc(OCCCCCC)c(/C=N/c5ccc(C(=O)O*)cc5)cc4OCCCCCC)cc3OCCCCCC)cc2OCCCCCC)cc1,14.3,P373694,"Polyoxides/ethers/acetals, Polyesters/thioesters, Polyimines",57.62,1.87
*CCCCOCCCCOCCCCOC(=O)c1ccc(/N=C/c2ccc(/C=N/c3ccc(C(=O)O*)cc3)cc2)cc1,-13.2,P373695,"Polyoxides/ethers/acetals, Polyesters/thioesters, Polyimines",64.89,2.48
*CCCCOCCCCOCCCCOC(=O)c1ccc(/N=C/c2cc(OCCC(C)CCCC(C)C)c(/C=N/c3ccc(C(=O)O*)cc3)cc2OCCC(C)CCCC(C)C)cc1,-4.8,P373696,"Polyoxides/ethers/acetals, Polyesters/thioesters, Polyimines",43.71,1.58
*Oc1ccc(-c2ccc(Oc3c(F)c(F)c(COC(c4cccc(C(OCc5c(F)c(F)c(*)c(F)c5F)(C(F)(F)F)C(F)(F)F)c4)(C(F)(F)F)C(F)(F)F)c(F)c3F)cc2)cc1,110.0,P373700,Polyoxides/ethers/acetals,151.03,4.95
*Oc1c(F)c(F)c(COC(c2cccc(C(OCc3c(F)c(F)c(Oc4ccc(Cc5ccc(*)cc5)cc4)c(F)c3F)(C(F)(F)F)C(F)(F)F)c2)(C(F)(F)F)C(F)(F)F)c(F)c1F,94.0,P373701,Polyoxides/ethers/acetals,131.69,4.93
*Oc1ccc(C(C)(C)c2ccc(Oc3c(F)c(F)c(COC(c4cccc(C(OCc5c(F)c(F)c(*)c(F)c5F)(C(F)(F)F)C(F)(F)F)c4)(C(F)(F)F)C(F)(F)F)c(F)c3F)cc2)cc1,98.0,P373702,Polyoxides/ethers/acetals,136.84,4.95
*Oc1ccc(C(c2ccc(Oc3c(F)c(F)c(COC(c4cccc(C(OCc5c(F)c(F)c(*)c(F)c5F)(C(F)(F)F)C(F)(F)F)c4)(C(F)(F)F)C(F)(F)F)c(F)c3F)cc2)(C(F)(F)F)C(F)(F)F)cc1,113.0,P373703,Polyoxides/ethers/acetals,145.17,5.14
*Oc1ccc(NC(=O)NC2CC(C)(C)CC(C)(CNC(=O)Nc3ccc(*)c(-c4ccc(Oc5ccccc5)cc4)c3)C2)cc1-c1ccc(Oc2ccccc2)cc1,281.0,P373705,"Polyoxides/ethers/acetals, Polyureas/thioureas",167.01,6.56
*Oc1ccc(NC(=O)Nc2cc(NC(=O)Nc3ccc(*)c(-c4ccc(Oc5ccccc5)cc4)c3)ccc2C)cc1-c1ccc(Oc2ccccc2)cc1,279.0,P373706,"Polyoxides/ethers/acetals, Polyureas/thioureas",168.46,7.04
*Oc1ccc(NC(=O)NC2CC(C)(C)CC(C)(CNC(=O)Nc3ccc(*)cc3)C2)cc1,274.0,P373707,"Polyoxides/ethers/acetals, Polyureas/thioureas",90.18,3.96
*Oc1ccc(NC(=O)Nc2cc(NC(=O)Nc3ccc(*)cc3)ccc2C)cc1,269.0,P373708,"Polyoxides/ethers/acetals, Polyureas/thioureas",106.04,4.2
*COc1ccc(C(C)(C)c2ccc(Oc3ccc(*)n3-c3ccc(C#N)cc3)cc2)cc1,73.13,P373709,"Polyoxides/ethers/acetals, Polyimines",109.12,4.45
*COc1ccc(C(C)(C)c2ccc(Oc3ccc(*)n3-c3ccc([N+](=O)[O-])cc3)cc2)cc1,76.75,P373710,"Polyoxides/ethers/acetals, Polyimines",95.77,4.49
*Oc1ccc(NC(=O)c2cc(NC(=O)C34CC5CC(CC(C5)C3)C4)cc(C(=O)Nc3ccc(*)cc3)c2)cc1,335.0,P373712,"Polyoxides/ethers/acetals, Polyamides/thioamides",121.14,4.39
*Oc1cc(Oc2ccc(NC(=O)c3cc(NC(=O)C45CC6CC(CC(C6)C4)C5)cc(C(=O)Nc4ccc(*)cc4)c3)cc2)ccc1C12CC3CC(CC(C3)C1)C2,345.0,P373713,"Polyoxides/ethers/acetals, Polyamides/thioamides",146.33,5.33
*CCOCCOCCOC(=O)C1CCC(C(=O)O*)CC1,-25.0,P373714,"Polyoxides/ethers/acetals, Polyesters/thioesters",23.9,0.41
*Oc1cccc(Oc2cccc(NC(=O)c3cc(Oc4ccc(C(=O)O)c(C(=O)Nc5cccc(*)c5)c4)ccc3C(=O)O)c2)c1,176.4,P373716,"Polyoxides/ethers/acetals, Polyamides/thioamides",143.83,5.34
*Oc1cc(Oc2cccc(NC(=O)c3cc(Oc4ccc(C(=O)O)c(C(=O)Nc5cccc(*)c5)c4)ccc3C(=O)O)c2)ccc1C#N,195.8,P373717,"Polyoxides/ethers/acetals, Polyamides/thioamides",134.37,5.52
*Oc1cccc(Oc2cccc(NC(=O)c3cc(Oc4ccc(C(=O)O)c(C(=O)Nc5cccc(*)c5)c4)ccc3C(=O)O)c2)c1C#N,200.1,P373718,"Polyoxides/ethers/acetals, Polyamides/thioamides",122.09,5.91
*Oc1c([2H])c([2H])c(S(=O)(=O)c2c([2H])c([2H])c(Oc3c([2H])c([2H])c(C(c4c([2H])c([2H])c(*)c([2H])c4[2H])(C([2H])([2H])[2H])C([2H])([2H])[2H])c([2H])c3[2H])c([2H])c2[2H])c([2H])c1[2H],175.0,P373735,"Polyoxides/ethers/acetals, Polysulfones/sulfoxides/sufonates/sulfoamides",116.91,4.61
*CCCOC(=O)C(C)O*,-33.0,P373740,"Polyoxides/ethers/acetals, Polyesters/thioesters",22.45,0.53
*CCCCOc1ccc(C(=O)Nc2cccc(P(=O)(c3ccccc3)c3cccc(NC(=O)c4ccc(O*)cc4)c3)c2)cc1,191.0,P373744,"Polyoxides/ethers/acetals, Polyamides/thioamides",119.01,5.51
*Oc1ccc(Oc2c(F)c(F)c(-c3c(F)c(F)c(*)c(F)c3F)c(F)c2F)cc1S(=O)(=O)O,120.0,P373758,Polyoxides/ethers/acetals,103.0,3.83
*Oc1ccc(Oc2ccc(Nc3ccc(S(=O)(=O)c4ccc(Nc5ccc(*)cc5)cc4)cc3)cc2)cc1,144.6,P373763,"Polyoxides/ethers/acetals, Polyimines, Polysulfones/sulfoxides/sufonates/sulfoamides",132.43,5.49
*Oc1ccc(Nc2ccc(S(=O)(=O)c3ccc(Nc4ccc(Oc5ccc(C(C)(C)c6ccc(*)cc6)cc5)cc4)cc3)cc2)cc1,145.0,P373764,"Polyoxides/ethers/acetals, Polyimines, Polysulfones/sulfoxides/sufonates/sulfoamides",153.69,5.98
*OC(=O)c1cccc(OCCCCCCOc2cccc(C(=O)OC3COC4C(*)COC34)c2)c1,43.5,P373765,"Polyoxides/ethers/acetals, Polyesters/thioesters",62.26,2.27
*OC(=O)c1cccc(OCCCCCCCCOc2cccc(C(=O)OC3COC4C(*)COC34)c2)c1,33.0,P373766,"Polyoxides/ethers/acetals, Polyesters/thioesters",63.49,1.97
*OC(=O)c1cccc(OCCCCCCCCCCOc2cccc(C(=O)OC3COC4C(*)COC34)c2)c1,30.0,P373767,"Polyoxides/ethers/acetals, Polyesters/thioesters",62.03,1.97
*O[Si](Oc1ccc(-c2ccc(*)cc2)cc1)(c1ccccc1)c1ccccc1,132.25,P373770,"Polyoxides/ethers/acetals, Polysiloxanes/silanes",110.26,4.83
*Oc1ccc(C2(c3ccc(Oc4ccc(C(=O)c5ccc(*)cc5)cc4)cc3)CCC3CCCCC3C2)cc1,214.0,P373771,"Polyoxides/ethers/acetals, Polyketones/thioketones",131.84,5.37
*Oc1ccc(C2(c3ccc(Oc4ccc(C(=O)c5ccc(*)cc5)cc4)c(C)c3)CCC3CCCCC3C2)cc1C,201.0,P373772,"Polyoxides/ethers/acetals, Polyketones/thioketones",118.1,5.2
*Oc1c(C)cc(C2(c3cc(C)c(Oc4ccc(C(=O)c5ccc(*)cc5)cc4)c(C)c3)CCC3CCCCC3C2)cc1C,251.0,P373773,"Polyoxides/ethers/acetals, Polyketones/thioketones",141.79,5.17
*Oc1ccc(C2(c3ccc(Oc4ccc(C(=O)c5cccc(C(=O)c6ccc(*)cc6)c5)cc4)cc3)CCC3CCCCC3C2)cc1,194.0,P373774,"Polyoxides/ethers/acetals, Polyketones/thioketones",144.46,6.02
*Oc1ccc(C2(c3ccc(Oc4ccc(C(=O)c5cccc(C(=O)c6ccc(*)cc6)c5)cc4)c(C)c3)CCC3CCCCC3C2)cc1C,185.0,P373775,"Polyoxides/ethers/acetals, Polyketones/thioketones",138.37,5.17
*Oc1c(C)cc(C2(c3cc(C)c(Oc4ccc(C(=O)c5cccc(C(=O)c6ccc(*)cc6)c5)cc4)c(C)c3)CCC3CCCCC3C2)cc1C,224.0,P373776,"Polyoxides/ethers/acetals, Polyketones/thioketones",151.81,5.27
*Oc1ccc(C(C)(C)c2ccc(OP3(Oc4ccc(C(=O)OC)cc4)=NP(Oc4ccc(C(=O)OC)cc4)(Oc4ccc(C(=O)OC)cc4)=NP(*)(Oc4ccc(C(=O)OC)cc4)=N3)cc2)cc1,73.0,P373778,"Polyoxides/ethers/acetals, Polyphosphazenes, Polyimines",135.96,5.72
*Oc1ccc(C(C)(C)c2ccc(OP3(Oc4ccc(C(=O)OCCC)cc4)=NP(Oc4ccc(C(=O)OCCC)cc4)(Oc4ccc(C(=O)OCCC)cc4)=NP(*)(Oc4ccc(C(=O)OCCC)cc4)=N3)cc2)cc1,26.0,P373779,"Polyoxides/ethers/acetals, Polyphosphazenes, Polyimines",130.76,5.12
*Oc1ccc(C(c2ccc(OP3(Oc4ccc(C(=O)OC)cc4)=NP(Oc4ccc(C(=O)OC)cc4)(Oc4ccc(C(=O)OC)cc4)=NP(*)(Oc4ccc(C(=O)OC)cc4)=N3)cc2)(C(F)(F)F)C(F)(F)F)cc1,78.0,P373780,"Polyoxides/ethers/acetals, Polyphosphazenes, Polyimines",141.49,5.86
*Oc1ccc(C(c2ccc(OP3(Oc4ccc(C(=O)OCCC)cc4)=NP(Oc4ccc(C(=O)OCCC)cc4)(Oc4ccc(C(=O)OCCC)cc4)=NP(*)(Oc4ccc(C(=O)OCCC)cc4)=N3)cc2)(C(F)(F)F)C(F)(F)F)cc1,34.0,P373781,"Polyoxides/ethers/acetals, Polyphosphazenes, Polyimines",130.55,4.36
*Oc1c(C)cc(-c2cc(C)c(Oc3ccc(C(=O)c4ccc(*)cc4)cc3)c(CBr)c2)cc1CBr,158.17,P373786,"Polyoxides/ethers/acetals, Polyketones/thioketones",107.07,4.82
*Oc1c(C)cc(-c2cc(CBr)c(Oc3ccc(C(=O)c4ccc(*)cc4)cc3)c(CBr)c2)cc1CBr,163.67,P373787,"Polyoxides/ethers/acetals, Polyketones/thioketones",129.27,4.52
*CCCCCCOC(=O)NC1CCC(CC2CCC(NC(=O)OCCCCCCOc3ccc(CCc4ccc(O*)cc4)cc3)CC2)CC1,40.3,P373796,"Polyoxides/ethers/acetals, Polyurethanes/thiourethanes",58.96,1.54
*O[Si](*)(C)C,-122.8,P170031,Polysiloxanes/silanes,19.41,0.32
*O[Si](*)(C)C,-122.8,P374137,Polysiloxanes/silanes,17.92,0.32
*Oc1ccc(C(C)(C)C)cc1Oc1ccc(S(=O)(=O)c2ccc(*)cc2)cc1,180.5,P372874,"Polyoxides/ethers/acetals, Polysulfones/sulfoxides/sufonates/sulfoamides",99.67,4.35
*Oc1ccc(C(C)(C)C)cc1Oc1ccc(S(=O)(=O)c2ccc(*)cc2)cc1,180.5,P374138,"Polyoxides/ethers/acetals, Polysulfones/sulfoxides/sufonates/sulfoamides",99.8,4.29
*c1ccc(*)s1,89.35,P380027,Polysulfides,57.8,2.2
*c1cc(C)c(*)s1,114.2,P380029,Polysulfides,57.56,2.16
*CC(=O)NCCCCCCNC(=O)CS*,-7.0,P380030,"Polysulfides, Polyamides/thioamides",22.19,0.46
*C1C=C(CCCCCC)C(*)S1,58.05,P380048,Polysulfides,35.42,1.02
*CC(CC)(CC)CS*,-36.25,P380053,Polysulfides,21.35,0.55
*Sc1ccc(P(=O)(c2ccccc2)c2ccc(Sc3ccc(-c4ccc(*)cc4)cc3)cc2)cc1,232.0,P380054,Polysulfides,134.89,6.19
*c1cc(CCCCCCCCCCCC)c(*)s1,-18.5,P380060,Polysulfides,36.93,1.18
*c1cc(CCCCCCCCCC)c(*)s1,-33.0,P380065,Polysulfides,32.61,1.26
*c1cc(CCCCCC)c(*)s1,20.3,P380066,Polysulfides,43.94,1.55
*c1cc(CCCCCCCC)c(*)s1,-9.2,P380067,Polysulfides,40.62,1.44
*c1ccc(Sc2ccc(Sc3ccc(Sc4ccc(S(*)=O)cc4)cc3)cc2)cc1,133.0,P380079,"Polysulfides, Polysulfones/sulfoxides/sufonates/sulfoamides",118.48,4.83
*c1ccc(Sc2cccc(Sc3ccc(S(*)=O)cc3)c2)cc1,121.0,P380080,"Polysulfides, Polysulfones/sulfoxides/sufonates/sulfoamides",85.44,3.96
*Sc1ccc(C(=O)c2ccc(C(c3ccc(C(=O)c4ccc(*)cc4)cc3)(C(F)(F)F)C(F)(F)F)cc2)cc1,175.0,P380085,"Polysulfides, Polyketones/thioketones",131.15,4.93
*Sc1ccc(C(=O)c2ccc(C(C)(C)c3ccc(C(=O)c4ccc(*)cc4)cc3)cc2)cc1,175.0,P380086,"Polysulfides, Polyketones/thioketones",121.43,4.57
*c1ccc(-c2ccc(-c3ccc(-c4ccc(*)n4CCCCCCCCCCCC)s3)s2)s1,52.0,P380091,"Polysulfides, Polyimines",82.72,3.4
*c1ccc(-c2ccc(-c3ccc(-c4ccc(-c5ccc(*)n5CCCCCCCCCCCC)s4)s3)s2)s1,54.0,P380092,"Polysulfides, Polyimines",100.08,4.68
*c1ccc([Si](*)(C)C)s1,21.0,P380093,"Polysulfides, Polysiloxanes/silanes",47.34,1.94
*c1ccc([Si](C)(C)[Si](*)(C)C)s1,15.0,P380094,"Polysulfides, Polysiloxanes/silanes",48.07,1.69
*c1ccc([Si](CCCC)(CCCC)[Si](*)(CCCC)CCCC)s1,-53.0,P380095,"Polysulfides, Polysiloxanes/silanes",30.12,0.89
*c1ccc(-c2ccc([Si](*)(C)C)s2)s1,45.0,P380096,"Polysulfides, Polysiloxanes/silanes",72.6,2.65
*c1ccc(-c2ccc([Si](C)(C)[Si](*)(C)C)s2)s1,45.0,P380097,"Polysulfides, Polysiloxanes/silanes",70.87,2.61
*c1ccc(-c2ccc([Si](*)(CCCC)CCCC)s2)s1,-10.0,P380098,"Polysulfides, Polysiloxanes/silanes",60.02,2.09
*c1ccc(-c2ccc([Si](CCCC)(CCCC)[Si](*)(CCCC)CCCC)s2)s1,-20.0,P380099,"Polysulfides, Polysiloxanes/silanes",54.1,1.72
*c1ccc(-c2ccc(-c3ccc([Si](*)(C)C)s3)s2)s1,45.0,P380100,"Polysulfides, Polysiloxanes/silanes",96.19,3.65
*c1ccc(-c2ccc(-c3ccc([Si](C)(C)[Si](*)(C)C)s3)s2)s1,45.0,P380101,"Polysulfides, Polysiloxanes/silanes",85.68,3.53
*c1ccc(-c2ccc(-c3ccc([Si](*)(CCCC)CCCC)s3)s2)s1,30.0,P380102,"Polysulfides, Polysiloxanes/silanes",79.39,3.07
*c1ccc(-c2ccc(-c3ccc([Si](CCCC)(CCCC)[Si](*)(CCCC)CCCC)s3)s2)s1,-5.0,P380103,"Polysulfides, Polysiloxanes/silanes",71.15,2.37
*c1ccc(-c2cc(CCCCCCCC)c(-c3ccc(-c4ccc(-c5sc(-c6ccc([Si](*)(C)C)s6)cc5CCCCCCCC)s4)s3)s2)s1,31.0,P380104,"Polysulfides, Polysiloxanes/silanes",126.65,4.8
*c1ccc(-c2cc(CCCCCCCC)c(-c3ccc(-c4ccc(-c5sc(-c6ccc([Si](C)(C)[Si](*)(C)C)s6)cc5CCCCCCCC)s4)s3)s2)s1,12.0,P380105,"Polysulfides, Polysiloxanes/silanes",127.58,4.36
*c1ccc(-c2cc(CCCCCCCC)c(-c3ccc(-c4ccc(-c5sc(-c6ccc([Si](C)(C)[Si](C)(C)[Si](C)(C)[Si](*)(C)C)s6)cc5CCCCCCCC)s4)s3)s2)s1,6.0,P380106,"Polysulfides, Polysiloxanes/silanes",116.06,4.54
*c1ccc(-c2cc(CCCCCCCC)c(-c3ccc(-c4ccc(-c5sc(-c6ccc([Si](C)(C)[Si](C)(C)[Si](C)(C)[Si](C)(C)[Si](C)(C)[Si](C)(C)[Si](C)(C)[Si](*)(C)C)s6)cc5CCCCCCCC)s4)s3)s2)s1,13.0,P380107,"Polysulfides, Polysiloxanes/silanes",125.04,4.11
*c1ccc(-c2cc(CCCCCCCC)c(-c3ccc(-c4ccc(-c5sc(-c6ccc([Si](*)(CCCC)CCCC)s6)cc5CCCCCCCC)s4)s3)s2)s1,-1.0,P380108,"Polysulfides, Polysiloxanes/silanes",119.54,4.58
*c1ccc(-c2cc(CCCCCCCC)c(-c3ccc(-c4ccc(-c5sc(-c6ccc([Si](CCCC)(CCCC)[Si](*)(CCCC)CCCC)s6)cc5CCCCCCCC)s4)s3)s2)s1,-10.0,P380109,"Polysulfides, Polysiloxanes/silanes",107.98,3.99
*c1ccc(-c2ccc(-c3ccc(-c4ccc([Si](*)(CCCC)CCCC)s4)s3)s2)s1,1.0,P380127,"Polysulfides, Polysiloxanes/silanes",97.26,3.51
*c1ccc(-c2ccc(-c3ccc(-c4ccc([Si](CCCC)(CCCC)[Si](*)(CCCC)CCCC)s4)s3)s2)s1,-1.0,P380128,"Polysulfides, Polysiloxanes/silanes",84.38,3.06
*c1ccc(Sc2ccc(S(*)(=O)=O)cc2)cc1,215.0,P380131,"Polysulfides, Polysulfones/sulfoxides/sufonates/sulfoamides",86.65,3.2
*c1cc(CCCC)c(*)s1,59.0,P380140,Polysulfides,54.92,1.93
*N=P(N=P(/N=S(/*)Oc1ccc(C(C)(C)C)cc1)(Oc1ccc(-c2ccccc2)cc1)Oc1ccc(-c2ccccc2)cc1)(Oc1ccc(-c2ccccc2)cc1)Oc1ccc(-c2ccccc2)cc1,54.0,P380154,"Polysulfides, Polyphosphazenes, Polyimines",197.75,8.36
*N=P(Cl)(N=P(Cl)(/N=S(/*)Oc1ccccc1-c1ccccc1)Oc1ccccc1-c1ccccc1)Oc1ccccc1-c1ccccc1,79.0,P380156,"Polysulfides, Polyphosphazenes, Polyimines",134.97,5.66
*N=P(Cl)(N=P(/N=S(/*)Oc1cccc(-c2ccccc2)c1)(Oc1cccc(-c2ccccc2)c1)Oc1cccc(-c2ccccc2)c1)Oc1cccc(-c2ccccc2)c1,32.0,P380157,"Polysulfides, Polyphosphazenes, Polyimines",163.13,7.1
*N=P(N=P(/N=S(/*)Oc1ccc(-c2ccccc2)cc1)(Oc1ccc(-c2ccccc2)cc1)Oc1ccc(-c2ccccc2)cc1)(Oc1ccc(-c2ccccc2)cc1)Oc1ccc(-c2ccccc2)cc1,69.0,P380158,"Polysulfides, Polyphosphazenes, Polyimines",198.98,8.68
*c1cc(CCOC(=O)NCCCC)c(*)s1,67.5,P382006,Polysulfides,47.81,1.82
*Oc1ccc(Sc2ccc(OC(=O)OC3C(C)(C)C(OC(*)=O)C3(C)C)cc2)cc1,107.0,P382032,"Polysulfides, Polycarbonates/thiocarbonates",85.08,2.72
*CCOC(=O)CCSCCC(=O)O*,-43.0,P382033,"Polysulfides, Polyesters/thioesters",20.82,0.4
*SSc1ccc(/N=C/Nc2ccc(*)cc2)cc1,98.0,P382045,"Polysulfides, Polyimines",69.98,3.03
*c1ccc(/C=N/c2cccc(/N=C/c3ccc(-c4ccc(*)s4)cc3)c2)cc1,150.0,P382046,"Polysulfides, Polyimines",109.65,4.33
*c1ccc(/C=N/c2ccc(C(c3ccccc3)c3ccc(/N=C/c4ccc(-c5ccc(*)s5)cc4)cc3)cc2)cc1,129.0,P382047,"Polysulfides, Polyimines",145.57,6.31
*c1ccc(-c2sc(-c3cc(CCCC)c(*)s3)cc2CCCC)cc1,122.3,P382077,Polysulfides,94.89,3.27
*c1ccc(-c2sc(-c3cc(CCCCCCCC)c(*)s3)cc2CCCCCCCC)cc1,50.4,P382078,Polysulfides,76.79,2.94
*c1ccc(-c2sc(-c3cc(CCCCCCCCCCCC)c(*)s3)cc2CCCCCCCCCCCC)cc1,59.6,P382079,Polysulfides,60.34,2.49
*Sc1ccc(Nc2ccc(Nc3ccc(*)cc3)cc2)cc1,114.0,P382100,"Polysulfides, Polyimines",96.88,3.39
*c1cc(CCCCBr)c(*)s1,19.0,P382101,Polysulfides,45.24,1.7
*CCSCc1ccc(Cc2ccc(CSCCOC(=O)CSCc3ccc(Cc4ccc(CSCC(=O)O*)cc4)cc3)cc2)cc1,14.0,P382106,"Polysulfides, Polyesters/thioesters",79.48,3.34
*CCSCc1ccc(Cc2ccc(CSCCOC(=O)CCSCc3ccc(Cc4ccc(CSCCC(=O)O*)cc4)cc3)cc2)cc1,12.0,P382107,"Polysulfides, Polyesters/thioesters",84.31,3.39
*c1ccc(Sc2ccc(-c3nn(-c4ccc(S(=O)(=O)c5ccc(-n6nc(*)c7ccccc7c6=O)cc5)cc4)c(=O)c4ccccc34)cc2)cc1,279.0,P382123,"Polysulfides, Polyamides/thioamides, Polyimines, Polysulfones/sulfoxides/sufonates/sulfoamides",197.04,7.86
*c1ccc(C(=O)c2ccc(-n3nc(-c4ccc(Sc5ccc(-c6nn(*)c(=O)c7ccccc67)cc5)cc4)c4ccccc4c3=O)cc2)cc1,281.0,P382124,"Polysulfides, Polyamides/thioamides, Polyimines, Polyketones/thioketones",193.35,9.0
*c1ccc(C(=O)OCCCCCCOC(=O)c2ccc(-c3nnc(*)s3)cc2)cc1,125.0,P382134,"Polysulfides, Polyesters/thioesters, Polyimines",92.06,3.52
*c1ccc(C(=O)OCCCCCCCCOC(=O)c2ccc(-c3nnc(*)s3)cc2)cc1,86.0,P382135,"Polysulfides, Polyesters/thioesters, Polyimines",75.07,3.53
*c1ccc(C(=O)OCCCCCCCCCOC(=O)c2ccc(-c3nnc(*)s3)cc2)cc1,72.0,P382136,"Polysulfides, Polyesters/thioesters, Polyimines",76.45,2.84
*c1ccc(C(=O)OCCCCCCCCCCOC(=O)c2ccc(-c3nnc(*)s3)cc2)cc1,79.0,P382137,"Polysulfides, Polyesters/thioesters, Polyimines",85.02,3.06
*c1ccc(C(=O)OCCCCCCCCCCCCOC(=O)c2ccc(-c3nnc(*)s3)cc2)cc1,68.0,P382138,"Polysulfides, Polyesters/thioesters, Polyimines",71.5,3.12
*/C(=C/c1cc(OCCCCCCCC)c(/C=C(\c2ccccc2)c2ccc3c(c2)Sc2ccc(*)cc2S3)cc1OCCCCCCCC)c1ccccc1,93.0,P382185,Polysulfides,105.09,4.5
*c1ccc(NC(=O)c2ccc(NC(=O)c3ccc([Si](C)(C)c4ccc(C(=O)Nc5ccc(C(=O)Nc6ccc(-c7sc(*)c(-c8ccccc8)c7-c7ccccc7)cc6)cc5)cc4)cc3)cc2)cc1,337.0,P382195,"Polysulfides, Polyamides/thioamides, Polysiloxanes/silanes",198.27,9.65
*/C=C(\C#N)C(=O)NC1CCCCC1NC(=O)/C(C#N)=C/c1ccc(/C=C/c2ccc(N(CC)Cc3ccccc3CN(CC)c3ccc(/C=C/c4ccc(*)s4)cc3)cc2)s1,195.0,P382197,"Polysulfides, Polyamides/thioamides, Polyimines",122.08,4.61
*/C=C(\C#N)C(=O)NC1CCCCC1NC(=O)/C(C#N)=C/c1ccc(/C=C/c2ccc(N(CC)Cc3cccc(CN(CC)c4ccc(/C=C/c5ccc(*)s5)cc4)c3)cc2)s1,157.0,P382198,"Polysulfides, Polyamides/thioamides, Polyimines",120.2,5.05
*/C=C(\C#N)c1cccc(/C(C#N)=C/c2ccc(/C=C/c3ccc(N(CC)Cc4ccccc4CN(CC)c4ccc(/C=C/c5ccc(*)s5)cc4)cc3)s2)c1,178.0,P382199,"Polysulfides, Polyimines",131.6,6.43
*/C=C(\C#N)C(=O)NC1CCCCC1NC(=O)/C(C#N)=C/c1ccc(/C=C/c2ccc(N(c3ccccc3)c3ccc(N(c4ccccc4)c4ccc(/C=C/c5ccc(*)s5)cc4)cc3)cc2)s1,240.0,P382200,"Polysulfides, Polyamides/thioamides, Polyimines",166.15,7.14
*/C=C(\C#N)c1cccc(/C(C#N)=C/c2ccc(/C=C/c3ccc(N(c4ccccc4)c4ccc(N(c5ccccc5)c5ccc(/C=C/c6ccc(*)s6)cc5)cc4)cc3)s2)c1,178.0,P382201,"Polysulfides, Polyimines",196.9,8.29
*/C=C/c1ccc(N(CC)Cc2ccccc2CN(CC)c2ccc(/C=C/c3ccc(/C=C(\C#N)S(=O)(=O)/C(C#N)=C/c4ccc(*)s4)s3)cc2)cc1,178.0,P382203,"Polysulfides, Polyimines, Polysulfones/sulfoxides/sufonates/sulfoamides",127.38,5.16
*/C=C(\C#N)C(=O)Nc1cc(-c2ccc(O)c(NC(=O)/C(C#N)=C/c3ccc(/C=C/c4ccc(N(c5ccccc5)c5ccc(N(c6ccccc6)c6ccc(/C=C/c7ccc(*)s7)cc6)cc5)cc4)s3)c2)ccc1O,221.0,P382204,"Polysulfides, Polyamides/thioamides, Polyimines",210.12,8.78
*CC(SS*)c1ccccc1,4.8,P382205,Polysulfides,46.23,1.64
*c1ccc(CC(=O)Nc2ccc(NC(=O)Cc3ccc(-c4sc(*)c(-c5ccccc5)c4-c4ccccc4)cc3)cc2)cc1,251.0,P382207,"Polysulfides, Polyamides/thioamides",165.81,6.02
*c1ccc(CC(=O)Nc2cccc(NC(=O)Cc3ccc(-c4sc(*)c(-c5ccccc5)c4-c4ccccc4)cc3)c2)cc1,228.0,P382208,"Polysulfides, Polyamides/thioamides",165.36,5.89
*c1ccc(CC(=O)Nc2ccc(-c3ccc(NC(=O)Cc4ccc(-c5sc(*)c(-c6ccccc6)c5-c5ccccc5)cc4)cc3)cc2)cc1,272.0,P382209,"Polysulfides, Polyamides/thioamides",175.73,8.12
*c1ccc(CC(=O)Nc2ccc(Cc3ccc(NC(=O)Cc4ccc(-c5sc(*)c(-c6ccccc6)c5-c5ccccc5)cc4)cc3)cc2)cc1,227.0,P382210,"Polysulfides, Polyamides/thioamides",175.39,6.94
*c1ccc(CC(=O)Nc2ccc(S(=O)(=O)c3ccc(NC(=O)Cc4ccc(-c5sc(*)c(-c6ccccc6)c5-c5ccccc5)cc4)cc3)cc2)cc1,252.0,P382211,"Polysulfides, Polyamides/thioamides, Polysulfones/sulfoxides/sufonates/sulfoamides",169.04,7.23
*c1ccc(CC(=O)Nc2cccc3c(NC(=O)Cc4ccc(-c5sc(*)c(-c6ccccc6)c5-c5ccccc5)cc4)cccc23)cc1,255.0,P382212,"Polysulfides, Polyamides/thioamides",156.97,7.31
*c1ccc(NC(=O)Cc2ccc(-c3sc(-c4ccc(CC(=O)Nc5ccc(-c6sc(*)c(-c7ccccc7)c6-c6ccccc6)cc5)cc4)c(-c4ccccc4)c3-c3ccccc3)cc2)cc1,273.0,P382213,"Polysulfides, Polyamides/thioamides",229.89,10.4
*c1cc(C(=O)OCCCCCCCCCCOc2ccc(-c3ccc(OC(=O)c4ccc(OCC(F)CCCCCC)cc4)cc3)cc2)c(*)s1,151.0,P382223,Polysulfides,93.96,3.66
*Sc1ccc(Sc2ccc(Sc3ccc(P(=O)(c4ccccc4)c4ccc(*)cc4)cc3)cc2)cc1,175.0,P382226,Polysulfides,120.83,5.54
*c1cc(-c2ccc(C(=C3C=C(C(C)(C)C)C(=O)C(C(C)(C)C)=C3)c3cc(C(C)(C)C)c(OC(C)=O)c(C(C)(C)C)c3)cc2)c(*)s1,-4.3,P382227,Polysulfides,98.14,3.11
*c1cc(-c2ccc(C(=C3C=C(C(C)(C)C)C(=O)C(C(C)(C)C)=C3)c3cc(C(C)(C)C)c(O)c(C(C)(C)C)c3)cc2)c(*)s1,-12.6,P382228,Polysulfides,89.78,2.96
*Sc1ccc(Nc2ccc(*)cc2)cc1,145.0,P382233,"Polysulfides, Polyimines",80.58,3.37
*c1ccc2c(c1)C(CCCCCCCC)(CCCCCCCC)c1cc(-c3ccc(*)c4nsnc34)ccc1-2,114.5,P382238,"Polysulfides, Polyimines",96.28,3.91
*c1ccc(-c2sc(-c3ccc(-c4cc(SCCCC)c(*)s4)cc3)cc2SCCCC)cc1,26.4,P382253,Polysulfides,97.29,3.64
*c1ccc(-c2sc(-c3ccc(-c4cc(SCCCCCCCC)c(*)s4)cc3)cc2SCCCCCCCC)cc1,-38.8,P382254,Polysulfides,72.29,2.78
*c1ccc(-c2sc(-c3cc(SCCCC)c(*)s3)cc2SCCCC)cc1,129.0,P382256,Polysulfides,89.44,3.56
*c1ccc(-c2sc(-c3cc(SCCCCCCCC)c(*)s3)cc2SCCCCCCCC)cc1,55.3,P382257,Polysulfides,64.42,2.9
*c1ccc(-c2sc(-c3cc(SCCCCCCCCCCCC)c(*)s3)cc2SCCCCCCCCCCCC)cc1,65.4,P382258,Polysulfides,55.57,2.62
*c1ccc(-c2sc(-c3ccc(-c4cc(CCCC)c(*)s4)cc3)cc2CCCC)cc1,58.3,P382259,Polysulfides,91.74,4.32
*c1ccc(-c2sc(-c3ccc(-c4cc(CCCCCCCC)c(*)s4)cc3)cc2CCCCCCCC)cc1,-4.0,P382260,Polysulfides,88.94,3.52
*c1ccc(-c2sc(-c3ccc(-c4cc(CCCCCCCCCCCC)c(*)s4)cc3)cc2CCCCCCCCCCCC)cc1,-19.2,P382261,Polysulfides,64.09,3.04
*c1cc(SCCCCCC)c(*)s1,32.0,P382266,Polysulfides,42.12,1.78
*c1cc(SCCCCCCCCCCCC)c(*)s1,33.0,P382267,Polysulfides,36.56,1.49
*/C=C/c1sc(/C=C/c2ccc3c4ccc(*)cc4n(CC(CC)CCCC)c3c2)c(CC(CC)CCCC)c1CC(CC)CCCC,60.0,P382283,"Polysulfides, Polyimines",89.56,3.75
*c1sc(*)c(CCCCCCN(CC)c2ccc(/N=N/c3ccc([N+](=O)[O-])cc3)cc2)c1CCCCCC,17.0,P382285,Polysulfides,71.54,2.47
*c1cc(CC(=O)OCCN(CC)c2ccc(/N=N/c3ccc([N+](=O)[O-])cc3)cc2)c(*)s1,102.0,P382286,Polysulfides,86.73,3.67
*c1cc(CCOc2ccc(/N=N/c3ccc(C#N)cc3)cc2)c(*)s1,73.0,P382287,Polysulfides,81.03,3.58
*c1cc(CC(=O)OCCCCCCOc2ccc(/N=N/c3ccc(C#N)cc3)cc2)c(*)s1,64.0,P382288,Polysulfides,79.27,3.22
*c1ccc(Sc2ccc(Sc3ccc(Sc4ccc(S(*)(=O)=O)cc4S(=O)(=O)O)cc3)cc2)c(S(=O)(=O)O)c1,202.0,P382295,"Polysulfides, Polysulfones/sulfoxides/sufonates/sulfoamides",113.58,4.39
*C(=O)OCC(COc1ccc(/N=N/c2ccc(C#N)cc2)cc1)OC(=O)c1ccc(*)s1,119.0,P382296,"Polysulfides, Polyesters/thioesters",96.25,3.37
*c1cc(-c2sc(-c3cc(CCCC)c(*)s3)cc2CCCC)c2cccccc1-2,124.0,P382303,Polysulfides,70.73,3.02
*c1cc(-c2sc(-c3cc(CCCCCCC)c(*)s3)cc2CCCCCCC)c2cccccc1-2,56.0,P382304,Polysulfides,67.73,2.28
*c1cc(-c2sc(-c3cc(CCCCCCCCCC)c(*)s3)cc2CCCCCCCCCC)c2cccccc1-2,22.5,P382305,Polysulfides,47.83,1.86
*c1cc(-c2sc(-c3cc(CCCCCCCCCCCCCC)c(*)s3)cc2CCCCCCCCCCCCCC)c2cccccc1-2,-10.0,P382306,Polysulfides,35.5,1.08
*c1cc(C(=O)OCC(F)(F)C(F)(F)C(F)(F)F)c(*)s1,129.0,P382307,Polysulfides,63.43,2.37
*c1ccc(-c2cc(CCCCCCCC)c(-c3ccc(-c4sc(*)cc4CCCCCCCC)cc3)s2)cn1,16.2,P382308,"Polysulfides, Polyimines",85.03,3.48
*c1ccc(-c2ccc(-c3cc(CCCCCCCC)c(-c4ccc(-c5sc(*)cc5CCCCCCCC)cc4)s3)cc2)cc1,0.6,P382309,Polysulfides,107.09,4.46
*/C=C/c1cc(OCCCCCCCC)c(/C=C/c2ccc(*)c3nsnc23)cc1OCCCCCCCC,153.0,P382318,"Polysulfides, Polyimines",74.55,3.36
*c1ccc(-c2ccc(-c3ccc4c(c3)C(CCCCCCCC)(CCCCCCCC)c3cc(-c5ccc(*)s5)ccc3-4)s2)cn1,127.5,P382319,"Polysulfides, Polyimines",120.39,5.22
*c1cc(CC(=O)OCC)c(*)s1,56.7,P382331,Polysulfides,49.34,1.97
*c1cc(CCCCCCOC(=O)COC)c(*)s1,37.0,P382346,Polysulfides,39.3,1.62
*c1cc(CCCCCCOC(=O)Cc2ccccc2)c(*)s1,45.0,P382347,Polysulfides,61.06,2.39
*c1cc(CCCCCCOC(=O)COc2ccccc2)c(*)s1,50.0,P382348,Polysulfides,62.38,2.4
*c1ccc(-c2cc(CCCCCCBr)c(*)s2)s1,51.0,P382349,Polysulfides,65.9,2.33
*c1ccc(-c2cc(CCCCCCOC(=O)COc3ccccc3)c(*)s2)s1,79.0,P382350,Polysulfides,88.27,3.45
*c1cc(CCCCCCO[Si](C)(C)C)c(*)s1,10.0,P382351,Polysulfides,45.55,1.54
*Sc1ccc(C(=O)CNCCCCCCCCNCC(=O)c2ccc(*)cc2)cc1,231.0,P382371,"Polysulfides, Polyimines, Polyketones/thioketones",74.95,3.24
*c1ccc2cc3cc(-c4sc(-c5cc(CCCCCCCCCCCC)c(*)s5)cc4CCCCCCCCCCCC)ccc3cc2c1,158.0,P382373,Polysulfides,114.55,4.33
*Cc1ccccc1CSS*,39.0,P382384,Polysulfides,52.09,1.65
*CCCCSS*,-55.0,P382385,Polysulfides,22.5,0.43
*/C=C/c1cccc(OC(=O)CCCCCCCCC(=O)Oc2ccc(-c3nnc(*)s3)cc2)c1,55.0,P382387,"Polysulfides, Polyesters/thioesters, Polyimines",71.03,3.04
*/C=C/c1ccc(OC(=O)CCCCCCCCC(=O)Oc2cccc(-c3nnc(*)s3)c2)cc1,37.0,P382388,"Polysulfides, Polyesters/thioesters, Polyimines",73.83,2.95
*/C=C/c1ccc(OC(=O)CCCCCCCCC(=O)Oc2ccc(-c3nnc(*)s3)cc2)cc1,30.0,P382389,"Polysulfides, Polyesters/thioesters, Polyimines",75.53,2.87
*c1ccc2c3ccc(-c4ccc(-c5ccc(-c6ccc(*)s6)c6nccnc56)s4)cc3n(C(CCCCCCCC)CCCCCCCC)c2c1,116.0,P382391,"Polysulfides, Polyimines",154.71,6.3
*c1ccc2c3ccc(-c4ccc(-c5ccc(-c6ccc(*)s6)c6nsnc56)s4)cc3n(C(CCCCCCCC)CCCCCCCC)c2c1,126.0,P382392,"Polysulfides, Polyimines",151.18,6.04
*/C=C/c1cccc(OC(=O)CCCCCCCCC(=O)Oc2cccc(-c3nnc(*)s3)c2)c1,41.0,P382393,"Polysulfides, Polyesters/thioesters, Polyimines",81.42,2.67
*c1cc(CCOC(=O)C(C)Br)c(*)s1,49.0,P382394,Polysulfides,57.42,1.82
*CCCCOC(=O)CCSCCCCCCSCCC(=O)O*,-73.0,P382395,"Polysulfides, Polyesters/thioesters",6.15,0.1
*c1cc(C(C(=O)OC)C(=O)OC)c(*)s1,-20.1,P382410,Polysulfides,46.54,1.5
*Sc1ccc(Sc2ccc(Sc3ccc4c(c3)Sc3ccc(*)cc3S4)cc2)cc1,154.0,P382411,Polysulfides,126.73,4.7
*Sc1ccc2c(c1)Sc1ccc(*)cc1S2,209.9,P382412,Polysulfides,96.48,3.35
*c1ccc2c(c1)Sc1cc(-c3ccc(-c4ccc(*)s4)s3)ccc1N2CCCCCC,140.0,P382415,"Polysulfides, Polyimines",104.16,4.52
*c1ccc2c(c1)Sc1cc(-c3ccc(-c4ccc(*)s4)s3)ccc1N2CCCCCCCCCC,142.0,P382416,"Polysulfides, Polyimines",97.32,4.75
*c1ccc2c(c1)Sc1cc(-c3ccc(-c4ccc(*)s4)s3)ccc1N2CCCCCCCCCCCC,150.0,P382417,"Polysulfides, Polyimines",107.9,4.05
*c1ccc2c(c1)Sc1cc(-c3sc4cc(*)sc4c3CCCCC)ccc1N2CCCCCC,126.0,P382418,"Polysulfides, Polyimines",101.32,4.43
*c1ccc2c(c1)Sc1cc(-c3sc4cc(*)sc4c3CCCCC)ccc1N2CCCCCCCCCC,131.0,P382419,"Polysulfides, Polyimines",112.31,4.55
*c1ccc2c(c1)Sc1cc(-c3sc4cc(*)sc4c3CCCCC)ccc1N2CCCCCCCCCCCC,136.0,P382420,"Polysulfides, Polyimines",97.5,3.93
*c1cc(C(=O)Oc2cccc3cccnc23)c(*)s1,154.0,P382432,Polysulfides,93.23,4.03
*/C=C/c1ccc2c(c1)Sc1cc(*)ccc1N2c1ccc(OCCCCCCCCCCCC)cc1,129.0,P382439,"Polysulfides, Polyimines",91.73,3.43
*/C=C/c1ccc(/C=C/c2ccc3c(c2)Sc2cc(*)ccc2N3c2ccc(OCCCCCCCCCCCC)cc2)cc1,167.0,P382440,"Polysulfides, Polyimines",106.38,4.53
*/C=C/c1ccc(/C=C/c2ccc3c(c2)Sc2cc(*)ccc2N3c2ccc(OCCCCCCCCCCCC)cc2)s1,155.0,P382441,"Polysulfides, Polyimines",101.9,4.01
*c1cc(CCCCCC)c(-c2ccc3c4ccc(-c5sc(-c6sc(*)c7nc(CC)c(CC)nc67)cc5CCCCCC)cc4n(CCCCCCCCCCCC)c3c2)s1,89.0,P382447,"Polysulfides, Polyimines",125.82,6.21
*Nc1cnc(*)s1,139.0,P382457,"Polysulfides, Polyimines",65.67,2.67
*Sc1cccc(Sc2ccc(Sc3ccc(*)cc3)cc2)c1,69.0,P084372,Polysulfides,88.9,3.22
*Sc1cccc(Sc2ccc(Sc3ccc(*)cc3)cc2)c1,69.0,P382548,Polysulfides,86.55,3.39
*Oc1ccc(C(C)(C)c2ccc(OC(=O)c3ccc(C(C)(C)c4ccc(C(*)=O)cc4)cc3)cc2)cc1,230.0,P390004,Polyesters/thioesters,117.08,5.27
*Oc1ccc(C(C)(C)c2ccc(OC(=O)c3ccc(Cc4ccc(C(*)=O)cc4)cc3)cc2)cc1,205.0,P390005,Polyesters/thioesters,118.1,5.17
*Oc1ccc(OC(=O)c2cccc(C(*)=O)c2)cc1,186.0,P390006,Polyesters/thioesters,82.64,3.43
*Oc1ccc(S(=O)(=O)c2ccc(OC(=O)c3cc(CCCCC)cc(C(*)=O)c3)cc2)cc1,170.0,P390007,"Polyesters/thioesters, Polysulfones/sulfoxides/sufonates/sulfoamides",100.91,3.99
*OS(=O)(=O)c1cccc(C(=O)Oc2ccc(C(C)(C)c3ccc(*)cc3)cc2)c1,133.0,P390008,"Polyesters/thioesters, Polysulfones/sulfoxides/sufonates/sulfoamides",100.67,3.79
*CCN(CCOC(=O)c1cccc(C(=O)O*)c1)c1ccccc1,60.0,P390009,"Polyesters/thioesters, Polyimines",71.91,2.64
*Oc1ccc(C2(c3ccc(OC(=O)c4ccc(C(*)=O)cc4)cc3)CCCCC2)cc1,275.0,P390011,Polyesters/thioesters,102.44,4.46
*Oc1ccc(C(CC)(c2ccccc2)c2ccc(OC(=O)CCCCCCCCC(*)=O)cc2)cc1,88.0,P390012,Polyesters/thioesters,75.0,3.2
*Oc1ccc(C(CC)(c2ccccc2)c2ccc(OC(=O)c3ccc(C(*)=O)cc3)cc2)cc1,243.0,P390013,Polyesters/thioesters,114.01,5.04
*Oc1ccc(C(c2ccccc2)(c2ccccc2)c2ccc(OC(=O)c3ccc(C(*)=O)cc3)cc2)cc1,210.0,P390015,Polyesters/thioesters,124.0,5.88
*Oc1ccc(C2(c3ccc(OC(=O)CCC(*)=O)cc3)c3ccccc3-c3ccccc32)cc1,234.0,P390018,Polyesters/thioesters,122.67,4.81
*Oc1ccc(C2(c3ccc(OC(=O)CCCC(*)=O)cc3)c3ccccc3-c3ccccc32)cc1,207.0,P390019,Polyesters/thioesters,123.99,4.73
*Oc1ccc(C2(c3ccc(OC(=O)CCCCC(*)=O)cc3)c3ccccc3-c3ccccc32)cc1,166.0,P390020,Polyesters/thioesters,109.54,4.27
*Oc1ccc(C2(c3ccc(OC(=O)CCCCCCC(*)=O)cc3)c3ccccc3-c3ccccc32)cc1,158.0,P390021,Polyesters/thioesters,115.65,4.88
*Oc1ccc(C2(c3ccc(OC(=O)CCCCCCCC(*)=O)cc3)c3ccccc3-c3ccccc32)cc1,150.0,P390022,Polyesters/thioesters,96.6,4.73
*Oc1ccc(C2(c3ccc(OC(=O)CCCCCCCCCC(*)=O)cc3)c3ccccc3-c3ccccc32)cc1,136.0,P390023,Polyesters/thioesters,93.67,4.4
*Oc1ccc(C2(c3ccc(OC(=O)CCCCCCCCCCC(*)=O)cc3)c3ccccc3-c3ccccc32)cc1,117.0,P390024,Polyesters/thioesters,108.41,4.21
*Oc1ccc(C2(c3ccc(OC(=O)c4ccc(C(*)=O)cc4)cc3)c3ccccc3C(=O)c3ccccc32)cc1,400.0,P390031,"Polyesters/thioesters, Polyketones/thioketones",143.51,6.89
*Oc1ccc(C2(c3ccc(OC(=O)CCCCCCCCC(*)=O)cc3)c3ccccc3Cc3ccccc32)cc1,134.0,P390033,Polyesters/thioesters,103.11,4.19
*Oc1ccc(C2(c3ccc(OC(=O)c4ccc(C(*)=O)cc4)cc3)c3ccccc3Cc3ccccc32)cc1,342.0,P390034,Polyesters/thioesters,165.94,6.26
*CCC(C)(C)CC(C)COC(=O)CCCCC(=O)O*,-70.0,P390035,Polyesters/thioesters,15.72,0.1
*CCC(C)(C)CC(C)COC(=O)c1ccc(C(=O)O*)cc1,-9.0,P390036,Polyesters/thioesters,46.0,1.23
*C/C=C/COC(=O)CCCCCCCCC(=O)O*,-40.0,P390037,Polyesters/thioesters,15.31,0.21
*C/C=C/COC(=O)CCCCCCCCC(=O)O*,-40.0,P390038,Polyesters/thioesters,15.15,0.21
*C/C=C/COC(=O)CCCCCCCCC(=O)O*,-41.0,P390037,Polyesters/thioesters,14.25,0.21
*C/C=C/COC(=O)CCCCCCCCC(=O)O*,-41.0,P390038,Polyesters/thioesters,15.2,0.21
*O[Sn](CCCC)(CCCC)OC(=O)/C=C/C(*)=O,186.0,P390039,Polyesters/thioesters,48.64,1.46
*Oc1ccc(C(CC)(CC)c2ccc(OC(=O)c3ccc(C(*)=O)cc3)cc2)cc1,180.0,P390040,Polyesters/thioesters,101.97,3.7
*Oc1ccc(C(C)(c2ccccc2)c2ccc(OC(=O)c3cccc(C(*)=O)c3)cc2)cc1,202.0,P390045,Polyesters/thioesters,106.89,4.39
*Oc1ccc(C(c2ccccc2)(c2ccccc2)c2ccc(OC(=O)c3cccc(C(*)=O)c3)cc2)cc1,229.0,P390046,Polyesters/thioesters,125.46,5.82
*Oc1ccc(C(C)(C)c2ccc(OC(=O)c3ccc(C(=O)c4ccc(C(*)=O)cc4)cc3)cc2)cc1,194.0,P390050,"Polyesters/thioesters, Polyketones/thioketones",123.0,4.64
*Oc1ccc(C(=O)c2ccc(OC(=O)c3ccc(C(C)(C)c4ccc(C(*)=O)cc4)cc3)cc2)cc1,130.0,P390051,"Polyesters/thioesters, Polyketones/thioketones",106.91,4.44
*Oc1ccc(Cc2ccc(OC(=O)c3ccc(C(C)(C)c4ccc(C(*)=O)cc4)cc3)cc2)cc1,140.0,P390052,Polyesters/thioesters,104.24,4.33
*CC1CC(COC(=O)c2ccc(C(=O)O*)cc2)CC(C(C)(C)C)C1,118.0,P390055,Polyesters/thioesters,60.93,2.07
*CC1CCCC(COC(=O)c2ccc(C(=O)O*)cc2)C1,75.0,P390056,Polyesters/thioesters,59.15,1.95
*CCOC(=O)Cc1ccc(C(=O)O*)cc1,24.0,P390058,Polyesters/thioesters,48.47,1.81
*Oc1ccc(C(C)(C)c2ccc(OC(=O)c3ccc(CC(*)=O)cc3)cc2)cc1,85.0,P390059,Polyesters/thioesters,94.52,3.59
*Cc1ccc(COC(=O)Cc2ccc(C(=O)O*)cc2)cc1,47.0,P390060,Polyesters/thioesters,72.19,2.71
*CC(C)(C)COC(=O)Cc1ccc(C(=O)O*)cc1,33.0,P390061,Polyesters/thioesters,51.86,1.54
*CCCCCCCCCCOC(=O)c1ccccc1C(=O)O*,-14.0,P390062,Polyesters/thioesters,31.93,1.23
*Oc1ccc(C(C)(C)c2ccc(OC(=O)CC(C)CCC(*)=O)cc2)cc1,56.0,P390071,Polyesters/thioesters,61.75,2.59
*Oc1ccc(C(C)(C)c2ccc(OC(=O)CCCCC(*)=O)c(C)c2)cc1C,33.5,P390072,Polyesters/thioesters,69.63,2.21
*CC(C)(CC)COC(=O)CCCCCCCCC(=O)O*,-69.0,P390134,Polyesters/thioesters,12.14,0.1
*OC(C)CCC(C)OC(=O)CCCCCCCCC(*)=O,-66.0,P390135,Polyesters/thioesters,9.73,0.1
*CCCCCCCCOC(=O)c1cccc(C(=O)O*)c1,-9.0,P390184,Polyesters/thioesters,41.08,1.28
*Oc1ccc(C2(c3ccc(OC(=O)c4cccc(C(*)=O)c4)c(C)c3)c3ccccc3-c3ccccc32)cc1C,287.0,P390192,Polyesters/thioesters,155.31,6.51
*Oc1c(C)cc(C2(c3cc(C)c(OC(=O)c4cccc(C(*)=O)c4)c(C)c3)c3ccccc3-c3ccccc32)cc1C,315.0,P390193,Polyesters/thioesters,140.28,6.49
*CCCCOC(=O)/C=C/C(=O)O*,-22.0,P390201,Polyesters/thioesters,24.5,0.62
*CCCCOC(=O)/C=C/C(=O)O*,-22.0,P390202,Polyesters/thioesters,25.85,0.65
*CCCCOC(=O)/C=C/C(=O)O*,93.0,P390201,Polyesters/thioesters,36.27,1.19
*CCCCOC(=O)/C=C/C(=O)O*,93.0,P390202,Polyesters/thioesters,33.61,1.09
*Oc1ccc2c(c1)C(C)(c1ccc(OC(=O)c3cccc(C(*)=O)c3)cc1)CC2(C)C,230.5,P390203,Polyesters/thioesters,100.36,4.61
*Oc1ccc2c(c1)C(C)(c1ccc(OC(=O)c3ccc(C(*)=O)cc3)cc1)CC2(C)C,252.5,P390204,Polyesters/thioesters,106.14,4.61
*c1ccc(C(=O)NNC(=O)c2ccc(C(=O)NNC(=O)c3ccc(C4(*)OC(=O)c5ccccc54)cc3)cc2)cc1,237.0,P390214,"Polyesters/thioesters, Polyamides/thioamides",119.62,4.86
*Oc1c(OC)cc(-c2cc(OC)c(OC(=O)c3cccc(C(*)=O)c3)c(OC)c2)cc1OC,252.0,P390216,Polyesters/thioesters,102.68,4.59
*Oc1c(OC)cc(-c2cc(OC)c(OC(=O)CCCCCCCCC(*)=O)c(OC)c2)cc1OC,94.0,P390217,Polyesters/thioesters,64.91,2.23
*Oc1ccc(-c2ccc(OC(=O)c3ccc(C(*)=O)cc3)cc2)cc1,267.0,P390218,Polyesters/thioesters,105.3,4.88
*Oc1ccc(OC(=O)c2ccc(C(*)=O)cc2Oc2ccc3ccccc3c2)cc1,102.0,P390219,Polyesters/thioesters,104.14,4.15
*Oc1ccc(OC(=O)c2ccc(C(*)=O)cc2Sc2ccc3ccccc3c2)cc1,148.0,P390220,Polyesters/thioesters,107.09,4.47
*Oc1ccc(-c2ccc(OC(=O)c3ccc(C(*)=O)cc3Sc3ccc4ccccc4c3)cc2)cc1,141.0,P390221,Polyesters/thioesters,133.89,5.46
*Oc1ccc(OC(=O)c2ccc(C(*)=O)cc2Sc2ccccc2)cc1,181.0,P390222,Polyesters/thioesters,105.08,4.33
*Oc1ccc(OC(=O)c2ccc(C(*)=O)cc2Sc2ccc(C)cc2)cc1,134.0,P390223,Polyesters/thioesters,95.93,3.49
*Oc1ccc(OC(=O)c2ccc(C(*)=O)cc2Sc2ccc(Cl)cc2)cc1,140.0,P390224,Polyesters/thioesters,92.89,3.45
*OC(C)(CC(*)=O)C(F)(F)F,27.0,P390225,Polyesters/thioesters,34.62,1.04
*OC(C)CCOC(=O)C(CCCCCCOc1ccc(/N=C/c2ccc([N+](=O)[O-])cc2)cc1)C(*)=O,3.0,P390226,Polyesters/thioesters,54.76,1.63
*Oc1ccc(OC(=O)c2ccc(C(*)=O)cc2Sc2ccccc2)cc1C,130.0,P390227,Polyesters/thioesters,87.6,3.39
*Oc1ccc(OC(=O)c2ccc(C(*)=O)cc2Sc2ccccc2)cc1-c1ccccc1,130.0,P390228,Polyesters/thioesters,120.27,4.29
*OC(C)C(=O)OCC(*)=O,43.0,P390233,Polyesters/thioesters,33.59,1.02
*Oc1ccc(-c2ccc(OC(=O)c3ccc(-c4ccc(C(*)=O)cc4)cc3-c3ccccc3)cc2)cc1,168.0,P390234,Polyesters/thioesters,122.21,6.0
*Oc1ccc(OC(=O)c2ccc(-c3ccc(C(*)=O)cc3)cc2-c2ccccc2)cc1,140.0,P390235,Polyesters/thioesters,112.22,4.19
*Oc1ccc(OC(=O)c2ccc(-c3ccc(C(*)=O)cc3)cc2-c2ccccc2)c2ccccc12,165.0,P390236,Polyesters/thioesters,124.7,5.11
*Oc1ccc(OC(=O)c2ccc(-c3ccc(C(*)=O)cc3)cc2-c2ccccc2)cc1C,133.0,P390237,Polyesters/thioesters,103.39,4.78
*Oc1ccc(OC(=O)c2ccc(-c3ccc(C(*)=O)cc3)cc2-c2ccccc2)cc1-c1ccccc1,148.0,P390238,Polyesters/thioesters,117.98,5.09
*Oc1ccc(OC(=O)c2ccc(-c3ccc(C(*)=O)cc3)cc2-c2ccccc2)cc1C(C)(C)c1ccccc1,146.0,P390239,Polyesters/thioesters,126.79,5.28
*Oc1ccc2cc(OC(=O)c3ccc(-c4ccc(C(*)=O)cc4)cc3-c3ccccc3)ccc2c1,125.0,P390240,Polyesters/thioesters,133.36,5.24
*OC(COc1ccccc1)CC(*)=O,20.0,P390242,Polyesters/thioesters,41.73,1.57
*OC(CCOc1ccccc1)CC(*)=O,20.0,P390243,Polyesters/thioesters,43.33,1.66
*Oc1ccc(C(C)(C)c2ccc(OC(=O)c3ccccc3-c3ccccc3C(*)=O)cc2)cc1,161.0,P390244,Polyesters/thioesters,117.16,4.26
*CC(C)(CC)COC(=O)c1ccc(C(=O)O*)cc1,63.0,P390245,Polyesters/thioesters,53.53,1.94
*CCCCCCCCCCn1c2ccccc2c2cc(/C=C(\C#N)C(=O)OCCCCCCOC(=O)/C(C#N)=C/c3ccc4c(c3)c3ccccc3n4*)ccc21,94.5,P390248,"Polyesters/thioesters, Polyimines",133.13,4.86
*CCCCCCCCCn1c2ccccc2c2cc(/C=C(\C#N)C(=O)OCCCCCCOC(=O)/C(C#N)=C/c3ccc4c(c3)c3ccccc3n4*)ccc21,96.4,P390249,"Polyesters/thioesters, Polyimines",126.51,4.94
*CCCCCCCCn1c2ccccc2c2cc(/C=C(\C#N)C(=O)OCCCCCCOC(=O)/C(C#N)=C/c3ccc4c(c3)c3ccccc3n4*)ccc21,96.7,P390250,"Polyesters/thioesters, Polyimines",139.96,5.22
*CCCCCCCn1c2ccccc2c2cc(/C=C(\C#N)C(=O)OCCCCCCOC(=O)/C(C#N)=C/c3ccc4c(c3)c3ccccc3n4*)ccc21,107.8,P390251,"Polyesters/thioesters, Polyimines",117.88,4.96
*CCCCCCn1c2ccccc2c2cc(/C=C(\C#N)C(=O)OCCCCCCOC(=O)/C(C#N)=C/c3ccc4c(c3)c3ccccc3n4*)ccc21,117.7,P390252,"Polyesters/thioesters, Polyimines",140.14,5.88
*OC(CCCCCCC=C)CC(*)=O,-50.0,P390257,Polyesters/thioesters,13.9,0.26
*OC(CCc1ccccc1)CC(*)=O,18.0,P390258,Polyesters/thioesters,42.46,1.47
*OC(CCCCC)CC(*)=O,-33.0,P390259,Polyesters/thioesters,18.93,0.51
*Oc1ccc(C(=O)OCCCCCCCOC(=O)c2ccc(OC(=O)c3ccc(C(*)=O)cc3)cc2)cc1,70.0,P390281,Polyesters/thioesters,82.49,3.25
*Oc1ccc2cc(C(*)=O)ccc2c1,147.0,P390283,Polyesters/thioesters,80.61,3.2
*Oc1ccc(OC(=O)c2ccc(OC(=O)c3ccc(C(=O)Oc4ccc(C(*)=O)cc4)cc3)cc2)cc1,283.0,P390284,Polyesters/thioesters,135.77,4.75
*Oc1ccc(C(*)=O)cc1CCCCC,50.0,P390312,Polyesters/thioesters,50.21,1.72
*CCOC(=O)c1ccc(-c2ccc(-c3ccc(C(=O)O*)cc3)cc2)cc1,180.0,P390319,Polyesters/thioesters,88.89,3.95
*CCCCOC(=O)c1ccc(-c2ccc(-c3ccc(C(=O)O*)cc3)cc2)cc1,180.0,P390320,Polyesters/thioesters,102.21,3.62
*CCCCCOC(=O)c1ccc(-c2ccc(-c3ccc(C(=O)O*)cc3)cc2)cc1,40.0,P390321,Polyesters/thioesters,86.0,3.1
*CCCCCCOC(=O)c1ccc(-c2ccc(-c3ccc(C(=O)O*)cc3)cc2)cc1,60.0,P390322,Polyesters/thioesters,78.37,3.34
*CCCCCCCCCCOC(=O)c1ccc(-c2ccc(-c3ccc(C(=O)O*)cc3)cc2)cc1,50.0,P390323,Polyesters/thioesters,73.38,2.92
*CC(CC)(CC)COC(=O)c1ccc(-c2ccc(-c3ccc(C(=O)O*)cc3)cc2)cc1,-20.0,P390324,Polyesters/thioesters,70.54,2.6
*CC(C)(C)COC(=O)c1ccc(-c2ccc(-c3ccc(C(=O)O*)cc3)cc2)cc1,100.0,P390325,Polyesters/thioesters,88.81,3.58
*CCCCCOC(=O)c1ccc(/C=C/c2ccc(C(=O)O*)cc2)cc1,60.0,P390326,Polyesters/thioesters,65.52,2.32
*CC(C)(C)COC(=O)c1ccc(/C=C/c2ccc(C(=O)O*)cc2)cc1,80.0,P390329,Polyesters/thioesters,66.03,2.85
*CCCS(=O)(=O)CCCCS(=O)(=O)CCCOC(=O)c1ccccc1C(=O)O*,49.0,P390332,"Polyesters/thioesters, Polysulfones/sulfoxides/sufonates/sulfoamides",42.7,1.25
*CCCS(=O)(=O)CCCS(=O)(=O)CCCOC(=O)c1ccccc1C(=O)O*,52.0,P390333,"Polyesters/thioesters, Polysulfones/sulfoxides/sufonates/sulfoamides",43.58,1.32
*CCCS(=O)(=O)CCCCS(=O)(=O)CCCOC(=O)c1cccc(C(=O)O*)c1,65.0,P390334,"Polyesters/thioesters, Polysulfones/sulfoxides/sufonates/sulfoamides",46.85,1.45
*CCCS(=O)(=O)CCCS(=O)(=O)CCCOC(=O)c1cccc(C(=O)O*)c1,67.0,P390335,"Polyesters/thioesters, Polysulfones/sulfoxides/sufonates/sulfoamides",48.48,1.37
*CC#CC#CCOC(=O)c1ccc(C(=O)O*)cc1,143.0,P390338,Polyesters/thioesters,64.81,2.29
*CCC(C)CC(=O)O*,-71.5,P390342,Polyesters/thioesters,20.12,0.4
*C(=O)OCCOC(=O)c1ccc(C(=O)OCCOC(=O)N2CCN(*)CC2)cc1,53.0,P390363,"Polyesters/thioesters, Polyurethanes/thiourethanes",50.55,1.63
*Oc1ccc(OC(=O)c2ccc(C(*)=O)cc2Oc2ccccc2)cc1,105.0,P390365,Polyesters/thioesters,93.33,3.63
*Oc1ccc(OC(=O)c2ccc(C(*)=O)cc2Oc2ccc(Cl)cc2)cc1,107.0,P390366,Polyesters/thioesters,99.04,3.6
*Oc1ccc(OC(=O)c2ccc(C(*)=O)cc2Oc2ccc(-c3ccccc3)cc2)cc1,117.0,P390367,Polyesters/thioesters,103.27,4.54
*Oc1ccc(OC(=O)c2ccc(C(*)=O)cc2Oc2ccc(Br)cc2)cc1,108.0,P390375,Polyesters/thioesters,91.59,3.41
*Oc1ccc(OC(=O)c2ccc(C(*)=O)cc2Oc2ccc(F)cc2)cc1,106.0,P390376,Polyesters/thioesters,93.69,3.47
*Oc1ccc(OC(=O)c2ccc(C(*)=O)cc2Oc2ccc(C(C)(C)c3ccccc3)cc2)cc1,93.0,P390377,Polyesters/thioesters,95.62,3.95
*Oc1ccc(OC(=O)c2ccc(C(*)=O)cc2Oc2ccc(Oc3ccccc3)cc2)cc1,83.0,P390378,Polyesters/thioesters,106.02,4.2
*Oc1ccc(OC(=O)c2ccc(C(*)=O)cc2Oc2ccc(C3CCCCC3)cc2)cc1,113.0,P390379,Polyesters/thioesters,92.02,3.92
*Oc1ccc(OC(=O)Oc2ccc(C(*)=O)cc2)cc1,74.0,P390380,"Polyesters/thioesters, Polycarbonates/thiocarbonates",66.65,2.7
*OC1CCC(OC(=O)C(*)=O)CC1,139.6,P390393,Polyesters/thioesters,45.26,1.44
*Oc1ccc(-c2ccc(OC(=O)c3cc(OCCCCCC)c(C(*)=O)cc3OCCCCCC)cc2)cc1,113.0,P390399,Polyesters/thioesters,80.43,3.18
*Oc1ccc(C(=O)Nc2ccc(C(c3ccc(NC(=O)c4ccc(OC(=O)c5ccc(C(*)=O)cc5)cc4)cc3)(C(F)(F)F)C(F)(F)F)cc2)cc1,266.0,P390400,"Polyesters/thioesters, Polyamides/thioamides",144.78,5.34
*Oc1ccc(C(=O)Nc2ccc(C(c3ccc(NC(=O)c4ccc(OC(=O)c5cccc(C(*)=O)c5)cc4)cc3)(C(F)(F)F)C(F)(F)F)cc2)cc1,227.0,P390401,"Polyesters/thioesters, Polyamides/thioamides",150.03,5.8
*Oc1ccc(C(=O)Nc2cc(C(c3ccc(C)c(NC(=O)c4ccc(OC(=O)c5ccc(C(*)=O)cc5)cc4)c3)(C(F)(F)F)C(F)(F)F)ccc2C)cc1,213.0,P390402,"Polyesters/thioesters, Polyamides/thioamides",129.15,5.56
*Oc1ccc(C(=O)Nc2cc(C(c3ccc(C)c(NC(=O)c4ccc(OC(=O)c5cccc(C(*)=O)c5)cc4)c3)(C(F)(F)F)C(F)(F)F)ccc2C)cc1,214.0,P390403,"Polyesters/thioesters, Polyamides/thioamides",154.19,5.94
*Oc1ccc(C(C)(C)c2ccc(OC(=O)c3ccc4c(c3)C(C)(c3ccc(C(*)=O)cc3)CC4(C)C)cc2)cc1,265.0,P390404,Polyesters/thioesters,130.64,5.3
*Oc1ccc(C2(c3ccc(OC(=O)c4ccc(C(*)=O)cc4)cc3)CC3CC2C2CCCC32)cc1,322.0,P390405,Polyesters/thioesters,106.53,4.31
*Oc1c(Br)cc(C(C)(C)c2cc(Br)c(OC(=O)c3cccc(C(*)=O)c3)c(Br)c2)cc1Br,115.0,P390411,Polyesters/thioesters,107.69,4.01
*c1cc(Br)c(OC(=O)c2ccc(C(=O)Oc3c(Br)cc(C4(*)OC(=O)c5ccccc54)cc3Br)cc2)c(Br)c1,319.0,P390414,Polyesters/thioesters,149.76,5.91
*CCCCCCS(=O)(=O)c1ccc(/N=N/c2ccc(N(C)CCCCCC(=O)O*)cc2)cc1,60.5,P390415,"Polyesters/thioesters, Polyimines, Polysulfones/sulfoxides/sufonates/sulfoamides",60.09,2.28
*CCCS(=O)(=O)c1ccc(/N=N/c2ccc(N(CCCC)CC(=O)O*)cc2)cc1,92.4,P390416,"Polyesters/thioesters, Polyimines, Polysulfones/sulfoxides/sufonates/sulfoamides",66.49,2.38
*Oc1ccc(/C=C2\CC/C(=C\c3ccc(OC(=O)c4ccc(/N=C/c5ccc(/C=N/c6ccc(C(*)=O)cc6)cc5)cc4)cc3)C2=O)cc1,205.0,P390426,"Polyesters/thioesters, Polyimines, Polyketones/thioketones",142.71,5.19
*Oc1ccc(/C=C2\CC/C(=C\c3ccc(OC(=O)c4ccc(/N=C/c5ccc(/C=N/c6ccc(C(*)=O)cc6)cc5)cc4)c(OC)c3)C2=O)cc1OC,140.0,P390427,"Polyesters/thioesters, Polyimines, Polyketones/thioketones",128.87,4.99
*Oc1ccc(C(C)(c2ccccc2)c2ccc(OC(=O)c3ccccc3-c3ccccc3C(*)=O)cc2)cc1,172.0,P390430,Polyesters/thioesters,135.18,5.66
*CCOC(=O)c1ccc(/C(C#N)=C(\c2ccc(OC)cc2)N2CCC(*)CC2)cc1,167.0,P390445,"Polyesters/thioesters, Polyimines",89.33,3.1
*COC(=O)c1ccc(/C(C#N)=C(\c2ccc(OC)cc2)N2CCCC(*)C2)cc1,176.0,P390446,"Polyesters/thioesters, Polyimines",79.86,3.36
*/C(=C(\C#N)c1ccc(C(=O)OC2CCN(*)CC2)cc1)c1ccc(OC)cc1,183.0,P390447,"Polyesters/thioesters, Polyimines",84.84,3.16
*CCCCCCCCCCOC(=O)CC/C=C/CCC(=O)O*,-15.0,P392013,Polyesters/thioesters,11.92,0.12
*CCCCCCCCCCCCCCCCOC(=O)CC/C=C/CCC(=O)O*,-18.0,P392014,Polyesters/thioesters,5.0,0.1
*CCCCCCCCCCCCCCCCOC(=O)C/C=C/CC(=O)O*,-22.0,P392015,Polyesters/thioesters,6.17,0.1
*CC(CCCCCCOc1ccc(/N=N/c2ccc(C#N)cc2)cc1)COC(=O)CCCCCCCCCCCCC(=O)O*,21.5,P392033,Polyesters/thioesters,37.37,1.33
*Oc1ccc(C2(c3ccc(OC(=O)CCC(*)=O)cc3)c3cc(N(C)C)ccc3-c3ccc([N+](=O)[O-])cc32)cc1,215.0,P392038,Polyesters/thioesters,125.49,4.87
*Oc1ccc(C2(c3ccc(OC(=O)CCCC(*)=O)cc3)c3cc(N(C)C)ccc3-c3ccc([N+](=O)[O-])cc32)cc1,181.0,P392039,Polyesters/thioesters,121.15,4.46
*Oc1ccc(C2(c3ccc(OC(=O)CCCCC(*)=O)cc3)c3cc(N(C)C)ccc3-c3ccc([N+](=O)[O-])cc32)cc1,150.0,P392040,Polyesters/thioesters,112.13,4.11
*Oc1ccc(C2(c3ccc(OC(=O)CCC(*)=O)cc3)c3cc(OC)ccc3-c3ccc([N+](=O)[O-])cc32)cc1,230.0,P392041,Polyesters/thioesters,112.24,5.01
*Oc1ccc(C2(c3ccc(OC(=O)CCCC(*)=O)cc3)c3cc(OC)ccc3-c3ccc([N+](=O)[O-])cc32)cc1,197.0,P392042,Polyesters/thioesters,126.57,4.88
*Oc1cc(C(C)(C)c2ccccc2)c(OC(=O)c2cccc(C(*)=O)c2)cc1C(C)(C)c1ccccc1,180.0,P392043,Polyesters/thioesters,122.55,4.79
*Oc1cc(C(C)(C)c2ccccc2)c(OC(=O)c2ccc(C(*)=O)cc2)cc1C(C)(C)c1ccccc1,170.0,P392044,Polyesters/thioesters,115.69,4.88
*Oc1ccc2c(c1)C1(CC2(C)C)CC(C)(C)c2ccc(OC(=O)c3ccc(C(*)=O)cc3)cc21,290.0,P392045,Polyesters/thioesters,111.72,4.51
*Oc1ccc2c(c1)C1(CC2(C)C)CC(C)(C)c2ccc(OC(=O)c3cccc(C(*)=O)c3)cc21,245.0,P392046,Polyesters/thioesters,123.27,4.23
*Oc1ccc(/C=C2\CCC/C(=C\c3ccc(OC(=O)c4cccc(C(*)=O)c4)c(OC)c3)C2=O)cc1OC,57.86,P392056,"Polyesters/thioesters, Polyketones/thioketones",93.99,3.35
*Oc1ccc(/C=C2\CCC/C(=C\c3ccc(OC(=O)CCCCCCCCC(*)=O)c(OC)c3)C2=O)cc1OC,48.05,P392059,"Polyesters/thioesters, Polyketones/thioketones",67.33,1.97
*Oc1ccc(CC(NC(=O)CCc2ccc(OC(=O)CCCCC(*)=O)cc2)C(=O)OCC)cc1,61.0,P392068,"Polyesters/thioesters, Polyamides/thioamides",63.84,2.11
*Oc1ccc(CC(NC(=O)CCc2ccc(OC(=O)CCCCC(*)=O)cc2)C(=O)OCCCCCC)cc1,37.725,P392069,"Polyesters/thioesters, Polyamides/thioamides",49.28,1.72
*Oc1ccc(CC(NC(=O)CCc2ccc(OC(=O)CCCCC(*)=O)cc2)C(=O)OCCCCCCCC)cc1,28.0,P392070,"Polyesters/thioesters, Polyamides/thioamides",45.72,1.77
*Oc1ccc(CC(NC(=O)CCc2ccc(OC(=O)CCC(*)=O)cc2)C(=O)OCCCCCC)cc1,53.0,P392071,"Polyesters/thioesters, Polyamides/thioamides",51.85,2.18
*Oc1ccc(CC(NC(=O)CCc2ccc(OC(=O)CCCCCCCCC(*)=O)cc2)C(=O)OCCCCCC)cc1,22.0,P392072,"Polyesters/thioesters, Polyamides/thioamides",45.02,1.44
*CCCCOC(=O)c1ccc(N/C=N/c2ccc(C(=O)O*)cc2)cc1,91.0,P392077,"Polyesters/thioesters, Polyimines",65.55,2.52
*Oc1ccc(C(C)(C)c2ccc(OC(=O)c3ccc([Si](C)(C)c4ccc(C(*)=O)cc4)cc3)cc2)cc1,180.0,P392078,"Polyesters/thioesters, Polysiloxanes/silanes",108.06,4.5
*Oc1ccc(S(=O)(=O)c2ccc(OC(=O)c3ccc([Si](C)(C)c4ccc(C(*)=O)cc4)cc3)cc2)cc1,235.0,P392079,"Polyesters/thioesters, Polysiloxanes/silanes, Polysulfones/sulfoxides/sufonates/sulfoamides",124.86,5.36
*c1ccc(OC(=O)c2ccc([Si](C)(C)c3ccc(C(=O)Oc4ccc(C5(*)OC(=O)c6ccccc65)cc4)cc3)cc2)cc1,214.0,P392080,"Polyesters/thioesters, Polysiloxanes/silanes",140.94,5.86
*Oc1ccc(C(C)(C)c2ccc(OC(=O)c3ccc([Si](c4ccccc4)(c4ccccc4)c4ccc(C(*)=O)cc4)cc3)cc2)cc1,295.0,P392081,"Polyesters/thioesters, Polysiloxanes/silanes",146.21,7.18
*Oc1ccc(S(=O)(=O)c2ccc(OC(=O)c3ccc([Si](c4ccccc4)(c4ccccc4)c4ccc(C(*)=O)cc4)cc3)cc2)cc1,250.0,P392082,"Polyesters/thioesters, Polysiloxanes/silanes, Polysulfones/sulfoxides/sufonates/sulfoamides",166.38,6.17
*c1ccc(OC(=O)c2ccc([Si](c3ccccc3)(c3ccccc3)c3ccc(C(=O)Oc4ccc(C5(*)OC(=O)c6ccccc65)cc4)cc3)cc2)cc1,250.0,P392083,"Polyesters/thioesters, Polysiloxanes/silanes",164.79,7.63
*Oc1ccc(NC(=O)c2ccc([Si](C)(C)c3ccc(C(*)=O)cc3)cc2)cc1,220.0,P392084,"Polyesters/thioesters, Polyamides/thioamides, Polysiloxanes/silanes",95.97,3.89
*Oc1cccc(NC(=O)c2ccc([Si](C)(C)c3ccc(C(*)=O)cc3)cc2)c1,220.0,P392085,"Polyesters/thioesters, Polyamides/thioamides, Polysiloxanes/silanes",101.2,4.54
*Oc1ccc(NC(=O)c2ccc([Si](c3ccccc3)(c3ccccc3)c3ccc(C(*)=O)cc3)cc2)cc1,235.0,P392086,"Polyesters/thioesters, Polyamides/thioamides, Polysiloxanes/silanes",143.37,5.78
*Oc1cccc(OC(=O)c2ccc(OC(=O)c3cccc(C(=O)Oc4ccc(C(*)=O)cc4)c3)cc2)c1,158.0,P392090,Polyesters/thioesters,122.68,4.9
*C(=O)Oc1ccc(C(=O)Oc2cccc(OC(=O)c3ccc(OC(=O)c4ccc(*)nc4)cc3)c2)cc1,110.0,P392092,"Polyesters/thioesters, Polyimines",103.36,4.08
*c1ccc(OC(=O)c2ccc([Si](C)(C)c3ccc(C(=O)Oc4ccc(C5(*)c6ccccc6C(=O)N5c5ccccc5)cc4)cc3)cc2)cc1,255.0,P392093,"Polyesters/thioesters, Polyamides/thioamides, Polysiloxanes/silanes",163.72,6.28
*Oc1ccc(OC(=O)c2cc(OCCCc3ccccc3)c(C(*)=O)cc2OCCCc2ccccc2)cc1C,91.0,P392096,Polyesters/thioesters,93.25,3.71
*Oc1ccc(-c2ccc(OC(=O)c3cc(OCCCc4ccccc4)c(C(*)=O)cc3OCCCc3ccccc3)cc2)cc1,72.0,P392097,Polyesters/thioesters,121.45,4.74
*Oc1ccc(OC(=O)c2cc(OCCCCCCCCCCCC)c(C(*)=O)cc2OCCCCCCCCCCCC)cc1C,112.0,P392098,Polyesters/thioesters,46.63,1.78
*Oc1ccc(OC(=O)c2cc(OCCCCCCCCCCCC)c(C(*)=O)cc2OCCCCCCCCCCCC)cc1-c1ccccc1,96.0,P392099,Polyesters/thioesters,62.12,2.31
*Oc1ccc(-c2ccc(OC(=O)c3ccc(C(=O)c4ccc(C(*)=O)cc4)cc3)c(-c3ccccc3)c2)cc1-c1ccccc1,184.5,P392102,"Polyesters/thioesters, Polyketones/thioketones",163.13,6.42
*Oc1ccc(C(C)(C)c2ccc(OC(=O)c3ccc(C(c4ccc(C(*)=O)cc4)(C(F)(F)F)C(F)(F)F)cc3)cc2)cc1,124.0,P392103,Polyesters/thioesters,120.03,4.2
*Oc1ccc(C(c2ccc(OC(=O)c3ccc(C(c4ccc(C(*)=O)cc4)(C(F)(F)F)C(F)(F)F)cc3)cc2)(C(F)(F)F)C(F)(F)F)cc1,135.0,P392104,Polyesters/thioesters,131.99,4.18
*Oc1ccc(CC(NC(=O)CCc2ccc(OC(=O)CCC(*)=O)cc2)C(=O)OCC)cc1,78.0,P392105,"Polyesters/thioesters, Polyamides/thioamides",68.71,2.46
*Oc1ccc(CC(NC(=O)CCc2ccc(OC(=O)CCC(*)=O)cc2)C(=O)OCCCC)cc1,67.0,P392106,"Polyesters/thioesters, Polyamides/thioamides",61.16,2.12
*Oc1ccc(CC(NC(=O)CCc2ccc(OC(=O)CCC(*)=O)cc2)C(=O)OCCCCCCCC)cc1,48.0,P392107,"Polyesters/thioesters, Polyamides/thioamides",51.97,1.92
*Oc1ccc(CC(NC(=O)CCc2ccc(OC(=O)CCCCC(*)=O)cc2)C(=O)OCCCC)cc1,46.0,P392108,"Polyesters/thioesters, Polyamides/thioamides",54.23,1.83
*Oc1ccc(CC(NC(=O)CCc2ccc(OC(=O)CCCCCCC(*)=O)cc2)C(=O)OCC)cc1,50.0,P392109,"Polyesters/thioesters, Polyamides/thioamides",52.81,1.94
*Oc1ccc(CC(NC(=O)CCc2ccc(OC(=O)CCCCCCC(*)=O)cc2)C(=O)OCCCC)cc1,37.0,P392110,"Polyesters/thioesters, Polyamides/thioamides",47.01,1.71
*Oc1ccc(CC(NC(=O)CCc2ccc(OC(=O)CCCCCCC(*)=O)cc2)C(=O)OCCCCCC)cc1,27.0,P392111,"Polyesters/thioesters, Polyamides/thioamides",51.95,1.69
*Oc1ccc(CC(NC(=O)CCc2ccc(OC(=O)CCCCCCC(*)=O)cc2)C(=O)OCCCCCCCC)cc1,22.0,P392112,"Polyesters/thioesters, Polyamides/thioamides",45.34,1.59
*Oc1ccc(CC(NC(=O)CCc2ccc(OC(=O)CCCCCCCCC(*)=O)cc2)C(=O)OCC)cc1,44.0,P392113,"Polyesters/thioesters, Polyamides/thioamides",52.12,2.0
*Oc1ccc(CC(NC(=O)CCc2ccc(OC(=O)CCCCCCCCC(*)=O)cc2)C(=O)OCCCC)cc1,30.0,P392114,"Polyesters/thioesters, Polyamides/thioamides",44.23,1.76
*Oc1ccc(CC(NC(=O)CCc2ccc(OC(=O)CCCCCCCCC(*)=O)cc2)C(=O)OCCCCCCCC)cc1,15.5,P392115,"Polyesters/thioesters, Polyamides/thioamides",45.94,1.5
*/C=C/c1c(OC(=O)c2ccc(C(=O)Oc3ccc4ccccc4c3/C=C/c3cccc(*)n3)cc2)ccc2ccccc12,145.0,P392116,"Polyesters/thioesters, Polyimines",156.25,5.75
*/C=C/c1c(OC(=O)c2ccc(C(=O)Oc3cccc4ccc(*)nc34)cc2)ccc2ccccc12,175.0,P392117,"Polyesters/thioesters, Polyimines",141.95,5.18
*/C=C/c1ccc(OC(=O)c2ccc(C(=O)Oc3cccc4ccc(*)nc34)cc2)cc1,112.0,P392118,"Polyesters/thioesters, Polyimines",121.34,4.88
*CCN(CCOC(=O)c1ccc([Si](C)(C)c2ccc(C(=O)O*)cc2)cc1)c1ccc(/C=C/c2ccc([N+](=O)[O-])cc2)cc1,127.0,P392119,"Polyesters/thioesters, Polyimines, Polysiloxanes/silanes",110.98,4.44
*Oc1ccc(CC(NC(=O)CCc2ccc(OC(=O)CCC(*)=O)cc2)C(=O)OC)cc1,91.5,P392120,"Polyesters/thioesters, Polyamides/thioamides",68.92,2.47
*Oc1ccc(CC(NC(=O)CCc2ccc(OC(=O)CCC(*)=O)cc2)C(=O)OCCCCCCCCCCCC)cc1,40.0,P392121,"Polyesters/thioesters, Polyamides/thioamides",48.82,1.79
*Oc1ccc(CC(NC(=O)CCc2ccc(OC(=O)CCCC(*)=O)cc2)C(=O)OC)cc1,76.0,P392122,"Polyesters/thioesters, Polyamides/thioamides",66.02,2.1
*Oc1ccc(CC(NC(=O)CCc2ccc(OC(=O)CCCC(*)=O)cc2)C(=O)OCC)cc1,70.0,P392123,"Polyesters/thioesters, Polyamides/thioamides",61.85,2.22
*Oc1ccc(CC(NC(=O)CCc2ccc(OC(=O)CCCC(*)=O)cc2)C(=O)OCCCC)cc1,56.0,P392124,"Polyesters/thioesters, Polyamides/thioamides",61.69,2.08
*Oc1ccc(CC(NC(=O)CCc2ccc(OC(=O)CCCC(*)=O)cc2)C(=O)OCCCCCC)cc1,43.0,P392125,"Polyesters/thioesters, Polyamides/thioamides",57.36,2.0
*Oc1ccc(CC(NC(=O)CCc2ccc(OC(=O)CCCC(*)=O)cc2)C(=O)OCCCCCCCC)cc1,32.5,P392126,"Polyesters/thioesters, Polyamides/thioamides",48.3,1.73
*Oc1ccc(CC(NC(=O)CCc2ccc(OC(=O)CCCC(*)=O)cc2)C(=O)OCCCCCCCCCCCC)cc1,27.5,P392127,"Polyesters/thioesters, Polyamides/thioamides",48.15,1.68
*Oc1ccc(CC(NC(=O)CCc2ccc(OC(=O)CCCCC(*)=O)cc2)C(=O)OC)cc1,70.0,P392128,"Polyesters/thioesters, Polyamides/thioamides",57.84,2.07
*Oc1ccc(CC(NC(=O)CCc2ccc(OC(=O)CCCCC(*)=O)cc2)C(=O)OCCCCCCCCCCCC)cc1,22.0,P392129,"Polyesters/thioesters, Polyamides/thioamides",45.98,1.45
*Oc1ccc(CC(NC(=O)CCc2ccc(OC(=O)CCCCCCC(*)=O)cc2)C(=O)OC)cc1,55.5,P392130,"Polyesters/thioesters, Polyamides/thioamides",55.93,2.26
*Oc1ccc(CC(NC(=O)CCc2ccc(OC(=O)CCCCCCC(*)=O)cc2)C(=O)OCCCCCCCCCCCC)cc1,15.0,P392131,"Polyesters/thioesters, Polyamides/thioamides",38.01,1.27
*Oc1ccc(CC(NC(=O)CCc2ccc(OC(=O)CCCCCCCCC(*)=O)cc2)C(=O)OC)cc1,47.0,P392132,"Polyesters/thioesters, Polyamides/thioamides",52.85,1.96
*Oc1ccc(CC(NC(=O)CCc2ccc(OC(=O)CCCCCCCCC(*)=O)cc2)C(=O)OCCCCCCCCCCCC)cc1,12.5,P392133,"Polyesters/thioesters, Polyamides/thioamides",34.86,1.26
*CCN(CCOC(=O)CCCCC(=O)O*)c1ccc(/C=N/N(c2ccccc2)c2ccccc2)cc1,54.0,P392135,"Polyesters/thioesters, Polyimines",81.71,2.68
*CCCCCCCCCOC(=O)c1ccc(-c2ccc(C(=O)O*)cc2)cc1,50.5,P392153,Polyesters/thioesters,60.71,2.46
*CCCCCCCCCCCOC(=O)c1ccc(-c2ccc(C(=O)O*)cc2)cc1,49.0,P392154,Polyesters/thioesters,55.74,2.31
*CCCCCCCCCCCCOC(=O)c1ccc(-c2ccc(C(=O)O*)cc2)cc1,50.5,P392155,Polyesters/thioesters,50.36,2.0
*CCCCCCCOC(=O)c1ccc2cc(C(=O)O*)ccc2c1,52.5,P392156,Polyesters/thioesters,58.32,2.52
*CCCCCCCCOC(=O)c1ccc2cc(C(=O)O*)ccc2c1,60.0,P392157,Polyesters/thioesters,62.29,2.19
*CCCCCCCCCOC(=O)c1ccc2cc(C(=O)O*)ccc2c1,50.0,P392158,Polyesters/thioesters,62.91,2.33
*CCCCCCCCCCCOC(=O)c1ccc2cc(C(=O)O*)ccc2c1,43.0,P392159,Polyesters/thioesters,53.46,2.15
*CCCCCCCCCCCCOC(=O)c1ccc2cc(C(=O)O*)ccc2c1,45.0,P392160,Polyesters/thioesters,57.61,2.12
*Oc1ccc(OC(=O)c2ccc(C(*)=O)cc2)cc1C1CCCCCCC1,213.0,P392166,Polyesters/thioesters,91.48,3.7
*CC(=O)NC(C)C(=O)O*,54.6,P392169,"Polyesters/thioesters, Polyamides/thioamides",36.11,1.09
*OC(C)C(=O)NC(C)C(*)=O,57.65,P392170,"Polyesters/thioesters, Polyamides/thioamides",34.3,1.01
*Oc1ccc(-c2ccc(OC(=O)c3ccc(-c4ccc(C(*)=O)cc4C(F)(F)F)c(C(F)(F)F)c3)cc2C(=O)OCCCCCCCCCCCOc2ccc(-c3ccc(C#N)cc3)cc2)c(C(=O)OCCCCCCCCCCCOc2ccc(-c3ccc(C#N)cc3)cc2)c1,50.0,P392176,Polyesters/thioesters,152.17,5.53
*Oc1ccc(C(=O)NNC(=O)c2ccc(C(=O)NNC(=O)c3ccc(OC(=O)c4cccc(C(*)=O)c4)cc3)cc2)cc1,175.0,P392187,"Polyesters/thioesters, Polyamides/thioamides",125.03,4.67
*Oc1ccc(C(=O)NNC(=O)c2cccc(C(=O)NNC(=O)c3ccc(OC(=O)c4cccc(C(*)=O)c4)cc3)c2)cc1,180.0,P392188,"Polyesters/thioesters, Polyamides/thioamides",110.19,4.44
*Oc1ccc(C(=O)NNC(=O)c2ccc(C(=O)NNC(=O)c3ccc(OC(=O)c4cccc(C(*)=O)c4)cc3)cc2Oc2ccccc2)cc1,160.0,P392190,"Polyesters/thioesters, Polyamides/thioamides",123.56,5.47
*CCOC(=O)C1C2C=CC(C2)C1C(=O)O*,0.0,P392193,Polyesters/thioesters,31.44,0.85
*CC#C/C(C#CCOC(=O)CCCCCCCCC(=O)O*)=C\c1ccc(C#Cc2ccc(C=C(C#Cc3ccccc3)C#Cc3ccccc3)cc2)cc1,60.0,P392196,Polyesters/thioesters,109.97,3.74
*CC#C/C(C#CCOC(=O)CCCCCCCCC(=O)O*)=C\c1ccc(C#Cc2ccccc2)cc1,60.0,P392197,Polyesters/thioesters,61.55,2.43
*CC#C/C(C#CCOC(=O)CCCCCCCCC(=O)O*)=C\c1ccc(C#Cc2ccc([N+](=O)[O-])cc2)cc1,60.0,P392198,Polyesters/thioesters,62.11,2.4
*Oc1ccc(/N=N/c2ccc(Cc3ccc(/N=N/c4ccc(OC(=O)c5ccc(C(*)=O)cc5)cc4)cc3[N+](=O)[O-])c([N+](=O)[O-])c2)cc1,198.0,P392199,"Polyesters/thioesters, Polyimines",121.33,5.3
*Oc1ccc(/N=N/c2c(C)cc(Cc3cc(C)c(/N=N/c4ccc(OC(=O)c5ccc(C(*)=O)cc5)cc4)c(C)c3[N+](=O)[O-])c([N+](=O)[O-])c2C)cc1,203.0,P392200,"Polyesters/thioesters, Polyimines",132.11,5.94
*Oc1ccc(CC(NC(=O)CCc2ccc(OC(=O)CCC(*)=O)cc2)C(=O)OCc2ccccc2)cc1,78.0,P392201,"Polyesters/thioesters, Polyamides/thioamides",84.54,3.25
*Oc1ccc(CC(NC(=O)CCc2ccc(OC(=O)CCC(*)=O)cc2)C(=O)OCCOCCOCC)cc1,34.0,P392202,"Polyesters/thioesters, Polyamides/thioamides",51.31,1.67
*Oc1ccc(CC(NC(=O)CCc2ccc(OC(=O)CCC(*)=O)cc2)C(=O)OCC(C)C)cc1,75.0,P392203,"Polyesters/thioesters, Polyamides/thioamides",65.48,2.16
*Oc1ccc(CC(NC(=O)CCc2ccc(OC(=O)CCC(*)=O)cc2)C(=O)OC(C)C)cc1,82.0,P392204,"Polyesters/thioesters, Polyamides/thioamides",66.67,2.44
*Oc1ccc(CC(NC(=O)CCc2ccc(OC(=O)CCC(*)=O)cc2)C(=O)OC(C)CC)cc1,75.0,P392205,"Polyesters/thioesters, Polyamides/thioamides",58.4,2.11
*Oc1ccc(CC(NC(=O)CCc2ccc(OC(=O)CCCCCCCCC(*)=O)cc2)C(=O)OCc2ccccc2)cc1,42.0,P392206,"Polyesters/thioesters, Polyamides/thioamides",70.3,2.62
*Oc1ccc(CC(NC(=O)CCc2ccc(OC(=O)CCCCCCCCC(*)=O)cc2)C(=O)OCCOCCOCC)cc1,2.0,P392207,"Polyesters/thioesters, Polyamides/thioamides",42.61,1.23
*Oc1ccc(CC(NC(=O)CCc2ccc(OC(=O)CCCCCCCCC(*)=O)cc2)C(=O)OCC(C)C)cc1,33.0,P392208,"Polyesters/thioesters, Polyamides/thioamides",46.38,1.8
*Oc1ccc(CC(NC(=O)CCc2ccc(OC(=O)CCCCCCCCC(*)=O)cc2)C(=O)OC(C)C)cc1,44.0,P392209,"Polyesters/thioesters, Polyamides/thioamides",57.01,1.7
*Oc1ccc(CC(NC(=O)CCc2ccc(OC(=O)CCCCCCCCC(*)=O)cc2)C(=O)OC(C)CC)cc1,36.0,P392210,"Polyesters/thioesters, Polyamides/thioamides",54.69,1.75
*Oc1ccc(CC(NC(=O)CCc2ccc(OC(=O)CCCC(*)=O)cc2)C(=O)OCc2ccccc2)cc1,66.0,P392211,"Polyesters/thioesters, Polyamides/thioamides",78.3,3.25
*Oc1ccc(CC(NC(=O)CCc2ccc(OC(=O)CCCC(*)=O)cc2)C(=O)OCCOCCOCC)cc1,21.0,P392212,"Polyesters/thioesters, Polyamides/thioamides",47.39,1.56
*Oc1ccc(CC(NC(=O)CCc2ccc(OC(=O)CCCC(*)=O)cc2)C(=O)OCC(C)C)cc1,62.0,P392213,"Polyesters/thioesters, Polyamides/thioamides",58.46,2.02
*Oc1ccc(CC(NC(=O)CCc2ccc(OC(=O)CCCC(*)=O)cc2)C(=O)OC(C)C)cc1,68.0,P392214,"Polyesters/thioesters, Polyamides/thioamides",64.29,2.4
*Oc1ccc(CC(NC(=O)CCc2ccc(OC(=O)CCCC(*)=O)cc2)C(=O)OC(C)CC)cc1,52.0,P392215,"Polyesters/thioesters, Polyamides/thioamides",60.88,2.14
*Oc1ccc(CC(NC(=O)CCc2ccc(OC(=O)CCCCC(*)=O)cc2)C(=O)OCc2ccccc2)cc1,54.5,P392216,"Polyesters/thioesters, Polyamides/thioamides",80.53,2.82
*Oc1ccc(CC(NC(=O)CCc2ccc(OC(=O)CCCCC(*)=O)cc2)C(=O)OCCOCCOCC)cc1,15.0,P392217,"Polyesters/thioesters, Polyamides/thioamides",45.97,1.77
*Oc1ccc(CC(NC(=O)CCc2ccc(OC(=O)CCCCC(*)=O)cc2)C(=O)OCC(C)C)cc1,56.0,P392218,"Polyesters/thioesters, Polyamides/thioamides",59.1,2.08
*Oc1ccc(CC(NC(=O)CCc2ccc(OC(=O)CCCCC(*)=O)cc2)C(=O)OC(C)C)cc1,56.5,P392219,"Polyesters/thioesters, Polyamides/thioamides",60.09,1.95
*Oc1ccc(CC(NC(=O)CCc2ccc(OC(=O)CCCCC(*)=O)cc2)C(=O)OC(C)CC)cc1,50.0,P392220,"Polyesters/thioesters, Polyamides/thioamides",58.07,1.93
*Oc1ccc(CC(NC(=O)CCc2ccc(OC(=O)CCCCCCC(*)=O)cc2)C(=O)OCc2ccccc2)cc1,47.0,P392221,"Polyesters/thioesters, Polyamides/thioamides",69.89,2.74
*Oc1ccc(CC(NC(=O)CCc2ccc(OC(=O)CCCCCCC(*)=O)cc2)C(=O)OCCOCCOCC)cc1,6.0,P392222,"Polyesters/thioesters, Polyamides/thioamides",40.98,1.38
*Oc1ccc(CC(NC(=O)CCc2ccc(OC(=O)CCCCCCC(*)=O)cc2)C(=O)OCC(C)C)cc1,42.0,P392223,"Polyesters/thioesters, Polyamides/thioamides",54.02,2.04
*Oc1ccc(CC(NC(=O)CCc2ccc(OC(=O)CCCCCCC(*)=O)cc2)C(=O)OC(C)C)cc1,46.0,P392224,"Polyesters/thioesters, Polyamides/thioamides",60.48,2.18
*Oc1ccc(CC(NC(=O)CCc2ccc(OC(=O)CCCCCCC(*)=O)cc2)C(=O)OC(C)CC)cc1,46.0,P392225,"Polyesters/thioesters, Polyamides/thioamides",49.81,1.91
*Oc1ccc(CC(NC(=O)Cc2ccc(OC(=O)CCC(*)=O)cc2)C(=O)OCC)cc1,75.5,P392226,"Polyesters/thioesters, Polyamides/thioamides",64.88,2.44
*Oc1ccc(CC(NC(=O)Cc2ccc(OC(=O)CCC(*)=O)cc2)C(=O)OCCCCCC)cc1,59.0,P392227,"Polyesters/thioesters, Polyamides/thioamides",58.39,2.3
*Oc1ccc(CC(NC(=O)Cc2ccc(OC(=O)CCC(*)=O)cc2)C(=O)OCCCCCCCC)cc1,51.0,P392228,"Polyesters/thioesters, Polyamides/thioamides",51.85,1.94
*Oc1ccc(CC(NC(=O)Cc2ccc(OC(=O)CCCCC(*)=O)cc2)C(=O)OCC)cc1,63.0,P392229,"Polyesters/thioesters, Polyamides/thioamides",64.66,2.33
*Oc1ccc(CC(NC(=O)Cc2ccc(OC(=O)CCCCC(*)=O)cc2)C(=O)OCCCCCC)cc1,36.0,P392230,"Polyesters/thioesters, Polyamides/thioamides",53.12,1.74
*Oc1ccc(CC(NC(=O)Cc2ccc(OC(=O)CCCCC(*)=O)cc2)C(=O)OCCCCCCCC)cc1,28.0,P392231,"Polyesters/thioesters, Polyamides/thioamides",45.06,1.73
*Oc1ccc(CC(NC(=O)Cc2ccc(OC(=O)CC(C)CCC(*)=O)cc2)C(=O)OCC)cc1,63.0,P392232,"Polyesters/thioesters, Polyamides/thioamides",59.94,2.03
*Oc1ccc(CC(NC(=O)Cc2ccc(OC(=O)CC(C)CCC(*)=O)cc2)C(=O)OCCCCCC)cc1,38.0,P392233,"Polyesters/thioesters, Polyamides/thioamides",58.81,2.08
*Oc1ccc(CC(NC(=O)Cc2ccc(OC(=O)CC(C)CCC(*)=O)cc2)C(=O)OCCCCCCCC)cc1,30.0,P392234,"Polyesters/thioesters, Polyamides/thioamides",48.97,1.83
*Oc1ccc(CC(NC(=O)Cc2ccc(OC(=O)CCCCCCC(*)=O)cc2)C(=O)OCC)cc1,54.0,P392235,"Polyesters/thioesters, Polyamides/thioamides",53.42,1.92
*Oc1ccc(CC(NC(=O)Cc2ccc(OC(=O)CCCCCCC(*)=O)cc2)C(=O)OCCCCCC)cc1,27.0,P392236,"Polyesters/thioesters, Polyamides/thioamides",44.76,1.82
*Oc1ccc(CC(NC(=O)Cc2ccc(OC(=O)CCCCCCC(*)=O)cc2)C(=O)OCCCCCCCC)cc1,22.0,P392237,"Polyesters/thioesters, Polyamides/thioamides",47.83,1.69
*Oc1ccc(CC(NC(=O)Cc2ccc(OC(=O)CCCCCCCCC(*)=O)cc2)C(=O)OCC)cc1,43.0,P392238,"Polyesters/thioesters, Polyamides/thioamides",50.76,2.03
*Oc1ccc(CC(NC(=O)Cc2ccc(OC(=O)CCCCCCCCC(*)=O)cc2)C(=O)OCCCCCC)cc1,23.0,P392239,"Polyesters/thioesters, Polyamides/thioamides",45.89,1.47
*Oc1ccc(CC(NC(=O)Cc2ccc(OC(=O)CCCCCCCCC(*)=O)cc2)C(=O)OCCCCCCCC)cc1,16.0,P392240,"Polyesters/thioesters, Polyamides/thioamides",40.32,1.48
*Oc1ccc(CC(NC(=O)Cc2ccc(OC(=O)CCCC(*)=O)cc2)C(=O)OCC)cc1,65.0,P392241,"Polyesters/thioesters, Polyamides/thioamides",61.06,2.28
*Oc1ccc(CC(NC(=O)Cc2ccc(OC(=O)CCCC(*)=O)cc2)C(=O)OCCCCCC)cc1,42.0,P392242,"Polyesters/thioesters, Polyamides/thioamides",57.4,1.98
*Oc1ccc(CC(NC(=O)Cc2ccc(OC(=O)CCCC(*)=O)cc2)C(=O)OCCCCCCCC)cc1,38.0,P392243,"Polyesters/thioesters, Polyamides/thioamides",47.29,1.72
*Oc1ccc(CCNC(=O)c2cccc(C(=O)NCCc3ccc(OC(=O)c4cccc(C(*)=O)c4)cc3)c2)cc1,147.0,P392244,"Polyesters/thioesters, Polyamides/thioamides",101.98,4.12
*Oc1ccc(CCNC(=O)c2cccc(C(*)=O)c2)cc1,152.0,P392245,"Polyesters/thioesters, Polyamides/thioamides",74.57,3.21
*CCN(CCOC(=O)c1ccc(C(=O)O*)cc1)c1ccc(C=C(C#N)C#N)cc1,127.0,P392246,"Polyesters/thioesters, Polyimines",76.83,2.75
*CCN(CCOC(=O)c1ccc(C(=O)O*)c(OCCC)c1)c1ccc(-c2nc3ccc([N+](=O)[O-])cc3o2)cc1,119.0,P392247,"Polyesters/thioesters, Polyimines",99.07,4.41
*CCN(CCOC(=O)c1ccc(C(=O)O*)cc1)c1ccc(-c2nc3ccc([N+](=O)[O-])cc3o2)cc1,208.0,P392248,"Polyesters/thioesters, Polyimines",113.63,4.57
*CCN(CCOC(=O)c1ccc(C(=O)O*)c(OCCC)c1)c1ccc(C=C(C#N)C#N)cc1,94.0,P392249,"Polyesters/thioesters, Polyimines",67.84,2.61
*OC(C)C#CC#CC(C)OC(=O)c1ccc(C(*)=O)cc1,133.0,P392252,Polyesters/thioesters,66.53,2.12
*Oc1ccc(OC(=O)c2cc(OCCCCOCC3CCCN3c3ccc([N+](=O)[O-])cc3)c(C(*)=O)cc2OCCCCOCC2CCCN2c2ccc([N+](=O)[O-])cc2)cc1,68.0,P392257,Polyesters/thioesters,95.77,3.18
*Oc1ccc(OC(=O)c2cc(OCCCCCOCC3CCCN3c3ccc([N+](=O)[O-])cc3)c(C(*)=O)cc2OCCCCCOCC2CCCN2c2ccc([N+](=O)[O-])cc2)cc1,63.0,P392258,Polyesters/thioesters,79.96,3.06
*Oc1ccc(OC(=O)c2cc(OCCCCCCOCC3CCCN3c3ccc([N+](=O)[O-])cc3)c(C(*)=O)cc2OCCCCCCOCC2CCCN2c2ccc([N+](=O)[O-])cc2)cc1,56.0,P392259,Polyesters/thioesters,88.31,3.05
*Oc1ccc(OC(=O)c2cc(OCCCCCCCOCC3CCCN3c3ccc([N+](=O)[O-])cc3)c(C(*)=O)cc2OCCCCCCCOCC2CCCN2c2ccc([N+](=O)[O-])cc2)cc1,50.0,P392260,Polyesters/thioesters,86.46,2.9
*Oc1ccc(OC(=O)c2cc(OCCCCCCCCOCC3CCCN3c3ccc([N+](=O)[O-])cc3)c(C(*)=O)cc2OCCCCCCCCOCC2CCCN2c2ccc([N+](=O)[O-])cc2)cc1,41.0,P392261,Polyesters/thioesters,84.38,2.96
*Oc1ccc(OC(=O)c2cc(OCCCCCCCCCOCC3CCCN3c3ccc([N+](=O)[O-])cc3)c(C(*)=O)cc2OCCCCCCCCCOCC2CCCN2c2ccc([N+](=O)[O-])cc2)cc1,34.0,P392262,Polyesters/thioesters,72.17,2.79
*Oc1ccc(OC(=O)c2cc(OCCCCCCCCCCOCC3CCCN3c3ccc([N+](=O)[O-])cc3)c(C(*)=O)cc2OCCCCCCCCCCOCC2CCCN2c2ccc([N+](=O)[O-])cc2)cc1,30.0,P392263,Polyesters/thioesters,67.5,2.6
*OC(C)COC(=O)/C=C/C(*)=O,-14.0,P392285,Polyesters/thioesters,25.08,0.63
*Oc1cc(OC(=O)c2ccc(OC)cc2)c(OC(=O)CCCCCCCCCCCCCCC(*)=O)cc1OC(=O)c1ccc(OC)cc1,33.0,P392327,Polyesters/thioesters,63.44,2.48
*Oc1cc(OC(=O)c2ccc(OCC)cc2)c(OC(=O)CCCCCCCCCCCCCCC(*)=O)cc1OC(=O)c1ccc(OCC)cc1,31.0,P392328,Polyesters/thioesters,64.29,2.38
*Oc1cc(OC(=O)c2ccc(OCCC)cc2)c(OC(=O)CCCCCCCCCCCCCCC(*)=O)cc1OC(=O)c1ccc(OCCC)cc1,18.0,P392329,Polyesters/thioesters,54.31,2.29
*Oc1cc(OC(=O)c2ccc(OCCCC)cc2)c(OC(=O)CCCCCCCC(*)=O)cc1OC(=O)c1ccc(OCCCC)cc1,38.0,P392332,Polyesters/thioesters,67.48,2.28
*Oc1cc(OC(=O)c2ccc(OCCCC)cc2)c(OC(=O)CCCCCC(*)=O)cc1OC(=O)c1ccc(OCCCC)cc1,45.0,P392333,Polyesters/thioesters,75.42,2.38
*Oc1cc(OC(=O)c2ccc(OCCCC)cc2)c(OC(=O)CCCC(*)=O)cc1OC(=O)c1ccc(OCCCC)cc1,59.0,P392334,Polyesters/thioesters,68.99,2.96
*Oc1cc(OC(=O)c2ccc(OC)cc2)c(OC(=O)CCCC(*)=O)cc1OC(=O)c1ccc(OC)cc1,88.0,P392335,Polyesters/thioesters,87.89,3.2
*Oc1cc(OC(=O)c2ccc(OCC)cc2)c(OC(=O)CCCC(*)=O)cc1OC(=O)c1ccc(OCC)cc1,71.0,P392336,Polyesters/thioesters,85.66,3.16
*Oc1cc(OC(=O)c2ccc(OCCC)cc2)c(OC(=O)CCCC(*)=O)cc1OC(=O)c1ccc(OCCC)cc1,72.0,P392337,Polyesters/thioesters,86.06,3.05
*Oc1cc(OC(=O)c2ccc(OCCCCC)cc2)c(OC(=O)CCCC(*)=O)cc1OC(=O)c1ccc(OCCCCC)cc1,44.0,P392338,Polyesters/thioesters,69.58,2.57
*Oc1cc(OC(=O)c2ccc(OCCCCCCCCCCCC)cc2)c(OC(=O)CCCC(*)=O)cc1OC(=O)c1ccc(OCCCCCCCCCCCC)cc1,23.0,P392339,Polyesters/thioesters,48.33,1.88
*Oc1cc(OC(=O)c2ccc(OCC(C)CC)cc2)c(OC(=O)CCCC(*)=O)cc1OC(=O)c1ccc(OCC(C)CC)cc1,60.0,P392340,Polyesters/thioesters,68.36,2.76
*Oc1cc(OC(=O)c2ccc(C)cc2)c(OC(=O)CCCCCCCCCCCCCCC(*)=O)cc1OC(=O)c1ccc(C)cc1,27.0,P392341,Polyesters/thioesters,73.69,2.59
*Oc1cc(OC(=O)c2ccc(OCCCC)cc2)c(OC(=O)C(C)CCC(*)=O)cc1OC(=O)c1ccc(OCCCC)cc1,55.0,P392342,Polyesters/thioesters,76.58,2.57
*Oc1cc(OC(=O)c2ccc(OCCCC)cc2)c(OC(=O)C(C)(C)CCC(*)=O)cc1OC(=O)c1ccc(OCCCC)cc1,61.0,P392343,Polyesters/thioesters,73.57,2.87
*CCCOC(=O)c1cc(/N=N/c2ccc(OCC)cc2)ccc1-c1ccc(/N=N/c2ccc(OCC)cc2)cc1C(=O)O*,101.0,P392344,Polyesters/thioesters,94.88,4.16
*CCCCCCOC(=O)c1cc(/N=N/c2ccc(OCC)cc2)ccc1-c1ccc(/N=N/c2ccc(OCC)cc2)cc1C(=O)O*,83.0,P392345,Polyesters/thioesters,98.07,4.0
*Oc1ccc(OC(=O)c2cc(/N=N/c3ccc(OCC)cc3)ccc2-c2ccc(/N=N/c3ccc(OCC)cc3)cc2C(*)=O)cc1,170.0,P392346,Polyesters/thioesters,136.69,5.44
*Oc1ccc(-c2ccc(OC(=O)c3cc(/N=N/c4ccc(OCC)cc4)ccc3-c3ccc(/N=N/c4ccc(OCC)cc4)cc3C(*)=O)cc2)cc1,165.0,P392347,Polyesters/thioesters,150.57,5.7
*CCN(CCOC(=O)/C=C/c1ccc(/C=C/C(=O)O*)cc1)c1ccc(/N=N/c2ccc([N+](=O)[O-])cc2)cc1,120.0,P392348,"Polyesters/thioesters, Polyimines",85.59,3.08
*CCC(C)CCOC(=O)CCCCC(=O)O*,-78.6,P392355,Polyesters/thioesters,12.81,0.1
*Oc1cc(OC(=O)c2ccc(C(*)=O)cc2)cc(C(=O)OCCN(CC)c2ccc(/N=N/c3ccc([N+](=O)[O-])cc3)cc2)c1,130.0,P392362,Polyesters/thioesters,95.48,4.16
*CCN(CCOC(=O)c1cc(OCCN(C)c2ccc(S(=O)(=O)C(F)(F)C(F)(F)C(F)(F)C(F)(F)C(F)(F)C(F)(F)C(F)(F)C(F)(F)F)cc2)cc(C(=O)O*)c1)c1ccc(S(=O)(=O)C(F)(F)C(F)(F)C(F)(F)C(F)(F)C(F)(F)C(F)(F)C(F)(F)C(F)(F)F)cc1,83.0,P392370,"Polyesters/thioesters, Polyimines",91.23,2.26
*CCN(CCOC(=O)c1cc(OC2CCN(c3ccc(S(=O)(=O)C(F)(F)C(F)(F)C(F)(F)C(F)(F)C(F)(F)C(F)(F)C(F)(F)C(F)(F)F)cc3)CC2)cc(C(=O)O*)c1)c1ccc(S(=O)(=O)C(F)(F)C(F)(F)C(F)(F)C(F)(F)C(F)(F)C(F)(F)C(F)(F)C(F)(F)F)cc1,99.0,P392371,"Polyesters/thioesters, Polyimines",102.18,2.63
*CCN(CCOC(=O)c1cc(OCCC2CCN(c3ccc(S(=O)(=O)C(F)(F)C(F)(F)C(F)(F)C(F)(F)C(F)(F)C(F)(F)C(F)(F)C(F)(F)F)cc3)CC2)cc(C(=O)O*)c1)c1ccc(S(=O)(=O)C(F)(F)C(F)(F)C(F)(F)C(F)(F)C(F)(F)C(F)(F)C(F)(F)C(F)(F)F)cc1,86.0,P392372,"Polyesters/thioesters, Polyimines",96.69,2.43
*CCN(CCOC(=O)c1cc(OCCN(C)c2ccc(S(=O)(=O)CCCCCCCC)cc2)cc(C(=O)O*)c1)c1ccc(S(=O)(=O)C(F)(F)C(F)(F)C(F)(F)C(F)(F)C(F)(F)C(F)(F)C(F)(F)C(F)(F)F)cc1,80.0,P392373,"Polyesters/thioesters, Polyimines",87.45,2.46
*/C=C(\C#N)C(=O)OCCCCCCCCCCOC(=O)/C(C#N)=C/c1ccc2c(c1)c1cc(*)ccc1n2CCCCCCCCCCCCCC,35.0,P392378,"Polyesters/thioesters, Polyimines",57.51,2.39
*/C=C(\C#N)C(=O)OCCCCCCOC(=O)/C(C#N)=C/c1ccc2c(c1)c1cc(*)ccc1n2CCCCCCCCCCCCCC,53.0,P392379,"Polyesters/thioesters, Polyimines",65.31,2.42
*/C=C(\C#N)C(=O)OCCCCCCCCCCOC(=O)/C(C#N)=C/c1ccc2c(c1)c1cc(*)ccc1n2CCCCCCC,59.0,P392380,"Polyesters/thioesters, Polyimines",75.23,2.47
*/C=C(\C#N)C(=O)OCCCCCCOC(=O)/C(C#N)=C/c1ccc2c(c1)c1cc(*)ccc1n2CCCCCCC,87.0,P392381,"Polyesters/thioesters, Polyimines",81.28,2.87
*/C=C(\C#N)C(=O)OCCCCCCOC(=O)/C(C#N)=C/c1ccc2c(c1)c1cc(*)ccc1n2CCCCCCCCCCCn1c2ccccc2c2ccccc21,63.0,P392382,"Polyesters/thioesters, Polyimines",125.38,5.41
*/C=C(\C#N)C(=O)OCCCCCCOC(=O)/C(C#N)=C/c1ccc2c(c1)c1cc(*)ccc1n2CCCCCCCCCCCOc1ccc(/C=C/c2ccc([N+](=O)[O-])cc2)cc1,87.0,P392383,"Polyesters/thioesters, Polyimines",111.56,4.36
*OC(CC)C(*)=O,15.0,P392390,Polyesters/thioesters,27.32,0.86
*CCC[Sn](C)(C)CCCOC(=O)C(CCCCCCOc1ccc(-c2ccc(OCc3ccc([N+](=O)[O-])cc3)cc2)cc1)C(=O)O*,40.5,P392391,Polyesters/thioesters,76.32,2.41
*OC(CCl)COC(=O)C1=C(C(=O)OCC(CCl)OC(=O)c2ccc(C(*)=O)cc2)C2C=CC1C2,72.0,P392392,Polyesters/thioesters,56.74,1.58
*OC(COC(=O)C1=C(C(=O)OCC(COC(=O)C2=C(c3ccccc3)C3C=CC2C3)OC(=O)c2ccc(C(*)=O)cc2)C2C=CC1C2)COC(=O)C1=C(c2ccccc2)C2C=CC1C2,74.0,P392393,Polyesters/thioesters,82.98,2.86
*OC1CCC(OC(=O)c2ccc(C(*)=O)cc2)CC1,94.3,P392394,Polyesters/thioesters,64.06,2.03
*OC(CCCCCC)CC(*)=O,-47.0,P392399,Polyesters/thioesters,17.66,0.34
*Oc1ccc(CC(NC(=O)CCc2ccc(OC(=O)CCC(C)CC(*)=O)cc2)C(=O)OCc2ccccc2)cc1,55.0,P392401,"Polyesters/thioesters, Polyamides/thioamides",75.89,2.94
*Oc1ccc(CC(NC(=O)CCc2ccc(OC(=O)CCC(C)CC(*)=O)cc2)C(=O)OC)cc1,53.0,P392411,"Polyesters/thioesters, Polyamides/thioamides",54.78,2.24
*Oc1ccc(CC(NC(=O)CCc2ccc(OC(=O)CC(C)CCC(*)=O)cc2)C(=O)OC(C)CC)cc1,45.0,P392418,"Polyesters/thioesters, Polyamides/thioamides",62.46,2.12
*CCCCOC(=O)CCCCCCCCCCCCCCCCCCCCCCCCCCCCCCCCCCC(=O)O*,-55.0,P392423,Polyesters/thioesters,5.0,0.1
*CC(C)COC(=O)c1ccc(C(=O)O*)cc1,55.0,P392429,Polyesters/thioesters,49.83,1.71
*CCOC(=O)CCC(=O)OCCOC(=O)c1ccc(C(=O)O*)cc1,24.0,P392430,Polyesters/thioesters,42.41,1.49
*CCOC(=O)CCCCC(=O)OCCOC(=O)c1ccc(C(=O)O*)cc1,8.0,P392431,Polyesters/thioesters,42.94,1.32
*CCOC(=O)CCCCCCC(=O)OCCOC(=O)c1ccc(C(=O)O*)cc1,-1.0,P392432,Polyesters/thioesters,39.0,1.13
*CCOC(=O)CCCCCCCCC(=O)OCCOC(=O)c1ccc(C(=O)O*)cc1,-6.5,P392433,Polyesters/thioesters,34.11,1.03
*CCOC(=O)CCCCCCCCCCC(=O)OCCOC(=O)c1ccc(C(=O)O*)cc1,-8.0,P392434,Polyesters/thioesters,27.89,0.79
*CCCCOC(=O)CCCCC(=O)OCCCCOC(=O)c1ccc(C(=O)O*)cc1,-20.0,P392436,Polyesters/thioesters,31.45,0.84
*CCc1ccc(NC(=O)c2cccc(C(=O)Nc3ccc(CCOC(=O)c4cccc(C(=O)O*)c4)cc3)c2)cc1,142.0,P392450,"Polyesters/thioesters, Polyamides/thioamides",109.84,4.05
*CCN(CCOC(=O)c1ccc(C(=O)O*)c(OCCC)c1)c1ccc(/N=N/c2ccc(-c3nc4ccccc4o3)cc2)cc1,117.0,P392451,"Polyesters/thioesters, Polyimines",117.48,4.77
*Oc1ccc(/N=N/c2ccc(Cc3ccc(/N=N/c4ccc(OC(=O)c5ccc(/N=N/c6ccc(C(*)=O)cc6)cc5)cc4)cc3[N+](=O)[O-])c([N+](=O)[O-])c2)cc1,160.0,P392458,"Polyesters/thioesters, Polyimines",148.4,6.25
*Oc1ccc(/N=N/c2ccc(S(=O)(=O)c3ccc(/N=N/c4ccc(OC(=O)c5ccc(/N=N/c6ccc(C(*)=O)cc6)cc5)cc4)cc3[N+](=O)[O-])c([N+](=O)[O-])c2)cc1,150.0,P392459,"Polyesters/thioesters, Polyimines, Polysulfones/sulfoxides/sufonates/sulfoamides",146.54,5.78
*CCN(CCOC(=O)CCC#CC#CCCC(=O)O*)c1ccc([N+](=O)[O-])cc1,30.0,P392460,"Polyesters/thioesters, Polyimines",46.66,1.42
*CCN(CCOC(=O)CCC#CC#CCCC(=O)O*)c1ccc(/N=N/c2c(C)cc(/N=N/c3ccc(C#N)cc3)cc2C)cc1,63.0,P392461,"Polyesters/thioesters, Polyimines",76.72,3.07
*O[Ca]OC(=O)c1ccccc1C(=O)OCCCCCOC(=O)NCCCCCCNC(=O)OCCCCCOC(=O)c1ccccc1C(*)=O,-2.4,P392462,"Polyesters/thioesters, Polyurethanes/thiourethanes",41.92,1.24
*CCCCCOC(=O)c1ccccc1C(=O)O[Cd]OC(=O)c1ccccc1C(=O)OCCCCCOC(=O)NCCCCCCNC(=O)O*,-6.8,P392463,"Polyesters/thioesters, Polyurethanes/thiourethanes",51.34,1.3
*CCCCCOC(=O)c1ccccc1C(=O)O[Pb]OC(=O)c1ccccc1C(=O)OCCCCCOC(=O)NCCCCCCNC(=O)O*,-19.2,P392464,"Polyesters/thioesters, Polyurethanes/thiourethanes",52.19,1.18
*O[Zn]OC(=O)c1ccccc1C(=O)OCCCCCOC(=O)NCCCCCCNC(=O)OCCCCCOC(=O)c1ccccc1C(*)=O,-4.3,P392465,"Polyesters/thioesters, Polyurethanes/thiourethanes",41.79,1.31
*O[Ca]OC(=O)c1ccccc1C(=O)OCCCCCOC(=O)Nc1cc(NC(=O)OCCCCCOC(=O)c2ccccc2C(*)=O)ccc1C,5.1,P392466,"Polyesters/thioesters, Polyurethanes/thiourethanes",70.95,2.52
*CCCCCOC(=O)c1ccccc1C(=O)O[Cd]OC(=O)c1ccccc1C(=O)OCCCCCOC(=O)Nc1ccc(C)c(NC(=O)O*)c1,2.3,P392467,"Polyesters/thioesters, Polyurethanes/thiourethanes",79.68,2.58
*CCCCCOC(=O)c1ccccc1C(=O)O[Pb]OC(=O)c1ccccc1C(=O)OCCCCCOC(=O)Nc1ccc(C)c(NC(=O)O*)c1,-11.3,P392468,"Polyesters/thioesters, Polyurethanes/thiourethanes",77.48,2.6
*O[Zn]OC(=O)c1ccccc1C(=O)OCCCCCOC(=O)Nc1cc(NC(=O)OCCCCCOC(=O)c2ccccc2C(*)=O)ccc1C,4.2,P392469,"Polyesters/thioesters, Polyurethanes/thiourethanes",74.72,2.57
*CCOC(=O)C1=CCCCC(N2CCCC2)=C1C(=O)O*,352.5,P392490,Polyesters/thioesters,64.04,2.48
*Oc1ccc(OC(=O)c2cc(OCCCCCCCCCCC(F)(F)C(F)(F)C(F)(F)C(F)(F)C(F)(F)C(F)(F)C(F)(F)C(F)(F)C(F)(F)C(F)(F)F)cc(C(*)=O)c2)cc1,137.0,P392491,Polyesters/thioesters,78.49,2.24
*CCOC(=O)NCC1(C)CC(NC(=O)O*)CC(C)(C)C1,84.0,P392501,Polyurethanes/thiourethanes,38.57,1.23
*Oc1cc(OCCOC)c(OC(=O)c2ccc(C(*)=O)cc2OCCOCC)cc1OCCOC,99.0,P392505,Polyesters/thioesters,64.51,2.33
*Oc1ccc(CC(NC(=O)CCc2ccc(OC(=O)CC(C)CCC(*)=O)cc2)C(=O)OCCCC)cc1,35.0,P392509,"Polyesters/thioesters, Polyamides/thioamides",49.65,2.01
*CC(=O)NCC(=O)O*,67.0,P392512,"Polyesters/thioesters, Polyamides/thioamides",36.5,1.28
*O[Si](C)(C)CCCC(=O)Oc1ccc(/C=N/c2ccc(/N=C/c3ccc(OC(=O)CCC[Si](*)(C)C)cc3)cc2)cc1,60.0,P392534,"Polyesters/thioesters, Polyimines, Polysiloxanes/silanes",81.84,2.86
*O[Si](C)(C)CCCC(=O)Oc1ccc(/C=N/c2ccc(Cc3ccc(/N=C/c4ccc(OC(=O)CCC[Si](*)(C)C)cc4)cc3)cc2)cc1,68.0,P392535,"Polyesters/thioesters, Polyimines, Polysiloxanes/silanes",89.11,3.95
*Oc1cc(OCCOC)c(OC(=O)c2ccc(C(*)=O)cc2-c2ccccc2)cc1OCCOC,92.0,P392536,Polyesters/thioesters,80.72,3.35
*C(=O)OC1CC(*)N(C(=O)OCc2ccccc2)C1,78.0,P392542,"Polyesters/thioesters, Polyimines",62.34,2.13
*CC(CCCCCCOc1ccc(/N=N/c2ccc(OC)cc2)cc1)COC(=O)CCCCC(=O)O*,22.0,P392543,Polyesters/thioesters,47.54,1.61
*CC(CCCCCCOc1ccc(/N=N/c2ccc(C(F)(F)F)cc2)cc1)COC(=O)CCCCC(=O)O*,44.0,P392544,Polyesters/thioesters,59.72,2.0
*CC(CCCCCCOc1ccc(/N=N/c2ccc(C)cc2)cc1)COC(=O)CCCCC(=O)O*,29.0,P392545,Polyesters/thioesters,50.09,1.99
*CC(CCCCCCOc1ccc(/N=N/c2ccc(Cl)cc2)cc1)COC(=O)CCCCC(=O)O*,9.0,P392546,Polyesters/thioesters,53.44,1.67
*CC(CCCCCCOc1ccc(/N=N/c2ccc(Br)cc2)cc1)COC(=O)CCCCC(=O)O*,24.0,P392547,Polyesters/thioesters,49.93,1.66
*CCOC(=O)c1cc(C(=O)O*)cc(C(C)(C)C)c1,94.0,P392548,Polyesters/thioesters,55.88,1.9
*OC(COC(=O)C12CC3CC(CC(C(*)=O)(C3)C1)C2)COc1ccc(/N=N/c2ccc(C#N)cc2)cc1,105.0,P392551,Polyesters/thioesters,75.89,2.86
*OC(COC(=O)C1CCC(C(*)=O)CC1)COc1ccc(/N=N/c2ccc(C#N)cc2)cc1,106.0,P392552,Polyesters/thioesters,67.39,2.89
*OC(COC(=O)c1ccccc1C(*)=O)COc1ccc(/N=N/c2ccc(C#N)cc2)cc1,105.0,P392553,Polyesters/thioesters,88.69,3.25
*OC(COC(=O)c1ccc(C)cc1C(*)=O)COc1ccc(/N=N/c2ccc(C#N)cc2)cc1,124.0,P392554,Polyesters/thioesters,97.5,3.82
*C(=O)OCC(COc1ccc(/N=N/c2ccc(C#N)cc2)cc1)OC(=O)c1ncccc1*,130.0,P392556,"Polyesters/thioesters, Polyimines",85.67,3.4
*OC(COC(=O)c1cccc(C(*)=O)c1)COc1ccc(/N=N/c2ccc(C#N)cc2)cc1,119.0,P392558,Polyesters/thioesters,82.85,3.27
*OC(COC(=O)c1cc(C(*)=O)cc(C(C)(C)C)c1)COc1ccc(/N=N/c2ccc(C#N)cc2)cc1,137.0,P392559,Polyesters/thioesters,88.38,3.29
*OC(COC(=O)c1ccc(C(*)=O)cc1)COc1ccc(/N=N/c2ccc(C#N)cc2)cc1,122.0,P392560,Polyesters/thioesters,92.75,3.34
*OC(COC(=O)c1ccc(C(*)=O)c(OC)c1)COc1ccc(/N=N/c2ccc(C#N)cc2)cc1,120.0,P392561,Polyesters/thioesters,96.43,3.44
*OC(COC(=O)c1ccc(C(*)=O)c2ccccc12)COc1ccc(/N=N/c2ccc(C#N)cc2)cc1,117.0,P392563,Polyesters/thioesters,108.23,4.59
*OC(COC(=O)c1ccc2cc(C(*)=O)ccc2c1)COc1ccc(/N=N/c2ccc(C#N)cc2)cc1,138.0,P392564,Polyesters/thioesters,108.79,4.11
*OC(COC(=O)c1ccccc1-c1ccccc1C(*)=O)COc1ccc(/N=N/c2ccc(C#N)cc2)cc1,120.0,P392565,Polyesters/thioesters,95.18,4.15
*OC(COC(=O)c1ccc(-c2ccc(C(*)=O)cc2)cc1)COc1ccc(/N=N/c2ccc(C#N)cc2)cc1,141.0,P392566,Polyesters/thioesters,112.06,4.52
*OC(COC(=O)c1cccc(-c2ccc(C(*)=O)cc2)c1)COc1ccc(/N=N/c2ccc(C#N)cc2)cc1,135.0,P392567,Polyesters/thioesters,101.03,4.46
*OC(COC(=O)c1c(F)c(F)c(-c2c(F)c(F)c(C(*)=O)c(F)c2F)c(F)c1F)COc1ccc(/N=N/c2ccc(C#N)cc2)cc1,112.0,P392569,Polyesters/thioesters,102.6,4.56
*OC(COC(=O)c1ccc(-c2cc(CCCCCCCC)c(-c3ccc(C(*)=O)c(F)c3F)cc2CCCCCCCC)c(F)c1F)COc1ccc(/N=N/c2ccc(C#N)cc2)cc1,61.0,P392570,Polyesters/thioesters,112.29,4.22
*CCCCCCNC(=O)CCCC(=O)O*,-18.0,P392571,"Polyesters/thioesters, Polyamides/thioamides",17.19,0.41
*Oc1ccc(C2(c3ccc(OC(=O)c4ccc(C(*)=O)cc4)cc3)CCC(C(C)(C)C)CC2)cc1,210.0,P392572,Polyesters/thioesters,111.32,3.85
*Oc1ccc(-c2ccc(/N=N/c3ccc(C(*)=O)cc3)cc2)cc1,147.0,P392600,"Polyesters/thioesters, Polyimines",101.44,3.92
*CCCCOC(=O)C(Cc1ccccc1)NC(=O)/C=C/C(=O)NC(Cc1ccccc1)C(=O)O*,103.0,P392623,"Polyesters/thioesters, Polyamides/thioamides",61.31,2.41
*CCCCCCOC(=O)C(Cc1ccccc1)NC(=O)/C=C/C(=O)NC(Cc1ccccc1)C(=O)O*,92.0,P392624,"Polyesters/thioesters, Polyamides/thioamides",67.82,2.35
*C/C=C/COC(=O)C(Cc1ccccc1)NC(=O)/C=C/C(=O)NC(Cc1ccccc1)C(=O)O*,109.0,P392625,"Polyesters/thioesters, Polyamides/thioamides",65.16,2.55
*C/C=C/COC(=O)C(Cc1ccccc1)NC(=O)CCCCC(=O)NC(Cc1ccccc1)C(=O)O*,61.0,P392626,"Polyesters/thioesters, Polyamides/thioamides",60.16,2.24
*C/C=C/COC(=O)C(Cc1ccccc1)NC(=O)CCCCCCCCC(=O)NC(Cc1ccccc1)C(=O)O*,46.0,P392627,"Polyesters/thioesters, Polyamides/thioamides",49.92,1.66
*CCN(CCOC(=O)c1ccc(C(=O)O*)c(OCCC)c1)c1ccc(/N=N/c2ccc(-c3nc4cc([N+](=O)[O-])ccc4[nH]3)cc2)cc1,152.0,P392635,"Polyesters/thioesters, Polyimines",111.7,5.22
*CCN(CCOC(=O)c1ccc(C(=O)O*)c(OCCC)c1)c1ccc(/N=N/c2nc(C#N)c(C#N)[nH]2)cc1,152.0,P392636,"Polyesters/thioesters, Polyimines",85.53,3.36
*CCN(CCOC(=O)c1ccc(C(=O)O*)c(OCCCCC)c1)c1ccc(/N=N/c2nc(C#N)c(C#N)[nH]2)cc1,131.0,P392637,"Polyesters/thioesters, Polyimines",87.87,3.63
*Oc1ccc(C(c2ccc(OC(=O)c3ccccc3-c3ccccc3C(*)=O)cc2)(C(F)(F)F)C(F)(F)F)cc1,162.0,P392641,Polyesters/thioesters,127.37,4.92
*CC(C)(C)COC(=O)c1ccc(-c2ccc(C(=O)O*)cc2)cc1,101.0,P392642,Polyesters/thioesters,70.34,2.96
*CC(C)(CC)COC(=O)c1ccc(-c2ccc(C(=O)O*)cc2)cc1,99.0,P392643,Polyesters/thioesters,69.39,2.86
*CC(C)(CCC)COC(=O)c1ccc(-c2ccc(C(=O)O*)cc2)cc1,95.0,P392644,Polyesters/thioesters,77.16,2.79
*Oc1ccccc1C(=O)OC(=O)c1ccccc1OC(=O)CCCC(*)=O,50.0,P392645,"Polyesters/thioesters, Polyanhydrides/thioanhydrides",64.04,2.31
*Oc1ccccc1C(=O)OC(=O)c1ccccc1OC(=O)CCCCC(*)=O,55.0,P392646,"Polyesters/thioesters, Polyanhydrides/thioanhydrides",64.03,2.28
*Oc1ccccc1C(=O)OC(=O)c1ccccc1OC(=O)CCCCCC(*)=O,40.0,P392647,"Polyesters/thioesters, Polyanhydrides/thioanhydrides",66.33,2.31
*Oc1ccccc1C(=O)OC(=O)c1ccccc1OC(=O)CCCCCCC(*)=O,28.0,P392648,"Polyesters/thioesters, Polyanhydrides/thioanhydrides",65.37,2.22
*Oc1ccccc1C(=O)OC(=O)c1ccccc1OC(=O)CCCCCCCC(*)=O,25.0,P392649,"Polyesters/thioesters, Polyanhydrides/thioanhydrides",59.24,2.0
*Oc1ccccc1C(=O)OC(=O)c1ccccc1OC(=O)CCCCCCCCC(*)=O,28.0,P392650,"Polyesters/thioesters, Polyanhydrides/thioanhydrides",58.29,2.27
*Oc1ccccc1C(=O)OC(=O)c1ccccc1OC(=O)c1ccc(C(*)=O)cc1,120.0,P392651,"Polyesters/thioesters, Polyanhydrides/thioanhydrides",102.79,3.36
*Oc1ccccc1C(=O)OC(=O)c1ccccc1OC(=O)c1cccc(C(*)=O)c1,105.0,P392652,"Polyesters/thioesters, Polyanhydrides/thioanhydrides",101.3,3.92
*Oc1ccccc1C(=O)OC(=O)c1ccccc1OC(=O)C(C)C(C)C(*)=O,45.0,P392653,"Polyesters/thioesters, Polyanhydrides/thioanhydrides",71.93,2.35
*Oc1ccccc1C(=O)OC(=O)c1ccccc1OC(=O)C(CC)C(CC)C(*)=O,23.0,P392654,"Polyesters/thioesters, Polyanhydrides/thioanhydrides",60.43,2.2
*CCCCCCCCCOC(=O)C(O)C(O)C(=O)O*,-11.0,P392660,Polyesters/thioesters,17.85,0.36
*CCCCCCCCCOC(=O)CCC(=O)O*,31.0,P392661,Polyesters/thioesters,22.23,0.51
*Oc1ccc(OC(=O)c2ccc(C(*)=O)cc2)cc1-c1cccc(C(F)(F)F)c1,155.8,P392662,Polyesters/thioesters,103.5,4.19
*CCN(CCOC(=O)c1cc(OCc2cc(OCc3ccccc3)cc(OCc3ccccc3)c2)cc(C(=O)O*)c1)c1ccc(/C=C/c2ccc(/C=C/C3=C(C#N)C(=C(C#N)C#N)OC3(c3ccccc3)C(F)(F)F)s2)cc1,130.0,P392664,"Polyesters/thioesters, Polyimines",142.98,6.07
*CCN(CCOC(=O)c1cc(OCc2c(F)c(F)c(OC)c(F)c2F)cc(C(=O)O*)c1)c1ccc(/C=C/c2ccc(/C=C/C3=C(C#N)C(=C(C#N)C#N)OC3(c3ccccc3)C(F)(F)F)s2)cc1,140.0,P392665,"Polyesters/thioesters, Polyimines",136.34,4.87
*CC(=O)NCCCCCCNC(=O)COC(=O)CCC(=O)O*,30.0,P392667,"Polyesters/thioesters, Polyamides/thioamides",23.93,0.48
*CC(=O)NCCCCCCNC(=O)COC(=O)CCCCC(=O)O*,19.0,P392668,"Polyesters/thioesters, Polyamides/thioamides",17.22,0.32
*CC(=O)NCCCCCCNC(=O)COC(=O)CCCCCCC(=O)O*,8.0,P392669,"Polyesters/thioesters, Polyamides/thioamides",14.07,0.18
*CC(=O)NCCCCCCNC(=O)COC(=O)CCCCCCCCC(=O)O*,2.0,P392670,"Polyesters/thioesters, Polyamides/thioamides",12.57,0.1
*CC(=O)NCCCCCCNC(=O)COC(=O)CCCCCCCCCCC(=O)O*,0.9,P392671,"Polyesters/thioesters, Polyamides/thioamides",9.81,0.1
*CCC[Sn](C)(C)CCCOC(=O)C(CCCCCCCCOc1ccc(-c2ccc(OCc3ccc(C#N)cc3)cc2)cc1)C(=O)O*,22.0,P392677,Polyesters/thioesters,69.19,2.49
*Oc1ccc(OC(=O)c2ccc(C(*)=O)cc2)cc1C(F)(F)F,159.3,P392681,Polyesters/thioesters,91.55,3.24
*CC#CCOC(=O)CCCCCCC(=O)O*,-38.0,P392698,Polyesters/thioesters,19.74,0.41
*CC#CCOC(=O)CCCCCCCCCCC(=O)O*,-27.0,P392699,Polyesters/thioesters,17.59,0.26
*Oc1ccc(/C(=C/c2ccc(-c3ccc(/C=C(\c4ccccc4)c4ccc(OC(=O)c5ccc(C(*)=O)cc5)cc4)cc3)cc2)c2ccccc2)cc1,236.0,P392703,Polyesters/thioesters,154.62,7.65
*Oc1ccc(/C(=C/c2ccc(-c3ccc(/C=C(\c4ccccc4)c4ccc(OC(=O)c5cccc(C(*)=O)c5)cc4)cc3)cc2)c2ccccc2)cc1,224.0,P392704,Polyesters/thioesters,159.34,7.88
*Oc1ccc(/C(=C/c2ccc(-c3ccc(/C=C(\c4ccccc4)c4ccc(OC(=O)CCCCC(*)=O)cc4)cc3)cc2)c2ccccc2)cc1,128.0,P392705,Polyesters/thioesters,150.28,6.22
*Oc1ccc(/C(=C/c2ccc(-c3ccc(/C=C(\c4ccccc4)c4ccc(OC(=O)CCCCCCCCC(*)=O)cc4)cc3)cc2)c2ccccc2)cc1,111.0,P392706,Polyesters/thioesters,128.63,5.69
*CCN(CCOC(=O)c1ccc(C(=O)O*)cc1)c1ccc(/N=N/c2ccc(-c3nc4ccc([N+](=O)[O-])cc4n3CC)cc2)cc1,149.0,P392709,"Polyesters/thioesters, Polyimines",123.46,4.84
*CCN(CCOC(=O)c1cccc(C(=O)O*)c1)c1ccc(/N=N/c2ccc(-c3nc4ccc([N+](=O)[O-])cc4n3CC)cc2)cc1,147.0,P392710,"Polyesters/thioesters, Polyimines",127.86,4.85
*CCN(CCOC(=O)c1ccc(C(=O)O*)c(OC)c1)c1ccc(/N=N/c2ccc(-c3nc4ccc([N+](=O)[O-])cc4n3CC)cc2)cc1,146.0,P392711,"Polyesters/thioesters, Polyimines",134.63,4.99
*CCN(CCOC(=O)c1ccc(C(=O)O*)c(OC)c1)c1ccc(/N=N/c2ccc(/C=C/c3nc4ccc([N+](=O)[O-])cc4n3CC)cc2)cc1,173.0,P392712,"Polyesters/thioesters, Polyimines",125.91,5.36
*Cc1cc2cc(C(=O)Nc3ccc(NC(=O)c4cc5cc(*)c(OC(=O)COc6ccc7ccc(=O)oc7c6)cc5oc4=O)cc3)c(=O)oc2cc1OC(=O)COc1ccc2ccc(=O)oc2c1,252.0,P392718,"Polyesters/thioesters, Polyamides/thioamides",221.03,8.64
*Cc1cc2cc(C(=O)Nc3ccc(-c4ccc(NC(=O)c5cc6cc(*)c(OC(=O)COc7ccc8ccc(=O)oc8c7)cc6oc5=O)cc4)cc3)c(=O)oc2cc1OC(=O)COc1ccc2ccc(=O)oc2c1,248.0,P392719,"Polyesters/thioesters, Polyamides/thioamides",247.53,9.83
*Cc1cc2cc(C(=O)Nc3ccc(Cc4ccc(NC(=O)c5cc6cc(*)c(OC(=O)COc7ccc8ccc(=O)oc8c7)cc6oc5=O)cc4)cc3)c(=O)oc2cc1OC(=O)COc1ccc2ccc(=O)oc2c1,221.0,P392720,"Polyesters/thioesters, Polyamides/thioamides",229.77,8.58
*Cc1cc2cc(C(=O)Nc3ccc(S(=O)(=O)c4ccc(NC(=O)c5cc6cc(*)c(OC(=O)COc7ccc8ccc(=O)oc8c7)cc6oc5=O)cc4)cc3)c(=O)oc2cc1OC(=O)COc1ccc2ccc(=O)oc2c1,233.0,P392721,"Polyesters/thioesters, Polyamides/thioamides, Polysulfones/sulfoxides/sufonates/sulfoamides",240.04,10.06
*Cc1cc2cc(C(=O)Nc3ccc(C(c4ccc(NC(=O)c5cc6cc(*)c(OC(=O)COc7ccc8ccc(=O)oc8c7)cc6oc5=O)cc4)(C(F)(F)F)C(F)(F)F)cc3)c(=O)oc2cc1OC(=O)COc1ccc2ccc(=O)oc2c1,257.0,P392722,"Polyesters/thioesters, Polyamides/thioamides",234.72,9.41
*Cc1cc2cc(C(=O)Nc3cccc(NC(=O)c4cc5cc(*)c(OC(=O)COc6ccc7ccc(=O)oc7c6)cc5oc4=O)c3)c(=O)oc2cc1OC(=O)COc1ccc2ccc(=O)oc2c1,240.0,P392723,"Polyesters/thioesters, Polyamides/thioamides",217.47,8.03
*CCOC(=O)/C=C/C(=O)NCCCCCCNC(=O)/C=C/C(=O)O*,89.0,P392727,"Polyesters/thioesters, Polyamides/thioamides",28.75,0.79
*c1ccc(OC(=O)c2cccc(C(=O)Oc3ccc(-c4nc5ccccc5nc4*)cc3)c2)cc1,245.0,P392731,"Polyesters/thioesters, Polyimines",135.02,5.96
*c1ccc(OC(=O)c2ccc(C(=O)Oc3ccc(-c4nc5ccccc5nc4*)cc3)cc2)cc1,232.0,P392732,"Polyesters/thioesters, Polyimines",138.49,6.27
*c1ccc2cc(OC(=O)c3cccc(C(=O)Oc4ccc5cc(-c6nc7ccccc7nc6*)ccc5c4)c3)ccc2c1,151.0,P392733,"Polyesters/thioesters, Polyimines",171.55,7.11
*c1ccc2cc(OC(=O)c3ccc(C(=O)Oc4ccc5cc(-c6nc7ccccc7nc6*)ccc5c4)cc3)ccc2c1,136.0,P392734,"Polyesters/thioesters, Polyimines",172.03,6.61
*Oc1ccc(C2(c3ccc(OC(=O)c4ccc(C(*)=O)cc4)cc3)CCC3CCCCC3C2)cc1,275.0,P392737,Polyesters/thioesters,104.5,4.48
*Oc1ccc(C2(c3ccc(OC(=O)c4cccc(C(*)=O)c4)cc3)CCC3CCCCC3C2)cc1,248.0,P392738,Polyesters/thioesters,101.31,3.96
*Oc1ccc(C2(c3ccc(OC(=O)c4ccc(C(*)=O)cc4)c(C)c3)CCC3CCCCC3C2)cc1C,247.0,P392739,Polyesters/thioesters,119.15,4.31
*Oc1ccc(C2(c3ccc(OC(=O)c4cccc(C(*)=O)c4)c(C)c3)CCC3CCCCC3C2)cc1C,207.0,P392740,Polyesters/thioesters,114.51,4.43
*Oc1c(C)cc(C2(c3cc(C)c(OC(=O)c4ccc(C(*)=O)cc4)c(C)c3)CCC3CCCCC3C2)cc1C,287.0,P392741,Polyesters/thioesters,113.24,4.45
*Oc1c(C)cc(C2(c3cc(C)c(OC(=O)c4cccc(C(*)=O)c4)c(C)c3)CCC3CCCCC3C2)cc1C,261.0,P392742,Polyesters/thioesters,108.34,4.48
*Cc1ccc2oc(=O)c(C(=O)Nc3ccc(C(c4ccc(NC(=O)c5cc6cc(*)ccc6oc5=O)cc4)(C(F)(F)F)C(F)(F)F)cc3)cc2c1,329.0,P392743,"Polyesters/thioesters, Polyamides/thioamides",180.16,7.0
*Oc1ccc(C2(c3ccc(OC(=O)C45CC6CC(CC(C(*)=O)(C6)C4)C5)cc3)c3ccccc3-c3ccccc32)cc1,335.0,P392744,Polyesters/thioesters,138.18,5.3
*Oc1ccc(NC(=O)/C=C/C(=O)NNC(=O)/C=C/C(=O)Nc2ccc(OC(=O)/C=C/C(=O)NNC(=O)/C=C/C(*)=O)cc2)cc1,265.0,P392746,"Polyesters/thioesters, Polyamides/thioamides",88.56,3.11
*Oc1ccc(NC(=O)/C=C/C(=O)NNC(=O)/C=C/C(=O)Nc2ccc(OC(=O)c3ccccc3C(=O)NNC(=O)c3ccccc3C(*)=O)cc2)cc1,240.0,P392747,"Polyesters/thioesters, Polyamides/thioamides",130.58,4.77
*O/C(=C/CC)C(CC)C(*)=O,-15.9,P392748,Polyesters/thioesters,26.72,0.69
*Nc1ccc(-c2ccc(NC(=O)c3cccc(C(*)=O)c3)c(S)c2)cc1S,395.0,P400002,Polyamides/thioamides,111.98,5.35
*CCC(CC)CC(C)CNC(=O)c1ccc(C(=O)N*)cc1,139.0,P400011,Polyamides/thioamides,50.93,2.03
*CCCP(CCCCCCCC)CCCNC(=O)CCCCC(=O)N*,12.0,P400013,Polyamides/thioamides,10.91,0.11
*CCCCCCCCCCCCCCC(=O)N*,-7.0,P400018,Polyamides/thioamides,13.61,0.29
*Cc1c(C)c(C)c(CNC(=O)CCCCCC(C)CC(=O)N*)c(C)c1C,211.0,P400019,Polyamides/thioamides,60.98,2.19
*Cc1c(C)c(C)c(CNC(=O)CCCC(=O)N*)c(C)c1C,192.0,P400020,Polyamides/thioamides,61.19,2.21
*CCCCCCCCCCOC(=O)NNC(=O)CCCCCCCCC(=O)NNC(=O)O*,34.0,P400026,"Polyamides/thioamides, Polyurethanes/thiourethanes",16.79,0.23
*CCCCCCNC(=O)CCP(C)(=O)CCC(=O)N*,57.5,P400052,Polyamides/thioamides,28.67,0.72
*CCCCCCCCNC(=O)CCP(C)(=O)CCC(=O)N*,52.0,P400053,Polyamides/thioamides,21.46,0.51
*NC1CCC(CC(C)(C)NC(=O)CCCCC(*)=O)CC1,80.0,P400054,Polyamides/thioamides,35.69,0.96
*CCCCCCNC(=O)CCc1ccc(C(C)CC(=O)N*)cc1,77.0,P400075,Polyamides/thioamides,48.36,1.61
*CCCCCCNC(=O)CCC(C)(C)c1ccc(C(C)(C)CCC(=O)N*)cc1,93.25,P400076,Polyamides/thioamides,47.48,1.55
*NC(CCC(=O)OCCCCCCCCCC)C(*)=O,-62.0,P400095,Polyamides/thioamides,9.09,0.1
*Nc1ccc(C(C)(C)c2ccc(NC(=O)c3cc(C(*)=O)cc(N4C(=O)C5C6CCC(C6)C5C4=O)c3)cc2)cc1,311.0,P400102,Polyamides/thioamides,110.28,4.19
*Nc1ccc(Cc2ccc(NC(=O)c3cc(C(*)=O)cc(N4C(=O)C5C6CCC(C6)C5C4=O)c3)cc2)cc1,293.0,P400103,Polyamides/thioamides,107.39,4.46
*Nc1ccc(C(C)(C)c2ccc(NC(=O)c3cc(C(*)=O)cc(N4C(=O)C5CC=CCC5C4=O)c3)cc2)cc1,308.0,P400104,Polyamides/thioamides,120.17,4.27
*Nc1ccc(Cc2ccc(NC(=O)c3cc(C(*)=O)cc(N4C(=O)C5CC=CCC5C4=O)c3)cc2)cc1,286.0,P400105,Polyamides/thioamides,114.82,4.34
*Nc1ccc(C(C)(C)c2ccc(NC(=O)c3cc(C(*)=O)cc(N4C(=O)C=CC4=O)c3)cc2)cc1,303.0,P400106,Polyamides/thioamides,102.82,4.19
*Nc1ccc(Cc2ccc(NC(=O)c3cc(C(*)=O)cc(N4C(=O)C=CC4=O)c3)cc2)cc1,287.0,P400107,Polyamides/thioamides,100.4,4.15
*C(=O)CCCCCCCCC(=O)N1CC(C)N(*)CC1C,-60.5,P400114,Polyamides/thioamides,19.42,0.27
*C(=O)CCCCCCCCC(=O)NC1CCCCN(*)C1,-46.5,P400115,Polyamides/thioamides,17.84,0.28
*Nc1cc(NC(=O)C(*)=O)ccc1C,-54.65,P400116,Polyamides/thioamides,40.56,1.38
*NC(CCC(=O)OCc1ccc([N+](=O)[O-])cc1)C(*)=O,53.15,P400117,Polyamides/thioamides,44.18,1.54
*Nc1cccc(NC(=O)c2cc(NC(=O)c3ccccc3)cc(C(*)=O)c2)c1,300.0,P400135,Polyamides/thioamides,116.28,4.43
*Nc1ccc(NC(=O)c2cc(NC(=O)c3ccccc3)cc(C(*)=O)c2)cc1,321.0,P400136,Polyamides/thioamides,111.03,4.54
*Nc1ccc(Cc2ccc(NC(=O)c3cc(NC(=O)c4ccccc4)cc(C(*)=O)c3)cc2)cc1,285.0,P400137,Polyamides/thioamides,115.99,5.17
*Nc1ccc(C(C)(C)c2ccc(NC(=O)c3cc(NC(=O)c4ccccc4)cc(C(*)=O)c3)cc2)cc1,303.5,P400138,Polyamides/thioamides,120.24,4.89
*Nc1ccc(Cc2ccc(NC(=O)c3cc(C(*)=O)cc(N4C(=O)C5C6C=CC(C6)C5C4=O)c3)cc2)cc1,303.0,P400139,Polyamides/thioamides,113.02,4.7
*Nc1ccc(-c2ccc(NC(=O)c3cccc(C(*)=O)c3)c(O)c2)cc1O,386.0,P400190,Polyamides/thioamides,116.69,5.16
*CCCCNC(=O)C(=O)N*,120.0,P400223,Polyamides/thioamides,42.05,1.27
*CCOC(=O)NNC(=O)CCCCCCCCC(=O)NNC(=O)O*,63.0,P400231,"Polyamides/thioamides, Polyurethanes/thiourethanes",30.29,0.76
*CCCOC(=O)NNC(=O)CCCCCCCCC(=O)NNC(=O)O*,22.0,P400232,"Polyamides/thioamides, Polyurethanes/thiourethanes",26.96,0.53
*CCCCOC(=O)NNC(=O)CCCCCCCCC(=O)NNC(=O)O*,56.0,P400233,"Polyamides/thioamides, Polyurethanes/thiourethanes",26.64,0.62
*CCCCCOC(=O)NNC(=O)CCCCCCCCC(=O)NNC(=O)O*,20.0,P400234,"Polyamides/thioamides, Polyurethanes/thiourethanes",24.31,0.4
*CCCCCCOC(=O)NNC(=O)CCCCCCCCC(=O)NNC(=O)O*,45.0,P400235,"Polyamides/thioamides, Polyurethanes/thiourethanes",26.93,0.5
*CCCCCCCCOC(=O)NNC(=O)CCCCCCCCC(=O)NNC(=O)O*,38.0,P400236,"Polyamides/thioamides, Polyurethanes/thiourethanes",19.55,0.32
*Nc1cccc(CCc2ccc(NC(=O)c3cccc(C(*)=O)c3)cc2)c1,203.0,P400244,Polyamides/thioamides,102.39,3.77
*Nc1cccc(/C=C/c2ccc(NC(=O)c3cccc(C(*)=O)c3)cc2)c1,272.0,P400245,Polyamides/thioamides,102.45,4.69
*Nc1cccc(C#Cc2ccc(NC(=O)c3cccc(C(*)=O)c3)cc2)c1,268.0,P400246,Polyamides/thioamides,102.66,4.37
*Nc1cccc(CCc2ccc(NC(=O)c3ccc(C(*)=O)cc3)cc2)c1,203.0,P400247,Polyamides/thioamides,93.41,3.88
*CCCC(C)CNC(=O)c1ccc(C(=O)N*)cc1,153.0,P400258,Polyamides/thioamides,56.64,2.1
*Nc1ccccc1-c1ccc(NC(=O)c2cccc(C(*)=O)c2)cc1,248.0,P400264,Polyamides/thioamides,113.37,4.4
*Nc1ccccc1-c1ccc(NC(=O)c2ccc(C(*)=O)cc2)cc1,275.0,P400265,Polyamides/thioamides,110.33,4.61
*c1ccc(C(=O)Nc2ccc(-c3ccccc3NC(=O)c3ccc(S(*)(=O)=O)cc3)cc2)cc1,284.0,P400267,"Polyamides/thioamides, Polysulfones/sulfoxides/sufonates/sulfoamides",126.02,5.33
*Nc1ccc(Br)cc1-c1ccc(NC(=O)c2cccc(C(*)=O)c2)cc1,253.0,P400268,Polyamides/thioamides,114.89,4.66
*Nc1ccc(Br)cc1-c1ccc(NC(=O)c2ccc(C(*)=O)cc2)cc1,285.0,P400269,Polyamides/thioamides,121.5,4.2
*c1ccc(C(=O)Nc2ccc(-c3cc(Br)ccc3NC(=O)c3ccc(S(*)(=O)=O)cc3)cc2)cc1,288.0,P400271,"Polyamides/thioamides, Polysulfones/sulfoxides/sufonates/sulfoamides",135.79,5.42
*Nc1cc(NC(=O)c2ccc(C(*)=O)cc2)cc(C(=O)Oc2ccccc2)c1,200.0,P400272,Polyamides/thioamides,100.31,4.29
*Nc1cc(NC(=O)c2ccc(C(*)=O)cc2)cc(C(=O)Oc2ccc(-c3ccccc3)cc2)c1,178.0,P400273,Polyamides/thioamides,111.22,5.2
*Nc1cc(NC(=O)c2ccc(C(*)=O)cc2)cc(C(=O)Oc2cccc3ccccc23)c1,192.0,P400274,Polyamides/thioamides,117.72,4.38
*Nc1cc(NC(=O)c2ccc(C(*)=O)cc2)cc(C(=O)OC(c2ccccc2)c2ccccc2)c1,217.0,P400275,Polyamides/thioamides,123.25,5.09
*C(=O)NNC(=O)c1ccc([Si](c2ccccc2)(c2ccccc2)c2ccc(C(=O)NNC(=O)c3ccc(*)nc3)cc2)cc1,240.0,P400278,"Polyamides/thioamides, Polyimines, Polysiloxanes/silanes",149.83,5.39
*C(=O)NNC(=O)c1ccc([Si](c2ccccc2)(c2ccccc2)c2ccc(C(=O)NNC(=O)c3cncc(*)c3)cc2)cc1,234.0,P400280,"Polyamides/thioamides, Polyimines, Polysiloxanes/silanes",148.18,6.27
*NNC(=O)c1ccc(C(=O)NNC(=O)c2ccc([Si](c3ccccc3)(c3ccccc3)c3ccc(C(*)=O)cc3)cc2)c2ccccc12,270.0,P400282,"Polyamides/thioamides, Polysiloxanes/silanes",161.59,6.8
*CCCCNC(=O)CC(=O)N*,73.0,P400299,Polyamides/thioamides,35.22,1.12
*CCCCCCNC(=O)CC(=O)N*,50.0,P400300,Polyamides/thioamides,29.78,0.8
*CCCCCCCCNC(=O)CC(=O)N*,55.0,P400301,Polyamides/thioamides,25.79,0.78
*CCCCNC(=O)C(OC)C(OC)C(=O)N*,100.0,P400321,Polyamides/thioamides,33.43,1.06
*CCCCCCNC(=O)C(OC)C(OC)C(=O)N*,106.0,P400322,Polyamides/thioamides,28.63,1.0
*CCCCCCCCNC(=O)C(OC)C(OC)C(=O)N*,89.0,P400323,Polyamides/thioamides,27.52,0.83
*CCCNC(=O)C(OC)C(OC)C(=O)N*,123.0,P400325,Polyamides/thioamides,38.0,1.1
*CCCCCNC(=O)C(OC)C(OC)C(=O)N*,113.0,P400326,Polyamides/thioamides,35.97,1.1
*CCCCCCCNC(=O)C(OC)C(OC)C(=O)N*,87.0,P400327,Polyamides/thioamides,29.37,0.87
*CCCCCCCCCNC(=O)C(OC)C(OC)C(=O)N*,84.0,P400328,Polyamides/thioamides,24.18,0.71
*CCCCCCCCCCCCNC(=O)C(OC)C(OC)C(=O)N*,84.0,P400329,Polyamides/thioamides,20.77,0.61
*CCNC(=O)c1ccc(C(=O)N*)c(Sc2ccccc2)c1,172.0,P400349,Polyamides/thioamides,80.7,3.0
*CCCCNC(=O)c1ccc(C(=O)N*)c(Sc2ccccc2)c1,136.0,P400350,Polyamides/thioamides,75.42,2.84
*CCCCCCNC(=O)c1ccc(C(=O)N*)c(Sc2ccccc2)c1,121.0,P400351,Polyamides/thioamides,65.2,2.84
*CCCCCCCCNC(=O)c1ccc(C(=O)N*)c(Sc2ccccc2)c1,110.0,P400352,Polyamides/thioamides,64.99,2.56
*CCCCCCCCCCNC(=O)c1ccc(C(=O)N*)c(Sc2ccccc2)c1,100.0,P400353,Polyamides/thioamides,63.1,2.59
*CCCCCCCCCCCCNC(=O)c1ccc(C(=O)N*)c(Sc2ccccc2)c1,92.0,P400354,Polyamides/thioamides,56.96,2.45
*CCCCCCNC(=O)c1ccc(C(=O)N*)c(Oc2ccc(F)cc2)c1,113.0,P400355,Polyamides/thioamides,71.65,2.62
*CCCCCCNC(=O)c1ccc(C(=O)N*)c(Oc2ccc(Cl)cc2)c1,112.0,P400356,Polyamides/thioamides,68.03,2.65
*CCCCCCNC(=O)c1ccc(C(=O)N*)c(Oc2ccc(Br)cc2)c1,116.0,P400357,Polyamides/thioamides,73.44,2.87
*C(=O)NCCCCCCNC(=O)c1ncn(C)c1*,86.0,P400371,"Polyamides/thioamides, Polyimines",48.43,1.84
*C(=O)NCC(C)(C)CNC(=O)c1ncn(C)c1*,152.0,P400372,"Polyamides/thioamides, Polyimines",64.37,2.4
*C(=O)NCCNC(=O)c1ncn(C)c1*,189.0,P400373,"Polyamides/thioamides, Polyimines",67.33,2.48
*Nc1cccc(NC(=O)c2cc(NC(=O)c3ccncc3)cc(C(*)=O)c2)c1,321.0,P402004,Polyamides/thioamides,117.03,4.37
*Nc1ccc(NC(=O)c2cc(NC(=O)c3ccncc3)cc(C(*)=O)c2)cc1,327.0,P402005,Polyamides/thioamides,110.84,4.68
*Nc1ccc(-c2ccc(NC(=O)c3cc(NC(=O)c4ccncc4)cc(C(*)=O)c3)cc2)cc1,339.0,P402006,Polyamides/thioamides,126.85,5.99
*Nc1ccc(Cc2ccc(NC(=O)c3cc(NC(=O)c4ccncc4)cc(C(*)=O)c3)cc2)cc1,302.0,P402007,Polyamides/thioamides,130.82,5.73
*Nc1ccc(NC(=O)Cc2cc(C)c(CC(*)=O)cc2C)cc1,175.0,P402008,Polyamides/thioamides,74.8,3.4
*Nc1cccc(NC(=O)Cc2cc(C)c(CC(*)=O)cc2C)c1,249.0,P402009,Polyamides/thioamides,93.55,3.49
*Nc1ccc(-c2ccc(NC(=O)Cc3cc(C)c(CC(*)=O)cc3C)cc2)cc1,171.0,P402010,Polyamides/thioamides,96.06,3.82
*Nc1ccc(NC(=O)Cc2cc(CC(*)=O)c(C)cc2C)cc1,208.0,P402011,Polyamides/thioamides,76.57,3.46
*Nc1cccc(NC(=O)Cc2cc(CC(*)=O)c(C)cc2C)c1,222.0,P402012,Polyamides/thioamides,85.83,3.4
*Nc1ccc(-c2ccc(NC(=O)Cc3cc(CC(*)=O)c(C)cc3C)cc2)cc1,230.0,P402013,Polyamides/thioamides,101.21,4.51
*N/C(C#N)=C(\C#N)NC(=O)c1ccc(C(*)=O)cc1,232.0,P402014,Polyamides/thioamides,72.34,2.8
*Nc1cc([N+](=O)[O-])c(NC(=O)CCCCCCCCCCCCC(*)=O)cc1/C=C/c1ccc(N(C)C)cc1,125.0,P402016,Polyamides/thioamides,65.03,2.37
*Nc1cc([N+](=O)[O-])c(NC(=O)CCCCCCCCCCC(*)=O)cc1/C=C/c1ccc(N(C)C)cc1,144.0,P402017,Polyamides/thioamides,63.31,2.23
*Nc1cc([N+](=O)[O-])c(NC(=O)CCCCCCCCC(*)=O)cc1/C=C/c1ccc(N(C)C)cc1,159.0,P402018,Polyamides/thioamides,72.42,2.79
*Nc1cc([N+](=O)[O-])c(NC(=O)CCCCCCC(*)=O)cc1/C=C/c1ccc(N(C)C)cc1,180.0,P402019,Polyamides/thioamides,80.19,2.75
*Nc1cc([N+](=O)[O-])c(NC(=O)CCCCC(*)=O)cc1/C=C/c1ccc(N(C)C)cc1,206.0,P402020,Polyamides/thioamides,76.57,3.18
*NC(CCC(=O)OCc1ccc(F)cc1)C(*)=O,46.9,P402034,Polyamides/thioamides,48.1,1.79
*NC(CCC(=O)OCc1ccc(C(F)(F)F)cc1)C(*)=O,26.57,P402035,Polyamides/thioamides,51.76,1.69
*/N=N/c1ccc(C(=O)NCCCCNC(=O)c2ccc(*)cc2)cc1,215.0,P402037,"Polyamides/thioamides, Polyimines",89.03,3.41
*/N=N/c1ccc(NC(=O)CCC(=O)Nc2ccc(*)cc2)cc1,220.0,P402038,"Polyamides/thioamides, Polyimines",85.38,3.16
*Nc1ccc(NC(=O)c2cc(C(=O)c3ccc(C(=O)O)c(C(*)=O)c3)ccc2C(=O)O)cc1,213.2,P402042,"Polyamides/thioamides, Polyketones/thioketones",99.75,4.04
*Nc1ccc(NC(=O)c2cc(-c3ccc(C(=O)O)c(C(*)=O)c3)ccc2C(=O)O)cc1,248.4,P402045,Polyamides/thioamides,97.06,4.08
*Nc1ccc(NC(=O)c2cc(C(*)=O)c(C(=O)O)cc2C(=O)O)cc1,283.4,P402046,Polyamides/thioamides,92.58,3.69
*Nc1cc(NC(=O)c2cc(OCCN(C)c3ccc([N+](=O)[O-])cc3)cc(C(*)=O)c2)cc(C(=O)OC2CC(C)CCC2C(C)C)c1,193.0,P402050,Polyamides/thioamides,101.2,3.5
*Nc1cc(NC(=O)c2cc(OCCN(C)c3ccc([N+](=O)[O-])cc3)cc(C(*)=O)c2)cc(C(=O)OC)c1,177.0,P402051,Polyamides/thioamides,97.53,3.42
*Nc1ccc(C2(c3ccc(NC(=O)c4ccc(-c5ccc(C(*)=O)c(C)c5)cc4C)cc3)c3ccccc3-c3ccccc32)cc1,293.0,P402070,Polyamides/thioamides,157.97,7.39
*Nc1ccc(C(c2ccc(NC(=O)c3ccc(-c4ccc(C(*)=O)c(C)c4)cc3C)cc2)(C(F)(F)F)C(F)(F)F)cc1,289.0,P402071,Polyamides/thioamides,143.31,5.4
*c1cccc(NC(=O)c2ccc(-c3ccc(C(=O)Nc4cccc(S(*)(=O)=O)c4)c(C)c3)cc2C)c1,260.0,P402072,"Polyamides/thioamides, Polysulfones/sulfoxides/sufonates/sulfoamides",139.81,4.88
*Nc1ccc(-c2c(-c3ccccc3)cc(-c3ccc(-c4cc(-c5ccccc5)c(-c5ccc(NC(=O)c6ccc(C(*)=O)cc6)cc5)c(-c5ccccc5)c4)cc3)cc2-c2ccccc2)cc1,290.0,P402073,Polyamides/thioamides,235.28,10.58
*Nc1ccc(-c2c(-c3ccc(-c4ccccc4)cc3)cc(-c3ccc(-c4cc(-c5ccc(-c6ccccc6)cc5)c(-c5ccc(NC(=O)c6ccc(C(*)=O)cc6)cc5)c(-c5ccc(-c6ccccc6)cc5)c4)cc3)cc2-c2ccc(-c3ccccc3)cc2)cc1,305.0,P402074,Polyamides/thioamides,299.5,13.95
*c1ccc(C(=O)NCCCCCCNC(=O)c2ccc(-c3nc4ccccc4nc3*)cc2)cc1,201.0,P402078,"Polyamides/thioamides, Polyimines",107.19,5.15
*c1ccc(C(=O)NCCCCCCCCNC(=O)c2ccc(-c3nc4ccccc4nc3*)cc2)cc1,185.0,P402079,"Polyamides/thioamides, Polyimines",113.72,4.9
*c1ccc(C(=O)NCCCCCCCCCCNC(=O)c2ccc(-c3nc4ccccc4nc3*)cc2)cc1,166.0,P402080,"Polyamides/thioamides, Polyimines",103.62,4.42
*c1ccc(C(=O)NCCCCCCCCCCCCNC(=O)c2ccc(-c3nc4ccccc4nc3*)cc2)cc1,154.0,P402081,"Polyamides/thioamides, Polyimines",101.29,3.78
*Nc1ccc(NC(=O)c2ccc(NC(=O)CCCCCCCCC(=O)Nc3ccc(C(*)=O)cc3)cc2)cc1C(=O)OCCCCCCCCCCCC,228.5,P402086,Polyamides/thioamides,77.77,2.98
*Nc1ccc(NC(=O)c2ccc(NC(=O)CCCCCCCCCCC(=O)Nc3ccc(C(*)=O)cc3)cc2)cc1C(=O)OCCCCCCCCCCCC,205.5,P402087,Polyamides/thioamides,69.49,2.82
*Nc1ccc(NC(=O)c2ccc(NC(=O)CCCCCCCCCCCCC(=O)Nc3ccc(C(*)=O)cc3)cc2)cc1C(=O)OCCCCCCCCCCCC,199.5,P402088,Polyamides/thioamides,69.98,2.99
*Nc1ccc(NC(=O)c2ccc(NC(=O)CCCCCCCCC(=O)Nc3ccc(C(*)=O)cc3)cc2)cc1C(=O)OCCCCCCCCCCCCCC,225.0,P402089,Polyamides/thioamides,70.65,2.82
*Nc1ccc(NC(=O)c2ccc(NC(=O)CCCCCCCCCCC(=O)Nc3ccc(C(*)=O)cc3)cc2)cc1C(=O)OCCCCCCCCCCCCCC,199.5,P402090,Polyamides/thioamides,77.04,2.85
*Nc1ccc(NC(=O)c2ccc(NC(=O)CCCCCCCCCCCCC(=O)Nc3ccc(C(*)=O)cc3)cc2)cc1C(=O)OCCCCCCCCCCCCCC,204.5,P402091,Polyamides/thioamides,75.39,2.77
*Nc1ccc(NC(=O)c2ccc(NC(=O)CCCCCCCCC(=O)Nc3ccc(C(*)=O)cc3)cc2)cc1C(=O)OCCCCCCCCCCCCCCCC,220.0,P402092,Polyamides/thioamides,80.62,2.88
*Nc1ccc(NC(=O)c2ccc(NC(=O)CCCCCCCCCCC(=O)Nc3ccc(C(*)=O)cc3)cc2)cc1C(=O)OCCCCCCCCCCCCCCCC,199.5,P402093,Polyamides/thioamides,74.79,2.73
*Nc1ccc(NC(=O)c2ccc(NC(=O)CCCCCCCCCCCCC(=O)Nc3ccc(C(*)=O)cc3)cc2)cc1C(=O)OCCCCCCCCCCCCCCCC,250.0,P402094,Polyamides/thioamides,72.97,2.69
*Nc1ccc(NC(=O)c2ccc(NC(=O)CCCCCCC(=O)Nc3ccc(C(*)=O)cc3)cc2)cc1C(=O)OCCCCCCCCCCCCCCCCCC,305.0,P402095,Polyamides/thioamides,84.63,3.15
*Nc1ccc(NC(=O)c2ccc(NC(=O)CCCCCCCCC(=O)Nc3ccc(C(*)=O)cc3)cc2)cc1C(=O)OCCCCCCCCCCCCCCCCCC,280.0,P402096,Polyamides/thioamides,77.45,3.11
*Nc1ccc(NC(=O)c2ccc(NC(=O)CCCCCCCCCCC(=O)Nc3ccc(C(*)=O)cc3)cc2)cc1C(=O)OCCCCCCCCCCCCCCCCCC,196.5,P402097,Polyamides/thioamides,67.83,2.39
*Nc1ccc(NC(=O)c2ccc(NC(=O)CCCCCCCCCCCCC(=O)Nc3ccc(C(*)=O)cc3)cc2)cc1C(=O)OCCCCCCCCCCCCCCCCCC,191.0,P402098,Polyamides/thioamides,61.28,2.33
*CCCCCCCCCCCCNC(=O)CCCCCCCCCCCCCCCCCCC(=O)N*,221.6,P402128,Polyamides/thioamides,14.58,0.51
*Cc1cccc(CNC(=O)C2=C(C(=O)N*)C3C=CC2C3)c1,291.0,P402131,Polyamides/thioamides,74.73,2.88
*c1ccc(S(=O)(=O)c2ccc(-n3nc(-c4ccccc4)c4ccc(S(=O)(=O)c5ccc6c(-c7ccccc7)nn(*)c(=O)c6c5)cc4c3=O)cc2)cc1,422.0,P402133,"Polyamides/thioamides, Polyimines, Polysulfones/sulfoxides/sufonates/sulfoamides",200.26,9.38
*CCCCCCN(CC(F)(F)C(F)(F)C(F)(F)C(F)(F)C(F)(F)C(F)(F)C(F)(F)F)C(=O)CCCCC(=O)N(*)CC(F)(F)C(F)(F)C(F)(F)C(F)(F)C(F)(F)C(F)(F)C(F)(F)F,119.4,P402146,Polyamides/thioamides,39.35,0.35
*CCCCCCN(CC(F)(F)C(F)(F)F)C(=O)C(F)(F)C(F)(F)C(F)(F)C(=O)N(*)CC(F)(F)C(F)(F)F,174.0,P402147,Polyamides/thioamides,53.3,1.2
*CCCCCCN(CC(F)(F)C(F)(F)C(F)(F)C(F)(F)C(F)(F)C(F)(F)C(F)(F)F)C(=O)C(F)(F)C(F)(F)C(F)(F)C(=O)N(*)CC(F)(F)C(F)(F)C(F)(F)C(F)(F)C(F)(F)C(F)(F)C(F)(F)F,187.5,P402149,Polyamides/thioamides,60.27,0.7
*c1ccc(NC(=O)c2cccc(C(=O)Nc3ccc(S(*)(=O)=O)cc3)c2)cc1,78.0,P402150,"Polyamides/thioamides, Polysulfones/sulfoxides/sufonates/sulfoamides",96.54,3.85
*Nc1ccc(NC(=O)c2cc(-c3ccc(C(=O)OCC)c(C(*)=O)c3)ccc2C(=O)OCC)cc1,231.7,P402153,Polyamides/thioamides,102.74,3.71
*Nc1ccc(NC(=O)c2cc(-c3ccc(C(=O)OC)c(C(*)=O)c3)ccc2C(=O)OC)cc1,234.2,P402154,Polyamides/thioamides,107.31,3.83
*NC(CCC(=O)Nc1ccc(N(c2ccccc2)c2ccccc2)cc1)C(*)=O,132.0,P402156,Polyamides/thioamides,88.74,3.42
*Nc1cc(NC(=O)c2cc(OCCCS(=O)(=O)c3ccc(/N=N/c4ccc(N(C)C)cc4)cc3)cc(C(*)=O)c2)cc(C(=O)OCCCN(C)c2ccc(/N=N/c3ccc(S(C)(=O)=O)cc3)cc2)c1,166.0,P402160,Polyamides/thioamides,129.94,5.98
*Nc1cc(NC(=O)c2cc(OCCCN(C)c3ccc(/N=N/c4ccc(S(C)(=O)=O)cc4)cc3)cc(C(*)=O)c2)cc(C(=O)OCCCN(C)c2ccc(/N=N/c3ccc(S(C)(=O)=O)cc3)cc2)c1,168.0,P402161,Polyamides/thioamides,142.61,5.58
*Nc1ccc(NC(=O)c2ccc(NC(=O)c3ccc([Si](C)(C)c4ccc(C(=O)Nc5ccc(C(*)=O)cc5)cc4)cc3)cc2)cc1,338.0,P402163,"Polyamides/thioamides, Polysiloxanes/silanes",148.36,5.75
*Nc1cccc(NC(=O)c2ccc(NC(=O)c3ccc([Si](C)(C)c4ccc(C(=O)Nc5ccc(C(*)=O)cc5)cc4)cc3)cc2)c1,303.0,P402164,"Polyamides/thioamides, Polysiloxanes/silanes",143.81,6.53
*Nc1ccc(-c2ccc(NC(=O)c3ccc(NC(=O)c4ccc([Si](C)(C)c5ccc(C(=O)Nc6ccc(C(*)=O)cc6)cc5)cc4)cc3)cc2)cc1,320.0,P402165,"Polyamides/thioamides, Polysiloxanes/silanes",171.79,6.61
*Nc1ccc(C(=O)Nc2ccc(Cc3ccc(NC(=O)c4ccc(NC(=O)c5ccc([Si](C)(C)c6ccc(C(*)=O)cc6)cc5)cc4)cc3)cc2)cc1,300.0,P402166,"Polyamides/thioamides, Polysiloxanes/silanes",149.54,6.25
*c1ccc(NC(=O)c2ccc(NC(=O)c3ccc([Si](C)(C)c4ccc(C(=O)Nc5ccc(C(=O)Nc6ccc(S(*)(=O)=O)cc6)cc5)cc4)cc3)cc2)cc1,315.0,P402167,"Polyamides/thioamides, Polysiloxanes/silanes, Polysulfones/sulfoxides/sufonates/sulfoamides",177.02,6.23
*Nc1cccc2c(NC(=O)c3ccc(NC(=O)c4ccc([Si](C)(C)c5ccc(C(=O)Nc6ccc(C(*)=O)cc6)cc5)cc4)cc3)cccc12,378.0,P402168,"Polyamides/thioamides, Polysiloxanes/silanes",186.03,7.14
*Cc1ccccc1CN(CC)c1ccc(/C=C/c2ccc(/C=C(\C#N)C(=O)NC3CCCCC3NC(=O)/C(C#N)=C/c3ccc(/C=C/c4ccc(N(*)CC)cc4)cc3)cc2)cc1,201.0,P402171,"Polyamides/thioamides, Polyimines",119.09,5.18
*c1ccc(/C=C(\C#N)C(=O)NC2CCCCC2NC(=O)/C(C#N)=C/c2ccc(N(c3ccccc3)c3ccc(N(*)c4ccccc4)cc3)cc2)cc1,239.0,P402172,"Polyamides/thioamides, Polyimines",137.3,6.0
*Cc1ccccc1CN(CC)c1ccc(/C=C(\C#N)C(=O)Nc2cccc(NC(=O)/C(C#N)=C/c3ccc(N(*)CC)cc3)c2)cc1,188.0,P402173,"Polyamides/thioamides, Polyimines",111.26,4.11
*NNC(=O)c1ccc(C(*)=O)cc1OCC,240.0,P402185,Polyamides/thioamides,75.51,2.5
*NNC(=O)c1ccc(C(*)=O)cc1OCCCCC,234.0,P402186,Polyamides/thioamides,60.49,2.45
*NNC(=O)c1ccc(C(*)=O)cc1OCCCCCCCC,203.5,P402187,Polyamides/thioamides,58.94,2.06
*NNC(=O)c1ccc(C(*)=O)cc1OCCCCCCCCCC,193.0,P402188,Polyamides/thioamides,57.76,2.02
*Nc1ccc(NC(=O)c2ccc(C(c3ccc(C(*)=O)c(C(=O)OCC)c3)(C(F)(F)F)C(F)(F)F)cc2C(=O)OCC)cc1,270.0,P402189,Polyamides/thioamides,116.27,4.67
*Nc1ccc(NC(=O)c2ccc(C(=O)c3ccc(C(*)=O)c(C(=O)OCC)c3)cc2C(=O)OCC)cc1,275.0,P402190,"Polyamides/thioamides, Polyketones/thioketones",103.01,4.7
*CCNC(=O)c1ccc([Si](C)(C)c2ccc(C(=O)NCCN(*)c3ccc(/C=C/c4ccc([N+](=O)[O-])cc4)cc3)cc2)cc1,150.0,P402212,"Polyamides/thioamides, Polyimines, Polysiloxanes/silanes",111.69,4.03
*CCNC(=O)c1ccc([Si](CCCC)(CCCC)c2ccc(C(=O)NCCN(*)c3ccc(/C=C/c4ccc([N+](=O)[O-])cc4)cc3)cc2)cc1,115.0,P402213,"Polyamides/thioamides, Polyimines, Polysiloxanes/silanes",99.22,3.73
*CCNC(=O)c1ccc([Si](c2ccccc2)(c2ccccc2)c2ccc(C(=O)NCCN(*)c3ccc(/C=C/c4ccc([N+](=O)[O-])cc4)cc3)cc2)cc1,165.0,P402214,"Polyamides/thioamides, Polyimines, Polysiloxanes/silanes",156.29,6.09
*CCCCCCNC(=O)CCCCCCCCCCCCCCC(=O)N*,40.0,P402217,Polyamides/thioamides,9.89,0.16
*CCCCCCCCNC(=O)CCCCCCCCCCCCCCC(=O)N*,52.0,P402218,Polyamides/thioamides,8.59,0.12
*CCCCCCCCCCNC(=O)CCCCCCCCCCCCCCC(=O)N*,45.0,P402219,Polyamides/thioamides,5.3,0.1
*CCCCCCCCCCCCNC(=O)CCCCCCCCCCCCCCC(=O)N*,46.0,P402220,Polyamides/thioamides,5.0,0.1
*CCCCCCCCCCCCNC(=O)CCCCCCCCCCCCC(=O)N*,49.0,P402222,Polyamides/thioamides,5.75,0.1
*Nc1ccc(C2(c3ccc(NC(=O)c4ccc(C(*)=O)cc4)cc3)c3ccccc3-c3ccccc32)cc1,319.0,P402224,Polyamides/thioamides,136.71,6.36
*Nc1ccc(C2(c3ccc(NC(=O)c4cccc(C(*)=O)c4)cc3)c3ccccc3-c3ccccc32)cc1,277.0,P402225,Polyamides/thioamides,140.67,5.7
*Nc1ccc(C2(c3ccc(NC(=O)c4cc(C(*)=O)cc(C(C)(C)C)c4)cc3)c3ccccc3-c3ccccc32)cc1,284.0,P402226,Polyamides/thioamides,141.04,6.59
*Oc1ccc(CC(NC(=O)CCc2ccc(OC(*)=O)cc2)C(=O)OCCCCCC)cc1,51.5,P402227,"Polyamides/thioamides, Polycarbonates/thiocarbonates",63.24,2.2
*Oc1ccc(CC(NC(=O)CCc2ccc(OC(*)=O)cc2)C(=O)OCCCC)cc1,67.0,P402229,"Polyamides/thioamides, Polycarbonates/thiocarbonates",60.09,2.31
*Oc1ccc(CC(NC(=O)CCc2ccc(OC(*)=O)cc2)C(=O)OCC)cc1,96.0,P402230,"Polyamides/thioamides, Polycarbonates/thiocarbonates",68.06,2.71
*Nc1ccc(Cc2ccc(NC(=O)c3cc(NC(=O)CCN4C(=O)c5ccccc5C4=O)cc(C(*)=O)c3)cc2)cc1,235.0,P402231,Polyamides/thioamides,130.89,4.54
*Nc1ccc(Cc2ccc(NC(=O)c3cc(NC(=O)CCCN4C(=O)c5ccccc5C4=O)cc(C(*)=O)c3)cc2)cc1,220.0,P402232,Polyamides/thioamides,116.55,4.48
*Nc1ccc(C(c2ccc(NC(=O)c3cc(NC(=O)CCCN4C(=O)c5ccccc5C4=O)cc(C(*)=O)c3)cc2)(C(F)(F)F)C(F)(F)F)cc1,240.0,P402233,Polyamides/thioamides,125.81,4.38
*Nc1ccc(Cc2ccc(NC(=O)c3cc(NC(=O)CCCCCN4C(=O)c5ccccc5C4=O)cc(C(*)=O)c3)cc2)cc1,195.0,P402234,Polyamides/thioamides,108.55,4.46
*Nc1ccc(C(c2ccc(NC(=O)c3cc(NC(=O)CCCCCN4C(=O)c5ccccc5C4=O)cc(C(*)=O)c3)cc2)(C(F)(F)F)C(F)(F)F)cc1,225.0,P402235,Polyamides/thioamides,111.1,4.76
*Nc1ccc(Cc2ccc(NC(=O)c3cc(NC(=O)CCCCCCCCCCN4C(=O)c5ccccc5C4=O)cc(C(*)=O)c3)cc2)cc1,150.0,P402236,Polyamides/thioamides,99.2,4.22
*Nc1ccc(C(c2ccc(NC(=O)c3ccc(C(*)=O)cc3)cc2)(C(F)(F)F)C(F)(F)F)cc1,290.0,P402237,Polyamides/thioamides,103.81,4.65
*Nc1ccc(C(c2ccc(NC(=O)c3cccc(C(*)=O)c3)cc2)(C(F)(F)F)C(F)(F)F)cc1,272.0,P402238,Polyamides/thioamides,107.01,4.44
*Nc1ccc(C(c2ccc(NC(=O)c3cc(C(*)=O)cc(C(C)(C)C)c3)cc2)(C(F)(F)F)C(F)(F)F)cc1,284.1,P402239,Polyamides/thioamides,106.6,4.22
*Nc1ccc(C(=O)c2ccc(NC(=O)c3ccc(C(*)=O)cc3)cc2)cc1,300.0,P402240,"Polyamides/thioamides, Polyketones/thioketones",108.85,4.55
*Nc1ccc(C(=O)c2ccc(NC(=O)c3cccc(C(*)=O)c3)cc2)cc1,253.2,P402241,"Polyamides/thioamides, Polyketones/thioketones",100.13,4.48
*Nc1ccc(C(=O)c2ccc(NC(=O)c3cc(C(*)=O)cc(C(C)(C)C)c3)cc2)cc1,271.0,P402242,"Polyamides/thioamides, Polyketones/thioketones",111.9,4.33
*Nc1ccc(C(c2ccc(NC(=O)c3cccc(C(*)=O)c3)cc2)(P2(=O)Oc3ccccc3-c3ccccc32)P2(=O)Oc3ccccc3-c3ccccc32)cc1,230.0,P402244,Polyamides/thioamides,191.51,7.32
*Nc1ccc(C(c2ccc(NC(=O)c3ccc(C(*)=O)cc3)cc2)(P2(=O)Oc3ccccc3-c3ccccc32)P2(=O)Oc3ccccc3-c3ccccc32)cc1,245.0,P402245,Polyamides/thioamides,199.25,7.59
*Nc1ccc(C(c2ccc(NC(=O)c3ccc(C(c4ccc(C(*)=O)cc4)(C(F)(F)F)C(F)(F)F)cc3)cc2)(P2(=O)Oc3ccccc3-c3ccccc32)P2(=O)Oc3ccccc3-c3ccccc32)cc1,235.0,P402246,Polyamides/thioamides,218.35,8.21
*Nc1ccc(C(c2ccc(NC(=O)c3cc(C(*)=O)cc(C(C)(C)C)c3)cc2)(P2(=O)Oc3ccccc3-c3ccccc32)P2(=O)Oc3ccccc3-c3ccccc32)cc1,235.0,P402247,Polyamides/thioamides,184.97,7.53
*Nc1ccc(C(c2ccc(NC(=O)c3ccc(-c4ccc(C(*)=O)cc4)cc3)cc2)(P2(=O)Oc3ccccc3-c3ccccc32)P2(=O)Oc3ccccc3-c3ccccc32)cc1,251.0,P402248,Polyamides/thioamides,214.7,8.33
*Nc1ccc(C(c2ccc(NC(=O)c3ccc4cc(C(*)=O)ccc4c3)cc2)(P2(=O)Oc3ccccc3-c3ccccc32)P2(=O)Oc3ccccc3-c3ccccc32)cc1,241.0,P402249,Polyamides/thioamides,196.52,7.47
*CCCCCCCCCCCNC(=O)CCCCCCCCCCCCCCCCCCC(=O)N*,29.0,P402250,Polyamides/thioamides,5.0,0.1
*CCCCCCCCCNC(=O)CCCCCCCCCCCCCCCCCCC(=O)N*,42.0,P402251,Polyamides/thioamides,5.0,0.1
*CCCCCCCNC(=O)CCCCCCCCCCCCCCCCCCC(=O)N*,46.0,P402252,Polyamides/thioamides,5.0,0.1
*CCCCCNC(=O)CCCCCCCCCCCCCCCCCCC(=O)N*,52.0,P402253,Polyamides/thioamides,7.25,0.1
*Nc1ccc(-c2ccc(NC(=O)c3cccc(C(*)=O)c3)c(OC)c2)cc1OC,218.2,P402268,Polyamides/thioamides,97.37,3.92
*Nc1ccc(NC(=O)c2ccc(C(=O)c3ccc(C(*)=O)c(C(=O)O)c3)cc2C(=O)O)cc1,317.0,P402271,"Polyamides/thioamides, Polyketones/thioketones",121.54,4.85
*CCNC(=O)c1ccc(C(=O)N*)c(Oc2ccccc2)c1,164.0,P402277,Polyamides/thioamides,72.25,3.16
*CCCCNC(=O)c1ccc(C(=O)N*)c(Oc2ccccc2)c1,125.0,P402278,Polyamides/thioamides,70.31,2.73
*CCCCCCNC(=O)c1ccc(C(=O)N*)c(Oc2ccccc2)c1,108.0,P402279,Polyamides/thioamides,71.82,2.8
*CCCCCCCCNC(=O)c1ccc(C(=O)N*)c(Oc2ccccc2)c1,96.0,P402280,Polyamides/thioamides,57.95,2.61
*CCCCCCCCCCNC(=O)c1ccc(C(=O)N*)c(Oc2ccccc2)c1,94.0,P402281,Polyamides/thioamides,55.03,2.46
*CCCCCCCCCCCCNC(=O)c1ccc(C(=O)N*)c(Oc2ccccc2)c1,75.0,P402282,Polyamides/thioamides,53.21,2.0
*CCCCCCNC(=O)c1ccc(C(=O)N*)c(Oc2ccc(-c3ccccc3)cc2)c1,112.0,P402283,Polyamides/thioamides,79.72,3.36
*Nc1cc(NC(=O)c2cccc(C(*)=O)c2)cc(C(=O)OCCOc2ccc(/C=C/C(=O)c3ccccc3)cc2)c1,216.0,P402287,Polyamides/thioamides,105.88,4.96
*Nc1cc(NC(=O)c2ccc(C(*)=O)cc2)cc(C(=O)OCCOc2ccc(/C=C/C(=O)c3ccccc3)cc2)c1,233.0,P402288,Polyamides/thioamides,118.84,4.39
*Nc1cc(NC(=O)c2ccc(-c3ccc(C(*)=O)cc3)cc2)cc(C(=O)OCCOc2ccc(/C=C/C(=O)c3ccccc3)cc2)c1,254.0,P402289,Polyamides/thioamides,139.53,5.11
*Nc1cc(NC(=O)c2ccc3cc(C(*)=O)ccc3c2)cc(C(=O)OCCOc2ccc(/C=C/C(=O)c3ccccc3)cc2)c1,247.0,P402290,Polyamides/thioamides,145.22,6.0
*Nc1cc(NC(=O)c2cccc(C(*)=O)c2)cc(C(=O)OCCOC(=O)/C=C/c2ccc(N(C)C)cc2)c1,186.0,P402291,Polyamides/thioamides,100.44,3.54
*Nc1cc(NC(=O)c2ccc(C(*)=O)cc2)cc(C(=O)OCCOC(=O)/C=C/c2ccc(N(C)C)cc2)c1,198.0,P402292,Polyamides/thioamides,99.73,3.84
*CCCCCCCCCCCNC(=O)CCCCCCCCCCC(=O)N*,39.0,P402294,Polyamides/thioamides,9.11,0.1
*NC(C)(CC)C(*)=O,74.15,P402297,Polyamides/thioamides,37.15,1.15
*CCCCCCN(C)C(=O)CCC(=O)N(*)C,7.5,P402299,Polyamides/thioamides,21.92,0.61
*CCCCCCN(C)C(=O)CCCC(=O)N(*)C,3.0,P402300,Polyamides/thioamides,22.91,0.47
*CCCC1(C)CCN(C(=O)CCC(=O)N2CCC(*)(C)CC2)CC1,99.0,P402301,Polyamides/thioamides,41.35,1.18
*CCCC1(C)CCN(C(=O)CC(C)C(=O)N2CCC(*)(C)CC2)CC1,72.0,P402302,Polyamides/thioamides,40.86,0.99
*CCCC1(C)CCN(C(=O)CCCC(=O)N2CCC(*)(C)CC2)CC1,58.0,P402303,Polyamides/thioamides,38.57,0.85
*CCCCCCNC(=O)C(CC)CC(CC)C(=O)N*,94.0,P402319,Polyamides/thioamides,31.15,0.89
*Nc1ccc(-c2ccc(NC(=O)c3cc(NC(=O)c4ccc(NC(=O)C(C)N5C(=O)c6ccccc6C5=O)cc4)cc(C(*)=O)c3)cc2)cc1,202.0,P402331,Polyamides/thioamides,145.81,5.12
*c1ccc(NC(=O)c2cc(NC(=O)c3ccc(NC(=O)C(C)N4C(=O)c5ccccc5C4=O)cc3)cc(C(=O)Nc3ccc(S(*)(=O)=O)cc3)c2)cc1,208.0,P402332,"Polyamides/thioamides, Polysulfones/sulfoxides/sufonates/sulfoamides",135.52,5.92
*Nc1ccc(Cc2ccc(NC(=O)c3cc(NC(=O)C(C(C)CC)N4C(=O)c5ccccc5C4=O)cc(C(*)=O)c3)cc2)cc1,195.0,P402341,Polyamides/thioamides,106.64,4.67
*Nc1cc(NC(=O)c2cc(NC(=O)C(C(C)CC)N3C(=O)c4ccccc4C3=O)cc(C(*)=O)c2)ccc1C,166.0,P402342,Polyamides/thioamides,95.75,3.81
*NC1CC(C)(C)CC(C)(CNC(=O)c2cc(NC(=O)C(C(C)CC)N3C(=O)c4ccccc4C3=O)cc(C(*)=O)c2)C1,128.0,P402343,Polyamides/thioamides,82.89,2.5
*CCCCCCNC(=O)c1cc(NC(=O)C(C(C)CC)N2C(=O)c3ccccc3C2=O)cc(C(=O)N*)c1,135.0,P402344,Polyamides/thioamides,71.79,2.76
*C(F)(F)C(=O)NCCCCCCNS(*)(=O)=O,52.0,P402345,"Polyamides/thioamides, Polysulfones/sulfoxides/sufonates/sulfoamides",31.54,0.81
*O[Si](C)(C)CCCNC(=O)C(=O)NCCC[Si](*)(C)C,-46.48,P402347,"Polyamides/thioamides, Polysiloxanes/silanes",23.83,0.33
*C(=O)Nc1cccc(NC(=O)c2ccc(-c3nc4cc(*)ccc4[nH]3)cc2)c1,325.0,P402348,"Polyamides/thioamides, Polyimines",121.97,6.07
*C(=O)Nc1ccc(NC(=O)c2ccc(NC(=O)c3ccc(-c4nc5cc(*)ccc5[nH]4)cc3)cc2)cc1,295.0,P402349,"Polyamides/thioamides, Polyimines",141.34,6.34
*C(=O)Nc1cccc(NC(=O)c2cccc(NC(=O)c3ccc(-c4nc5cc(*)ccc5[nH]4)cc3)c2)c1,292.0,P402350,"Polyamides/thioamides, Polyimines",152.03,5.74
*C(=O)Nc1cccc(NC(=O)c2ccc3[nH]c(-c4ccc(-c5nc6cc(*)ccc6[nH]5)cc4)nc3c2)c1,294.0,P402351,"Polyamides/thioamides, Polyimines",172.88,7.27
*C(=O)Nc1ccc(C(=O)Nc2ccc(NC(=O)c3ccc4[nH]c(-c5ccc(-c6nc7cc(*)ccc7[nH]6)cc5)nc4c3)cc2)cc1,300.0,P402352,"Polyamides/thioamides, Polyimines",194.04,7.72
*C(=O)Nc1cccc(C(=O)Nc2cccc(NC(=O)c3ccc4[nH]c(-c5ccc(-c6nc7cc(*)ccc7[nH]6)cc5)nc4c3)c2)c1,312.0,P402353,"Polyamides/thioamides, Polyimines",180.26,8.42
*C(=O)Nc1cccc(NC(=O)c2ccc3[nH]c(-c4cccc(-c5nc6cc(*)ccc6[nH]5)c4)nc3c2)c1,297.5,P402354,"Polyamides/thioamides, Polyimines",174.44,6.81
*C(=O)Nc1ccc(C(=O)Nc2ccc(NC(=O)c3ccc4[nH]c(-c5cccc(-c6nc7cc(*)ccc7[nH]6)c5)nc4c3)cc2)cc1,322.0,P402355,"Polyamides/thioamides, Polyimines",191.84,7.64
*C(=O)Nc1cccc(C(=O)Nc2cccc(NC(=O)c3ccc4[nH]c(-c5cccc(-c6nc7cc(*)ccc7[nH]6)c5)nc4c3)c2)c1,331.0,P402356,"Polyamides/thioamides, Polyimines",165.52,7.62
*Nc1cccc2c(NC(=O)c3cc(NC(=O)C(CCSC)N4C(=O)c5ccccc5C4=O)cc(C(*)=O)c3)cccc12,198.0,P402357,Polyamides/thioamides,126.73,4.45
*Nc1cccc(NC(=O)c2cc(NC(=O)C(CCSC)N3C(=O)c4ccccc4C3=O)cc(C(*)=O)c2)c1,196.0,P402360,Polyamides/thioamides,93.27,4.17
*Nc1ccc(Cc2ccc(NC(=O)c3ccc(P(=O)(c4ccccc4)c4ccc(C(*)=O)cc4)cc3)cc2)cc1,307.0,P402364,Polyamides/thioamides,142.05,5.87
*Nc1ccc(Cc2ccc(NC(=O)c3cc(NC(=O)c4ccc(NC(=O)C(CC(C)C)N5C(=O)c6ccccc6C5=O)cc4)cc(C(*)=O)c3)cc2)cc1,238.0,P402365,Polyamides/thioamides,150.33,5.14
*CCCCCCNC(=O)c1cc(NC(=O)c2ccc(NC(=O)C(CC(C)C)N3C(=O)c4ccccc4C3=O)cc2)cc(C(=O)N*)c1,200.0,P402368,Polyamides/thioamides,87.81,3.84
*C(=O)Nc1cccc(NC(=O)c2ccc3[nH]c(-c4cc(-c5nc6cc(*)ccc6[nH]5)cc(N5C(=O)c6ccccc6C5=O)c4)nc3c2)c1,304.0,P402369,"Polyamides/thioamides, Polyimines",184.75,7.56
*C(=O)Nc1cccc(NC(=O)c2ccc3[nH]c(-c4cc(-c5nc6cc(*)ccc6[nH]5)cc(N5C(=O)c6ccccc6C5=O)c4)nc3c2)n1,312.0,P402370,"Polyamides/thioamides, Polyimines",169.57,8.44
*C(=O)Nc1ccc(NC(=O)c2ccc3[nH]c(-c4cc(-c5nc6cc(*)ccc6[nH]5)cc(N5C(=O)c6ccccc6C5=O)c4)nc3c2)cc1,295.0,P402371,"Polyamides/thioamides, Polyimines",196.37,8.48
*C(=O)Nc1ccc(S(=O)(=O)c2ccc(NC(=O)c3ccc4[nH]c(-c5cc(-c6nc7cc(*)ccc7[nH]6)cc(N6C(=O)c7ccccc7C6=O)c5)nc4c3)cc2)cc1,325.0,P402372,"Polyamides/thioamides, Polyimines, Polysulfones/sulfoxides/sufonates/sulfoamides",222.67,7.82
*C(=O)Nc1cc(NC(=O)c2ccc3[nH]c(-c4cc(-c5nc6cc(*)ccc6[nH]5)cc(N5C(=O)c6ccccc6C5=O)c4)nc3c2)cc(-c2nc3ccccc3[nH]2)c1,334.0,P402373,"Polyamides/thioamides, Polyimines",227.72,8.98
*C(=O)Nc1cccc(NC(=O)c2ccc3[nH]c(-c4cccc(-c5nc6cc(*)ccc6[nH]5)c4)nc3c2)n1,302.0,P402374,"Polyamides/thioamides, Polyimines",154.28,7.01
*C(=O)Nc1ccc(S(=O)(=O)c2ccc(NC(=O)c3ccc4[nH]c(-c5cccc(-c6nc7cc(*)ccc7[nH]6)c5)nc4c3)cc2)cc1,312.0,P402376,"Polyamides/thioamides, Polyimines, Polysulfones/sulfoxides/sufonates/sulfoamides",177.7,7.24
*C(=O)Nc1cc(NC(=O)c2ccc3[nH]c(-c4cccc(-c5nc6cc(*)ccc6[nH]5)c4)nc3c2)cc(-c2nc3ccccc3[nH]2)c1,315.0,P402377,"Polyamides/thioamides, Polyimines",205.45,9.33
*Nc1cccc(NC(=O)c2cc(NC(=O)C34CC5CC(CC(C5)C3)C4)cc(C(*)=O)c2)c1,365.0,P402390,Polyamides/thioamides,108.76,4.44
*Nc1ccc(C(c2ccc(NC(=O)c3cc(NC(=O)C45CC6CC(CC(C6)C4)C5)cc(C(*)=O)c3)cc2)(C(F)(F)F)C(F)(F)F)cc1,365.0,P402391,Polyamides/thioamides,135.69,4.54
*Nc1ccc(NC(=O)c2ccc(NC(=O)c3cc(NC(=O)C45CC6CC(CC(C6)C4)C5)cc(C(*)=O)c3)cc2)cc1,365.0,P402392,Polyamides/thioamides,110.09,4.46
*Nc1ccc(C2(c3ccc(NC(=O)c4cc(NC(=O)C56CC7CC(CC(C7)C5)C6)cc(C(*)=O)c4)cc3)c3ccccc3-c3ccccc32)cc1,370.0,P402393,Polyamides/thioamides,143.86,6.73
*C(=O)c1ccc(N(*)C)cc1,197.0,P402394,Polyamides/thioamides,63.8,2.48
*C(=O)c1ccc(N(*)CCC)cc1,136.0,P402395,Polyamides/thioamides,54.77,2.11
*C(=O)c1ccc(N(*)CCCC)cc1,124.0,P402396,Polyamides/thioamides,59.12,2.16
*C(=O)c1ccc(N(*)CCCCC)cc1,83.5,P402397,Polyamides/thioamides,55.61,2.06
*C(=O)c1ccc(N(*)CCCCCCC)cc1,45.9,P402398,Polyamides/thioamides,42.38,1.52
*C(=O)c1ccc(N(*)CCCCCCCC)cc1,30.0,P402399,Polyamides/thioamides,39.8,1.46
*Nc1cc(NC(=O)c2cccc(C(*)=O)c2)cc(C(=O)Oc2ccc(Oc3ccc(C#N)c(C#N)c3)cc2)c1,305.0,P402403,Polyamides/thioamides,120.99,5.02
*Nc1cc(NC(=O)c2ccccc2C(*)=O)cc(-c2nnc(-c3ccccn3)o2)c1,90.0,P402404,Polyamides/thioamides,100.58,4.15
*Nc1cc(NC(=O)c2cccc(C(*)=O)c2)cc(-c2nnc(-c3ccccn3)o2)c1,155.0,P402405,Polyamides/thioamides,113.23,4.45
*Nc1cc(NC(=O)c2ccc(C(*)=O)cc2)cc(-c2nnc(-c3ccccn3)o2)c1,230.0,P402406,Polyamides/thioamides,130.94,5.2
*C(=O)Nc1cc(NC(=O)c2cccc(*)n2)cc(-c2nnc(-c3ccccn3)o2)c1,255.0,P402407,"Polyamides/thioamides, Polyimines",136.62,4.78
*Nc1cc(NC(=O)CCCCC(*)=O)cc(-c2nnc(-c3ccccn3)o2)c1,159.0,P402408,Polyamides/thioamides,84.58,3.81
*Nc1cc(NC(=O)CCCCCCCCC(*)=O)cc(-c2nnc(-c3ccccn3)o2)c1,85.0,P402409,Polyamides/thioamides,85.45,2.93
*C(=O)Nc1cc(NC(=O)c2cncc(*)c2)cc(-c2nnc(-c3ccccn3)o2)c1,185.0,P402410,"Polyamides/thioamides, Polyimines",115.59,5.01
*Nc1cc(NC(=O)c2ccc(-c3ccc(C(*)=O)cc3)cc2)cc(-c2nnc(-c3ccccn3)o2)c1,120.0,P402411,Polyamides/thioamides,122.86,5.45
*NNC(=O)/C=C/C(=O)NCCCCCCNC(=O)/C=C/C(*)=O,102.4,P402412,Polyamides/thioamides,30.43,0.85
*NNC(=O)/C=C/C(=O)Nc1cccc(/C=C2\CC/C(=C\c3cccc(NC(=O)/C=C/C(*)=O)c3)C2=O)c1,104.6,P402414,"Polyamides/thioamides, Polyketones/thioketones",76.18,2.6
*NNC(=O)/C=C/C(=O)Nc1cccc(/C=C2\CCC/C(=C\c3cccc(NC(=O)/C=C/C(*)=O)c3)C2=O)c1,238.4,P402415,"Polyamides/thioamides, Polyketones/thioketones",90.83,3.3
*NNC(=O)c1ccccc1C(=O)NCCCCCCNC(=O)c1ccccc1C(*)=O,224.5,P402416,Polyamides/thioamides,80.27,2.82
*NNC(=O)c1ccccc1C(=O)Nc1cccc(/C=C2\CC/C(=C\c3cccc(NC(=O)c4ccccc4C(*)=O)c3)C2=O)c1,202.1,P402418,"Polyamides/thioamides, Polyketones/thioketones",130.15,4.94
*NNC(=O)c1ccccc1C(=O)Nc1cccc(/C=C2\CCC/C(=C\c3cccc(NC(=O)c4ccccc4C(*)=O)c3)C2=O)c1,195.0,P402419,"Polyamides/thioamides, Polyketones/thioketones",118.98,4.69
*CCCCCCNC(=O)CCCCCCCC1C(CCCCCCCC(=O)N*)C=CC(CCCCCC)C1CCCCCCCC,-3.0,P402422,Polyamides/thioamides,5.0,0.1
*CCN(CCOC(=O)Nc1ccc(C)c(NC(=O)O*)c1)c1ccc([N+](=O)[O-])cc1C,98.0,P410008,"Polyurethanes/thiourethanes, Polyimines",66.33,2.68
*CCN(CCOC(=O)Nc1ccc(C)c(NC(=O)O*)c1)c1ccc(/N=N/c2ccc([N+](=O)[O-])cc2)cc1,144.0,P410009,"Polyurethanes/thiourethanes, Polyimines",98.27,3.63
*CCN(CCOC(=O)Nc1ccc(C)c(NC(=O)O*)c1)c1ccc(/N=N/c2ccc([N+](=O)[O-])cc2C)cc1,137.0,P410010,"Polyurethanes/thiourethanes, Polyimines",87.31,3.24
*CCN(CCOC(=O)Nc1ccc(C)c(NC(=O)O*)c1)c1ccc(/C=C/c2ccc([N+](=O)[O-])cc2)cc1,121.0,P410011,"Polyurethanes/thiourethanes, Polyimines",97.29,3.69
*CCN(CCOC(=O)Nc1ccc(C)c(NC(=O)O*)c1)c1ccc(C(C#N)=C(C#N)C#N)cc1,125.0,P410012,"Polyurethanes/thiourethanes, Polyimines",78.49,3.04
*CCN(CCOC(=O)Nc1ccc(C)c(NC(=O)O*)c1)c1ccc(/C=C2/NC(=O)NC2=O)cc1,178.0,P410013,"Polyurethanes/thiourethanes, Polyimines",90.06,3.21
*CCCNC(=O)O*,26.0,P410033,Polyurethanes/thiourethanes,30.71,1.03
*CCN(CCOC(=O)NCCCCCCNC(=O)O*)c1ccc(/N=N/c2ccc([N+](=O)[O-])cc2)c(C)c1,75.0,P410034,"Polyurethanes/thiourethanes, Polyimines",55.09,1.96
*CCN(CCOC(=O)Nc1ccc(Cc2ccc(NC(=O)O*)cc2)cc1)c1ccc(/N=N/c2ccc([N+](=O)[O-])cc2)c(C)c1,115.0,P410035,"Polyurethanes/thiourethanes, Polyimines",100.96,4.11
*Oc1ccc(-c2ccc(OC(=O)Nc3cccc(P(=O)(c4ccccc4)c4cccc(NC(*)=O)c4)c3)cc2)cc1,72.0,P412005,Polyurethanes/thiourethanes,112.7,4.58
*CCCCCCOC(=O)Nc1cccc(P(=O)(c2ccccc2)c2cccc(NC(=O)O*)c2)c1,30.0,P412006,Polyurethanes/thiourethanes,87.33,3.0
*Oc1ccc(C(C)(C)c2ccc(OC(=O)Nc3cccc(P(=O)(c4ccccc4)c4cccc(NC(*)=O)c4)c3)cc2)cc1,62.0,P412007,Polyurethanes/thiourethanes,114.4,4.59
*CCN(CCCCCCOc1ccc(/C=C/c2ccc([N+](=O)[O-])cc2)cc1)CCOC(=O)Nc1ccc(C)c(NC(=O)O*)c1,58.5,P412021,"Polyurethanes/thiourethanes, Polyimines",74.8,2.7
*CCN(CCOC(=O)NCC1(C)CC(NC(=O)O*)CC(C)(C)C1)c1ccc(/N=N/c2ccc(B(c3c(C)cc(C)cc3C)c3c(C)cc(C)cc3C)cc2)cc1,146.0,P412025,"Polyurethanes/thiourethanes, Polyimines",108.7,4.39
*CCN(CCOC(=O)Nc1ccc(C)c(NC(=O)O*)c1)c1ccc(/N=N/c2ccc(B(c3c(C)cc(C)cc3C)c3c(C)cc(C)cc3C)cc2)cc1,159.0,P412026,"Polyurethanes/thiourethanes, Polyimines",128.51,4.69
*CCN(CCOC(=O)Nc1cccc(NC(=O)O*)c1C)c1ccc(/N=N/c2ccc([N+](=O)[O-])cc2)cc1,147.0,P412116,"Polyurethanes/thiourethanes, Polyimines",89.49,3.68
*CCN(CCOC(=O)NCC1(C)CC(NC(=O)O*)CC(C)(C)C1)c1ccc(/N=N/c2ccc([N+](=O)[O-])cc2)cc1,137.0,P412117,"Polyurethanes/thiourethanes, Polyimines",80.39,2.57
*CCN(CCOC(=O)NCC1(C)CC(NC(=O)O*)CC(C)(C)C1)c1ccc(C=C(C#N)C#N)cc1,145.0,P412118,"Polyurethanes/thiourethanes, Polyimines",65.22,1.92
*CCN(CCOC(=O)Nc1ccc(C)c(NC(=O)O*)c1)c1ccc(/N=N/c2ccc([N+](=O)[O-])cc2C)c(C)c1,135.0,P412121,"Polyurethanes/thiourethanes, Polyimines",92.02,3.33
*CCN(CCOC(=O)Nc1ccc(Cc2ccc(NC(=O)O*)cc2)cc1)c1ccc(/N=N/c2ccc([N+](=O)[O-])cc2C)c(C)c1,130.0,P412122,"Polyurethanes/thiourethanes, Polyimines",116.08,4.43
*CCN(CCOC(=O)Nc1cccc(NC(=O)O*)c1C)c1ccc(/C=C/c2ccc([N+](=O)[O-])cc2)cc1,123.0,P412126,"Polyurethanes/thiourethanes, Polyimines",85.08,3.47
*CCN(CCOC(=O)Nc1ccc(-c2ccc(NC(=O)O*)c(OC)c2)cc1OC)c1ccc(/N=N/c2ccc([N+](=O)[O-])cc2)cc1,140.0,P412142,"Polyurethanes/thiourethanes, Polyimines",113.08,3.97
*CCN(CCOC(=O)Nc1ccc(C)c(NC(=O)O*)c1)c1ccc(-c2nc3ccc([N+](=O)[O-])cc3o2)cc1,156.0,P412157,"Polyurethanes/thiourethanes, Polyimines",108.99,4.91
*CCN(CCOC(=O)Nc1ccc(C)c(NC(=O)O*)c1)c1ccc(/N=N/c2ccc(-c3nc4ccccc4o3)cc2)cc1,152.0,P412158,"Polyurethanes/thiourethanes, Polyimines",122.03,5.29
*CCN(CCOC(=O)NC(C)(C)c1cccc(C(C)(C)NC(=O)O*)c1)c1ccc(/N=N/c2ccc([N+](=O)[O-])cc2)cc1,103.0,P412163,"Polyurethanes/thiourethanes, Polyimines",89.88,3.19
*CC(C)CNC(=O)O*,40.0,P412164,Polyurethanes/thiourethanes,37.07,1.03
*CCN(CCOC(=O)Nc1ccc(Cc2ccc(NC(=O)O*)cc2)cc1)c1ccc(/N=N/c2ccc([N+](=O)[O-])cc2)cc1,136.4,P412173,"Polyurethanes/thiourethanes, Polyimines",99.84,4.24
*CCN(CCOC(=O)Nc1ccc(-c2ccc(NC(=O)O*)c(C)c2)cc1C)c1ccc(/N=N/c2ccc([N+](=O)[O-])cc2)cc1,119.5,P412174,"Polyurethanes/thiourethanes, Polyimines",104.36,4.28
*CCN(CCOC(=O)NCC1(C)CC(NC(=O)O*)CC(C)(C)C1)c1ccc(/N=N/c2ccc(C#N)cc2)cc1,136.0,P412176,"Polyurethanes/thiourethanes, Polyimines",82.8,2.98
*CCN(CCOC(=O)Nc1ccc(C)c(NC(=O)O*)c1)c1ccc(/C=C/c2cc[n+](CCCC)cc2)cc1,121.0,P412179,"Polyurethanes/thiourethanes, Polyimines",83.59,3.16
*c1ccc(OC(=O)Nc2ccc(-c3ccc(NC(=O)Oc4ccc(-c5nc(-c6ccc(-c7nc(-c8ccc([N+](=O)[O-])cc8)c(-c8ccc([N+](=O)[O-])cc8)[nH]7)cc6)[nH]c5*)cc4)cc3OC)c(OC)c2)cc1,223.0,P412180,"Polyurethanes/thiourethanes, Polyimines",196.1,8.44
*c1ccc(OC(=O)Nc2ccc(-c3ccc(NC(=O)Oc4ccc(-c5nc(-c6ccc([N+](=O)[O-])cc6)[nH]c5*)cc4)cc3OC)c(OC)c2)cc1,202.0,P412181,"Polyurethanes/thiourethanes, Polyimines",167.82,6.73
*CCN(CCOC(=O)Nc1ccc(Cc2ccc(NC(=O)O*)cc2)cc1)c1ccccc1,31.9,P412201,"Polyurethanes/thiourethanes, Polyimines",83.93,2.92
*CCN(CCOC(=O)NCCCCCCNC(=O)O*)c1ccccc1,31.9,P412204,"Polyurethanes/thiourethanes, Polyimines",39.14,1.35
*CCN(CCOC(=O)Nc1ccc(C)c(NC(=O)O*)c1)c1ccccc1,31.9,P412206,"Polyurethanes/thiourethanes, Polyimines",61.37,2.37
*CCN(Cc1ccccc1)C(=O)S*,32.0,P412209,Polyurethanes/thiourethanes,48.63,1.64
*CCCN(Cc1ccccc1)C(=O)S*,27.0,P412210,Polyurethanes/thiourethanes,45.74,1.79
*CCN(CCOC(=O)Nc1ccc(C)c(NC(=O)O*)c1)c1ccc(/N=N/c2ccc(-c3nc4cc([N+](=O)[O-])ccc4[nH]3)cc2)cc1,188.0,P412211,"Polyurethanes/thiourethanes, Polyimines",133.16,5.76
*CCN(CCOC(=O)Nc1ccc(C)c(NC(=O)O*)c1)c1ccc(/N=N/c2ccc(/N=N/c3cc(OC)c(/N=N/c4ccc([N+](=O)[O-])cc4)cc3OC)c(C)c2)cc1,148.0,P412213,"Polyurethanes/thiourethanes, Polyimines",117.55,4.42
*CCN(CCCCCOc1ccc(/N=N/c2ccccc2)cc1)CCOC(=O)Nc1ccc(Cc2ccc(NC(=O)O*)cc2)cc1,59.6,P412216,"Polyurethanes/thiourethanes, Polyimines",82.74,3.3
*CCN(CCCCCCOc1ccc(/N=N/c2ccccc2)cc1)CCOC(=O)Nc1ccc(Cc2ccc(NC(=O)O*)cc2)cc1,44.0,P412217,"Polyurethanes/thiourethanes, Polyimines",93.57,3.81
*CCCCOC(=O)NCCCCNC(=O)O*,7.0,P412224,Polyurethanes/thiourethanes,25.28,0.64
*CCN(CCOC(=O)Nc1ccc(C)c(NC(=O)O*)c1)c1ccc(/N=N/c2ccc(-c3nc4ccc([N+](=O)[O-])cc4n3CC)cc2)cc1,158.0,P412227,"Polyurethanes/thiourethanes, Polyimines",124.67,4.88
*CCN(CCOC(=O)Nc1ccc(C)c(NC(=O)O*)c1)c1ccc(/N=N/c2ccc(/C=C/c3nc4ccc([N+](=O)[O-])cc4n3CC)cc2)cc1,171.0,P412228,"Polyurethanes/thiourethanes, Polyimines",125.72,5.05
*Oc1ccc(/N=C/C=N/c2ccc(OC(=O)Nc3ccc(Cc4ccc(NC(*)=O)cc4)cc3)cc2)cc1,133.0,P412230,"Polyurethanes/thiourethanes, Polyimines",103.35,4.42
*Oc1ccc(/N=C/C=N/c2ccc(OC(=O)Nc3cc(NC(*)=O)ccc3C)cc2)cc1,76.0,P412231,"Polyurethanes/thiourethanes, Polyimines",80.59,3.38
*Oc1ccc(/N=C/C=N/c2ccc(OC(=O)NC3CC(C)(C)CC(C)(CNC(*)=O)C3)cc2)cc1,62.0,P412232,"Polyurethanes/thiourethanes, Polyimines",71.43,2.48
*Oc1ccc(/N=C/C=N/c2ccc(OC(=O)NCCCCCCNC(*)=O)cc2)cc1,80.0,P412233,"Polyurethanes/thiourethanes, Polyimines",68.46,2.36
*Oc1ccc(/N=C/CCC/C=N/c2ccc(OC(=O)Nc3ccc(Cc4ccc(NC(*)=O)cc4)cc3)cc2)cc1,76.0,P412234,"Polyurethanes/thiourethanes, Polyimines",93.07,3.98
*Oc1ccc(/N=C/CCC/C=N/c2ccc(OC(=O)Nc3cc(NC(*)=O)ccc3C)cc2)cc1,69.0,P412235,"Polyurethanes/thiourethanes, Polyimines",81.96,3.47
*Oc1ccc(/N=C/CCC/C=N/c2ccc(OC(=O)NC3CC(C)(C)CC(C)(CNC(*)=O)C3)cc2)cc1,66.0,P412236,"Polyurethanes/thiourethanes, Polyimines",69.59,2.19
*Oc1ccc(/N=C/CCC/C=N/c2ccc(OC(=O)NCCCCCCNC(*)=O)cc2)cc1,72.0,P412237,"Polyurethanes/thiourethanes, Polyimines",64.3,2.13
*CC(C)(COC(=O)NCCCCCCNC(=O)O*)C(=O)O,-26.0,P412238,Polyurethanes/thiourethanes,20.85,0.33
*C(=O)Nc1ccc(-c2ccc(NC(=O)N3CC(C)N(*)CC3C)cc2)cc1,250.0,P420001,Polyureas/thioureas,101.62,3.47
*CCCCCNC(=S)N*,55.0,P422002,Polyureas/thioureas,32.6,1.1
*CCCCCCCNC(=S)N*,52.0,P422003,Polyureas/thioureas,29.51,0.94
*CCCCCCCCCNC(=S)N*,48.0,P422004,Polyureas/thioureas,26.04,0.81
*Nc1ccc(Cc2ccc(NC(=O)NCCCCCCCCCNC(*)=O)cc2)cc1,-50.0,P422005,Polyureas/thioureas,42.71,1.65
*Nc1ccccc1CCc1ccc(NC(=O)Nc2ccc(CCc3ccc(NC(*)=O)cc3)cc2)cc1,217.0,P422019,Polyureas/thioureas,105.86,5.26
*Nc1ccccc1CCc1ccccc1NC(=O)Nc1ccc(CCc2ccc(NC(*)=O)cc2)cc1,235.0,P422020,Polyureas/thioureas,114.06,4.96
*Nc1ccc(Cc2ccc(NC(=O)Nc3ccccc3CCc3ccc(NC(*)=O)cc3)cc2)cc1,217.0,P422023,Polyureas/thioureas,122.33,4.46
*Nc1ccccc1CCc1ccc(NC(=O)NCCCCCCNC(*)=O)cc1,150.0,P422028,Polyureas/thioureas,77.02,2.97
*Nc1ccccc1CCc1ccc(NC(*)=O)cc1,198.0,P422032,Polyureas/thioureas,73.6,3.59
*Nc1cc(NC(=O)Nc2ccc(CCc3ccccc3NC(*)=O)cc2)ccc1C,227.0,P422035,Polyureas/thioureas,98.32,4.5
*c1ccc(NC(=O)Nc2ccc(NC(=O)Nc3ccc(-c4nc(C#N)c(C#N)nc4*)cc3)cc2)cc1,248.7,P422040,"Polyureas/thioureas, Polyimines",117.84,5.07
*NC(=O)NCCCCCCNC(=O)Nc1cccc(*)n1,170.0,P422048,"Polyureas/thioureas, Polyimines",60.41,2.07
*NC(=O)Nc1ccc(Cc2ccc(NC(=O)Nc3cccc(*)n3)cc2)cc1,206.5,P422049,"Polyureas/thioureas, Polyimines",97.32,3.86
*c1ccc(NC(=O)Nc2ccc(NC(=O)Nc3ccc(-c4nc(-c5ccc(-c6nc(-c7ccc([N+](=O)[O-])cc7)c(-c7ccc([N+](=O)[O-])cc7)[nH]6)cc5)[nH]c4*)cc3)cc2)cc1,272.0,P422050,"Polyureas/thioureas, Polyimines",185.9,7.79
*Nc1cccc2c(NC(=O)Nc3cc(NC(*)=O)cc(C(=O)Nc4ccc5c(c4)C(=O)c4ccccc4C5=O)c3)cccc12,178.0,P422056,Polyureas/thioureas,148.14,5.3
*Nc1cc(NC(=O)Nc2ccc(Cc3ccc(NC(*)=O)cc3)cc2)cc(C(=O)Nc2ccc3c(c2)C(=O)c2ccccc2C3=O)c1,168.0,P422057,Polyureas/thioureas,135.47,5.98
*Nc1cc(NC(=O)NC2CCC(CC3CCC(NC(*)=O)CC3)CC2)cc(C(=O)Nc2ccc3c(c2)C(=O)c2ccccc2C3=O)c1,148.0,P422058,Polyureas/thioureas,97.74,3.54
*Nc1cc(NC(=O)Nc2ccc(NC(*)=O)cc2)cc(C(=O)Nc2ccc3c(c2)C(=O)c2ccccc2C3=O)c1,184.0,P422059,Polyureas/thioureas,133.22,4.93
*Nc1cc(NC(=O)Nc2ccc(NC(*)=O)cc2)cc(C(=O)Nc2cccc3c2C(=O)c2ccccc2C3=O)c1,190.0,P422060,Polyureas/thioureas,122.52,4.55
*Nc1cccc2c(NC(=O)Nc3cc(NC(*)=O)cc(C(=O)Nc4cccc5c4C(=O)c4ccccc4C5=O)c3)cccc12,185.0,P422061,Polyureas/thioureas,132.18,6.07
*Nc1cc(NC(=O)Nc2ccc(Cc3ccc(NC(*)=O)cc3)cc2)cc(C(=O)Nc2cccc3c2C(=O)c2ccccc2C3=O)c1,178.0,P422062,Polyureas/thioureas,143.81,5.08
*Nc1cc(NC(=O)NC2CCC(CC3CCC(NC(*)=O)CC3)CC2)cc(C(=O)Nc2cccc3c2C(=O)c2ccccc2C3=O)c1,156.0,P422063,Polyureas/thioureas,98.52,4.12
*c1ccc(C(=O)Nc2cccc(-n3c(=O)c4cc5c(=O)n(*)c(=O)c5cc4c3=O)c2)cc1,390.0,P430002,"Polyimides/thioimides, Polyamides/thioamides",161.1,6.13
*C(=O)Nc1ccc(-c2ccc(NC(=O)c3ccc4c(c3)C(=O)N(c3ccc(Oc5ccc(N6C(=O)c7ccc(*)cc7C6=O)cc5)cc3)C4=O)cc2)cc1,315.0,P430004,"Polyimides/thioimides, Polyoxides/ethers/acetals, Polyamides/thioamides",176.93,6.78
*C(=O)Nc1ccc(Oc2ccc(NC(=O)c3ccc4c(c3)C(=O)N(c3ccc(Oc5ccc(N6C(=O)c7ccc(*)cc7C6=O)cc5)cc3)C4=O)cc2)cc1,282.0,P430005,"Polyimides/thioimides, Polyoxides/ethers/acetals, Polyamides/thioamides",157.81,6.96
*C(=O)Nc1ccc(S(=O)(=O)c2ccc(NC(=O)c3ccc4c(c3)C(=O)N(c3ccc(Oc5ccc(N6C(=O)c7ccc(*)cc7C6=O)cc5)cc3)C4=O)cc2)cc1,275.0,P430006,"Polyimides/thioimides, Polyoxides/ethers/acetals, Polyamides/thioamides, Polysulfones/sulfoxides/sufonates/sulfoamides",172.75,6.53
*C(=O)c1ccc2c(c1)C(=O)N(c1cccc(Nc3nc(Nc4cccc(N5C(=O)c6ccc(*)cc6C5=O)c4)nc(N(c4ccccc4)c4ccccc4)n3)c1)C2=O,290.0,P430007,"Polyimides/thioimides, Polyimines, Polyketones/thioketones",195.96,7.83
*C(=O)c1ccc2c(c1)C(=O)N(c1cccc(Nc3nc(Nc4cccc(N5C(=O)c6ccc(*)cc6C5=O)c4)nc(-c4ccccc4)n3)c1)C2=O,292.0,P430009,"Polyimides/thioimides, Polyimines, Polyketones/thioketones",176.19,6.92
*C(=O)c1ccc2c(c1)C(=O)N(c1cccc(Nc3nc(Nc4cccc(N5C(=O)c6ccc(*)cc6C5=O)c4)nc(N(C)C)n3)c1)C2=O,294.0,P430010,"Polyimides/thioimides, Polyimines, Polyketones/thioketones",156.26,6.0
*C(=O)c1ccc2c(c1)C(=O)N(c1cccc(Nc3ncnc(Nc4cccc(N5C(=O)c6ccc(*)cc6C5=O)c4)n3)c1)C2=O,290.0,P430011,"Polyimides/thioimides, Polyimines, Polyketones/thioketones",151.14,5.77
*C(=O)c1ccc2c(c1)C(=O)N(c1ccc(-c3nc(-c4ccccc4)nc(-c4ccc(N5C(=O)c6ccc(*)cc6C5=O)cc4)n3)cc1)C2=O,355.0,P430012,"Polyimides/thioimides, Polyimines, Polyketones/thioketones",161.64,7.53
*c1cccc(NC(=O)c2cccc(C(=O)Nc3cccc(-n4c(=O)c5cc6c(=O)n(*)c(=O)c6cc5c4=O)c3)c2)c1,338.0,P430014,"Polyimides/thioimides, Polyamides/thioamides",156.65,7.02
*CCCCCCCCCN1C(=O)c2ccc(Oc3ccc4c(c3)C(=O)N(*)C4=O)cc2C1=O,89.0,P430017,"Polyimides/thioimides, Polyoxides/ethers/acetals",73.59,2.49
*CCCCCCCCCCN1C(=O)c2ccc(Oc3ccc4c(c3)C(=O)N(*)C4=O)cc2C1=O,91.5,P430018,"Polyimides/thioimides, Polyoxides/ethers/acetals",67.56,2.47
*CCCCCCCCCCCCN1C(=O)c2ccc(Oc3ccc4c(c3)C(=O)N(*)C4=O)cc2C1=O,70.0,P430019,"Polyimides/thioimides, Polyoxides/ethers/acetals",59.01,2.4
*c1ccc(Oc2cccc(Oc3ccc(N4C(=O)c5ccc(-c6ccc7c(c6)C(=O)N(*)C7=O)cc5C4=O)cc3)c2)cc1,234.0,P430022,"Polyimides/thioimides, Polyoxides/ethers/acetals",148.3,6.44
*c1ccc2c(c1)C(=O)N(c1cc(C(=O)O)cc(N3C(=O)c4ccc(C(*)(C(F)(F)F)C(F)(F)F)cc4C3=O)c1)C2=O,366.5,P430039,Polyimides/thioimides,129.41,5.4
*c1ccc2c(c1)C(=O)N(c1cccc3c(N4C(=O)c5ccc(C(*)(C(F)(F)F)C(F)(F)F)cc5C4=O)cccc13)C2=O,390.0,P430040,Polyimides/thioimides,152.32,6.38
*c1ccc2c(c1)C(=O)N(c1cccc(N3C(=O)c4ccc(C(*)(C(F)(F)F)C(F)(F)F)cc4C3=O)c1)C2=O,298.0,P430042,Polyimides/thioimides,123.41,4.3
*c1ccc2c(c1)C(=O)N(c1cccc(S(=O)(=O)c3cccc(N4C(=O)c5ccc(C(*)(C(F)(F)F)C(F)(F)F)cc5C4=O)c3)c1)C2=O,271.0,P430044,"Polyimides/thioimides, Polysulfones/sulfoxides/sufonates/sulfoamides",126.74,5.33
*C(=O)Nc1ccc(Oc2ccc(N3C(=O)c4ccc(*)cc4C3=O)cc2)cc1,295.0,P430045,"Polyimides/thioimides, Polyoxides/ethers/acetals, Polyamides/thioamides",103.73,4.31
*c1ccc(S(=O)(=O)c2ccc(-n3c(=O)c4cc5c(=O)n(*)c(=O)c5cc4c3=O)cc2)cc1,350.0,P430046,"Polyimides/thioimides, Polysulfones/sulfoxides/sufonates/sulfoamides",166.47,6.12
*c1cccc(S(=O)(=O)c2cccc(-n3c(=O)c4cc5c(=O)n(*)c(=O)c5cc4c3=O)c2)c1,360.0,P430047,"Polyimides/thioimides, Polysulfones/sulfoxides/sufonates/sulfoamides",159.64,7.03
*C1C(=O)N(C(C)(C)C)C(=O)C1*,195.0,P430057,Polyimides/thioimides,62.3,2.08
*CCCCN1C(=O)c2ccc(C(=O)Oc3ccc(-c4ccc(OC(=O)c5ccc6c(c5)C(=O)N(*)C6=O)cc4)cc3)cc2C1=O,126.0,P430058,"Polyimides/thioimides, Polyesters/thioesters",107.43,4.76
*CCCCCN1C(=O)c2ccc(C(=O)Oc3ccc(-c4ccc(OC(=O)c5ccc6c(c5)C(=O)N(*)C6=O)cc4)cc3)cc2C1=O,147.0,P430059,"Polyimides/thioimides, Polyesters/thioesters",118.17,4.24
*CCCCCCN1C(=O)c2ccc(C(=O)Oc3ccc(-c4ccc(OC(=O)c5ccc6c(c5)C(=O)N(*)C6=O)cc4)cc3)cc2C1=O,133.0,P430060,"Polyimides/thioimides, Polyesters/thioesters",119.98,4.67
*CCCCCCCN1C(=O)c2ccc(C(=O)Oc3ccc(-c4ccc(OC(=O)c5ccc6c(c5)C(=O)N(*)C6=O)cc4)cc3)cc2C1=O,117.0,P430061,"Polyimides/thioimides, Polyesters/thioesters",103.58,4.15
*CCCCCCCCCCCN1C(=O)c2ccc(C(=O)Oc3ccc(-c4ccc(OC(=O)c5ccc6c(c5)C(=O)N(*)C6=O)cc4)cc3)cc2C1=O,97.0,P430065,"Polyimides/thioimides, Polyesters/thioesters",99.98,3.98
*CCCC(=O)Oc1ccc(-c2ccc(OC(=O)c3ccc4c(c3)C(=O)N(*)C4=O)cc2)cc1,132.0,P430067,"Polyimides/thioimides, Polyesters/thioesters",87.27,3.73
*CCCCC(=O)Oc1ccc(-c2ccc(OC(=O)c3ccc4c(c3)C(=O)N(*)C4=O)cc2)cc1,123.0,P430068,"Polyimides/thioimides, Polyesters/thioesters",90.93,3.37
*CCCCCC(=O)Oc1ccc(-c2ccc(OC(=O)c3ccc4c(c3)C(=O)N(*)C4=O)cc2)cc1,118.0,P430069,"Polyimides/thioimides, Polyesters/thioesters",95.39,3.76
*CCCCCCC(=O)Oc1ccc(-c2ccc(OC(=O)c3ccc4c(c3)C(=O)N(*)C4=O)cc2)cc1,107.0,P430070,"Polyimides/thioimides, Polyesters/thioesters",81.61,3.55
*CCCCCCCCCCC(=O)Oc1ccc(-c2ccc(OC(=O)c3ccc4c(c3)C(=O)N(*)C4=O)cc2)cc1,61.0,P430071,"Polyimides/thioimides, Polyesters/thioesters",82.25,3.25
*CCCCCCCCCCCC(=O)Oc1ccc(-c2ccc(OC(=O)c3ccc4c(c3)C(=O)N(*)C4=O)cc2)cc1,60.0,P430072,"Polyimides/thioimides, Polyesters/thioesters",73.47,3.24
*CCCC(=O)Oc1ccc(OC(=O)c2ccc3c(c2)C(=O)N(*)C3=O)cc1,132.0,P430073,"Polyimides/thioimides, Polyesters/thioesters",78.57,3.19
*CCCCC(=O)Oc1ccc(OC(=O)c2ccc3c(c2)C(=O)N(*)C3=O)cc1,89.315,P430074,"Polyimides/thioimides, Polyesters/thioesters",68.54,2.85
*CCCCCC(=O)Oc1ccc(OC(=O)c2ccc3c(c2)C(=O)N(*)C3=O)cc1,89.0,P430075,"Polyimides/thioimides, Polyesters/thioesters",65.22,2.63
*CCCCCCC(=O)Oc1ccc(OC(=O)c2ccc3c(c2)C(=O)N(*)C3=O)cc1,74.315,P430076,"Polyimides/thioimides, Polyesters/thioesters",74.68,2.6
*CCCCCCCCCCCC(=O)Oc1ccc(OC(=O)c2ccc3c(c2)C(=O)N(*)C3=O)cc1,58.0,P430077,"Polyimides/thioimides, Polyesters/thioesters",63.27,2.23
*c1cc(N2C(=O)c3ccc(Oc4ccc5c(c4)C(=O)N(*)C5=O)cc3C2=O)c(O)cc1O,263.0,P430078,"Polyimides/thioimides, Polyoxides/ethers/acetals",122.37,4.69
*C(=O)c1ccc2c(c1)C(=O)N(c1cc(N3C(=O)c4ccc(*)cc4C3=O)c(O)cc1O)C2=O,324.0,P430079,"Polyimides/thioimides, Polyketones/thioketones",129.8,4.89
*c1ccc2c(c1)C(=O)N(c1cc(N3C(=O)c4ccc(C(*)(C(F)(F)F)C(F)(F)F)cc4C3=O)c(O)cc1O)C2=O,324.0,P430080,Polyimides/thioimides,127.06,4.73
*c1cc(N2C(=O)c3ccc(-c4ccc5c(c4)C(=O)N(*)C5=O)cc3C2=O)c(O)cc1O,343.0,P430081,Polyimides/thioimides,122.47,4.81
*c1cc(-n2c(=O)c3cc4c(=O)n(*)c(=O)c4cc3c2=O)c(O)cc1O,362.0,P430082,Polyimides/thioimides,136.49,6.41
*c1ccc(Oc2cc(C(C)(C)C)c(Oc3ccc(-n4c(=O)c5cc6c(=O)n(*)c(=O)c6cc5c4=O)cc3)cc2C(C)(C)C)cc1,298.0,P430083,"Polyimides/thioimides, Polyoxides/ethers/acetals",163.83,7.24
*c1ccc(Oc2cc(C(C)(C)C)c(Oc3ccc(N4C(=O)c5ccc(-c6ccc7c(c6)C(=O)N(*)C7=O)cc5C4=O)cc3)cc2C(C)(C)C)cc1,293.0,P430084,"Polyimides/thioimides, Polyoxides/ethers/acetals",153.57,6.37
*c1ccc(Oc2cc(C(C)(C)C)c(Oc3ccc(N4C(=O)c5ccc(Oc6ccc7c(c6)C(=O)N(*)C7=O)cc5C4=O)cc3)cc2C(C)(C)C)cc1,242.0,P430085,"Polyimides/thioimides, Polyoxides/ethers/acetals",160.8,6.11
*C(=O)c1ccc2c(c1)C(=O)N(c1ccc(Oc3cc(C(C)(C)C)c(Oc4ccc(N5C(=O)c6ccc(*)cc6C5=O)cc4)cc3C(C)(C)C)cc1)C2=O,288.0,P430086,"Polyimides/thioimides, Polyoxides/ethers/acetals, Polyketones/thioketones",164.82,6.57
*c1ccc(Oc2cc(C(C)(C)C)c(Oc3ccc(N4C(=O)c5ccc(S(=O)(=O)c6ccc7c(c6)C(=O)N(*)C7=O)cc5C4=O)cc3)cc2C(C)(C)C)cc1,263.0,P430087,"Polyimides/thioimides, Polyoxides/ethers/acetals, Polysulfones/sulfoxides/sufonates/sulfoamides",146.32,6.14
*c1ccc2c(c1)C(=O)N(c1ccc(Oc3cc(C(C)(C)C)c(Oc4ccc(N5C(=O)c6ccc(C(*)(C(F)(F)F)C(F)(F)F)cc6C5=O)cc4)cc3C(C)(C)C)cc1)C2=O,277.0,P430088,"Polyimides/thioimides, Polyoxides/ethers/acetals",172.6,5.58
*c1ccc(-c2nc3cc(Oc4ccc(NC(=O)c5ccc6c(c5)C(=O)N(c5ccc(C(c7ccc(N8C(=O)c9ccc(C(=O)Nc%10ccc(Oc%11ccc%12nc(-c%13ccccc%13)c(*)nc%12c%11)cc%10)cc9C8=O)cc7)(C(F)(F)F)C(F)(F)F)cc5)C6=O)cc4)ccc3nc2-c2ccccc2)cc1,293.0,P430089,"Polyimides/thioimides, Polyoxides/ethers/acetals, Polyamides/thioamides, Polyimines",280.61,11.72
*c1ccc(Oc2ccc(-c3nc4cc(Oc5ccc(NC(=O)c6ccc7c(c6)C(=O)N(c6ccc(C(c8ccc(N9C(=O)c%10ccc(C(=O)Nc%11ccc(Oc%12ccc%13nc(-c%14ccccc%14)c(*)nc%13c%12)cc%11)cc%10C9=O)cc8)(C(F)(F)F)C(F)(F)F)cc6)C7=O)cc5)ccc4nc3-c3ccccc3)cc2)cc1,289.0,P430090,"Polyimides/thioimides, Polyoxides/ethers/acetals, Polyamides/thioamides, Polyimines",277.34,11.52
*c1ccc(Oc2ccc(-c3nc4cc(Oc5ccc(NC(=O)c6ccc7c(c6)C(=O)N(c6ccc(C(c8ccc(N9C(=O)c%10ccc(C(=O)Nc%11ccc(Oc%12ccc%13nc(-c%14ccc([N+](=O)[O-])cc%14)c(*)nc%13c%12)cc%11)cc%10C9=O)cc8)(C(F)(F)F)C(F)(F)F)cc6)C7=O)cc5)ccc4nc3-c3ccc([N+](=O)[O-])cc3)cc2)cc1,303.0,P430091,"Polyimides/thioimides, Polyoxides/ethers/acetals, Polyamides/thioamides, Polyimines",317.7,13.96
*c1ccc(-c2ccc(-c3nc4cc(Oc5ccc(NC(=O)c6ccc7c(c6)C(=O)N(c6ccc(C(c8ccc(N9C(=O)c%10ccc(C(=O)Nc%11ccc(Oc%12ccc%13nc(-c%14ccccc%14)c(*)nc%13c%12)cc%11)cc%10C9=O)cc8)(C(F)(F)F)C(F)(F)F)cc6)C7=O)cc5)ccc4nc3-c3ccccc3)cc2)cc1,290.0,P430092,"Polyimides/thioimides, Polyoxides/ethers/acetals, Polyamides/thioamides, Polyimines",320.06,13.12
*c1ccc(-c2ccc(NC(=O)c3cccc(C(=O)Nc4ccc(-c5ccc(N6C(=O)c7ccc(-c8ccc9c(c8)C(=O)N(*)C9=O)cc7C6=O)cc5)cc4)c3)cc2)cc1,230.0,P430094,"Polyimides/thioimides, Polyamides/thioamides",183.66,7.62
*c1ccc(-c2ccc(NC(=O)c3cccc(C(=O)Nc4ccc(-c5ccc(N6C(=O)c7ccc(Oc8ccc9c(c8)C(=O)N(*)C9=O)cc7C6=O)cc5)cc4)c3)cc2)cc1,233.0,P430095,"Polyimides/thioimides, Polyoxides/ethers/acetals, Polyamides/thioamides",162.47,7.82
*C(=O)c1ccc2c(c1)C(=O)N(c1ccc(-c3ccc(NC(=O)c4cccc(C(=O)Nc5ccc(-c6ccc(N7C(=O)c8ccc(*)cc8C7=O)cc6)cc5)c4)cc3)cc1)C2=O,238.0,P430096,"Polyimides/thioimides, Polyamides/thioamides, Polyketones/thioketones",178.82,6.78
*c1ccc(-c2ccc(NC(=O)c3cccc(C(=O)Nc4ccc(-c5ccc(-n6c(=O)c7cc8c(=O)n(*)c(=O)c8cc7c6=O)cc5)cc4)c3)cc2)cc1,227.0,P430097,"Polyimides/thioimides, Polyamides/thioamides",184.28,7.98
*c1ccc(C(=O)Nc2ccc(Oc3ccc(S(=O)(=O)c4ccc(Oc5ccc(NC(=O)c6ccc(N7C(=O)c8ccc(-c9ccc%10c(c9)C(=O)N(*)C%10=O)cc8C7=O)cc6)cc5)cc4)cc3)cc2)cc1,258.0,P430098,"Polyimides/thioimides, Polyoxides/ethers/acetals, Polyamides/thioamides, Polysulfones/sulfoxides/sufonates/sulfoamides",210.14,8.7
*c1ccc(C(=O)Nc2cccc(Oc3ccc(S(=O)(=O)c4ccc(Oc5cccc(NC(=O)c6ccc(N7C(=O)c8ccc(-c9ccc%10c(c9)C(=O)N(*)C%10=O)cc8C7=O)cc6)c5)cc4)cc3)c2)cc1,262.0,P430099,"Polyimides/thioimides, Polyoxides/ethers/acetals, Polyamides/thioamides, Polysulfones/sulfoxides/sufonates/sulfoamides",212.71,7.42
*c1ccc(C(=O)Nc2cccc(S(=O)(=O)c3cccc(NC(=O)c4ccc(N5C(=O)c6ccc(-c7ccc8c(c7)C(=O)N(*)C8=O)cc6C5=O)cc4)c3)c2)cc1,256.0,P430100,"Polyimides/thioimides, Polyamides/thioamides, Polysulfones/sulfoxides/sufonates/sulfoamides",161.51,6.88
*c1cccc(C(=O)Nc2ccc(Oc3ccc(S(=O)(=O)c4ccc(Oc5ccc(NC(=O)c6cccc(N7C(=O)c8ccc(-c9ccc%10c(c9)C(=O)N(*)C%10=O)cc8C7=O)c6)cc5)cc4)cc3)cc2)c1,258.0,P430101,"Polyimides/thioimides, Polyoxides/ethers/acetals, Polyamides/thioamides, Polysulfones/sulfoxides/sufonates/sulfoamides",184.16,7.93
*c1cccc(C(=O)Nc2ccc(Oc3ccc(-c4ccc(Oc5ccc(NC(=O)c6cccc(N7C(=O)c8ccc(-c9ccc%10c(c9)C(=O)N(*)C%10=O)cc8C7=O)c6)cc5)cc4)cc3)cc2)c1,270.0,P430102,"Polyimides/thioimides, Polyoxides/ethers/acetals, Polyamides/thioamides",184.51,8.26
*c1cccc(C(=O)Nc2ccc(Oc3ccc(Oc4ccc(Oc5ccc(NC(=O)c6cccc(N7C(=O)c8ccc(-c9ccc%10c(c9)C(=O)N(*)C%10=O)cc8C7=O)c6)cc5)cc4)cc3)cc2)c1,244.0,P430103,"Polyimides/thioimides, Polyoxides/ethers/acetals, Polyamides/thioamides",175.83,8.59
*c1cccc(C(=O)Nc2ccc(Oc3ccc(C(C)(C)c4ccc(Oc5ccc(NC(=O)c6cccc(N7C(=O)c8ccc(-c9ccc%10c(c9)C(=O)N(*)C%10=O)cc8C7=O)c6)cc5)cc4)cc3)cc2)c1,257.0,P430104,"Polyimides/thioimides, Polyoxides/ethers/acetals, Polyamides/thioamides",202.77,8.02
*c1cccc(C(=O)Nc2ccc(Oc3ccc(Oc4ccc(NC(=O)c5cccc(N6C(=O)c7ccc(-c8ccc9c(c8)C(=O)N(*)C9=O)cc7C6=O)c5)cc4)cc3)cc2)c1,244.0,P430105,"Polyimides/thioimides, Polyoxides/ethers/acetals, Polyamides/thioamides",181.04,7.28
*c1cccc(C(=O)Nc2ccc(Oc3cccc(Oc4ccc(NC(=O)c5cccc(N6C(=O)c7ccc(-c8ccc9c(c8)C(=O)N(*)C9=O)cc7C6=O)c5)cc4)c3)cc2)c1,253.0,P430106,"Polyimides/thioimides, Polyoxides/ethers/acetals, Polyamides/thioamides",187.68,7.86
*c1cccc(C(=O)Nc2ccc(Oc3ccc(NC(=O)c4cccc(N5C(=O)c6ccc(-c7ccc8c(c7)C(=O)N(*)C8=O)cc6C5=O)c4)cc3)cc2)c1,253.0,P430107,"Polyimides/thioimides, Polyoxides/ethers/acetals, Polyamides/thioamides",169.09,6.83
*c1cccc(C(=O)Nc2cccc(S(=O)(=O)c3cccc(NC(=O)c4cccc(N5C(=O)c6ccc(-c7ccc8c(c7)C(=O)N(*)C8=O)cc6C5=O)c4)c3)c2)c1,247.0,P430108,"Polyimides/thioimides, Polyamides/thioamides, Polysulfones/sulfoxides/sufonates/sulfoamides",152.91,6.2
*c1ccc(C(=O)Nc2ccc(Oc3ccc(S(=O)(=O)c4ccc(Oc5ccc(NC(=O)c6ccc(N7C(=O)c8ccc(-c9cccc%10c9C(=O)N(*)C%10=O)cc8C7=O)cc6)cc5)cc4)cc3)cc2)cc1,287.0,P430109,"Polyimides/thioimides, Polyoxides/ethers/acetals, Polyamides/thioamides, Polysulfones/sulfoxides/sufonates/sulfoamides",214.17,7.88
*c1ccc(C(=O)Nc2cccc(Oc3ccc(S(=O)(=O)c4ccc(Oc5cccc(NC(=O)c6ccc(N7C(=O)c8ccc(-c9cccc%10c9C(=O)N(*)C%10=O)cc8C7=O)cc6)c5)cc4)cc3)c2)cc1,241.0,P430110,"Polyimides/thioimides, Polyoxides/ethers/acetals, Polyamides/thioamides, Polysulfones/sulfoxides/sufonates/sulfoamides",203.78,7.78
*c1cccc(C(=O)Nc2ccc(Oc3ccc(S(=O)(=O)c4ccc(Oc5ccc(NC(=O)c6cccc(N7C(=O)c8ccc(-c9cccc%10c9C(=O)N(*)C%10=O)cc8C7=O)c6)cc5)cc4)cc3)cc2)c1,263.0,P430115,"Polyimides/thioimides, Polyoxides/ethers/acetals, Polyamides/thioamides, Polysulfones/sulfoxides/sufonates/sulfoamides",197.44,7.82
*c1cccc(C(=O)Nc2ccc(Oc3ccc(-c4ccc(Oc5ccc(NC(=O)c6cccc(N7C(=O)c8ccc(-c9cccc%10c9C(=O)N(*)C%10=O)cc8C7=O)c6)cc5)cc4)cc3)cc2)c1,275.0,P430116,"Polyimides/thioimides, Polyoxides/ethers/acetals, Polyamides/thioamides",207.89,8.51
*c1cccc(C(=O)Nc2ccc(Oc3ccc(Oc4ccc(Oc5ccc(NC(=O)c6cccc(N7C(=O)c8ccc(-c9cccc%10c9C(=O)N(*)C%10=O)cc8C7=O)c6)cc5)cc4)cc3)cc2)c1,260.0,P430117,"Polyimides/thioimides, Polyoxides/ethers/acetals, Polyamides/thioamides",176.7,8.14
*c1cccc(C(=O)Nc2ccc(Oc3ccc(C(C)(C)c4ccc(Oc5ccc(NC(=O)c6cccc(N7C(=O)c8ccc(-c9cccc%10c9C(=O)N(*)C%10=O)cc8C7=O)c6)cc5)cc4)cc3)cc2)c1,261.0,P430118,"Polyimides/thioimides, Polyoxides/ethers/acetals, Polyamides/thioamides",212.05,8.0
*c1cccc(C(=O)Nc2ccc(Oc3ccc(Oc4ccc(NC(=O)c5cccc(N6C(=O)c7ccc(-c8cccc9c8C(=O)N(*)C9=O)cc7C6=O)c5)cc4)cc3)cc2)c1,268.0,P430119,"Polyimides/thioimides, Polyoxides/ethers/acetals, Polyamides/thioamides",197.07,7.71
*c1cccc(C(=O)Nc2ccc(Oc3cccc(Oc4ccc(NC(=O)c5cccc(N6C(=O)c7ccc(-c8cccc9c8C(=O)N(*)C9=O)cc7C6=O)c5)cc4)c3)cc2)c1,253.0,P430120,"Polyimides/thioimides, Polyoxides/ethers/acetals, Polyamides/thioamides",173.13,8.05
*c1cccc(C(=O)Nc2ccc(Oc3ccc(NC(=O)c4cccc(N5C(=O)c6ccc(-c7cccc8c7C(=O)N(*)C8=O)cc6C5=O)c4)cc3)cc2)c1,291.0,P430121,"Polyimides/thioimides, Polyoxides/ethers/acetals, Polyamides/thioamides",155.37,6.7
*c1cccc(C(=O)Nc2cccc(S(=O)(=O)c3cccc(NC(=O)c4cccc(N5C(=O)c6ccc(-c7cccc8c7C(=O)N(*)C8=O)cc6C5=O)c4)c3)c2)c1,261.0,P430122,"Polyimides/thioimides, Polyamides/thioamides, Polysulfones/sulfoxides/sufonates/sulfoamides",163.73,6.67
*c1cccc(C(=O)Nc2ccc(NC(=O)c3cccc(N4C(=O)c5ccc(-c6cccc7c6C(=O)N(*)C7=O)cc5C4=O)c3)cc2)c1,328.0,P430123,"Polyimides/thioimides, Polyamides/thioamides",154.43,5.71
*c1ccc(-c2ccc(N3C(=O)c4ccc(Oc5ccc6c(c5)C(=O)N(*)C6=O)cc4C3=O)cc2C)c(C)c1,325.0,P430124,"Polyimides/thioimides, Polyoxides/ethers/acetals",152.45,5.18
*CC(C)(C)C1C(=O)N(C)C(=O)C1*,156.5,P430125,Polyimides/thioimides,48.11,1.65
*CC(C)(C)C1C(=O)N(C(C)C)C(=O)C1*,145.0,P430126,Polyimides/thioimides,45.64,1.64
*CC(C)(C)C1C(=O)N(CCCC)C(=O)C1*,80.0,P430127,Polyimides/thioimides,41.91,1.07
*CC(C)(C)C1C(=O)N(C2CCCCC2)C(=O)C1*,192.0,P430128,Polyimides/thioimides,50.88,1.64
*CC(C)(C)C1C(=O)N(c2ccccc2)C(=O)C1*,188.0,P430129,Polyimides/thioimides,62.52,2.52
*CC(c1ccccc1)C1C(=O)N(CCCN(CC)c2ccc(/N=N/c3ccc([N+](=O)[O-])cc3)c(C)c2)C(=O)C1*,137.0,P430130,Polyimides/thioimides,96.87,3.28
*CC(c1ccccc1)C1C(=O)N(CCCN(CC)c2ccc(/N=N/c3ccc([N+](=O)[O-])cc3Cl)c(C)c2)C(=O)C1*,149.0,P430131,Polyimides/thioimides,90.6,3.8
*CC(c1ccccc1)C1C(=O)N(CCN(CC)c2ccc(/N=N/c3ccc([N+](=O)[O-])cc3)cc2)C(=O)C1*,172.0,P430132,Polyimides/thioimides,91.17,3.63
*c1ccc(C(c2ccccc2)c2ccc(-n3c(=O)c4cc5c(=O)n(*)c(=O)c5cc4c3=O)cc2)cc1,321.0,P430133,Polyimides/thioimides,162.86,7.68
*c1ccc(C(c2ccccc2)c2ccc(N3C(=O)c4ccc(-c5ccc6c(c5)C(=O)N(*)C6=O)cc4C3=O)cc2)cc1,315.0,P430134,Polyimides/thioimides,158.05,6.44
*C(=O)c1ccc2c(c1)C(=O)N(c1ccc(C(c3ccccc3)c3ccc(N4C(=O)c5ccc(*)cc5C4=O)cc3)cc1)C2=O,282.0,P430135,"Polyimides/thioimides, Polyketones/thioketones",145.1,5.76
*c1ccc(C(c2ccccc2)c2ccc(N3C(=O)c4ccc(Oc5ccc6c(c5)C(=O)N(*)C6=O)cc4C3=O)cc2)cc1,269.0,P430136,"Polyimides/thioimides, Polyoxides/ethers/acetals",135.98,6.36
*c1ccc(C(c2ccccc2)c2ccc(N3C(=O)c4ccc(S(=O)(=O)c5ccc6c(c5)C(=O)N(*)C6=O)cc4C3=O)cc2)cc1,305.0,P430137,"Polyimides/thioimides, Polysulfones/sulfoxides/sufonates/sulfoamides",153.59,6.56
*C(=O)Nc1ccc(Oc2ccc(C3(c4ccc(Oc5ccc(NC(=O)c6ccc7c(c6)C(=O)N(c6ccc(N8C(=O)c9ccc(*)cc9C8=O)cc6)C7=O)cc5)cc4)NC(=O)c4ccccc43)cc2)cc1,322.0,P430138,"Polyimides/thioimides, Polyoxides/ethers/acetals, Polyamides/thioamides",199.62,8.1
*C(=O)Nc1ccc(Oc2ccc(C3(c4ccc(Oc5ccc(NC(=O)c6ccc7c(c6)C(=O)N(c6cccc(N8C(=O)c9ccc(*)cc9C8=O)c6)C7=O)cc5)cc4)NC(=O)c4ccccc43)cc2)cc1,320.0,P430140,"Polyimides/thioimides, Polyoxides/ethers/acetals, Polyamides/thioamides",212.91,7.69
*C(=O)Nc1cccc(NC(=O)c2ccc3c(c2)C(=O)N(c2ccc(Oc4ccc(C5(c6ccc(Oc7ccc(N8C(=O)c9ccc(*)cc9C8=O)cc7)cc6)NC(=O)c6ccccc65)cc4)cc2)C3=O)c1,328.0,P430141,"Polyimides/thioimides, Polyoxides/ethers/acetals, Polyamides/thioamides",223.55,8.0
*C(=O)Nc1ccc(Oc2ccc(C3(c4ccc(Oc5ccc(NC(=O)c6ccc7c(c6)C(=O)N(c6ccc(C)c(N8C(=O)c9ccc(*)cc9C8=O)c6)C7=O)cc5)cc4)NC(=O)c4ccccc43)cc2)cc1,315.0,P430142,"Polyimides/thioimides, Polyoxides/ethers/acetals, Polyamides/thioamides",216.71,9.09
*c1ccc(Oc2ccc(NC(=O)c3ccc4c(c3)C(=O)N(c3ccc(Cc5ccc(N6C(=O)c7ccc(C(=O)Nc8ccc(Oc9ccc(C%10(*)NC(=O)c%11ccccc%11%10)cc9)cc8)cc7C6=O)cc5)cc3)C4=O)cc2)cc1,302.0,P430143,"Polyimides/thioimides, Polyoxides/ethers/acetals, Polyamides/thioamides",233.3,9.77
*C(=O)Nc1ccc(Oc2ccc(C3(c4ccc(Oc5ccc(NC(=O)c6ccc7c(c6)C(=O)N(c6ccc(Oc8ccc(N9C(=O)c%10ccc(*)cc%10C9=O)cc8)cc6)C7=O)cc5)cc4)NC(=O)c4ccccc43)cc2)cc1,320.0,P430144,"Polyimides/thioimides, Polyoxides/ethers/acetals, Polyamides/thioamides",242.52,8.28
*C(=O)Nc1ccc(Oc2ccc(C3(c4ccc(Oc5ccc(NC(=O)c6ccc7c(c6)C(=O)N(c6ccc(Oc8cccc(N9C(=O)c%10ccc(*)cc%10C9=O)c8)cc6)C7=O)cc5)cc4)NC(=O)c4ccccc43)cc2)cc1,272.0,P430145,"Polyimides/thioimides, Polyoxides/ethers/acetals, Polyamides/thioamides",225.9,8.97
*c1ccc(Oc2ccc(NC(=O)c3ccc4c(c3)C(=O)N(c3ccc(Sc5ccc(N6C(=O)c7ccc(C(=O)Nc8ccc(Oc9ccc(C%10(*)NC(=O)c%11ccccc%11%10)cc9)cc8)cc7C6=O)cc5)cc3)C4=O)cc2)cc1,298.0,P430146,"Polyimides/thioimides, Polyoxides/ethers/acetals, Polysulfides, Polyamides/thioamides",213.2,9.32
*C(=O)Nc1ccc(Oc2ccc(C3(c4ccc(Oc5ccc(NC(=O)c6ccc7c(c6)C(=O)N(c6ccc(Oc8ccc(Oc9ccc(N%10C(=O)c%11ccc(*)cc%11C%10=O)cc9)cc8)cc6)C7=O)cc5)cc4)NC(=O)c4ccccc43)cc2)cc1,284.0,P430147,"Polyimides/thioimides, Polyoxides/ethers/acetals, Polyamides/thioamides",249.7,8.77
*C(=O)Nc1ccc(Oc2ccc(C3(c4ccc(Oc5ccc(NC(=O)c6ccc7c(c6)C(=O)N(c6ccc(Oc8cccc(Oc9ccc(N%10C(=O)c%11ccc(*)cc%11C%10=O)cc9)c8)cc6)C7=O)cc5)cc4)NC(=O)c4ccccc43)cc2)cc1,267.0,P430148,"Polyimides/thioimides, Polyoxides/ethers/acetals, Polyamides/thioamides",250.82,10.51
*C(=O)Nc1ccc(Oc2ccc(C3(c4ccc(Oc5ccc(NC(=O)c6ccc7c(c6)C(=O)N(c6ccc(Oc8ccc(Oc9ccc(N%10C(=O)c%11ccc(*)cc%11C%10=O)cc9)c(C)c8)cc6)C7=O)cc5)cc4)NC(=O)c4ccccc43)cc2)cc1,293.0,P430149,"Polyimides/thioimides, Polyoxides/ethers/acetals, Polyamides/thioamides",239.57,8.85
*C(=O)Nc1ccc(Oc2ccc(C3(c4ccc(Oc5ccc(NC(=O)c6ccc7c(c6)C(=O)N(c6ccc(Oc8ccc(S(=O)(=O)c9ccc(Oc%10ccc(N%11C(=O)c%12ccc(*)cc%12C%11=O)cc%10)cc9)cc8)cc6)C7=O)cc5)cc4)NC(=O)c4ccccc43)cc2)cc1,283.0,P430150,"Polyimides/thioimides, Polyoxides/ethers/acetals, Polyamides/thioamides, Polysulfones/sulfoxides/sufonates/sulfoamides",227.82,11.19
*C(=O)Nc1ccc(Oc2ccc(C3(c4ccc(Oc5ccc(NC(=O)c6ccc7c(c6)C(=O)N(c6ccc(Oc8ccc(C9(c%10ccc(Oc%11ccc(N%12C(=O)c%13ccc(*)cc%13C%12=O)cc%11)cc%10)NC(=O)c%10ccccc%109)cc8)cc6)C7=O)cc5)cc4)NC(=O)c4ccccc43)cc2)cc1,330.0,P430151,"Polyimides/thioimides, Polyoxides/ethers/acetals, Polyamides/thioamides",258.7,11.27
*C(=O)Nc1ccc(Oc2ccc(NC(=O)c3ccc4c(c3)C(=O)N(c3ccc(Oc5ccc(C6(c7ccc(Oc8ccc(N9C(=O)c%10ccc(*)cc%10C9=O)cc8)cc7)NC(=O)c7ccccc76)cc5)cc3)C4=O)cc2)cc1,325.0,P430153,"Polyimides/thioimides, Polyoxides/ethers/acetals, Polyamides/thioamides",219.44,8.9
*C(=O)Nc1ccc(Oc2cccc(NC(=O)c3ccc4c(c3)C(=O)N(c3ccc(Oc5ccc(C6(c7ccc(Oc8ccc(N9C(=O)c%10ccc(*)cc%10C9=O)cc8)cc7)NC(=O)c7ccccc76)cc5)cc3)C4=O)c2)cc1,302.0,P430154,"Polyimides/thioimides, Polyoxides/ethers/acetals, Polyamides/thioamides",237.06,9.81
*C(=O)Nc1ccc(Sc2ccc(NC(=O)c3ccc4c(c3)C(=O)N(c3ccc(Oc5ccc(C6(c7ccc(Oc8ccc(N9C(=O)c%10ccc(*)cc%10C9=O)cc8)cc7)NC(=O)c7ccccc76)cc5)cc3)C4=O)cc2)cc1,312.0,P430155,"Polyimides/thioimides, Polyoxides/ethers/acetals, Polysulfides, Polyamides/thioamides",224.31,9.4
*C(=O)Nc1ccc(Oc2ccc(Oc3ccc(NC(=O)c4ccc5c(c4)C(=O)N(c4ccc(Oc6ccc(C7(c8ccc(Oc9ccc(N%10C(=O)c%11ccc(*)cc%11C%10=O)cc9)cc8)NC(=O)c8ccccc87)cc6)cc4)C5=O)cc3)cc2)cc1,300.0,P430156,"Polyimides/thioimides, Polyoxides/ethers/acetals, Polyamides/thioamides",230.69,9.91
*C(=O)Nc1ccc(Oc2cccc(Oc3ccc(NC(=O)c4ccc5c(c4)C(=O)N(c4ccc(Oc6ccc(C7(c8ccc(Oc9ccc(N%10C(=O)c%11ccc(*)cc%11C%10=O)cc9)cc8)NC(=O)c8ccccc87)cc6)cc4)C5=O)cc3)c2)cc1,288.0,P430157,"Polyimides/thioimides, Polyoxides/ethers/acetals, Polyamides/thioamides",218.73,9.99
*C(=O)Nc1ccc(Oc2ccc(S(=O)(=O)c3ccc(Oc4ccc(NC(=O)c5ccc6c(c5)C(=O)N(c5ccc(Oc7ccc(C8(c9ccc(Oc%10ccc(N%11C(=O)c%12ccc(*)cc%12C%11=O)cc%10)cc9)NC(=O)c9ccccc98)cc7)cc5)C6=O)cc4)cc3)cc2)cc1,302.0,P430158,"Polyimides/thioimides, Polyoxides/ethers/acetals, Polyamides/thioamides, Polysulfones/sulfoxides/sufonates/sulfoamides",228.23,9.72
*C(=O)OCCCCOC(=O)c1ccc(N2C(=O)c3ccc(*)cc3C2=O)cc1,100.5,P430159,"Polyimides/thioimides, Polyesters/thioesters",78.65,2.63
*C(=O)OCCCCCOC(=O)c1ccc(N2C(=O)c3ccc(*)cc3C2=O)cc1,90.0,P430160,"Polyimides/thioimides, Polyesters/thioesters",67.22,2.87
*C(=O)OCCCCCCOC(=O)c1ccc(N2C(=O)c3ccc(*)cc3C2=O)cc1,80.5,P430161,"Polyimides/thioimides, Polyesters/thioesters",68.9,2.67
*C(=O)OCCCCCCCOC(=O)c1ccc(N2C(=O)c3ccc(*)cc3C2=O)cc1,77.0,P430162,"Polyimides/thioimides, Polyesters/thioesters",61.57,2.39
*C(=O)OCCCCCCCCOC(=O)c1ccc(N2C(=O)c3ccc(*)cc3C2=O)cc1,65.0,P430163,"Polyimides/thioimides, Polyesters/thioesters",68.32,2.37
*C(=O)OCCCCCCCCCOC(=O)c1ccc(N2C(=O)c3ccc(*)cc3C2=O)cc1,62.0,P430164,"Polyimides/thioimides, Polyesters/thioesters",58.23,2.3
*C(=O)OCCCCCCCCCCOC(=O)c1ccc(N2C(=O)c3ccc(*)cc3C2=O)cc1,58.0,P430165,"Polyimides/thioimides, Polyesters/thioesters",62.99,2.3
*C(=O)OCCCCCCCCCCCOC(=O)c1ccc(N2C(=O)c3ccc(*)cc3C2=O)cc1,49.0,P430166,"Polyimides/thioimides, Polyesters/thioesters",54.66,2.31
*C(=O)OCCCCCCCCCCCCOC(=O)c1ccc(N2C(=O)c3ccc(*)cc3C2=O)cc1,47.0,P430167,"Polyimides/thioimides, Polyesters/thioesters",60.8,2.04
*C(=O)c1ccc(Oc2ccc(Oc3ccc(C(=O)c4ccc5c(c4)C(=O)N(c4ccc(N6C(=O)c7ccc(*)cc7C6=O)cc4)C5=O)cc3)cc2)cc1,236.0,P430168,"Polyimides/thioimides, Polyoxides/ethers/acetals, Polyketones/thioketones",168.29,5.93
*C(=O)c1ccc(Oc2ccc(-c3ccc(Oc4ccc(C(=O)c5ccc6c(c5)C(=O)N(c5ccc(N7C(=O)c8ccc(*)cc8C7=O)cc5)C6=O)cc4)cc3)cc2)cc1,229.0,P430169,"Polyimides/thioimides, Polyoxides/ethers/acetals, Polyketones/thioketones",188.6,7.32
*C(=O)c1ccc(Oc2ccc(-c3ccc(Oc4ccc(C(=O)c5ccc6c(c5)C(=O)N(c5ccc(Cc7ccc(N8C(=O)c9ccc(*)cc9C8=O)cc7)cc5)C6=O)cc4)cc3)cc2)cc1,241.0,P430170,"Polyimides/thioimides, Polyoxides/ethers/acetals, Polyketones/thioketones",205.72,8.31
*C(=O)c1ccc(Oc2ccc(Oc3ccc(C(=O)c4ccc5c(c4)C(=O)N(c4ccc(Cc6ccc(N7C(=O)c8ccc(*)cc8C7=O)cc6)cc4)C5=O)cc3)cc2)cc1,225.0,P430171,"Polyimides/thioimides, Polyoxides/ethers/acetals, Polyketones/thioketones",171.9,7.49
*C(=O)c1ccc(-c2ccc(C(C)(C)c3ccc(-c4ccc(C(=O)c5ccc6c(c5)C(=O)N(c5ccc(Cc7ccc(N8C(=O)c9ccc(*)cc9C8=O)cc7)cc5)C6=O)cc4)cc3)cc2)cc1,216.0,P430172,"Polyimides/thioimides, Polyketones/thioketones",174.29,8.41
*C(=O)c1ccc(Oc2ccc(C3(c4ccc(Oc5ccc(C(=O)c6ccc7c(c6)C(=O)N(c6ccc(Cc8ccc(N9C(=O)c%10ccc(*)cc%10C9=O)cc8)cc6)C7=O)cc5)cc4)OC(=O)c4ccccc43)cc2)cc1,268.0,P430173,"Polyimides/thioimides, Polyoxides/ethers/acetals, Polyesters/thioesters, Polyketones/thioketones",221.27,8.4
*C(=O)c1ccc(Oc2ccc(S(=O)(=O)c3ccc(Oc4ccc(C(=O)c5ccc6c(c5)C(=O)N(c5ccc(Cc7ccc(N8C(=O)c9ccc(*)cc9C8=O)cc7)cc5)C6=O)cc4)cc3)cc2)cc1,245.0,P430174,"Polyimides/thioimides, Polyoxides/ethers/acetals, Polyketones/thioketones, Polysulfones/sulfoxides/sufonates/sulfoamides",202.2,7.23
*C(=O)c1ccc(Oc2ccc(Oc3ccc(C(=O)c4ccc5c(c4)C(=O)N(c4ccc(Oc6ccc(N7C(=O)c8ccc(*)cc8C7=O)cc6)cc4)C5=O)cc3)cc2)cc1,220.0,P430175,"Polyimides/thioimides, Polyoxides/ethers/acetals, Polyketones/thioketones",186.83,7.64
*C(=O)c1ccc(Oc2ccc(-c3ccc(Oc4ccc(C(=O)c5ccc6c(c5)C(=O)N(c5ccc(Oc7ccc(N8C(=O)c9ccc(*)cc9C8=O)cc7)cc5)C6=O)cc4)cc3)cc2)cc1,233.0,P430176,"Polyimides/thioimides, Polyoxides/ethers/acetals, Polyketones/thioketones",206.94,8.53
*C(=O)c1ccc(Oc2ccc(C(C)(C)c3ccc(Oc4ccc(C(=O)c5ccc6c(c5)C(=O)N(c5ccc(Oc7ccc(N8C(=O)c9ccc(*)cc9C8=O)cc7)cc5)C6=O)cc4)cc3)cc2)cc1,217.0,P430177,"Polyimides/thioimides, Polyoxides/ethers/acetals, Polyketones/thioketones",190.78,8.47
*C(=O)c1ccc(Oc2ccc(C3(c4ccc(Oc5ccc(C(=O)c6ccc7c(c6)C(=O)N(c6ccc(Oc8ccc(N9C(=O)c%10ccc(*)cc%10C9=O)cc8)cc6)C7=O)cc5)cc4)OC(=O)c4ccccc43)cc2)cc1,260.0,P430178,"Polyimides/thioimides, Polyoxides/ethers/acetals, Polyesters/thioesters, Polyketones/thioketones",217.16,8.9
*C(=O)c1ccc(Oc2ccc(S(=O)(=O)c3ccc(Oc4ccc(C(=O)c5ccc6c(c5)C(=O)N(c5ccc(Oc7ccc(N8C(=O)c9ccc(*)cc9C8=O)cc7)cc5)C6=O)cc4)cc3)cc2)cc1,241.0,P430179,"Polyimides/thioimides, Polyoxides/ethers/acetals, Polyketones/thioketones, Polysulfones/sulfoxides/sufonates/sulfoamides",212.76,7.24
*C(=O)c1ccc(Oc2ccc(N3C(=O)c4ccc(*)cc4C3=O)cc2)cc1,297.0,P430180,"Polyimides/thioimides, Polyoxides/ethers/acetals, Polyketones/thioketones",123.79,4.3
*CCC[Si](C)(C)O[Si](C)(C)CCCN1C(=O)c2ccc(C(=O)c3ccc4c(c3)C(=O)N(*)C4=O)cc2C1=O,68.0,P430182,"Polyimides/thioimides, Polysiloxanes/silanes, Polyketones/thioketones",74.79,2.61
*CCC[Si](C)(C)O[Si](C)(C)CCCN1C(=O)c2ccc(-c3ccc4c(c3)C(=O)N(*)C4=O)cc2C1=O,75.0,P430183,"Polyimides/thioimides, Polysiloxanes/silanes",72.0,2.4
*c1ccc(Oc2cccc(-n3c(=O)c4cc5c(=O)n(*)c(=O)c5cc4c3=O)c2)cc1,397.0,P430187,"Polyimides/thioimides, Polyoxides/ethers/acetals",145.91,7.32
*c1ccc(OCCOc2cccc(N3C(=O)c4ccc(Oc5ccc6c(c5)C(=O)N(*)C6=O)cc4C3=O)c2)cc1,178.5,P430188,"Polyimides/thioimides, Polyoxides/ethers/acetals",123.72,4.58
*c1ccc(OCCOCCOc2cccc(N3C(=O)c4ccc(Oc5ccc6c(c5)C(=O)N(*)C6=O)cc4C3=O)c2)cc1,146.5,P430189,"Polyimides/thioimides, Polyoxides/ethers/acetals",116.19,4.44
*c1ccc(OCCOCCOCCOc2cccc(N3C(=O)c4ccc(Oc5ccc6c(c5)C(=O)N(*)C6=O)cc4C3=O)c2)cc1,107.0,P430190,"Polyimides/thioimides, Polyoxides/ethers/acetals",102.89,4.27
*c1ccc(-c2ccc(N3C(=O)c4ccc(-c5ccc6c(c5)C(=O)N(*)C6=O)cc4C3=O)cc2C(F)(F)F)c(C(F)(F)F)c1,317.5,P430191,Polyimides/thioimides,140.15,5.75
*C(=O)c1ccc2c(c1)C(=O)N(c1ccc(OCC(C)(C)COc3ccc(N4C(=O)c5ccc(*)cc5C4=O)cc3)cc1)C2=O,234.0,P430192,"Polyimides/thioimides, Polyoxides/ethers/acetals, Polyketones/thioketones",129.46,4.8
*C(=O)Oc1ccc(C(C)(C)c2ccc(OC(=O)c3ccc4c(c3)C(=O)N(c3ccc(Oc5ccc(N6C(=O)c7ccc(*)cc7C6=O)cc5)cc3)C4=O)cc2)cc1,200.0,P430194,"Polyimides/thioimides, Polyoxides/ethers/acetals, Polyesters/thioesters",157.31,6.3
*C(=O)c1ccc2c(c1)C(=O)N(c1ccc(/C=C/c3ccc(N4C(=O)c5ccc(*)cc5C4=O)cc3)cc1)C2=O,303.0,P430197,"Polyimides/thioimides, Polyketones/thioketones",128.93,5.66
*C(=O)c1ccc2c(c1)C(=O)N(c1ccc(Sc3ccc(N4C(=O)c5ccc(*)cc5C4=O)cn3)nc1)C2=O,246.0,P430198,"Polyimides/thioimides, Polysulfides, Polyimines, Polyketones/thioketones",133.63,5.43
*C(=O)c1ccc2c(c1)C(=O)N(c1ccc(C(=O)c3cccc(N4C(=O)c5ccc(*)cc5C4=O)c3)cc1)C2=O,282.5,P430199,"Polyimides/thioimides, Polyketones/thioketones",120.17,5.15
*C(=O)c1ccc2c(c1)C(=O)N(c1ccc(Cc3cccc(N4C(=O)c5ccc(*)cc5C4=O)c3)cc1)C2=O,281.0,P430200,"Polyimides/thioimides, Polyketones/thioketones",123.49,5.74
*C(=O)c1ccc2c(c1)C(=O)N(c1cccc(C(O)c3cccc(N4C(=O)c5ccc(*)cc5C4=O)c3)c1)C2=O,292.0,P430201,"Polyimides/thioimides, Polyketones/thioketones",122.36,5.11
*c1cccc(C(=O)c2cccc(-n3c(=O)c4cc5c(=O)n(*)c(=O)c5cc4c3=O)c2)c1,321.0,P430202,"Polyimides/thioimides, Polyketones/thioketones",143.94,5.87
*c1ccc(Sc2ccc(-n3c(=O)c4cc5c(=O)n(*)c(=O)c5cc4c3=O)cn2)nc1,359.0,P430203,"Polyimides/thioimides, Polysulfides, Polyimines",149.06,6.59
*CC(c1ccccc1)C1C(=O)NC(=O)C1*,246.0,P430204,Polyimides/thioimides,72.18,2.59
*C(=O)c1ccc2c(c1)C(=O)N(c1ccc3c(c1)C(=O)c1cc(N4C(=O)c5ccc(*)cc5C4=O)ccc1-3)C2=O,331.0,P430205,"Polyimides/thioimides, Polyketones/thioketones",132.9,5.47
*CC(C)(C)C1C(=O)N(c2c(C)cccc2C)C(=O)C1*,237.0,P430213,Polyimides/thioimides,79.81,3.04
*CC(C)(C)C1C(=O)N(c2ccccc2C)C(=O)C1*,207.0,P430214,Polyimides/thioimides,67.0,2.52
*CC(=O)Nc1ccc(Oc2ccc(NC(=O)CN3C(=O)c4ccc(C(=O)c5ccc6c(c5)C(=O)N(*)C6=O)cc4C3=O)cc2)cc1,235.0,P430219,"Polyimides/thioimides, Polyoxides/ethers/acetals, Polyamides/thioamides, Polyketones/thioketones",127.02,4.69
*CCC(=O)Nc1ccc(Oc2ccc(NC(=O)CCN3C(=O)c4ccc(C(=O)c5ccc6c(c5)C(=O)N(*)C6=O)cc4C3=O)cc2)cc1,232.0,P430220,"Polyimides/thioimides, Polyoxides/ethers/acetals, Polyamides/thioamides, Polyketones/thioketones",117.41,4.76
*CCCC(=O)Nc1ccc(Oc2ccc(NC(=O)CCCN3C(=O)c4ccc(C(=O)c5ccc6c(c5)C(=O)N(*)C6=O)cc4C3=O)cc2)cc1,198.0,P430221,"Polyimides/thioimides, Polyoxides/ethers/acetals, Polyamides/thioamides, Polyketones/thioketones",116.58,4.77
*CCCCCC(=O)Nc1ccc(Oc2ccc(NC(=O)CCCCCN3C(=O)c4ccc(C(=O)c5ccc6c(c5)C(=O)N(*)C6=O)cc4C3=O)cc2)cc1,195.0,P430222,"Polyimides/thioimides, Polyoxides/ethers/acetals, Polyamides/thioamides, Polyketones/thioketones",111.24,4.36
*CCCCCCCCCCC(=O)Nc1ccc(Oc2ccc(NC(=O)CCCCCCCCCCN3C(=O)c4ccc(C(=O)c5ccc6c(c5)C(=O)N(*)C6=O)cc4C3=O)cc2)cc1,132.0,P430223,"Polyimides/thioimides, Polyoxides/ethers/acetals, Polyamides/thioamides, Polyketones/thioketones",97.89,3.28
*CC(=O)Nc1ccc(Oc2cccc(NC(=O)CN3C(=O)c4ccc(C(=O)c5ccc6c(c5)C(=O)N(*)C6=O)cc4C3=O)c2)cc1,226.0,P430224,"Polyimides/thioimides, Polyoxides/ethers/acetals, Polyamides/thioamides, Polyketones/thioketones",116.67,4.44
*CCC(=O)Nc1ccc(Oc2cccc(NC(=O)CCN3C(=O)c4ccc(C(=O)c5ccc6c(c5)C(=O)N(*)C6=O)cc4C3=O)c2)cc1,224.0,P430225,"Polyimides/thioimides, Polyoxides/ethers/acetals, Polyamides/thioamides, Polyketones/thioketones",125.54,5.04
*CCCC(=O)Nc1ccc(Oc2cccc(NC(=O)CCCN3C(=O)c4ccc(C(=O)c5ccc6c(c5)C(=O)N(*)C6=O)cc4C3=O)c2)cc1,188.0,P430226,"Polyimides/thioimides, Polyoxides/ethers/acetals, Polyamides/thioamides, Polyketones/thioketones",120.91,4.22
*CCCCCC(=O)Nc1ccc(Oc2cccc(NC(=O)CCCCCN3C(=O)c4ccc(C(=O)c5ccc6c(c5)C(=O)N(*)C6=O)cc4C3=O)c2)cc1,170.0,P430227,"Polyimides/thioimides, Polyoxides/ethers/acetals, Polyamides/thioamides, Polyketones/thioketones",116.26,4.51
*CCCCCCCCCCC(=O)Nc1ccc(Oc2cccc(NC(=O)CCCCCCCCCCN3C(=O)c4ccc(C(=O)c5ccc6c(c5)C(=O)N(*)C6=O)cc4C3=O)c2)cc1,126.0,P430228,"Polyimides/thioimides, Polyoxides/ethers/acetals, Polyamides/thioamides, Polyketones/thioketones",86.74,3.22
*CC(=O)Nc1ccc(Oc2ccc(Oc3ccc(NC(=O)CN4C(=O)c5ccc(C(=O)c6ccc7c(c6)C(=O)N(*)C7=O)cc5C4=O)cc3)cc2)cc1,230.0,P430229,"Polyimides/thioimides, Polyoxides/ethers/acetals, Polyamides/thioamides, Polyketones/thioketones",139.16,5.89
*CCC(=O)Nc1ccc(Oc2ccc(Oc3ccc(NC(=O)CCN4C(=O)c5ccc(C(=O)c6ccc7c(c6)C(=O)N(*)C7=O)cc5C4=O)cc3)cc2)cc1,221.0,P430230,"Polyimides/thioimides, Polyoxides/ethers/acetals, Polyamides/thioamides, Polyketones/thioketones",138.71,5.22
*CCCC(=O)Nc1ccc(Oc2ccc(Oc3ccc(NC(=O)CCCN4C(=O)c5ccc(C(=O)c6ccc7c(c6)C(=O)N(*)C7=O)cc5C4=O)cc3)cc2)cc1,178.0,P430231,"Polyimides/thioimides, Polyoxides/ethers/acetals, Polyamides/thioamides, Polyketones/thioketones",122.42,5.59
*CCCCCC(=O)Nc1ccc(Oc2ccc(Oc3ccc(NC(=O)CCCCCN4C(=O)c5ccc(C(=O)c6ccc7c(c6)C(=O)N(*)C7=O)cc5C4=O)cc3)cc2)cc1,158.0,P430232,"Polyimides/thioimides, Polyoxides/ethers/acetals, Polyamides/thioamides, Polyketones/thioketones",131.2,5.05
*CCCCCCCCCCC(=O)Nc1ccc(Oc2ccc(Oc3ccc(NC(=O)CCCCCCCCCCN4C(=O)c5ccc(C(=O)c6ccc7c(c6)C(=O)N(*)C7=O)cc5C4=O)cc3)cc2)cc1,122.0,P430233,"Polyimides/thioimides, Polyoxides/ethers/acetals, Polyamides/thioamides, Polyketones/thioketones",107.42,4.31
*CC(=O)Nc1ccc(Cc2ccc(NC(=O)CN3C(=O)c4ccc(C(=O)c5ccc6c(c5)C(=O)N(*)C6=O)cc4C3=O)cc2)cc1,233.0,P430234,"Polyimides/thioimides, Polyamides/thioamides, Polyketones/thioketones",127.66,4.89
*CCC(=O)Nc1ccc(Cc2ccc(NC(=O)CCN3C(=O)c4ccc(C(=O)c5ccc6c(c5)C(=O)N(*)C6=O)cc4C3=O)cc2)cc1,221.0,P430235,"Polyimides/thioimides, Polyamides/thioamides, Polyketones/thioketones",110.47,4.55
*CCCC(=O)Nc1ccc(Cc2ccc(NC(=O)CCCN3C(=O)c4ccc(C(=O)c5ccc6c(c5)C(=O)N(*)C6=O)cc4C3=O)cc2)cc1,195.0,P430236,"Polyimides/thioimides, Polyamides/thioamides, Polyketones/thioketones",125.97,4.13
*CCCCCC(=O)Nc1ccc(Cc2ccc(NC(=O)CCCCCN3C(=O)c4ccc(C(=O)c5ccc6c(c5)C(=O)N(*)C6=O)cc4C3=O)cc2)cc1,187.0,P430237,"Polyimides/thioimides, Polyamides/thioamides, Polyketones/thioketones",102.61,4.39
*CCCCCCCCCCC(=O)Nc1ccc(Cc2ccc(NC(=O)CCCCCCCCCCN3C(=O)c4ccc(C(=O)c5ccc6c(c5)C(=O)N(*)C6=O)cc4C3=O)cc2)cc1,136.0,P430238,"Polyimides/thioimides, Polyamides/thioamides, Polyketones/thioketones",85.34,3.35
*CC(=O)Nc1ccc(NC(=O)CN2C(=O)c3ccc(C(=O)c4ccc5c(c4)C(=O)N(*)C5=O)cc3C2=O)cc1,250.0,P430239,"Polyimides/thioimides, Polyamides/thioamides, Polyketones/thioketones",100.64,4.55
*CCC(=O)Nc1ccc(NC(=O)CCN2C(=O)c3ccc(C(=O)c4ccc5c(c4)C(=O)N(*)C5=O)cc3C2=O)cc1,237.0,P430240,"Polyimides/thioimides, Polyamides/thioamides, Polyketones/thioketones",113.47,4.1
*CCCC(=O)Nc1ccc(NC(=O)CCCN2C(=O)c3ccc(C(=O)c4ccc5c(c4)C(=O)N(*)C5=O)cc3C2=O)cc1,209.0,P430241,"Polyimides/thioimides, Polyamides/thioamides, Polyketones/thioketones",103.05,3.89
*CCCCCC(=O)Nc1ccc(NC(=O)CCCCCN2C(=O)c3ccc(C(=O)c4ccc5c(c4)C(=O)N(*)C5=O)cc3C2=O)cc1,200.0,P430242,"Polyimides/thioimides, Polyamides/thioamides, Polyketones/thioketones",98.64,3.98
*CCCCCCCCCCC(=O)Nc1ccc(NC(=O)CCCCCCCCCCN2C(=O)c3ccc(C(=O)c4ccc5c(c4)C(=O)N(*)C5=O)cc3C2=O)cc1,125.0,P430243,"Polyimides/thioimides, Polyamides/thioamides, Polyketones/thioketones",73.99,2.69
*c1ccc2c(c1)C(=O)N(c1ccc3c(c1)-c1cc(N4C(=O)c5ccc(C(*)(C(F)(F)F)C(F)(F)F)cc5C4=O)ccc1C3)C2=O,394.0,P430244,Polyimides/thioimides,139.64,6.29
*CC(=O)Nc1ccc(NC(=O)c2ccc3c(c2)C(=O)N(*)C3=O)cc1,292.0,P430245,"Polyimides/thioimides, Polyamides/thioamides",94.74,3.87
*CC(=O)Nc1ccc(Cc2ccc(NC(=O)c3ccc4c(c3)C(=O)N(*)C4=O)cc2)cc1,266.0,P430246,"Polyimides/thioimides, Polyamides/thioamides",101.05,4.31
*CC(=O)Nc1ccc(S(=O)(=O)c2ccc(NC(=O)c3ccc4c(c3)C(=O)N(*)C4=O)cc2)cc1,232.0,P430247,"Polyimides/thioimides, Polyamides/thioamides, Polysulfones/sulfoxides/sufonates/sulfoamides",109.53,4.16
*CC(=O)Nc1ccc(Oc2ccc(NC(=O)c3ccc4c(c3)C(=O)N(*)C4=O)cc2)cc1,262.0,P430248,"Polyimides/thioimides, Polyoxides/ethers/acetals, Polyamides/thioamides",115.17,4.74
*CC(=O)Nc1ccc(Oc2ccc(Oc3ccc(NC(=O)c4ccc5c(c4)C(=O)N(*)C5=O)cc3)cc2)cc1,242.0,P430249,"Polyimides/thioimides, Polyoxides/ethers/acetals, Polyamides/thioamides",124.36,5.13
*CC(=O)Nc1ccc(Oc2cccc(Oc3ccc(NC(=O)c4ccc5c(c4)C(=O)N(*)C5=O)cc3)c2)cc1,220.0,P430250,"Polyimides/thioimides, Polyoxides/ethers/acetals, Polyamides/thioamides",125.92,4.62
*C(=O)Nc1ccc(NC(=O)c2ccc(N3C(=O)c4ccc(*)cc4C3=O)cc2)cc1,297.5,P430251,"Polyimides/thioimides, Polyamides/thioamides",108.77,4.8
*C(=O)Nc1ccc(Oc2ccc(NC(=O)c3ccc(N4C(=O)c5ccc(*)cc5C4=O)cc3)cc2)cc1,296.0,P430252,"Polyimides/thioimides, Polyoxides/ethers/acetals, Polyamides/thioamides",122.24,4.89
*C(=O)c1ccc2c(c1)C(=O)N(c1cccc(C#Cc3cccc(N4C(=O)c5ccc(*)cc5C4=O)c3)c1)C2=O,294.0,P430254,"Polyimides/thioimides, Polyketones/thioketones",136.99,5.08
*C(=O)c1ccc(C(=O)c2ccc3c(c2)C(=O)N(c2ccc(C(=O)c4ccc(C(=O)c5ccc(N6C(=O)c7ccc(*)cc7C6=O)cc5)cc4)cc2)C3=O)cc1,260.0,P430255,"Polyimides/thioimides, Polyketones/thioketones",162.47,6.45
*c1ccc(Oc2ccc(C(c3ccc(Oc4ccc(N5C(=O)c6ccc(Oc7ccc8c(c7)C(=O)N(*)C8=O)cc6C5=O)cc4)cc3)(C(F)(F)F)C(F)(F)F)cc2)cc1,264.0,P430256,"Polyimides/thioimides, Polyoxides/ethers/acetals",166.6,6.83
*c1cccc(Oc2cccc(Oc3cccc(N4C(=O)c5ccc(Oc6ccc(Sc7ccc(Oc8ccc9c(c8)C(=O)N(*)C9=O)cc7)cc6)cc5C4=O)c3)c2)c1,190.5,P430257,"Polyimides/thioimides, Polyoxides/ethers/acetals, Polysulfides",156.65,7.38
*c1ccc(Oc2ccc(C(c3ccc(Oc4ccc(N5C(=O)c6ccc(Oc7ccc(Sc8ccc(Oc9ccc%10c(c9)C(=O)N(*)C%10=O)cc8)cc7)cc6C5=O)cc4)cc3)(C(F)(F)F)C(F)(F)F)cc2)cc1,217.5,P430258,"Polyimides/thioimides, Polyoxides/ethers/acetals, Polysulfides",208.07,7.14
*c1cccc(S(=O)(=O)c2cccc(N3C(=O)c4ccc(Oc5ccc6c(c5)C(=O)N(*)C6=O)cc4C3=O)c2)c1,246.0,P430259,"Polyimides/thioimides, Polyoxides/ethers/acetals, Polysulfones/sulfoxides/sufonates/sulfoamides",142.21,5.36
*C(=O)c1ccc2c(c1)C(=O)N(c1cccc(S(=O)(=O)c3cccc(N4C(=O)c5ccc(*)cc5C4=O)c3)c1)C2=O,278.0,P430260,"Polyimides/thioimides, Polyketones/thioketones, Polysulfones/sulfoxides/sufonates/sulfoamides",137.07,5.07
*c1cccc(Oc2cccc(Oc3cccc(-n4c(=O)c5cc6c(=O)n(*)c(=O)c6cc5c4=O)c3)c2)c1,221.0,P430261,"Polyimides/thioimides, Polyoxides/ethers/acetals",164.3,6.05
*c1ccc(Oc2ccc(-c3ccc(Oc4ccc(N5C(=O)c6ccc(Oc7ccc(Oc8ccc9c(c8)C(=O)N(*)C9=O)cc7)cc6C5=O)cc4)cc3)cc2)cc1,230.0,P430262,"Polyimides/thioimides, Polyoxides/ethers/acetals",171.08,7.04
*c1ccc(Oc2ccc(Oc3ccc(Oc4ccc(N5C(=O)c6ccc(Oc7ccc(Oc8ccc9c(c8)C(=O)N(*)C9=O)cc7)cc6C5=O)cc4)cc3)cc2)cc1,210.0,P430263,"Polyimides/thioimides, Polyoxides/ethers/acetals",156.33,7.09
*c1ccc(Oc2ccc(Sc3ccc(Oc4ccc(N5C(=O)c6ccc(Oc7ccc(Oc8ccc9c(c8)C(=O)N(*)C9=O)cc7)cc6C5=O)cc4)cc3)cc2)cc1,201.0,P430264,"Polyimides/thioimides, Polyoxides/ethers/acetals, Polysulfides",181.17,7.43
*c1ccc(Oc2ccc(Oc3ccc(N4C(=O)c5ccc(Oc6ccc(-c7ccc(Oc8ccc9c(c8)C(=O)N(*)C9=O)cc7)cc6)cc5C4=O)cc3)cc2)cc1,222.0,P430265,"Polyimides/thioimides, Polyoxides/ethers/acetals",165.79,7.37
*c1ccc(Oc2ccc(-c3ccc(Oc4ccc(N5C(=O)c6ccc(Oc7ccc(-c8ccc(Oc9ccc%10c(c9)C(=O)N(*)C%10=O)cc8)cc7)cc6C5=O)cc4)cc3)cc2)cc1,220.0,P430266,"Polyimides/thioimides, Polyoxides/ethers/acetals",198.63,8.74
*c1ccc(Oc2ccc(Oc3ccc(Oc4ccc(N5C(=O)c6ccc(Oc7ccc(-c8ccc(Oc9ccc%10c(c9)C(=O)N(*)C%10=O)cc8)cc7)cc6C5=O)cc4)cc3)cc2)cc1,208.0,P430267,"Polyimides/thioimides, Polyoxides/ethers/acetals",189.26,8.52
*c1ccc(Oc2ccc(Sc3ccc(Oc4ccc(N5C(=O)c6ccc(Oc7ccc(-c8ccc(Oc9ccc%10c(c9)C(=O)N(*)C%10=O)cc8)cc7)cc6C5=O)cc4)cc3)cc2)cc1,206.0,P430268,"Polyimides/thioimides, Polyoxides/ethers/acetals, Polysulfides",206.11,8.54
*c1ccc(Oc2ccc(Oc3ccc(N4C(=O)c5ccc(Oc6ccc(Oc7ccc(Oc8ccc9c(c8)C(=O)N(*)C9=O)cc7)cc6)cc5C4=O)cc3)cc2)cc1,203.0,P430269,"Polyimides/thioimides, Polyoxides/ethers/acetals",167.07,6.91
*c1ccc(Oc2ccc(-c3ccc(Oc4ccc(N5C(=O)c6ccc(Oc7ccc(Oc8ccc(Oc9ccc%10c(c9)C(=O)N(*)C%10=O)cc8)cc7)cc6C5=O)cc4)cc3)cc2)cc1,211.0,P430270,"Polyimides/thioimides, Polyoxides/ethers/acetals",202.64,8.31
*c1ccc(Oc2ccc(Sc3ccc(Oc4ccc(N5C(=O)c6ccc(Oc7ccc(Oc8ccc(Oc9ccc%10c(c9)C(=O)N(*)C%10=O)cc8)cc7)cc6C5=O)cc4)cc3)cc2)cc1,194.0,P430271,"Polyimides/thioimides, Polyoxides/ethers/acetals, Polysulfides",186.94,8.14
*c1ccc(Oc2ccc(Oc3ccc(N4C(=O)c5ccc(Oc6ccc(Sc7ccc(Oc8ccc9c(c8)C(=O)N(*)C9=O)cc7)cc6)cc5C4=O)cc3)cc2)cc1,201.0,P430272,"Polyimides/thioimides, Polyoxides/ethers/acetals, Polysulfides",154.67,7.58
*c1ccc(Oc2ccc(-c3ccc(Oc4ccc(N5C(=O)c6ccc(Oc7ccc(Sc8ccc(Oc9ccc%10c(c9)C(=O)N(*)C%10=O)cc8)cc7)cc6C5=O)cc4)cc3)cc2)cc1,205.0,P430273,"Polyimides/thioimides, Polyoxides/ethers/acetals, Polysulfides",178.18,7.44
*c1ccc(Oc2ccc(Sc3ccc(Oc4ccc(N5C(=O)c6ccc(Oc7ccc(Sc8ccc(Oc9ccc%10c(c9)C(=O)N(*)C%10=O)cc8)cc7)cc6C5=O)cc4)cc3)cc2)cc1,186.0,P430274,"Polyimides/thioimides, Polyoxides/ethers/acetals, Polysulfides",177.03,7.99
*c1ccc(Cc2ccc(N3C(=O)c4ccc([Si](C)(C)c5ccc6c(c5)C(=O)N(*)C6=O)cc4C3=O)cc2)cc1,280.0,P430275,"Polyimides/thioimides, Polysiloxanes/silanes",141.31,5.2
*c1ccc(Cc2ccc(N3C(=O)c4ccc([Si](C)(C)c5ccc([Si](C)(C)c6ccc7c(c6)C(=O)N(*)C7=O)cc5)cc4C3=O)cc2)cc1,295.0,P430276,"Polyimides/thioimides, Polysiloxanes/silanes",152.67,6.7
*c1ccc(Cc2ccc(N3C(=O)c4ccc([Si](C)(C)O[Si](C)(C)c5ccc6c(c5)C(=O)N(*)C6=O)cc4C3=O)cc2)cc1,232.0,P430278,"Polyimides/thioimides, Polysiloxanes/silanes",125.23,4.66
*c1ccc(Cc2ccc(N3C(=O)c4ccc([Si](C)(C)O[Si](C)(C)O[Si](C)(C)c5ccc6c(c5)C(=O)N(*)C6=O)cc4C3=O)cc2)cc1,220.0,P430279,"Polyimides/thioimides, Polysiloxanes/silanes",123.71,5.09
*c1cccc(Cc2cccc(N3C(=O)c4ccc([Si](C)(C)c5ccc([Si](C)(C)c6ccc7c(c6)C(=O)N(*)C7=O)cc5)cc4C3=O)c2)c1,246.0,P430280,"Polyimides/thioimides, Polysiloxanes/silanes",145.92,5.58
*c1cccc(Cc2cccc(N3C(=O)c4ccc([Si](C)(C)c5ccc6c(c5)C(=O)N(*)C6=O)cc4C3=O)c2)c1,238.0,P430281,"Polyimides/thioimides, Polysiloxanes/silanes",119.66,5.12
*c1cccc(Cc2cccc(N3C(=O)c4ccc([Si](C)(C)c5ccc(-c6ccc([Si](C)(C)c7ccc8c(c7)C(=O)N(*)C8=O)cc6)cc5)cc4C3=O)c2)c1,285.0,P430282,"Polyimides/thioimides, Polysiloxanes/silanes",163.73,7.26
*c1cccc(Cc2cccc(N3C(=O)c4ccc([Si](C)(C)O[Si](C)(C)c5ccc6c(c5)C(=O)N(*)C6=O)cc4C3=O)c2)c1,217.0,P430283,"Polyimides/thioimides, Polysiloxanes/silanes",128.77,5.37
*c1cccc(Cc2cccc(N3C(=O)c4ccc([Si](C)(C)O[Si](C)(C)O[Si](C)(C)c5ccc6c(c5)C(=O)N(*)C6=O)cc4C3=O)c2)c1,208.0,P430284,"Polyimides/thioimides, Polysiloxanes/silanes",116.45,4.73
*c1ccc(N2C(=O)c3c(c(-c4ccccc4)c(-c4ccc(-c5c(-c6ccccc6)c6c(c(-c7ccccc7)c5-c5ccccc5)C(=O)N(*)C6=O)cc4)c(-c4ccccc4)c3-c3ccccc3)C2=O)cc1,466.0,P430285,Polyimides/thioimides,260.48,10.15
*c1cccc(N2C(=O)c3c(c(-c4ccccc4)c(-c4ccc(-c5c(-c6ccccc6)c6c(c(-c7ccccc7)c5-c5ccccc5)C(=O)N(*)C6=O)cc4)c(-c4ccccc4)c3-c3ccccc3)C2=O)c1,416.0,P430286,Polyimides/thioimides,246.98,9.74
*c1ccc(Oc2ccc(N3C(=O)c4c(c(-c5ccccc5)c(-c5ccc(-c6c(-c7ccccc7)c7c(c(-c8ccccc8)c6-c6ccccc6)C(=O)N(*)C7=O)cc5)c(-c5ccccc5)c4-c4ccccc4)C3=O)cc2)cc1,413.0,P430287,"Polyimides/thioimides, Polyoxides/ethers/acetals",260.98,10.22
*c1cccc(Oc2cccc(Oc3cccc(N4C(=O)c5c(c(-c6ccccc6)c(-c6ccc(-c7c(-c8ccccc8)c8c(c(-c9ccccc9)c7-c7ccccc7)C(=O)N(*)C8=O)cc6)c(-c6ccccc6)c5-c5ccccc5)C4=O)c3)c2)c1,280.0,P430288,"Polyimides/thioimides, Polyoxides/ethers/acetals",278.33,10.7
*c1ccc(-c2ccc(N3C(=O)c4c(c(-c5ccccc5)c(-c5ccc(Oc6ccc(-c7c(-c8ccccc8)c8c(c(-c9ccccc9)c7-c7ccccc7)C(=O)N(*)C8=O)cc6)cc5)c(-c5ccccc5)c4-c4ccccc4)C3=O)cc2)cc1,399.0,P430289,"Polyimides/thioimides, Polyoxides/ethers/acetals",259.42,11.32
*c1ccc(Oc2ccc(-c3c(-c4ccccc4)c4c(c(-c5ccccc5)c3-c3ccccc3)C(=O)N(c3ccc(N5C(=O)c6c(c(-c7ccccc7)c(-c7ccccc7)c(*)c6-c6ccccc6)C5=O)cc3)C4=O)cc2)cc1,371.0,P430290,"Polyimides/thioimides, Polyoxides/ethers/acetals",239.44,10.81
*c1ccc(Oc2ccc(N3C(=O)c4c(c(-c5ccccc5)c(-c5ccc(Oc6ccc(-c7c(-c8ccccc8)c8c(c(-c9ccccc9)c7-c7ccccc7)C(=O)N(*)C8=O)cc6)cc5)c(-c5ccccc5)c4-c4ccccc4)C3=O)cc2)cc1,360.0,P430291,"Polyimides/thioimides, Polyoxides/ethers/acetals",300.93,11.7
*c1ccc(Cc2ccc(N3C(=O)c4c(c(-c5ccccc5)c(-c5ccc(Oc6ccc(-c7c(-c8ccccc8)c8c(c(-c9ccccc9)c7-c7ccccc7)C(=O)N(*)C8=O)cc6)cc5)c(-c5ccccc5)c4-c4ccccc4)C3=O)cc2)cc1,356.0,P430292,"Polyimides/thioimides, Polyoxides/ethers/acetals",273.76,12.79
*c1ccc(Oc2ccc(-c3c(-c4ccccc4)c4c(c(-c5ccccc5)c3-c3ccccc3)C(=O)N(c3cccc(N5C(=O)c6c(c(-c7ccccc7)c(-c7ccccc7)c(*)c6-c6ccccc6)C5=O)c3)C4=O)cc2)cc1,357.0,P430293,"Polyimides/thioimides, Polyoxides/ethers/acetals",254.03,10.85
*c1cccc(Oc2cccc(Oc3cccc(N4C(=O)c5c(c(-c6ccccc6)c(-c6ccc(Oc7ccc(-c8c(-c9ccccc9)c9c(c(-c%10ccccc%10)c8-c8ccccc8)C(=O)N(*)C9=O)cc7)cc6)c(-c6ccccc6)c5-c5ccccc5)C4=O)c3)c2)c1,261.0,P430294,"Polyimides/thioimides, Polyoxides/ethers/acetals",276.91,11.32
*c1cccc(Oc2cccc(Oc3cccc(N4C(=O)c5c(c(-c6ccccc6)c(-c6ccc(Oc7ccc(Oc8ccc(-c9c(-c%10ccccc%10)c%10c(c(-c%11ccccc%11)c9-c9ccccc9)C(=O)N(*)C%10=O)cc8)cc7)cc6)c(-c6ccccc6)c5-c5ccccc5)C4=O)c3)c2)c1,238.0,P430295,"Polyimides/thioimides, Polyoxides/ethers/acetals",300.27,12.07
*C(=O)c1ccc2c(c1)C(=O)N(c1ccc(CP(=O)(OCC)OCC)c(N3C(=O)c4ccc(*)cc4C3=O)c1)C2=O,218.0,P430296,"Polyimides/thioimides, Polyketones/thioketones",112.24,4.11
*C(=O)c1ccc2c(c1)C(=O)N(c1ccc(CP(=O)(OCCCl)OCCCl)c(N3C(=O)c4ccc(*)cc4C3=O)c1)C2=O,261.0,P430297,"Polyimides/thioimides, Polyketones/thioketones",107.54,4.48
*c1ccc2c(c1)C(=O)N(c1ccc3c(c1)Cc1cc(N4C(=O)c5ccc(C(*)(C(F)(F)F)C(F)(F)F)cc5C4=O)ccc1-3)C2=O,394.0,P430298,Polyimides/thioimides,155.24,5.61
*c1ccc2c(c1)C(=O)N(c1cccc(C(c3cccc(N4C(=O)c5ccc(C(*)(C(F)(F)F)C(F)(F)F)cc5C4=O)c3)(C(F)(F)F)C(F)(F)F)c1)C2=O,263.0,P430299,Polyimides/thioimides,133.71,5.07
*c1ccc(Oc2ccc(S(=O)(=O)c3ccc(Oc4ccc(N5C(=O)c6ccc(Oc7cccc(Oc8ccc9c(c8)C(=O)N(*)C9=O)c7)cc6C5=O)cc4)cc3)cc2)cc1,201.0,P430308,"Polyimides/thioimides, Polyoxides/ethers/acetals, Polysulfones/sulfoxides/sufonates/sulfoamides",161.4,7.23
*c1ccc(Oc2ccc(C(=O)c3cccc(C(=O)c4ccc(Oc5ccc(N6C(=O)c7ccc(Oc8ccc(Oc9ccc(Oc%10ccc%11c(c%10)C(=O)N(*)C%11=O)cc9)cc8)cc7C6=O)cc5)cc4)c3)cc2)cc1,192.0,P430311,"Polyimides/thioimides, Polyoxides/ethers/acetals, Polyketones/thioketones",187.76,8.22
*c1ccc(Oc2ccc(C(=O)c3cccc(C(=O)c4ccc(Oc5ccc(N6C(=O)c7ccc(Oc8ccc(Sc9ccc(Oc%10ccc%11c(c%10)C(=O)N(*)C%11=O)cc9)cc8)cc7C6=O)cc5)cc4)c3)cc2)cc1,192.0,P430312,"Polyimides/thioimides, Polyoxides/ethers/acetals, Polysulfides, Polyketones/thioketones",205.8,8.79
*c1ccc(Oc2ccc(C(=O)c3cccc(C(=O)c4ccc(Oc5ccc(N6C(=O)c7ccc([Si](C)(C)c8ccc9c(c8)C(=O)N(*)C9=O)cc7C6=O)cc5)cc4)c3)cc2)cc1,208.0,P430313,"Polyimides/thioimides, Polyoxides/ethers/acetals, Polysiloxanes/silanes, Polyketones/thioketones",163.16,7.46
*C(=O)c1ccc2c(c1)C(=O)N(c1ccc(Oc3ccc(C(=O)c4ccc5cc(C(=O)c6ccc(Oc7ccc(N8C(=O)c9ccc(*)cc9C8=O)cc7)cc6)ccc5c4)cc3)cc1)C2=O,246.0,P430314,"Polyimides/thioimides, Polyoxides/ethers/acetals, Polyketones/thioketones",205.77,7.28
*C(=O)c1ccc2c(c1)C(=O)N(c1cc(C(=O)c3ccccc3)cc(N3C(=O)c4ccc(*)cc4C3=O)c1)C2=O,282.0,P430315,"Polyimides/thioimides, Polyketones/thioketones",145.48,5.49
*C(=O)c1ccc2c(c1)C(=O)N(c1ccc(C(=O)c3ccccc3N3C(=O)c4ccc(*)cc4C3=O)cc1)C2=O,289.0,P430316,"Polyimides/thioimides, Polyketones/thioketones",131.66,5.2
*C(=O)c1ccc2c(c1)C(=O)N(c1cccc(C(=O)c3ccccc3N3C(=O)c4ccc(*)cc4C3=O)c1)C2=O,259.0,P430317,"Polyimides/thioimides, Polyketones/thioketones",124.42,5.61
*C(=O)c1ccc2c(c1)C(=O)N(c1ccccc1C(=O)c1ccccc1N1C(=O)c3ccc(*)cc3C1=O)C2=O,289.0,P430318,"Polyimides/thioimides, Polyketones/thioketones",134.49,5.64
*C(=O)c1ccc2c(c1)C(=O)N(c1ccc(Cc3ccccc3N3C(=O)c4ccc(*)cc4C3=O)cc1)C2=O,290.0,P430319,"Polyimides/thioimides, Polyketones/thioketones",145.7,5.93
*C(=O)c1ccc2c(c1)C(=O)N(c1cccc(Cc3ccccc3N3C(=O)c4ccc(*)cc4C3=O)c1)C2=O,258.0,P430320,"Polyimides/thioimides, Polyketones/thioketones",118.89,5.01
*C(=O)c1ccc2c(c1)C(=O)N(c1ccccc1Cc1ccccc1N1C(=O)c3ccc(*)cc3C1=O)C2=O,285.0,P430321,"Polyimides/thioimides, Polyketones/thioketones",123.57,5.84
*C(=O)c1ccc2c(c1)C(=O)N(c1ccc(Oc3ccccc3N3C(=O)c4ccc(*)cc4C3=O)cc1)C2=O,282.5,P430322,"Polyimides/thioimides, Polyoxides/ethers/acetals, Polyketones/thioketones",132.58,5.33
*C(=O)c1ccc2c(c1)C(=O)N(c1ccc(-c3ccccc3N3C(=O)c4ccc(*)cc4C3=O)cc1)C2=O,305.0,P430323,"Polyimides/thioimides, Polyketones/thioketones",125.93,5.28
*Oc1ccc(C(C)(C)c2ccc(Oc3ccc4c(c3)C(=O)N(N3C(=O)c5ccc(*)cc5C3=O)C4=O)cc2)cc1,216.7,P430324,"Polyimides/thioimides, Polyoxides/ethers/acetals",132.25,5.44
*c1ccc(C(=O)c2cccc(-n3c(=O)c4cc5c(=O)n(*)c(=O)c5cc4c3=O)c2)cc1,340.0,P430328,"Polyimides/thioimides, Polyketones/thioketones",140.39,6.98
*c1ccc(Oc2ccccc2-n2c(=O)c3cc4c(=O)n(*)c(=O)c4cc3c2=O)cc1,386.0,P430329,"Polyimides/thioimides, Polyoxides/ethers/acetals",143.4,7.36
*c1ccc(Cc2cccc(-n3c(=O)c4cc5c(=O)n(*)c(=O)c5cc4c3=O)c2)cc1,339.0,P430330,Polyimides/thioimides,160.26,6.73
*c1cccc(Cc2cccc(-n3c(=O)c4cc5c(=O)n(*)c(=O)c5cc4c3=O)c2)c1,327.5,P430331,Polyimides/thioimides,152.13,7.07
*c1ccc(Cc2ccccc2-n2c(=O)c3cc4c(=O)n(*)c(=O)c4cc3c2=O)cc1,356.5,P430332,Polyimides/thioimides,159.55,6.74
*CC(C)(C)COC(=O)NC(=O)c1cccc(C(=O)NC(=O)O*)c1,66.0,P430342,"Polyimides/thioimides, Polyurethanes/thiourethanes",56.99,1.74
*CC(C)(C)COC(=O)NC(=O)c1ccc(C(=O)NC(=O)O*)cc1,102.0,P430343,"Polyimides/thioimides, Polyurethanes/thiourethanes",62.74,1.89
*CC(CCCC)COC(=O)NC(=O)c1cccc(C(=O)NC(=O)O*)c1,64.0,P430344,"Polyimides/thioimides, Polyurethanes/thiourethanes",58.0,1.86
*CC(CCCCCCCC)COC(=O)NC(=O)c1cccc(C(=O)NC(=O)O*)c1,65.0,P430345,"Polyimides/thioimides, Polyurethanes/thiourethanes",50.08,1.41
*CC(CCCCCCCCCCCC)COC(=O)NC(=O)c1cccc(C(=O)NC(=O)O*)c1,112.0,P430346,"Polyimides/thioimides, Polyurethanes/thiourethanes",46.08,1.66
*CC(CCCCCCCCCCCC)COC(=O)NC(=O)c1ccc(C(=O)NC(=O)O*)cc1,75.0,P430347,"Polyimides/thioimides, Polyurethanes/thiourethanes",47.13,1.25
*CC(C)(C)COC(=O)NC(=O)c1cc(C(=O)NC(=O)O*)cc(C(C)(C)C)c1,144.0,P430348,"Polyimides/thioimides, Polyurethanes/thiourethanes",64.7,2.25
*Oc1ccc(C(C)(C)c2ccc(OC(=O)NC(=O)c3cc(C(=O)NC(*)=O)cc(C(C)(C)C)c3)cc2)cc1,123.5,P430349,"Polyimides/thioimides, Polyurethanes/thiourethanes",93.33,3.58
*Oc1ccc(Oc2ccc(OC(=O)NC(=O)c3cc(C(=O)NC(*)=O)cc(C(C)(C)C)c3)cc2)cc1,114.5,P430350,"Polyimides/thioimides, Polyoxides/ethers/acetals, Polyurethanes/thiourethanes",100.42,3.98
*C(=O)OCCCSCCCCSCCCOC(=O)c1ccc(N2C(=O)c3ccc(*)cc3C2=O)cc1,39.0,P430353,"Polyimides/thioimides, Polysulfides, Polyesters/thioesters",56.19,2.03
*C(=O)OCCCSCCCCCCSCCCOC(=O)c1ccc(N2C(=O)c3ccc(*)cc3C2=O)cc1,31.0,P430354,"Polyimides/thioimides, Polysulfides, Polyesters/thioesters",57.16,2.02
*C(=O)OCCOCCOC(=O)c1ccc(N2C(=O)c3ccc(*)cc3C2=O)cc1,101.0,P430355,"Polyimides/thioimides, Polyoxides/ethers/acetals, Polyesters/thioesters",77.0,2.65
*C(=O)OCCOCCOCCOC(=O)c1ccc(N2C(=O)c3ccc(*)cc3C2=O)cc1,63.0,P430356,"Polyimides/thioimides, Polyoxides/ethers/acetals, Polyesters/thioesters",65.06,2.38
*c1ccc2c(c1)C(=O)N(c1cccc(Oc3ccc(P(=O)(c4ccccc4)c4ccc(Oc5cccc(N6C(=O)c7ccc(C(*)(C(F)(F)F)C(F)(F)F)cc7C6=O)c5)cc4)cc3)c1)C2=O,243.0,P430357,"Polyimides/thioimides, Polyoxides/ethers/acetals",188.71,7.67
*C(=O)OCCOCCOCCOCCOC(=O)c1ccc(N2C(=O)c3ccc(*)cc3C2=O)cc1,52.0,P430362,"Polyimides/thioimides, Polyoxides/ethers/acetals, Polyesters/thioesters",61.53,2.06
*C(=O)Nc1ccc(Cc2ccc(N3C(=O)c4ccc(*)cc4C3=O)cc2)cc1,279.5,P430364,"Polyimides/thioimides, Polyamides/thioamides",110.2,4.46
*C(=O)Nc1ccc(Oc2ccc(C(C)(C)c3ccc(Oc4ccc(NC(=O)c5ccc(N6C(=O)c7ccc(*)cc7C6=O)cc5)cc4)cc3)cc2)cc1,216.0,P430366,"Polyimides/thioimides, Polyoxides/ethers/acetals, Polyamides/thioamides",146.0,6.94
*C(=O)Nc1cccc(Oc2ccc(S(=O)(=O)c3ccc(Oc4cccc(NC(=O)c5ccc(N6C(=O)c7ccc(*)cc7C6=O)cc5)c4)cc3)cc2)c1,235.0,P430367,"Polyimides/thioimides, Polyoxides/ethers/acetals, Polyamides/thioamides, Polysulfones/sulfoxides/sufonates/sulfoamides",158.97,6.64
*C(=O)Nc1ccc(Oc2cccc(NC(=O)c3ccc4c(c3)C(=O)N(c3ccc(Oc5cccc(N6C(=O)c7ccc(*)cc7C6=O)c5)cc3)C4=O)c2)cc1,211.0,P430368,"Polyimides/thioimides, Polyoxides/ethers/acetals, Polyamides/thioamides",148.47,6.43
*C(=O)Nc1ccc(Oc2ccc(C(C)(C)c3ccc(Oc4ccc(NC(=O)c5ccc6c(c5)C(=O)N(c5ccc(Oc7cccc(N8C(=O)c9ccc(*)cc9C8=O)c7)cc5)C6=O)cc4)cc3)cc2)cc1,207.0,P430369,"Polyimides/thioimides, Polyoxides/ethers/acetals, Polyamides/thioamides",197.08,7.91
*c1ccc2c(c1)C(=O)N(c1ccc(C(=O)Nc3ccc(Oc4ccc(NC(=O)c5ccc(N6C(=O)c7ccc(C(*)(C(F)(F)F)C(F)(F)F)cc7C6=O)cc5)cc4)cc3)cc1)C2=O,322.0,P430371,"Polyimides/thioimides, Polyoxides/ethers/acetals, Polyamides/thioamides",194.02,6.82
*c1ccc2c(c1)C(=O)N(c1ccc(C(=O)Nc3ccc(Oc4ccc(C(C)(C)c5ccc(Oc6ccc(NC(=O)c7ccc(N8C(=O)c9ccc(C(*)(C(F)(F)F)C(F)(F)F)cc9C8=O)cc7)cc6)cc5)cc4)cc3)cc1)C2=O,266.0,P430374,"Polyimides/thioimides, Polyoxides/ethers/acetals, Polyamides/thioamides",221.53,8.57
*c1ccc2c(c1)C(=O)N(c1cccc(C(=O)Nc3ccc(Oc4ccc(NC(=O)c5cccc(N6C(=O)c7ccc(C(*)(C(F)(F)F)C(F)(F)F)cc7C6=O)c5)cc4)cc3)c1)C2=O,298.0,P430375,"Polyimides/thioimides, Polyoxides/ethers/acetals, Polyamides/thioamides",159.66,6.34
*c1ccc2c(c1)C(=O)N(c1cccc(C(=O)Nc3ccc(NC(=O)c4cccc(N5C(=O)c6ccc(C(*)(C(F)(F)F)C(F)(F)F)cc6C5=O)c4)cc3)c1)C2=O,311.0,P430376,"Polyimides/thioimides, Polyamides/thioamides",167.56,6.2
*c1cccc(N2C(=O)c3ccc(Oc4ccccc4Oc4ccc5c(c4)C(=O)N(*)C5=O)cc3C2=O)c1,224.0,P430380,"Polyimides/thioimides, Polyoxides/ethers/acetals",134.43,5.3
*c1ccc(Oc2ccc(N3C(=O)c4ccc(Oc5ccccc5Oc5ccc6c(c5)C(=O)N(*)C6=O)cc4C3=O)cc2)cc1,212.0,P430382,"Polyimides/thioimides, Polyoxides/ethers/acetals",139.28,5.27
*c1ccc(Oc2ccc(Oc3ccc(N4C(=O)c5ccc(Oc6ccccc6Oc6ccc7c(c6)C(=O)N(*)C7=O)cc5C4=O)cc3)cc2)cc1,202.0,P430383,"Polyimides/thioimides, Polyoxides/ethers/acetals",148.05,5.83
*c1ccc(Oc2ccccc2Oc2ccc(N3C(=O)c4ccc(Oc5ccccc5Oc5ccc6c(c5)C(=O)N(*)C6=O)cc4C3=O)cc2)cc1,193.0,P430384,"Polyimides/thioimides, Polyoxides/ethers/acetals",147.5,6.41
*c1ccc(Oc2cc3ccccc3cc2Oc2ccc(N3C(=O)c4ccc(Oc5ccccc5Oc5ccc6c(c5)C(=O)N(*)C6=O)cc4C3=O)cc2)cc1,216.0,P430385,"Polyimides/thioimides, Polyoxides/ethers/acetals",158.87,6.98
*c1ccc(Oc2ccc(-c3ccc(Oc4ccc(N5C(=O)c6ccc(Oc7ccccc7Oc7ccc8c(c7)C(=O)N(*)C8=O)cc6C5=O)cc4)cc3)cc2)cc1,204.0,P430386,"Polyimides/thioimides, Polyoxides/ethers/acetals",185.4,7.45
*c1ccc(Oc2ccccc2Oc2ccc(N3C(=O)c4ccc(Oc5cc6ccccc6cc5Oc5ccc6c(c5)C(=O)N(*)C6=O)cc4C3=O)cc2)cc1,204.0,P430389,"Polyimides/thioimides, Polyoxides/ethers/acetals",173.25,6.68
*c1ccc(Oc2cc3ccccc3cc2Oc2ccc(N3C(=O)c4ccc(Oc5cc6ccccc6cc5Oc5ccc6c(c5)C(=O)N(*)C6=O)cc4C3=O)cc2)cc1,222.0,P430390,"Polyimides/thioimides, Polyoxides/ethers/acetals",174.99,7.91
*CCCCCCCN1C(=O)c2ccc(Oc3ccc4c(c3)C(=O)N(*)C4=O)cc2C1=O,110.0,P430391,"Polyimides/thioimides, Polyoxides/ethers/acetals",79.03,2.46
*CCCCCCCCCCCN1C(=O)c2ccc(Oc3ccc4c(c3)C(=O)N(*)C4=O)cc2C1=O,74.0,P430392,"Polyimides/thioimides, Polyoxides/ethers/acetals",61.4,2.53
*c1ccc2c(c1)C(=O)N(c1ccc(-c3ccc(N4C(=O)c5ccc(C(*)(C(F)(F)F)C(F)(F)F)cc5C4=O)cc3C(F)(F)F)c(C(F)(F)F)c1)C2=O,320.0,P430393,Polyimides/thioimides,155.6,5.23
*c1ccc2c(c1)C(=O)N(c1ccc(-c3ccc(N4C(=O)c5ccc(C(*)(c6ccccc6)C(F)(F)F)cc5C4=O)cc3C(F)(F)F)c(C(F)(F)F)c1)C2=O,280.0,P430394,Polyimides/thioimides,144.01,6.05
*c1ccc(N2C(=O)c3ccc(P(=O)(c4ccccc4)c4ccc5c(c4)C(=O)N(*)C5=O)cc3C2=O)cc1,366.0,P430395,Polyimides/thioimides,148.72,5.77
*c1ccc(Oc2ccc(N3C(=O)c4ccc(P(=O)(c5ccccc5)c5ccc6c(c5)C(=O)N(*)C6=O)cc4C3=O)cc2)cc1,318.0,P430396,"Polyimides/thioimides, Polyoxides/ethers/acetals",160.96,6.77
*c1cc(N2C(=O)c3ccc(P(=O)(c4ccccc4)c4ccc5c(c4)C(=O)N(*)C5=O)cc3C2=O)cc(C(F)(F)F)c1,317.0,P430397,Polyimides/thioimides,143.55,5.46
*c1cccc(N2C(=O)c3ccc(P(=O)(c4ccccc4)c4ccc5c(c4)C(=O)N(*)C5=O)cc3C2=O)c1,323.0,P430398,Polyimides/thioimides,129.62,5.53
*c1cccc(N2C(=O)c3ccc(C(c4ccc5c(c4)C(=O)N(c4cccc(-n6c(=O)c7cc8c(=O)n(*)c(=O)c8cc7c6=O)c4)C5=O)(C(F)(F)F)C(F)(F)F)cc3C2=O)c1,338.0,P430400,Polyimides/thioimides,183.46,8.54
*c1ccc(N2C(=O)c3ccc(C(c4ccc5c(c4)C(=O)N(c4ccc(N6C(=O)c7ccc(-c8ccc9c(c8)C(=O)N(*)C9=O)cc7C6=O)cc4)C5=O)(C(F)(F)F)C(F)(F)F)cc3C2=O)cc1,342.0,P430401,Polyimides/thioimides,202.95,7.86
*c1cccc(N2C(=O)c3ccc(C(c4ccc5c(c4)C(=O)N(c4cccc(N6C(=O)c7ccc(-c8ccc9c(c8)C(=O)N(*)C9=O)cc7C6=O)c4)C5=O)(C(F)(F)F)C(F)(F)F)cc3C2=O)c1,308.0,P430402,Polyimides/thioimides,192.78,7.12
*C(=O)c1ccc2c(c1)C(=O)N(c1cccc(NC(=O)c3cccc(C(=O)Nc4cccc(N5C(=O)c6ccc(*)cc6C5=O)c4)c3)c1)C2=O,204.0,P430405,"Polyimides/thioimides, Polyamides/thioamides, Polyketones/thioketones",154.11,5.93
*c1ccc2c(c1)C(=O)N(c1ccc(OCCOc3ccc(N4C(=O)c5ccc(C(*)(C(F)(F)F)C(F)(F)F)cc5C4=O)cc3)cc1)C2=O,254.0,P430411,"Polyimides/thioimides, Polyoxides/ethers/acetals",126.25,5.27
*c1ccc2c(c1)C(=O)N(c1ccc(OCCOCCOc3ccc(N4C(=O)c5ccc(C(*)(C(F)(F)F)C(F)(F)F)cc5C4=O)cc3)cc1)C2=O,187.5,P430412,"Polyimides/thioimides, Polyoxides/ethers/acetals",116.2,4.88
*c1ccc2c(c1)C(=O)N(c1ccc(OCCOCCOCCOc3ccc(N4C(=O)c5ccc(C(*)(C(F)(F)F)C(F)(F)F)cc5C4=O)cc3)cc1)C2=O,166.0,P430413,"Polyimides/thioimides, Polyoxides/ethers/acetals",106.07,4.04
*C(=O)Nc1ccc(Oc2cccc(NC(=O)c3ccc4c(c3)C(=O)N(c3ccc(Oc5ccc(N6C(=O)c7ccc(*)cc7C6=O)cc5)cc3)C4=O)c2)cc1,236.0,P430415,"Polyimides/thioimides, Polyoxides/ethers/acetals, Polyamides/thioamides",168.61,6.32
*C(=O)Nc1ccc(Cc2ccc(NC(=O)c3ccc4c(c3)C(=O)N(c3ccc(Oc5ccc(N6C(=O)c7ccc(*)cc7C6=O)cc5)cc3)C4=O)cc2)cc1,270.0,P430416,"Polyimides/thioimides, Polyoxides/ethers/acetals, Polyamides/thioamides",170.19,7.19
*C(=O)Nc1ccc(Sc2ccc(NC(=O)c3ccc4c(c3)C(=O)N(c3ccc(Oc5ccc(N6C(=O)c7ccc(*)cc7C6=O)cc5)cc3)C4=O)cc2)cc1,284.0,P430417,"Polyimides/thioimides, Polyoxides/ethers/acetals, Polysulfides, Polyamides/thioamides",150.91,7.19
*C(=O)Nc1ccc(Oc2ccc(Oc3ccc(NC(=O)c4ccc5c(c4)C(=O)N(c4ccc(Oc6ccc(N7C(=O)c8ccc(*)cc8C7=O)cc6)cc4)C5=O)cc3)cc2)cc1,260.0,P430418,"Polyimides/thioimides, Polyoxides/ethers/acetals, Polyamides/thioamides",185.42,6.82
*C(=O)Nc1ccc(Oc2ccc(NC(=O)c3ccc4c(c3)C(=O)N(c3ccc(Cc5ccc(N6C(=O)c7ccc(*)cc7C6=O)cc5)cc3)C4=O)cc2)cc1,251.0,P430419,"Polyimides/thioimides, Polyoxides/ethers/acetals, Polyamides/thioamides",165.82,6.92
*C(=O)Nc1ccc(Oc2ccc(Oc3ccc(NC(=O)c4ccc5c(c4)C(=O)N(c4ccc(S(=O)(=O)c6ccc(N7C(=O)c8ccc(*)cc8C7=O)cc6)cc4)C5=O)cc3)cc2)cc1,243.0,P430420,"Polyimides/thioimides, Polyoxides/ethers/acetals, Polyamides/thioamides, Polysulfones/sulfoxides/sufonates/sulfoamides",187.43,6.69
*C(=O)Nc1ccc(Oc2ccc(NC(=O)c3ccc4c(c3)C(=O)N(C3CCC(CC5CCC(N6C(=O)c7ccc(*)cc7C6=O)CC5)CC3)C4=O)cc2)cc1,250.0,P430421,"Polyimides/thioimides, Polyoxides/ethers/acetals, Polyamides/thioamides",140.4,5.25
*c1ccc(-c2ccc(-n3c(=O)c4c(C(F)(F)F)c5c(=O)n(*)c(=O)c5c(C(F)(F)F)c4c3=O)cc2C(F)(F)F)c(C(F)(F)F)c1,304.0,P430422,Polyimides/thioimides,162.06,6.36
*c1ccc(-c2ccc(-n3c(=O)c4cc5c(=O)n(*)c(=O)c5c(C(F)(F)F)c4c3=O)cc2C(F)(F)F)c(C(F)(F)F)c1,373.0,P430423,Polyimides/thioimides,164.97,7.19
*c1ccc(-c2ccc(-n3c(=O)c4cc5c(=O)n(*)c(=O)c5cc4c3=O)cc2C(F)(F)F)c(C(F)(F)F)c1,358.0,P430424,Polyimides/thioimides,171.25,6.86
*c1ccc(-c2ccc(-n3c(=O)c4c(C(F)(F)F)c5c(=O)n(*)c(=O)c5c(C(F)(F)F)c4c3=O)cc2C)c(C)c1,385.0,P430425,Polyimides/thioimides,167.32,6.45
*c1ccc(-c2ccc(-n3c(=O)c4cc5c(=O)n(*)c(=O)c5c(C(F)(F)F)c4c3=O)cc2C)c(C)c1,373.0,P430426,Polyimides/thioimides,160.67,6.86
*c1ccc(-c2ccc(-n3c(=O)c4cc5c(=O)n(*)c(=O)c5cc4c3=O)cc2C)c(C)c1,364.5,P430427,Polyimides/thioimides,164.68,6.27
*c1ccc(-c2ccc(-c3ccc(-n4c(=O)c5c(C(F)(F)F)c6c(=O)n(*)c(=O)c6c(C(F)(F)F)c5c4=O)cc3)cc2)cc1,364.0,P430428,Polyimides/thioimides,191.69,6.91
*c1ccc(-c2ccc(-c3ccc(-n4c(=O)c5cc6c(=O)n(*)c(=O)c6c(C(F)(F)F)c5c4=O)cc3)cc2)cc1,364.0,P430429,Polyimides/thioimides,191.67,8.03
*c1ccc2c(c1)C(=O)N(c1cccc(N3C(=O)c4ccc(C(*)(C(F)(F)F)C(F)(F)F)cc4C3=O)c1C)C2=O,353.5,P430430,Polyimides/thioimides,119.95,4.53
*c1c(C)cc(C)c(N2C(=O)c3ccc(-c4ccc5c(c4)C(=O)N(*)C5=O)cc3C2=O)c1C,385.0,P430431,Polyimides/thioimides,136.34,5.73
*C(=O)c1cc2c(cc1Cl)C(=O)N(c1c(C)cc(C)c(N3C(=O)c4cc(*)c(Cl)cc4C3=O)c1C)C2=O,371.0,P430432,"Polyimides/thioimides, Polyketones/thioketones",128.26,4.96
*C(=O)c1cc2c(cc1Cl)C(=O)N(c1cccc(N3C(=O)c4cc(*)c(Cl)cc4C3=O)c1)C2=O,313.0,P430433,"Polyimides/thioimides, Polyketones/thioketones",123.94,4.53
*C(=O)c1cc2c(cc1Cl)C(=O)N(c1cc(N3C(=O)c4cc(*)c(Cl)cc4C3=O)cc(C(C)(C)C)c1)C2=O,290.0,P430434,"Polyimides/thioimides, Polyketones/thioketones",122.15,4.6
*C(=O)c1cc2c(cc1Cl)C(=O)N(c1cc(C(=O)O)cc(N3C(=O)c4cc(*)c(Cl)cc4C3=O)c1)C2=O,368.0,P430435,"Polyimides/thioimides, Polyketones/thioketones",117.07,4.55
*C(=O)c1cc2c(cc1Cl)C(=O)N(c1cc(C(=O)OC)cc(N3C(=O)c4cc(*)c(Cl)cc4C3=O)c1)C2=O,321.0,P430436,"Polyimides/thioimides, Polyketones/thioketones",131.43,4.87
*C(=O)c1cc2c(cc1Cl)C(=O)N(c1cc(N3C(=O)c4cc(*)c(Cl)cc4C3=O)cc(C(F)(F)F)c1)C2=O,305.0,P430437,"Polyimides/thioimides, Polyketones/thioketones",135.69,5.12
*C(=O)c1cc2c(cc1Cl)C(=O)N(c1cc(Cl)cc(N3C(=O)c4cc(*)c(Cl)cc4C3=O)c1)C2=O,311.0,P430438,"Polyimides/thioimides, Polyketones/thioketones",114.18,4.87
*C(=O)c1cc2c(cc1Cl)C(=O)N(c1cc(Cl)c(N3C(=O)c4cc(*)c(Cl)cc4C3=O)cc1Cl)C2=O,367.0,P430440,"Polyimides/thioimides, Polyketones/thioketones",125.0,5.11
*C(=O)c1ccc2c(c1)C(=O)N(c1cc(C(=O)O)cc(N3C(=O)c4ccc(*)cc4C3=O)c1)C2=O,314.0,P430442,"Polyimides/thioimides, Polyketones/thioketones",116.45,4.7
*C(=O)c1ccc2c(c1)C(=O)N(c1cc(N3C(=O)c4ccc(*)cc4C3=O)cc(C(F)(F)F)c1)C2=O,295.5,P430444,"Polyimides/thioimides, Polyketones/thioketones",132.03,5.18
*C(=O)Nc1cccc(NC(=O)c2ccc3c(c2)C(=O)N(c2ccc(Oc4ccc5ccc(Oc6ccc(N7C(=O)c8ccc(*)cc8C7=O)cc6)cc5c4)cc2)C3=O)c1,286.0,P430448,"Polyimides/thioimides, Polyoxides/ethers/acetals, Polyamides/thioamides",193.23,7.69
*C(=O)Nc1ccc(Oc2cccc(NC(=O)c3ccc4c(c3)C(=O)N(c3ccc(Oc5ccc6ccc(Oc7ccc(N8C(=O)c9ccc(*)cc9C8=O)cc7)cc6c5)cc3)C4=O)c2)cc1,263.0,P430450,"Polyimides/thioimides, Polyoxides/ethers/acetals, Polyamides/thioamides",183.17,7.82
*C(=O)Nc1ccc(Cc2ccc(NC(=O)c3ccc4c(c3)C(=O)N(c3ccc(Oc5ccc6ccc(Oc7ccc(N8C(=O)c9ccc(*)cc9C8=O)cc7)cc6c5)cc3)C4=O)cc2)cc1,273.0,P430452,"Polyimides/thioimides, Polyoxides/ethers/acetals, Polyamides/thioamides",184.18,8.41
*C(=O)Nc1ccc(C(c2ccc(NC(=O)c3ccc4c(c3)C(=O)N(c3ccc(Oc5ccc6ccc(Oc7ccc(N8C(=O)c9ccc(*)cc9C8=O)cc7)cc6c5)cc3)C4=O)cc2)(C(F)(F)F)C(F)(F)F)cc1,292.0,P430456,"Polyimides/thioimides, Polyoxides/ethers/acetals, Polyamides/thioamides",195.1,8.29
*C(=O)Nc1ccc(Oc2ccc(C(c3ccc(Oc4ccc(NC(=O)c5ccc6c(c5)C(=O)N(c5ccc(Oc7ccc8ccc(Oc9ccc(N%10C(=O)c%11ccc(*)cc%11C%10=O)cc9)cc8c7)cc5)C6=O)cc4)cc3)(C(F)(F)F)C(F)(F)F)cc2)cc1,250.0,P430457,"Polyimides/thioimides, Polyoxides/ethers/acetals, Polyamides/thioamides",241.5,9.98
*C(=O)Nc1ccc(Oc2ccc(C(C)(C)c3ccc(Oc4ccc(NC(=O)c5ccc6c(c5)C(=O)N(c5ccc(Oc7ccc8ccc(Oc9ccc(N%10C(=O)c%11ccc(*)cc%11C%10=O)cc9)cc8c7)cc5)C6=O)cc4)cc3)cc2)cc1,250.0,P430458,"Polyimides/thioimides, Polyoxides/ethers/acetals, Polyamides/thioamides",215.11,8.93
*C(=O)Nc1ccc(Oc2ccc(S(=O)(=O)c3ccc(Oc4ccc(NC(=O)c5ccc6c(c5)C(=O)N(c5ccc(Oc7ccc8ccc(Oc9ccc(N%10C(=O)c%11ccc(*)cc%11C%10=O)cc9)cc8c7)cc5)C6=O)cc4)cc3)cc2)cc1,274.0,P430459,"Polyimides/thioimides, Polyoxides/ethers/acetals, Polyamides/thioamides, Polysulfones/sulfoxides/sufonates/sulfoamides",248.38,9.43
*c1ccc(S(=O)(=O)c2ccc(N3C(=O)c4ccc(-c5ccc6c(c5)C(=O)N(*)C6=O)cc4C3=O)cc2)cc1,350.0,P430465,"Polyimides/thioimides, Polysulfones/sulfoxides/sufonates/sulfoamides",132.61,5.28
*C(=O)c1ccc2c(c1)C(=O)N(c1ccc(C3(c4ccc(N5C(=O)c6ccc(*)cc6C5=O)cc4)c4ccccc4-c4ccccc43)cc1)C2=O,376.0,P430466,"Polyimides/thioimides, Polyketones/thioketones",171.33,7.29
*CCCCCCN1C(=O)c2ccc(C(c3ccc4c(c3)C(=O)N(*)C4=O)(C(F)(F)F)C(F)(F)F)cc2C1=O,155.0,P430467,Polyimides/thioimides,84.47,2.97
*c1ccc2c(c1)C(=O)N(c1ccc(Cc3ccc(N4C(=O)c5ccc(C(*)(C(F)(F)F)C(F)(F)F)cc5C4=O)c(C(C)(C)C)c3)cc1C(C)(C)C)C2=O,274.0,P430469,Polyimides/thioimides,139.27,5.08
*c1ccc2c(c1)C(=O)N(c1c(C)cc(Cc3cc(C)c(N4C(=O)c5ccc(C(*)(C(F)(F)F)C(F)(F)F)cc5C4=O)c(C)c3)cc1C)C2=O,307.5,P430471,Polyimides/thioimides,154.16,4.95
*c1ccc2c(c1)C(=O)N(c1c(CC)cc(Cc3cc(CC)c(N4C(=O)c5ccc(C(*)(C(F)(F)F)C(F)(F)F)cc5C4=O)c(CC)c3)cc1CC)C2=O,266.0,P430472,Polyimides/thioimides,125.92,4.61
*c1ccc2c(c1)C(=O)N(c1c(C)cc(Cc3cc(C)c(N4C(=O)c5ccc(C(*)(C(F)(F)F)C(F)(F)F)cc5C4=O)c(C(C)C)c3)cc1C(C)C)C2=O,276.0,P430473,Polyimides/thioimides,134.25,5.73
*c1ccc2c(c1)C(=O)N(c1ccc(C(c3ccccc3)(c3ccc(N4C(=O)c5ccc(C(*)(C(F)(F)F)C(F)(F)F)cc5C4=O)cc3)C(F)(F)F)cc1)C2=O,305.0,P430474,Polyimides/thioimides,165.45,6.59
*c1ccc2c(c1)C(=O)N(c1c(C)cc(C(c3ccccc3)(c3cc(C)c(N4C(=O)c5ccc(C(*)(C(F)(F)F)C(F)(F)F)cc5C4=O)c(C(C)C)c3)C(F)(F)F)cc1C(C)C)C2=O,289.0,P430476,Polyimides/thioimides,155.7,6.39
*c1ccc2c(c1)C(=O)N(c1c(C(C)C)cc(C(c3ccccc3)(c3cc(C(C)C)c(N4C(=O)c5ccc(C(*)(C(F)(F)F)C(F)(F)F)cc5C4=O)c(C(C)C)c3)C(F)(F)F)cc1C(C)C)C2=O,274.0,P430477,Polyimides/thioimides,171.03,6.15
*c1ccc2c(c1)C(=O)N(c1ccc(C3(c4ccc(N5C(=O)c6ccc(C(*)(C(F)(F)F)C(F)(F)F)cc6C5=O)cc4)c4ccccc4-c4ccccc43)cc1)C2=O,370.0,P430478,Polyimides/thioimides,195.83,6.75
*c1ccc2c(c1)C(=O)N(c1ccc(C3(c4ccc(N5C(=O)c6ccc(C(*)(C(F)(F)F)C(F)(F)F)cc6C5=O)c(F)c4)c4ccccc4-c4ccccc43)cc1F)C2=O,352.0,P430479,Polyimides/thioimides,188.24,7.16
*c1ccc2c(c1)C(=O)N(c1ccc(C3(c4ccc(N5C(=O)c6ccc(C(*)(C(F)(F)F)C(F)(F)F)cc6C5=O)c(C(C)C)c4)c4ccccc4-c4ccccc43)cc1C(C)C)C2=O,299.0,P430480,Polyimides/thioimides,168.89,6.69
*c1ccc2c(c1)C(=O)N(c1c(C)cc(C3(c4cc(C)c(N5C(=O)c6ccc(C(*)(C(F)(F)F)C(F)(F)F)cc6C5=O)c(C)c4)c4ccccc4-c4ccccc43)cc1C)C2=O,361.0,P430481,Polyimides/thioimides,200.14,7.11
*c1ccc2c(c1)C(=O)N(c1c(C)cc(C3(c4cc(C)c(N5C(=O)c6ccc(C(*)(C(F)(F)F)C(F)(F)F)cc6C5=O)c(C(C)C)c4)c4ccccc4-c4ccccc43)cc1C(C)C)C2=O,335.0,P430482,Polyimides/thioimides,171.64,7.33
*c1ccc2c(c1)C(=O)N(c1ccc(-c3ccc(N4C(=O)c5ccc(C(*)(C(F)(F)F)C(F)(F)F)cc5C4=O)c(C)c3)cc1C)C2=O,352.0,P430483,Polyimides/thioimides,137.39,5.81
*c1ccc2c(c1)C(=O)N(c1c(C)cc(-c3cc(C)c(N4C(=O)c5ccc(C(*)(C(F)(F)F)C(F)(F)F)cc5C4=O)c(C)c3)cc1C)C2=O,370.5,P430484,Polyimides/thioimides,157.74,5.78
*c1ccc2c(c1)C(=O)N(c1c(C(C)C)cc(Cc3cc(C(C)C)c(N4C(=O)c5ccc(C(*)(C(F)(F)F)C(F)(F)F)cc5C4=O)c(C(C)C)c3)cc1C(C)C)C2=O,278.5,P430486,Polyimides/thioimides,138.17,4.96
*CCCCCCN1C(=O)c2ccc(C(=O)Nc3ccc(S(=O)(=O)c4ccc(NC(=O)c5ccc6c(c5)C(=O)N(*)C6=O)cc4)cc3)cc2C1=O,198.0,P430487,"Polyimides/thioimides, Polyamides/thioamides, Polysulfones/sulfoxides/sufonates/sulfoamides",113.88,4.39
*CCCCCCN1C(=O)c2ccc(C(=O)Nc3ccc(S(=O)(=O)c4cccc(NC(=O)c5ccc6c(c5)C(=O)N(*)C6=O)c4)cc3)cc2C1=O,190.0,P430488,"Polyimides/thioimides, Polyamides/thioamides, Polysulfones/sulfoxides/sufonates/sulfoamides",108.32,4.71
*c1ccc2c(c1)C(=O)N(c1ccc(OCCOCCOCCOCCOc3ccc(N4C(=O)c5ccc(C(*)(C(F)(F)F)C(F)(F)F)cc5C4=O)cc3)cc1)C2=O,140.0,P430489,"Polyimides/thioimides, Polyoxides/ethers/acetals",115.49,3.65
*C(=O)Nc1ccc(-c2sc(-c3ccc(NC(=O)c4ccc5c(c4)C(=O)N(c4ccc(Oc6ccc7ccc(Oc8ccc(N9C(=O)c%10ccc(*)cc%10C9=O)cc8)cc7c6)cc4)C5=O)cc3)c(-c3ccccc3)c2-c2ccccc2)cc1,311.0,P430490,"Polyimides/thioimides, Polyoxides/ethers/acetals, Polysulfides, Polyamides/thioamides",237.47,10.35
*c1ccc2c(c1)C(=O)N(c1cc(N3C(=O)c4ccc(C(*)(C(F)(F)F)C(F)(F)F)cc4C3=O)ccc1C)C2=O,335.0,P430491,Polyimides/thioimides,120.16,5.01
*c1ccc2c(c1)C(=O)N(c1cc(N3C(=O)c4ccc(C(*)(C(F)(F)F)C(F)(F)F)cc4C3=O)cc(C(F)(F)F)c1)C2=O,284.0,P430492,Polyimides/thioimides,128.92,4.28
*c1ccc2c(c1)C(=O)N(c1ccc(S(=O)(=O)c3ccc(N4C(=O)c5ccc(C(*)(C(F)(F)F)C(F)(F)F)cc5C4=O)cc3)cc1)C2=O,337.0,P430494,"Polyimides/thioimides, Polysulfones/sulfoxides/sufonates/sulfoamides",145.02,5.36
*c1ccc(Oc2ccc(C(=O)c3ccc(Oc4ccc(-c5c6c(c(*)c7ccccc57)C(=O)N(C)C6=O)cc4)cc3)cc2)cc1,283.0,P430496,"Polyimides/thioimides, Polyoxides/ethers/acetals, Polyketones/thioketones",167.89,6.47
*c1ccc(Oc2ccc(C(=O)c3ccc(Oc4ccc(-c5c6c(c(*)c7ccccc57)C(=O)N(CCCCCCCCCCCC)C6=O)cc4)cc3)cc2)cc1,147.0,P430497,"Polyimides/thioimides, Polyoxides/ethers/acetals, Polyketones/thioketones",144.44,6.19
*c1ccc(Oc2ccc(C(=O)c3ccc(Oc4ccc(-c5c6c(c(*)c7ccccc57)C(=O)N(c5ccccc5)C6=O)cc4)cc3)cc2)cc1,273.5,P430498,"Polyimides/thioimides, Polyoxides/ethers/acetals, Polyketones/thioketones",186.58,7.19
*c1ccc(Oc2ccc(C(=O)c3ccc(Oc4ccc(-c5c6c(c(*)c7ccccc57)C(=O)N(c5ccc(Cl)cc5)C6=O)cc4)cc3)cc2)cc1,272.0,P430499,"Polyimides/thioimides, Polyoxides/ethers/acetals, Polyketones/thioketones",187.23,7.54
*c1ccc(Oc2ccc(C(=O)c3ccc(Oc4ccc(-c5c6c(c(*)c7ccccc57)C(=O)N(c5ccc(F)cc5)C6=O)cc4)cc3)cc2)cc1,290.0,P430500,"Polyimides/thioimides, Polyoxides/ethers/acetals, Polyketones/thioketones",179.01,7.06
*c1ccc(Oc2ccc(C(=O)c3ccc(Oc4ccc(-c5c6c(c(*)c7ccccc57)C(=O)N(c5cccc(C(F)(F)F)c5)C6=O)cc4)cc3)cc2)cc1,252.0,P430501,"Polyimides/thioimides, Polyoxides/ethers/acetals, Polyketones/thioketones",168.23,7.41
*c1ccc(Oc2ccc(C(=O)c3ccc(Oc4ccc(-c5c6c(c(*)c7ccccc57)C(=O)N(c5ccc(C(F)(F)F)cc5)C6=O)cc4)cc3)cc2)cc1,260.0,P430502,"Polyimides/thioimides, Polyoxides/ethers/acetals, Polyketones/thioketones",169.13,7.86
*c1ccc(Oc2ccc(C(=O)c3ccc(Oc4ccc(-c5c6c(c(*)c7ccccc57)C(=O)N(c5ccccc5F)C6=O)cc4)cc3)cc2)cc1,282.0,P430503,"Polyimides/thioimides, Polyoxides/ethers/acetals, Polyketones/thioketones",173.95,7.69
*c1ccc(Oc2ccc(C(=O)c3ccc(Oc4ccc(-c5c6c(c(*)c7ccccc57)C(=O)N(c5ccccc5C(F)(F)F)C6=O)cc4)cc3)cc2)cc1,260.0,P430504,"Polyimides/thioimides, Polyoxides/ethers/acetals, Polyketones/thioketones",170.38,7.75
*c1ccc(Oc2ccc(C(=O)c3ccc(Oc4ccc(-c5c6c(c(*)c7ccccc57)C(=O)N(c5ccccc5-c5ccccc5)C6=O)cc4)cc3)cc2)cc1,245.0,P430505,"Polyimides/thioimides, Polyoxides/ethers/acetals, Polyketones/thioketones",178.92,8.39
*c1ccc(Oc2ccc(S(=O)(=O)c3ccc(Oc4ccc(-c5c6c(c(*)c7ccccc57)C(=O)N(C)C6=O)cc4)cc3)cc2)cc1,314.0,P430506,"Polyimides/thioimides, Polyoxides/ethers/acetals, Polysulfones/sulfoxides/sufonates/sulfoamides",155.17,6.47
*c1ccc(Oc2ccc(S(=O)(=O)c3ccc(Oc4ccc(-c5c6c(c(*)c7ccccc57)C(=O)N(CCCCCCCCCCCC)C6=O)cc4)cc3)cc2)cc1,167.0,P430507,"Polyimides/thioimides, Polyoxides/ethers/acetals, Polysulfones/sulfoxides/sufonates/sulfoamides",137.7,6.13
*c1ccc(Oc2ccc(S(=O)(=O)c3ccc(Oc4ccc(-c5c6c(c(*)c7ccccc57)C(=O)N(c5ccccc5)C6=O)cc4)cc3)cc2)cc1,310.0,P430508,"Polyimides/thioimides, Polyoxides/ethers/acetals, Polysulfones/sulfoxides/sufonates/sulfoamides",171.02,7.39
*c1ccc(Oc2ccc(S(=O)(=O)c3ccc(Oc4ccc(-c5c6c(c(*)c7ccccc57)C(=O)N(c5ccc(Cl)cc5)C6=O)cc4)cc3)cc2)cc1,280.0,P430509,"Polyimides/thioimides, Polyoxides/ethers/acetals, Polysulfones/sulfoxides/sufonates/sulfoamides",188.96,7.06
*c1ccc(Oc2ccc(S(=O)(=O)c3ccc(Oc4ccc(-c5c6c(c(*)c7ccccc57)C(=O)N(c5ccc(F)cc5)C6=O)cc4)cc3)cc2)cc1,300.0,P430510,"Polyimides/thioimides, Polyoxides/ethers/acetals, Polysulfones/sulfoxides/sufonates/sulfoamides",197.58,8.33
*c1ccc(Oc2ccc(S(=O)(=O)c3ccc(Oc4ccc(-c5c6c(c(*)c7ccccc57)C(=O)N(c5cccc(C(F)(F)F)c5)C6=O)cc4)cc3)cc2)cc1,280.5,P430511,"Polyimides/thioimides, Polyoxides/ethers/acetals, Polysulfones/sulfoxides/sufonates/sulfoamides",173.47,6.95
*c1ccc(Oc2ccc(S(=O)(=O)c3ccc(Oc4ccc(-c5c6c(c(*)c7ccccc57)C(=O)N(c5ccc(C(F)(F)F)cc5)C6=O)cc4)cc3)cc2)cc1,290.0,P430512,"Polyimides/thioimides, Polyoxides/ethers/acetals, Polysulfones/sulfoxides/sufonates/sulfoamides",190.04,7.41
*c1ccc(Oc2ccc(S(=O)(=O)c3ccc(Oc4ccc(-c5c6c(c(*)c7ccccc57)C(=O)N(c5ccccc5C(F)(F)F)C6=O)cc4)cc3)cc2)cc1,290.0,P430514,"Polyimides/thioimides, Polyoxides/ethers/acetals, Polysulfones/sulfoxides/sufonates/sulfoamides",185.38,8.19
*c1ccc(Oc2ccc(S(=O)(=O)c3ccc(Oc4ccc(-c5c6c(c(*)c7ccccc57)C(=O)N(c5ccccc5-c5ccccc5)C6=O)cc4)cc3)cc2)cc1,278.0,P430515,"Polyimides/thioimides, Polyoxides/ethers/acetals, Polysulfones/sulfoxides/sufonates/sulfoamides",214.3,7.61
*c1ccc(Oc2ccc(C(=O)c3cccc(C(=O)c4ccc(Oc5ccc(-c6c7c(c(*)c8ccccc68)C(=O)N(C)C7=O)cc5)cc4)c3)cc2)cc1,251.0,P430516,"Polyimides/thioimides, Polyoxides/ethers/acetals, Polyketones/thioketones",179.63,8.05
*c1ccc(Oc2ccc(C(=O)c3cccc(C(=O)c4ccc(Oc5ccc(-c6c7c(c(*)c8ccccc68)C(=O)N(CCCCCCCCCCCC)C7=O)cc5)cc4)c3)cc2)cc1,140.0,P430517,"Polyimides/thioimides, Polyoxides/ethers/acetals, Polyketones/thioketones",151.89,6.33
*c1ccc(Oc2ccc(C(=O)c3cccc(C(=O)c4ccc(Oc5ccc(-c6c7c(c(*)c8ccccc68)C(=O)N(c6ccc(F)cc6)C7=O)cc5)cc4)c3)cc2)cc1,243.0,P430518,"Polyimides/thioimides, Polyoxides/ethers/acetals, Polyketones/thioketones",179.54,8.37
*c1ccc(-c2ccc(-n3c(=O)c4cc5c(=O)n(*)c(=O)c5cc4c3=O)cc2OC(F)(F)F)c(OC(F)(F)F)c1,384.0,P432001,Polyimides/thioimides,146.18,6.18
*/C(C#N)=C(\C#N)n1c(=O)c2cc3c(=O)n(*)c(=O)c3cc2c1=O,210.0,P432005,Polyimides/thioimides,101.86,4.63
*C1CCC(N2C(=O)c3ccc(-c4ccc5c(c4)C(=O)N(*)C5=O)cc3C2=O)CC1,360.0,P432006,Polyimides/thioimides,102.23,4.51
*CC(c1ccccc1)C1C(=O)N(c2ccccc2)C(=O)C1*,221.0,P432007,Polyimides/thioimides,92.41,3.71
*C1(C)CC(*)(C)C(=O)N(C)C1=O,170.0,P432009,Polyimides/thioimides,51.63,1.9
*c1ccc2c(c1)C(=O)N(c1ccc(-c3ccc(N4C(=O)c5ccc(C(*)(C(F)(F)F)C(F)(F)F)cc5C4=O)c(O)c3)cc1O)C2=O,358.0,P432010,Polyimides/thioimides,147.12,5.88
*c1cc(C(c2ccc(O)c(-n3c(=O)c4cc5c(=O)n(*)c(=O)c5cc4c3=O)c2)(C(F)(F)F)C(F)(F)F)ccc1O,350.0,P432011,Polyimides/thioimides,156.1,6.74
*c1c(C)cc(-c2cc(C)c(-n3c(=O)c4cc5c(=O)n(*)c(=O)c5cc4c3=O)c(C)c2)cc1C,340.0,P432021,Polyimides/thioimides,148.41,6.13
*c1c(C)cc(-c2cc(C)c(N3C(=O)c4ccc(-c5ccc6c(c5)C(=O)N(*)C6=O)cc4C3=O)c(C)c2)cc1C,285.0,P432022,Polyimides/thioimides,148.36,5.38
*c1cc(C)c(-c2c(C)cc(-n3c(=O)c4cc5c(=O)n(*)c(=O)c5cc4c3=O)cc2C)c(C)c1,353.0,P432023,Polyimides/thioimides,170.21,6.93
*c1cc(C)c(-c2c(C)cc(N3C(=O)c4ccc(-c5ccc6c(c5)C(=O)N(*)C6=O)cc4C3=O)cc2C)c(C)c1,280.0,P432024,Polyimides/thioimides,135.31,4.92
*c1ccc2c(c1)C(=O)N(c1cc(C)c(-c3c(C)cc(N4C(=O)c5ccc(C(*)(C(F)(F)F)C(F)(F)F)cc5C4=O)cc3C)c(C)c1)C2=O,346.0,P432025,Polyimides/thioimides,134.53,6.18
*c1ccc2c(c1)C(=O)N(c1ccc(C(c3ccc(C)c(N4C(=O)c5ccc(C(*)(C(F)(F)F)C(F)(F)F)cc5C4=O)c3)(C(F)(F)F)C(F)(F)F)cc1C)C2=O,266.0,P432029,Polyimides/thioimides,134.11,5.78
*c1ccc(C2(c3ccc(N4C(=O)C(c5ccccc5)=C(c5ccc(C6=C(c7ccccc7)C(=O)N(*)C6=O)cc5)C4=O)cc3)c3ccccc3-c3ccccc32)cc1,340.0,P432031,Polyimides/thioimides,178.69,7.56
*C1C(=O)N(C(C)CC)C(=O)C1*,205.0,P432033,Polyimides/thioimides,52.66,1.99
*c1ccc(-n2c(=O)c3cc4c(=O)n(*)c(=O)c4cc3c2=O)c(S(=O)(=O)O[Na])c1,227.0,P432034,Polyimides/thioimides,125.55,5.0
*c1ccc(/C=C/c2ccc(-n3c(=O)c4cc5c(=O)n(*)c(=O)c5cc4c3=O)cc2S(=O)(=O)O[Na])c(S(=O)(=O)O[Na])c1,228.0,P432035,Polyimides/thioimides,145.27,5.5
*CCCCCCN1C(=O)c2ccc(-c3ccc(-c4ccc5c(c4)C(=O)N(*)C5=O)cc3)cc2C1=O,141.0,P432037,Polyimides/thioimides,89.44,3.95
*CCCCCCCN1C(=O)c2ccc(-c3ccc(-c4ccc5c(c4)C(=O)N(*)C5=O)cc3)cc2C1=O,135.0,P432038,Polyimides/thioimides,86.96,3.64
*CCCCCCCCN1C(=O)c2ccc(-c3ccc(-c4ccc5c(c4)C(=O)N(*)C5=O)cc3)cc2C1=O,120.0,P432039,Polyimides/thioimides,98.35,3.23
*CCCCCCCCCN1C(=O)c2ccc(-c3ccc(-c4ccc5c(c4)C(=O)N(*)C5=O)cc3)cc2C1=O,104.0,P432040,Polyimides/thioimides,89.14,3.11
*CCCCCCCCCCN1C(=O)c2ccc(-c3ccc(-c4ccc5c(c4)C(=O)N(*)C5=O)cc3)cc2C1=O,103.0,P432041,Polyimides/thioimides,91.2,3.42
*CCCCCCCCCCCN1C(=O)c2ccc(-c3ccc(-c4ccc5c(c4)C(=O)N(*)C5=O)cc3)cc2C1=O,89.0,P432042,Polyimides/thioimides,76.5,3.09
*CCCCCCCCCCCCN1C(=O)c2ccc(-c3ccc(-c4ccc5c(c4)C(=O)N(*)C5=O)cc3)cc2C1=O,86.0,P432043,Polyimides/thioimides,76.58,3.24
*CC(c1ccccc1)C1C(=O)N(c2ccc(NC(=O)OCC3CCCN3c3ccc([N+](=O)[O-])cc3)cc2)C(=O)C1*,208.0,P432044,Polyimides/thioimides,106.04,3.68
*c1ccc(-c2ccc(N3C(=O)c4ccc(Oc5ccc(Oc6ccc7c(c6)C(=O)N(*)C7=O)cc5)cc4C3=O)cc2)cc1,266.0,P432048,"Polyimides/thioimides, Polyoxides/ethers/acetals",146.72,6.25
*c1ccc(-c2ccc(N3C(=O)c4ccc(Oc5ccc(Oc6ccc7c(c6)C(=O)N(*)C7=O)cc5)cc4C3=O)c(OC)c2)cc1OC,274.0,P432049,"Polyimides/thioimides, Polyoxides/ethers/acetals",135.57,6.1
*c1ccc(C(=O)c2ccc(N3C(=O)c4ccc(Oc5ccc(Oc6ccc7c(c6)C(=O)N(*)C7=O)cc5)cc4C3=O)cc2)cc1,268.0,P432050,"Polyimides/thioimides, Polyoxides/ethers/acetals, Polyketones/thioketones",156.7,5.81
*c1ccc(Cc2ccc(N3C(=O)c4ccc(Oc5ccc(Oc6ccc7c(c6)C(=O)N(*)C7=O)cc5)cc4C3=O)cc2)cc1,259.0,P432051,"Polyimides/thioimides, Polyoxides/ethers/acetals",138.82,6.35
*c1ccc(S(=O)(=O)c2ccc(N3C(=O)c4ccc(Oc5ccc(Oc6ccc7c(c6)C(=O)N(*)C7=O)cc5)cc4C3=O)cc2)cc1,283.0,P432052,"Polyimides/thioimides, Polyoxides/ethers/acetals, Polysulfones/sulfoxides/sufonates/sulfoamides",164.67,5.83
*c1ccc(C(C)(C)c2ccc(N3C(=O)c4ccc(Oc5ccc(Oc6ccc7c(c6)C(=O)N(*)C7=O)cc5)cc4C3=O)cc2)cc1,264.0,P432053,"Polyimides/thioimides, Polyoxides/ethers/acetals",161.59,5.73
*c1ccc(Cc2ccc(N3C(=O)c4ccc(Oc5ccc(Oc6ccc7c(c6)C(=O)N(*)C7=O)cc5)cc4C3=O)c(OC)c2)cc1OC,269.0,P432054,"Polyimides/thioimides, Polyoxides/ethers/acetals",159.11,5.35
*c1ccc(-c2ccc(N3C(=O)c4ccc(Oc5ccc6c(c5)C(=O)N(*)C6=O)cc4C3=O)cc2C(F)(F)F)c(C(F)(F)F)c1,275.0,P432056,"Polyimides/thioimides, Polyoxides/ethers/acetals",141.01,5.43
*c1cccc(Oc2cccc(-n3c(=O)c4cc5c(=O)n(*)c(=O)c5cc4c3=O)c2)c1,283.5,P432060,"Polyimides/thioimides, Polyoxides/ethers/acetals",151.83,6.49
*c1cccc(Oc2ccc(C(c3ccc(Oc4cccc(-n5c(=O)c6cc7c(=O)n(*)c(=O)c7cc6c5=O)c4)cc3)(C(F)(F)F)C(F)(F)F)cc2)c1,235.0,P432061,"Polyimides/thioimides, Polyoxides/ethers/acetals",193.44,8.07
*c1ccc2c(c1)C(=O)N(c1cccc(Oc3ccc(C(c4ccc(Oc5cccc(N6C(=O)c7ccc(C(*)(C(F)(F)F)C(F)(F)F)cc7C6=O)c5)cc4)(C(F)(F)F)C(F)(F)F)cc3)c1)C2=O,224.0,P432062,"Polyimides/thioimides, Polyoxides/ethers/acetals",177.26,6.28
*CCCCCCOC(=O)CCCCCCCCCCCCCCCCCCC(=O)OCCCCCCN1C(=O)c2ccc(S(=O)(=O)c3ccc4c(c3)C(=O)N(*)C4=O)cc2C1=O,19.0,P432065,"Polyimides/thioimides, Polyesters/thioesters, Polysulfones/sulfoxides/sufonates/sulfoamides",36.16,1.01
*c1ccc2c(c1)C(=O)N(c1ccc(Oc3ccc(-c4ccc(Oc5ccc(N6C(=O)c7ccc(C(*)(C(F)(F)F)C(F)(F)F)cc7C6=O)cc5)cc4)cc3)cc1)C2=O,288.0,P432066,"Polyimides/thioimides, Polyoxides/ethers/acetals",186.58,6.2
*c1ccc(C2(c3ccc(N4C(=O)c5ccc(S(=O)(=O)c6ccc7c(c6)C(=O)N(*)C7=O)cc5C4=O)cc3)c3ccccc3-c3ccccc32)cc1,392.0,P432067,"Polyimides/thioimides, Polysulfones/sulfoxides/sufonates/sulfoamides",176.22,8.23
*c1ccc(Oc2ccc(Oc3ccc(N4C(=O)C(c5ccccc5)=C(c5ccc(C6=C(c7ccccc7)C(=O)N(*)C6=O)cc5)C4=O)cc3)cc2)cc1,267.0,P432068,"Polyimides/thioimides, Polyoxides/ethers/acetals",151.36,6.04
*c1ccc(Oc2ccc(-c3ccc(Oc4ccc(N5C(=O)C(c6ccccc6)=C(c6ccc(C7=C(c8ccccc8)C(=O)N(*)C7=O)cc6)C5=O)cc4)cc3)cc2)cc1,282.0,P432069,"Polyimides/thioimides, Polyoxides/ethers/acetals",166.79,8.17
*c1ccc(Oc2ccc(N3C(=O)C(c4ccccc4)=C(c4ccc(C5=C(c6ccccc6)C(=O)N(*)C5=O)cc4)C3=O)cc2)cc1,293.0,P432070,"Polyimides/thioimides, Polyoxides/ethers/acetals",152.05,6.16
*c1ccc2c(c1)C(=O)N(c1ccc(OCCCCOc3ccc(N4C(=O)c5ccc(C(*)(C(F)(F)F)C(F)(F)F)cc5C4=O)cc3)cc1)C2=O,169.0,P432071,"Polyimides/thioimides, Polyoxides/ethers/acetals",109.75,4.36
*c1ccc2c(c1)C(=O)N(c1ccc(OCCCCCCOc3ccc(N4C(=O)c5ccc(C(*)(C(F)(F)F)C(F)(F)F)cc5C4=O)cc3)cc1)C2=O,167.0,P432072,"Polyimides/thioimides, Polyoxides/ethers/acetals",109.66,4.58
*c1ccc2c(c1)C(=O)N(c1ccc(OCCCCCCCCCCOc3ccc(N4C(=O)c5ccc(C(*)(C(F)(F)F)C(F)(F)F)cc5C4=O)cc3)cc1)C2=O,143.0,P432073,"Polyimides/thioimides, Polyoxides/ethers/acetals",109.52,4.13
*CCCCCC(=O)Oc1ccc(OC(=O)CCCCCn2c(=O)c3cc4c(=O)n(*)c(=O)c4cc3c2=O)c(C)c1,78.0,P432079,"Polyimides/thioimides, Polyesters/thioesters",103.21,3.62
*CCCCCC(=O)Oc1ccc(OC(=O)CCCCCn2c(=O)c3cc4c(=O)n(*)c(=O)c4cc3c2=O)c(Cl)c1,87.0,P432080,"Polyimides/thioimides, Polyesters/thioesters",96.36,3.91
*CCCCCC(=O)Oc1ccc(OC(=O)CCCCCn2c(=O)c3cc4c(=O)n(*)c(=O)c4cc3c2=O)c(-c2ccccc2)c1,82.0,P432081,"Polyimides/thioimides, Polyesters/thioesters",117.84,4.3
*CCCCCC(=O)Oc1ccc(Oc2ccc(OC(=O)CCCCCn3c(=O)c4cc5c(=O)n(*)c(=O)c5cc4c3=O)cc2)cc1,91.0,P432082,"Polyimides/thioimides, Polyoxides/ethers/acetals, Polyesters/thioesters",114.72,4.71
*CCCCCC(=O)Oc1ccc2ccc(OC(=O)CCCCCn3c(=O)c4cc5c(=O)n(*)c(=O)c5cc4c3=O)cc2c1,98.0,P432083,"Polyimides/thioimides, Polyesters/thioesters",111.47,4.54
*CCCCCCCCCCC(=O)Oc1ccc2cc(OC(=O)CCCCCCCCCCn3c(=O)c4cc5c(=O)n(*)c(=O)c5cc4c3=O)ccc2c1,66.0,P432085,"Polyimides/thioimides, Polyesters/thioesters",105.4,4.52
*CCCCCCCCCCCC(=O)Oc1ccc2cc(OC(=O)CCCCCCCCCCCn3c(=O)c4cc5c(=O)n(*)c(=O)c5cc4c3=O)ccc2c1,62.0,P432086,"Polyimides/thioimides, Polyesters/thioesters",98.29,3.76
*c1ccc(Oc2ccc(N3C(=O)c4ccc(Sc5ccc6c(c5)C(=O)N(*)C6=O)cc4C3=O)cc2)cc1,258.0,P432091,"Polyimides/thioimides, Polyoxides/ethers/acetals, Polysulfides",134.18,5.55
*c1ccc(Oc2ccc(N3C(=O)c4ccc(S(=O)(=O)c5ccc6c(c5)C(=O)N(*)C6=O)cc4C3=O)cc2)cc1,283.5,P432092,"Polyimides/thioimides, Polyoxides/ethers/acetals, Polysulfones/sulfoxides/sufonates/sulfoamides",135.09,5.64
*c1ccc(Oc2ccc(N3C(=O)c4ccc([Si](C)(C)c5ccc6c(c5)C(=O)N(*)C6=O)cc4C3=O)cc2)cc1,274.0,P432093,"Polyimides/thioimides, Polyoxides/ethers/acetals, Polysiloxanes/silanes",138.61,5.48
*c1ccc(Cc2ccc(N3C(=O)c4ccc(Sc5ccc6c(c5)C(=O)N(*)C6=O)cc4C3=O)cc2)cc1,265.0,P432094,"Polyimides/thioimides, Polysulfides",124.33,5.56
*c1ccc(Cc2ccc(N3C(=O)c4ccc(S(=O)(=O)c5ccc6c(c5)C(=O)N(*)C6=O)cc4C3=O)cc2)cc1,319.0,P432095,"Polyimides/thioimides, Polysulfones/sulfoxides/sufonates/sulfoamides",138.02,5.74
*c1ccc(Cc2ccc(N3C(=O)c4ccc(Oc5ccc(C(C)(C)c6ccc(Oc7ccc8c(c7)C(=O)N(*)C8=O)cc6)cc5)cc4C3=O)cc2)cc1,217.0,P432096,"Polyimides/thioimides, Polyoxides/ethers/acetals",166.48,6.27
*c1ccc2c(c1)C(=O)N(c1ccc(Oc3ccc(C(C)(C)c4ccc(Oc5ccc(N6C(=O)c7ccc(C(*)(C(F)(F)F)C(F)(F)F)cc7C6=O)cc5)cc4)cc3)cc1)C2=O,244.4,P432097,"Polyimides/thioimides, Polyoxides/ethers/acetals",182.94,7.23
*c1ccc2c(c1)C(=O)N(c1ccc(Oc3ccc(S(=O)(=O)c4ccc(Oc5ccc(N6C(=O)c7ccc(C(*)(C(F)(F)F)C(F)(F)F)cc7C6=O)cc5)cc4)cc3)cc1)C2=O,276.5,P432098,"Polyimides/thioimides, Polyoxides/ethers/acetals, Polysulfones/sulfoxides/sufonates/sulfoamides",172.02,6.66
*c1ccc2c(c1)C(=O)N(c1cccc(Oc3ccc(S(=O)(=O)c4ccc(Oc5cccc(N6C(=O)c7ccc(C(*)(C(F)(F)F)C(F)(F)F)cc7C6=O)c5)cc4)cc3)c1)C2=O,209.5,P432099,"Polyimides/thioimides, Polyoxides/ethers/acetals, Polysulfones/sulfoxides/sufonates/sulfoamides",163.97,6.65
*c1ccc(C(C)(C)c2ccc(N3C(=O)c4ccc(Oc5ccc6c(c5)C(=O)N(*)C6=O)cc4C3=O)cc2)cc1,265.0,P432100,"Polyimides/thioimides, Polyoxides/ethers/acetals",118.93,5.47
*c1ccc(Oc2ccc(S(=O)(=O)c3ccc(Oc4ccc(N5C(=O)c6ccc(S(=O)(=O)c7ccc8c(c7)C(=O)N(*)C8=O)cc6C5=O)cc4)cc3)cc2)cc1,274.0,P432101,"Polyimides/thioimides, Polyoxides/ethers/acetals, Polysulfones/sulfoxides/sufonates/sulfoamides",168.5,6.36
*c1cccc(N2C(=O)c3ccc(Oc4ccc5c(c4)C4(CC(C)(C)c6ccc(Oc7ccc8c(c7)C(=O)N(*)C8=O)cc64)CC5(C)C)cc3C2=O)c1,253.0,P432102,"Polyimides/thioimides, Polyoxides/ethers/acetals",142.42,6.28
*c1cccc(OP(=O)(Oc2cccc(-n3c(=O)c4cc5c(=O)n(*)c(=O)c5cc4c3=O)c2)c2ccccc2)c1,191.0,P432104,"Polyimides/thioimides, Polyoxides/ethers/acetals",153.03,6.18
*C(=O)c1ccc2c(c1)C(=O)N(c1cccc(OP(=O)(Oc3cccc(N4C(=O)c5ccc(*)cc5C4=O)c3)c3ccccc3)c1)C2=O,176.5,P432105,"Polyimides/thioimides, Polyoxides/ethers/acetals, Polyketones/thioketones",135.72,5.01
*C(=O)Nc1ccc(Oc2ccc(NC(=O)c3ccc4c(c3)C(=O)N(c3ccc(-c5sc(-c6ccc(N7C(=O)c8ccc(*)cc8C7=O)cc6)c(-c6ccccc6)c5-c5ccccc5)cc3)C4=O)cc2)cc1,320.0,P432106,"Polyimides/thioimides, Polyoxides/ethers/acetals, Polysulfides, Polyamides/thioamides",202.95,8.47
*C(=O)Nc1ccc(Oc2cccc(NC(=O)c3ccc4c(c3)C(=O)N(c3ccc(-c5sc(-c6ccc(N7C(=O)c8ccc(*)cc8C7=O)cc6)c(-c6ccccc6)c5-c5ccccc5)cc3)C4=O)c2)cc1,315.0,P432107,"Polyimides/thioimides, Polyoxides/ethers/acetals, Polysulfides, Polyamides/thioamides",210.48,9.37
*C(=O)Nc1ccc(Cc2ccc(NC(=O)c3ccc4c(c3)C(=O)N(c3ccc(-c5sc(-c6ccc(N7C(=O)c8ccc(*)cc8C7=O)cc6)c(-c6ccccc6)c5-c5ccccc5)cc3)C4=O)cc2)cc1,253.0,P432108,"Polyimides/thioimides, Polysulfides, Polyamides/thioamides",218.06,8.3
*C(=O)Nc1cccc(C(=O)c2cccc(NC(=O)c3ccc4c(c3)C(=O)N(c3ccc(-c5sc(-c6ccc(N7C(=O)c8ccc(*)cc8C7=O)cc6)c(-c6ccccc6)c5-c5ccccc5)cc3)C4=O)c2)c1,308.0,P432110,"Polyimides/thioimides, Polysulfides, Polyamides/thioamides, Polyketones/thioketones",202.5,9.89
*C(=O)Nc1ccc(S(=O)(=O)c2ccc(NC(=O)c3ccc4c(c3)C(=O)N(c3ccc(-c5sc(-c6ccc(N7C(=O)c8ccc(*)cc8C7=O)cc6)c(-c6ccccc6)c5-c5ccccc5)cc3)C4=O)cc2)cc1,340.0,P432111,"Polyimides/thioimides, Polysulfides, Polyamides/thioamides, Polysulfones/sulfoxides/sufonates/sulfoamides",224.94,9.44
*C(=O)Nc1cccc(S(=O)(=O)c2cccc(NC(=O)c3ccc4c(c3)C(=O)N(c3ccc(-c5sc(-c6ccc(N7C(=O)c8ccc(*)cc8C7=O)cc6)c(-c6ccccc6)c5-c5ccccc5)cc3)C4=O)c2)c1,320.0,P432112,"Polyimides/thioimides, Polysulfides, Polyamides/thioamides, Polysulfones/sulfoxides/sufonates/sulfoamides",206.16,9.82
*C(=O)Nc1ccc(NC(=O)c2ccc3c(c2)C(=O)N(c2ccc(-c4sc(-c5ccc(N6C(=O)c7ccc(*)cc7C6=O)cc5)c(-c5ccccc5)c4-c4ccccc4)cc2)C3=O)cc1,333.0,P432113,"Polyimides/thioimides, Polysulfides, Polyamides/thioamides",196.17,8.75
*C(=O)Nc1cccc(NC(=O)c2ccc3c(c2)C(=O)N(c2ccc(-c4sc(-c5ccc(N6C(=O)c7ccc(*)cc7C6=O)cc5)c(-c5ccccc5)c4-c4ccccc4)cc2)C3=O)c1,334.0,P432114,"Polyimides/thioimides, Polysulfides, Polyamides/thioamides",219.54,8.98
*C(=O)Nc1ccc(Oc2ccc(Oc3ccc(NC(=O)c4ccc5c(c4)C(=O)N(c4ccc(-c6sc(-c7ccc(N8C(=O)c9ccc(*)cc9C8=O)cc7)c(-c7ccccc7)c6-c6ccccc6)cc4)C5=O)cc3)cc2)cc1,303.0,P432115,"Polyimides/thioimides, Polyoxides/ethers/acetals, Polysulfides, Polyamides/thioamides",241.63,9.05
*C(=O)Nc1ccc(Oc2ccc(C(C)(C)c3ccc(Oc4ccc(NC(=O)c5ccc6c(c5)C(=O)N(c5ccc(-c7sc(-c8ccc(N9C(=O)c%10ccc(*)cc%10C9=O)cc8)c(-c8ccccc8)c7-c7ccccc7)cc5)C6=O)cc4)cc3)cc2)cc1,287.0,P432116,"Polyimides/thioimides, Polyoxides/ethers/acetals, Polysulfides, Polyamides/thioamides",243.39,10.46
*C(=O)Nc1ccc(-c2sc(-c3ccc(NC(=O)c4ccc5c(c4)C(=O)N(c4ccc(-c6sc(-c7ccc(N8C(=O)c9ccc(*)cc9C8=O)cc7)c(-c7ccccc7)c6-c6ccccc6)cc4)C5=O)cc3)c(-c3ccccc3)c2-c2ccccc2)cc1,338.0,P432117,"Polyimides/thioimides, Polysulfides, Polyamides/thioamides",268.14,11.65
*CCCCCCOC(=O)OCCCCCCOC(=O)OCCCCCCn1c(=O)c2cc3c(=O)n(*)c(=O)c3cc2c1=O,17.0,P432118,"Polyimides/thioimides, Polycarbonates/thiocarbonates",62.95,2.32
*CCCCCCOC(=O)OCCCCCCCCOC(=O)OCCCCCCn1c(=O)c2cc3c(=O)n(*)c(=O)c3cc2c1=O,8.0,P432119,"Polyimides/thioimides, Polycarbonates/thiocarbonates",67.76,2.34
*CCCCCCOC(=O)OCCCCCCCCCCOC(=O)OCCCCCCn1c(=O)c2cc3c(=O)n(*)c(=O)c3cc2c1=O,-2.0,P432120,"Polyimides/thioimides, Polycarbonates/thiocarbonates",53.79,2.17
*CCCCCCOC(=O)OCCCCCCCCCCCCOC(=O)OCCCCCCn1c(=O)c2cc3c(=O)n(*)c(=O)c3cc2c1=O,-9.0,P432121,"Polyimides/thioimides, Polycarbonates/thiocarbonates",55.5,2.09
*c1ccc(-c2ccc(N3C(=O)c4ccc(S(=O)(=O)c5ccc6c(c5)C(=O)N(*)C6=O)cc4C3=O)cc2C(F)(F)F)c(C(F)(F)F)c1,320.0,P432127,"Polyimides/thioimides, Polysulfones/sulfoxides/sufonates/sulfoamides",160.06,6.07
*c1c(C)cc(-c2cc(C)c(N3C(=O)c4ccc(S(=O)(=O)c5ccc6c(c5)C(=O)N(*)C6=O)cc4C3=O)c(C)c2)cc1C,290.0,P432128,"Polyimides/thioimides, Polysulfones/sulfoxides/sufonates/sulfoamides",146.4,5.25
*C(=O)c1ccc2c(c1)C(=O)N(c1c(C)cc(-c3cc(C)c(N4C(=O)c5ccc(*)cc5C4=O)c(C)c3)cc1C)C2=O,310.0,P432129,"Polyimides/thioimides, Polyketones/thioketones",151.27,5.92
*C(=O)c1ccc2c(c1)C(=O)N(c1ccc(Cl)c(N3C(=O)c4ccc(*)cc4C3=O)c1)C2=O,305.0,P432130,"Polyimides/thioimides, Polyketones/thioketones",111.89,4.6
*C(=O)c1ccc2c(c1)C(=O)N(c1cc(N3C(=O)c4ccc(*)cc4C3=O)c(C)cc1C)C2=O,305.0,P432131,"Polyimides/thioimides, Polyketones/thioketones",127.9,5.21
*c1ccc(S(=O)(=O)c2ccc(N3C(=O)c4ccc(Oc5ccc6c(c5)C(=O)N(*)C6=O)cc4C3=O)cc2)cc1,262.0,P432132,"Polyimides/thioimides, Polyoxides/ethers/acetals, Polysulfones/sulfoxides/sufonates/sulfoamides",145.1,5.39
*c1ccc(Oc2ccc(NC(=O)c3cccc(C(=O)Nc4ccc(Oc5ccc(-n6c(=O)c7cc8c(=O)n(*)c(=O)c8cc7c6=O)cc5)cc4)c3)cc2)cc1,282.0,P432138,"Polyimides/thioimides, Polyoxides/ethers/acetals, Polyamides/thioamides",177.79,8.1
*c1ccc(S(=O)(=O)c2ccc(NC(=O)c3cccc(C(=O)Nc4ccc(S(=O)(=O)c5ccc(-n6c(=O)c7cc8c(=O)n(*)c(=O)c8cc7c6=O)cc5)cc4)c3)cc2)cc1,286.0,P432139,"Polyimides/thioimides, Polyamides/thioamides, Polysulfones/sulfoxides/sufonates/sulfoamides",215.97,8.11
*c1ccc2c(c1)C(=O)N(c1ccc(Oc3ccc(N4C(=O)c5ccc(C(*)O[Si](C)(C)C)cc5C4=O)cc3)cc1)C2=O,210.0,P432140,"Polyimides/thioimides, Polyoxides/ethers/acetals",132.7,5.25
*c1ccc2c(c1)C(=O)N(c1ccc(Oc3ccc(N4C(=O)c5ccc(C(*)O[Si](C)(C)O[Si](C)(C)O[Si](C)(C)C)cc5C4=O)cc3)cc1)C2=O,167.0,P432141,"Polyimides/thioimides, Polyoxides/ethers/acetals",111.25,4.48
*C(=O)c1ccc2c(c1)C(=O)N(c1cccc(C(O[Si](C)(C)O[Si](C)(C)O[Si](C)(C)C)c3cccc(N4C(=O)c5ccc(*)cc5C4=O)c3)c1)C2=O,235.0,P432142,"Polyimides/thioimides, Polyketones/thioketones",131.8,4.75
*c1ccc2c(c1)C(=O)N(c1cccc(C(O)c3cccc(N4C(=O)c5ccc(C(*)(C(F)(F)F)C(F)(F)F)cc5C4=O)c3)c1)C2=O,262.0,P432143,Polyimides/thioimides,135.76,5.14
*c1cccc(C(O)c2cccc(N3C(=O)c4ccc(Oc5ccc6c(c5)C(=O)N(*)C6=O)cc4C3=O)c2)c1,252.0,P432145,"Polyimides/thioimides, Polyoxides/ethers/acetals",123.11,5.06
*c1cccc(C(O[Si](C)(C)O[Si](C)(C)O[Si](C)(C)C)c2cccc(N3C(=O)c4ccc(Oc5ccc6c(c5)C(=O)N(*)C6=O)cc4C3=O)c2)c1,219.0,P432146,"Polyimides/thioimides, Polyoxides/ethers/acetals",123.38,4.35
*CCCOC(=O)OCCCCCCOC(=O)OCCCn1c(=O)c2cc3c(=O)n(*)c(=O)c3cc2c1=O,36.0,P432148,"Polyimides/thioimides, Polycarbonates/thiocarbonates",80.11,3.15
*CCCCOC(=O)OCCCCCCOC(=O)OCCCCn1c(=O)c2cc3c(=O)n(*)c(=O)c3cc2c1=O,37.0,P432149,"Polyimides/thioimides, Polycarbonates/thiocarbonates",67.17,2.91
*/C(C#N)=C(\C#N)N1C(=O)c2ccc(C(=O)c3ccc(-c4ccc5c(c4)C(=O)N(*)C5=O)cc3)cc2C1=O,249.0,P432151,"Polyimides/thioimides, Polyketones/thioketones",111.44,4.24
*CCOCCOCCN1C(=O)c2ccc(C(=O)Oc3ccc(OC(=O)c4ccc5c(c4)C(=O)N(*)C5=O)cc3)cc2C1=O,105.0,P432152,"Polyimides/thioimides, Polyoxides/ethers/acetals, Polyesters/thioesters",93.16,3.61
*CCOCCOCCN1C(=O)c2ccc(C(=O)Oc3ccc4cc(OC(=O)c5ccc6c(c5)C(=O)N(*)C6=O)ccc4c3)cc2C1=O,105.0,P432153,"Polyimides/thioimides, Polyoxides/ethers/acetals, Polyesters/thioesters",100.93,4.45
*CCOCCOCCN1C(=O)c2ccc(C(=O)Oc3ccc(-c4ccc(OC(=O)c5ccc6c(c5)C(=O)N(*)C6=O)cc4)cc3)cc2C1=O,109.0,P432154,"Polyimides/thioimides, Polyoxides/ethers/acetals, Polyesters/thioesters",117.47,4.1
*CCOCCOCCN1C(=O)c2ccc(C(=O)Oc3ccc(C(C)(C)c4ccc(OC(=O)c5ccc6c(c5)C(=O)N(*)C6=O)cc4)cc3)cc2C1=O,118.0,P432155,"Polyimides/thioimides, Polyoxides/ethers/acetals, Polyesters/thioesters",102.45,3.9
*CCOCCOCCN1C(=O)c2ccc(C(=O)Oc3ccc(OC(=O)c4ccc5c(c4)C(=O)N(*)C5=O)c(-c4ccccc4)c3)cc2C1=O,105.0,P432156,"Polyimides/thioimides, Polyoxides/ethers/acetals, Polyesters/thioesters",116.88,4.47
*CCCOCCCCOCCCN1C(=O)c2ccc(C(=O)Oc3ccc(OC(=O)c4ccc5c(c4)C(=O)N(*)C5=O)cc3)cc2C1=O,56.0,P432157,"Polyimides/thioimides, Polyoxides/ethers/acetals, Polyesters/thioesters",86.79,3.16
*CCCOCCCCOCCCN1C(=O)c2ccc(C(=O)Oc3ccc4cc(OC(=O)c5ccc6c(c5)C(=O)N(*)C6=O)ccc4c3)cc2C1=O,68.0,P432158,"Polyimides/thioimides, Polyoxides/ethers/acetals, Polyesters/thioesters",93.17,3.68
*CCCOCCCCOCCCN1C(=O)c2ccc(C(=O)Oc3ccc(-c4ccc(OC(=O)c5ccc6c(c5)C(=O)N(*)C6=O)cc4)cc3)cc2C1=O,70.0,P432159,"Polyimides/thioimides, Polyoxides/ethers/acetals, Polyesters/thioesters",90.36,3.97
*CCCOCCCCOCCCN1C(=O)c2ccc(C(=O)Oc3ccc(C(C)(C)c4ccc(OC(=O)c5ccc6c(c5)C(=O)N(*)C6=O)cc4)cc3)cc2C1=O,60.0,P432160,"Polyimides/thioimides, Polyoxides/ethers/acetals, Polyesters/thioesters",92.91,3.54
*CCCOCCCCOCCCN1C(=O)c2ccc(C(=O)Oc3ccc(OC(=O)c4ccc5c(c4)C(=O)N(*)C5=O)c(-c4ccccc4)c3)cc2C1=O,71.0,P432161,"Polyimides/thioimides, Polyoxides/ethers/acetals, Polyesters/thioesters",105.98,3.91
*C(=O)c1ccc2c(c1)C(=O)N(c1ccc(Cc3ccc(Cc4ccc(Cc5ccc(N6C(=O)c7ccc(*)cc7C6=O)cc5)cc4)cc3)cc1)C2=O,302.0,P432162,"Polyimides/thioimides, Polyketones/thioketones",168.44,6.4
*C(=O)c1ccc2c(c1)C(=O)N(c1ccc(Cc3ccc(Cc4ccc(N5C(=O)c6ccc(*)cc6C5=O)cc4)cc3)cc1)C2=O,347.0,P432163,"Polyimides/thioimides, Polyketones/thioketones",140.74,5.88
*C(=O)c1ccc2c(c1)C(=O)N(c1ccc(Cc3ccc(Cc4cccc(N5C(=O)c6ccc(*)cc6C5=O)c4)cc3)cc1)C2=O,317.0,P432164,"Polyimides/thioimides, Polyketones/thioketones",163.27,6.78
*c1ccc(Cc2ccc(N3C(=O)C(Cl)=C(Oc4ccc(C(c5ccc(OC6=C(Cl)C(=O)N(*)C6=O)cc5)(C(F)(F)F)C(F)(F)F)cc4)C3=O)cc2)cc1,189.0,P432165,"Polyimides/thioimides, Polyoxides/ethers/acetals",140.17,4.41
*c1ccc(Oc2ccc(N3C(=O)C(Cl)=C(Oc4ccc(C(c5ccc(OC6=C(Cl)C(=O)N(*)C6=O)cc5)(C(F)(F)F)C(F)(F)F)cc4)C3=O)cc2)cc1,193.0,P432166,"Polyimides/thioimides, Polyoxides/ethers/acetals",142.08,5.08
*c1ccc(Cc2ccc(N3C(=O)C(Cl)=C(Oc4ccc(C(C)(C)c5ccc(OC6=C(Cl)C(=O)N(*)C6=O)cc5)cc4)C3=O)cc2)cc1,172.0,P432167,"Polyimides/thioimides, Polyoxides/ethers/acetals",132.69,5.0
*c1ccc(Oc2ccc(N3C(=O)C(Cl)=C(Oc4ccc(C(C)(C)c5ccc(OC6=C(Cl)C(=O)N(*)C6=O)cc5)cc4)C3=O)cc2)cc1,175.0,P432168,"Polyimides/thioimides, Polyoxides/ethers/acetals",120.83,4.31
*C(=O)c1ccc2c(c1)C(=O)N(c1ccc(/C=C/c3ccc(N4C(=O)c5ccc(*)cc5C4=O)cc3S(=O)(=O)O[Na])c(S(=O)(=O)O[Na])c1)C2=O,229.0,P432169,"Polyimides/thioimides, Polyketones/thioketones",120.11,5.3
*C(=O)c1ccc2c(c1)C(=O)N(c1ccc(N3C(=O)c4ccc(*)cc4C3=O)c(S(=O)(=O)O[Na])c1)C2=O,214.0,P432170,"Polyimides/thioimides, Polyketones/thioketones",111.04,4.15
*C(=O)Nc1ccc(Oc2ccc(C(C)(C)c3cccc(C(C)(C)c4ccc(Oc5ccc(N6C(=O)c7ccc(*)cc7C6=O)cc5)cc4)c3)cc2)cc1,177.0,P432171,"Polyimides/thioimides, Polyoxides/ethers/acetals, Polyamides/thioamides",138.39,6.17
*CCCCCCOC(=O)c1cc(OCCCCCCOc2ccc(/N=N/c3ccc(C#N)cc3)cc2)cc(C(=O)OCCCCCCn2c(=O)c3cc4c(=O)n(*)c(=O)c4cc3c2=O)c1,46.0,P432172,"Polyimides/thioimides, Polyesters/thioesters",112.41,4.83
*CCCCCCOC(=O)c1cc(OCCCCCCOc2ccc(/N=N/c3ccc(C#N)cc3)cc2)cc(C(=O)OCCCCCCN2C(=O)c3ccc(-c4ccc5c(c4)C(=O)N(*)C5=O)cc3C2=O)c1,93.0,P432173,"Polyimides/thioimides, Polyesters/thioesters",105.91,4.2
*CCCCCCOC(=O)c1cc(OCCCCCCOc2ccc(/N=N/c3ccc(C#N)cc3)cc2)cc(C(=O)OCCCCCCN2C(=O)c3ccc(-c4ccc(-c5ccc6c(c5)C(=O)N(*)C6=O)cc4)cc3C2=O)c1,67.0,P432174,"Polyimides/thioimides, Polyesters/thioesters",132.91,5.2
*CCCCCCOC(=O)c1cc(OCCCCCCOc2ccc(/N=N/c3ccc(C#N)cc3)cc2)cc(C(=O)OCCCCCCN2C(=O)c3ccc(Oc4ccc5c(c4)C(=O)N(*)C5=O)cc3C2=O)c1,61.0,P432176,"Polyimides/thioimides, Polyoxides/ethers/acetals, Polyesters/thioesters",107.24,4.17
*c1ccc(C)c(N2C(=O)c3ccc(S(=O)(=O)c4ccc5c(c4)C(=O)N(*)C5=O)cc3C2=O)c1,348.0,P432177,"Polyimides/thioimides, Polysulfones/sulfoxides/sufonates/sulfoamides",128.03,4.57
*C(=O)Nc1ccc(Oc2ccc(Oc3ccc(N4C(=O)c5ccc(*)cc5C4=O)cc3)cc2)cc1,250.0,P432178,"Polyimides/thioimides, Polyoxides/ethers/acetals, Polyamides/thioamides",119.35,4.88
*c1ccc(Oc2ccc(NC(=O)c3ccc(Oc4ccc5c(c4)C(=O)N(*)C5=O)cc3)cc2)cc1,262.0,P432179,"Polyimides/thioimides, Polyoxides/ethers/acetals, Polyamides/thioamides",121.28,4.78
*c1ccc(Cc2ccc(NC(=O)c3ccc(Oc4ccc5c(c4)C(=O)N(*)C5=O)cc3)cc2)cc1,250.0,P432180,"Polyimides/thioimides, Polyoxides/ethers/acetals, Polyamides/thioamides",125.56,5.65
*c1ccc(Oc2ccc(Oc3ccc(NC(=O)c4ccc(Oc5ccc6c(c5)C(=O)N(*)C6=O)cc4)cc3)cc2)cc1,242.0,P432181,"Polyimides/thioimides, Polyoxides/ethers/acetals, Polyamides/thioamides",143.92,5.45
*c1ccc(Oc2ccc(NC(=O)c3ccc(Oc4cccc5c4C(=O)N(*)C5=O)cc3)cc2)cc1,253.0,P432182,"Polyimides/thioimides, Polyoxides/ethers/acetals, Polyamides/thioamides",126.18,4.86
*c1ccc(Cc2ccc(NC(=O)c3ccc(Oc4cccc5c4C(=O)N(*)C5=O)cc3)cc2)cc1,258.0,P432183,"Polyimides/thioimides, Polyoxides/ethers/acetals, Polyamides/thioamides",130.3,4.93
*c1ccc(Oc2ccc(Oc3ccc(NC(=O)c4ccc(Oc5cccc6c5C(=O)N(*)C6=O)cc4)cc3)cc2)cc1,244.0,P432184,"Polyimides/thioimides, Polyoxides/ethers/acetals, Polyamides/thioamides",148.4,5.67
*c1ccc(Oc2ccc(NC(=O)c3cccc(Oc4ccc5c(c4)C(=O)N(*)C5=O)c3)cc2)cc1,231.0,P432185,"Polyimides/thioimides, Polyoxides/ethers/acetals, Polyamides/thioamides",122.34,5.52
*c1ccc(Cc2ccc(NC(=O)c3cccc(Oc4ccc5c(c4)C(=O)N(*)C5=O)c3)cc2)cc1,243.0,P432186,"Polyimides/thioimides, Polyoxides/ethers/acetals, Polyamides/thioamides",114.45,5.29
*c1ccc(Oc2ccc(Oc3ccc(NC(=O)c4cccc(Oc5ccc6c(c5)C(=O)N(*)C6=O)c4)cc3)cc2)cc1,213.0,P432187,"Polyimides/thioimides, Polyoxides/ethers/acetals, Polyamides/thioamides",124.66,5.31
*C(=O)Nc1ccc(C(c2ccc(NC(=O)c3ccc(N4C(=O)c5ccc(*)cc5C4=O)cc3C)cc2)(C(F)(F)F)C(F)(F)F)cc1,355.0,P432188,"Polyimides/thioimides, Polyamides/thioamides",131.42,5.93
*c1ccc2c(c1)C(=O)N(c1cccc(C(=O)Nc3ccc(C(c4ccc(NC(=O)c5cccc(N6C(=O)c7ccc(C(*)(C(F)(F)F)C(F)(F)F)cc7C6=O)c5)cc4)(C(F)(F)F)C(F)(F)F)cc3)c1)C2=O,273.5,P432189,"Polyimides/thioimides, Polyamides/thioamides",188.89,7.2
*c1ccc2c(c1)C(=O)N(c1cc(C(=O)Nc3ccc(C(c4ccc(NC(=O)c5ccc(C)c(N6C(=O)c7ccc(C(*)(C(F)(F)F)C(F)(F)F)cc7C6=O)c5)cc4)(C(F)(F)F)C(F)(F)F)cc3)ccc1C)C2=O,293.5,P432190,"Polyimides/thioimides, Polyamides/thioamides",188.09,7.22
*c1ccc2c(c1)C(=O)N(c1cc(C(=O)Nc3c(C)cc(-c4cc(C)c(NC(=O)c5ccc(C)c(N6C(=O)c7ccc(C(*)(C(F)(F)F)C(F)(F)F)cc7C6=O)c5)c(C)c4)cc3C)ccc1C)C2=O,250.0,P432191,"Polyimides/thioimides, Polyamides/thioamides",162.14,6.7
*c1ccc2c(c1)C(=O)N(c1cc(C(=O)Nc3cccc4c(NC(=O)c5ccc(C)c(N6C(=O)c7ccc(C(*)(C(F)(F)F)C(F)(F)F)cc7C6=O)c5)cccc34)ccc1C)C2=O,250.0,P432192,"Polyimides/thioimides, Polyamides/thioamides",173.6,6.53
*c1ccc2c(c1)C(=O)N(c1cccc(C(=O)Nc3ccc(C(c4ccc(NC(=O)c5cccc(N6C(=O)c7ccc(C(*)(C(F)(F)F)C(F)(F)F)cc7C6=O)c5C)cc4)(C(F)(F)F)C(F)(F)F)cc3)c1C)C2=O,250.0,P432193,"Polyimides/thioimides, Polyamides/thioamides",173.05,6.38
*C(=O)Nc1ccc(C(c2ccc(NC(=O)c3ccc4c(c3)C(=O)N(c3c(C)cc(C)c(N5C(=O)c6ccc(*)cc6C5=O)c3C)C4=O)cc2)(C(F)(F)F)C(F)(F)F)cc1,250.0,P432194,"Polyimides/thioimides, Polyamides/thioamides",153.86,5.65
*C(=O)Nc1ccc(C(c2ccc(NC(=O)c3ccc4c(c3)C(=O)N(c3ccc(-c5ccc(N6C(=O)c7ccc(*)cc7C6=O)c(OC)c5)cc3OC)C4=O)cc2)(C(F)(F)F)C(F)(F)F)cc1,250.0,P432195,"Polyimides/thioimides, Polyamides/thioamides",182.05,6.16
*C(=O)Nc1ccc(C(c2ccc(NC(=O)c3ccc4c(c3)C(=O)N(c3c(C)cc(-c5cc(C)c(N6C(=O)c7ccc(*)cc7C6=O)c(C)c5)cc3C)C4=O)cc2)(C(F)(F)F)C(F)(F)F)cc1,318.0,P432196,"Polyimides/thioimides, Polyamides/thioamides",172.92,7.13
*C(=O)Nc1ccc(C(c2ccc(NC(=O)c3ccc4c(c3)C(=O)N(c3c(C)cc(-c5cc(C)c(N6C(=O)c7ccc(*)cc7C6=O)c6ccccc56)c5ccccc35)C4=O)cc2)(C(F)(F)F)C(F)(F)F)cc1,250.0,P432197,"Polyimides/thioimides, Polyamides/thioamides",210.06,8.86
*C(=O)Nc1ccc(C(c2ccc(NC(=O)c3ccc4c(c3)C(=O)N(c3cccc5c(N6C(=O)c7ccc(*)cc7C6=O)cccc35)C4=O)cc2)(C(F)(F)F)C(F)(F)F)cc1,250.0,P432198,"Polyimides/thioimides, Polyamides/thioamides",177.07,7.02
*C(=O)Nc1cc(C(c2cc(C)c(C)c(NC(=O)c3ccc4c(c3)C(=O)N(c3cccc5c(N6C(=O)c7ccc(*)cc7C6=O)cccc35)C4=O)c2)(C(F)(F)F)C(F)(F)F)cc(C)c1C,250.0,P432199,"Polyimides/thioimides, Polyamides/thioamides",186.92,6.42
*C(=O)NCCN(CCNC(=O)c1ccc2c(c1)C(=O)N(c1ccc(Oc3ccc(N4C(=O)c5ccc(*)cc5C4=O)cc3)cc1)C2=O)c1ccc(/C=C/c2ccc([N+](=O)[O-])cc2)cc1,224.0,P432201,"Polyimides/thioimides, Polyoxides/ethers/acetals, Polyamides/thioamides, Polyimines",162.33,6.63
*C(=O)NCCN(CCNC(=O)c1cccc(N2C(=O)c3ccc(*)cc3C2=O)c1)c1ccc(/C=C/c2ccc([N+](=O)[O-])cc2)cc1,178.0,P432202,"Polyimides/thioimides, Polyamides/thioamides, Polyimines",117.45,4.25
*c1ccc(N2C(=O)c3ccc(Oc4ccc(Oc5ccc(P(=O)(c6ccccc6)c6ccc(Oc7ccc(Oc8ccc9c(c8)C(=O)N(*)C9=O)cc7)cc6)cc5)cc4)cc3C2=O)cc1,220.0,P432203,"Polyimides/thioimides, Polyoxides/ethers/acetals",204.19,7.63
*c1ccc2c(c1)C(=O)N(c1ccc(NC(=O)C(F)(F)C(F)(F)C(F)(F)C(F)(F)C(=O)Nc3ccc(N4C(=O)c5ccc(C(*)(C(F)(F)F)C(F)(F)F)cc5C4=O)cc3)cc1)C2=O,285.0,P432204,"Polyimides/thioimides, Polyamides/thioamides",136.49,5.25
*c1ccc2c(c1)C(=O)N(c1ccc(NC(=O)C(F)(F)C(F)(F)C(F)(F)C(F)(F)C(F)(F)C(F)(F)C(=O)Nc3ccc(N4C(=O)c5ccc(C(*)(C(F)(F)F)C(F)(F)F)cc5C4=O)cc3)cc1)C2=O,265.0,P432205,"Polyimides/thioimides, Polyamides/thioamides",136.9,5.13
*c1ccc2c(c1)C(=O)N(c1cccc(NC(=O)C(F)(F)C(F)(F)C(F)(F)C(F)(F)C(=O)Nc3cccc(N4C(=O)c5ccc(C(*)(C(F)(F)F)C(F)(F)F)cc5C4=O)c3)c1)C2=O,232.0,P432206,"Polyimides/thioimides, Polyamides/thioamides",137.18,4.58
*c1ccc2c(c1)C(=O)N(c1cccc(NC(=O)C(F)(F)C(F)(F)C(F)(F)C(F)(F)C(F)(F)C(F)(F)C(=O)Nc3cccc(N4C(=O)c5ccc(C(*)(C(F)(F)F)C(F)(F)F)cc5C4=O)c3)c1)C2=O,218.0,P432207,"Polyimides/thioimides, Polyamides/thioamides",139.39,4.25
*c1ccc(Cc2ccc(N3C(=O)c4ccc(Oc5ccc(Oc6ccc7c(c6)C(=O)N(*)C7=O)cc5)cc4C3=O)c(C)c2C)c(C)c1C,277.0,P432208,"Polyimides/thioimides, Polyoxides/ethers/acetals",140.51,6.12
*c1cc(C)c(Cc2cc(C)c(N3C(=O)c4ccc(Oc5ccc(Oc6ccc7c(c6)C(=O)N(*)C7=O)cc5)cc4C3=O)cc2C)cc1C,278.0,P432209,"Polyimides/thioimides, Polyoxides/ethers/acetals",159.14,5.98
*c1ccc2c(c1)C(=O)N(c1ccc(S(=O)(=O)c3ccc(S(=O)(=O)c4ccc(N5C(=O)c6ccc(C(*)(C(F)(F)F)C(F)(F)F)cc6C5=O)cc4)cc3)cc1)C2=O,331.0,P432210,"Polyimides/thioimides, Polysulfones/sulfoxides/sufonates/sulfoamides",175.63,6.73
*c1ccc2c(c1)C(=O)N(c1ccc(S(=O)(=O)c3ccc(S(=O)(=O)c4ccc(S(=O)(=O)c5ccc(N6C(=O)c7ccc(C(*)(C(F)(F)F)C(F)(F)F)cc7C6=O)cc5)cc4)cc3)cc1)C2=O,327.0,P432211,"Polyimides/thioimides, Polysulfones/sulfoxides/sufonates/sulfoamides",188.27,7.22
*CCCC(C)CN1C(=O)c2ccc(C(=O)Oc3ccc4cc(OC(=O)c5ccc6c(c5)C(=O)N(*)C6=O)ccc4c3)cc2C1=O,130.0,P432213,"Polyimides/thioimides, Polyesters/thioesters",113.48,4.67
*CCCC(C)CN1C(=O)c2ccc(C(=O)Oc3ccc(-c4ccc(OC(=O)c5ccc6c(c5)C(=O)N(*)C6=O)cc4)cc3)cc2C1=O,155.0,P432214,"Polyimides/thioimides, Polyesters/thioesters",126.06,4.24
*c1ccc2c(c1)C(=O)N(c1ccc(Oc3ccc(N4C(=O)c5ccc(C(*)(C(F)(F)F)C(F)(F)F)cc5C4=O)cc3)c(O)c1)C2=O,292.0,P432215,"Polyimides/thioimides, Polyoxides/ethers/acetals",148.19,5.09
*CCCCCCN1C(=O)C(=O)N(*)C1=O,55.0,P432216,"Polyimides/thioimides, Polyureas/thioureas",30.65,0.94
*CCCCCCN1C(=O)C(=O)N(c2ccc(C)c(N3C(=O)C(=O)N(*)C3=O)c2)C1=O,181.5,P432217,"Polyimides/thioimides, Polyureas/thioureas",71.65,2.46
*CCCCCCN1C(=O)C(=O)N(c2ccc(Oc3ccc(N4C(=O)C(=O)N(*)C4=O)cc3)cc2)C1=O,172.0,P432218,"Polyimides/thioimides, Polyoxides/ethers/acetals, Polyureas/thioureas",84.66,3.13
*CCCCCCN1C(=O)C(=O)N(c2ccc(Cc3ccc(N4C(=O)C(=O)N(*)C4=O)cc3)cc2)C1=O,158.0,P432219,"Polyimides/thioimides, Polyureas/thioureas",79.54,2.95
*CCCCCCN1C(=O)C(=O)N(c2ccc(CCc3ccccc3N3C(=O)C(=O)N(*)C3=O)cc2)C1=O,137.0,P432221,"Polyimides/thioimides, Polyureas/thioureas",70.66,2.51
*c1ccccc1CCc1ccc(N2C(=O)C(=O)N(c3ccc(C)c(N4C(=O)C(=O)N(*)C4=O)c3)C2=O)cc1,255.0,P432223,"Polyimides/thioimides, Polyureas/thioureas",114.9,4.7
*c1ccc(CCc2ccccc2N2C(=O)C(=O)N(c3ccc(Oc4ccc(N5C(=O)C(=O)N(*)C5=O)cc4)cc3)C2=O)cc1,208.0,P432224,"Polyimides/thioimides, Polyoxides/ethers/acetals, Polyureas/thioureas",119.31,5.31
*c1ccc(CCc2ccccc2N2C(=O)C(=O)N(c3ccc(Cc4ccc(N5C(=O)C(=O)N(*)C5=O)cc4)cc3)C2=O)cc1,198.0,P432225,"Polyimides/thioimides, Polyureas/thioureas",124.05,4.43
*c1ccc(CCc2ccc(N3C(=O)C(=O)N(c4ccc(CCc5ccccc5N5C(=O)C(=O)N(*)C5=O)cc4)C3=O)cc2)cc1,220.0,P432226,"Polyimides/thioimides, Polyureas/thioureas",112.42,4.99
*c1ccc(CCc2ccc(N3C(=O)C(=O)N(*)C3=O)cc2)cc1,196.0,P432228,"Polyimides/thioimides, Polyureas/thioureas",85.47,3.1
*C(=O)Nc1ccc(C2(c3ccc(N4C(=O)c5ccc(*)cc5C4=O)cc3)CC(C)CC(C)(C)C2)cc1,328.0,P432237,"Polyimides/thioimides, Polyamides/thioamides",120.08,4.37
*C(=O)Nc1ccc(C2(c3ccc(N4C(=O)c5ccc(*)cc5C4=O)cc3)CCCCC2)cc1,319.0,P432238,"Polyimides/thioimides, Polyamides/thioamides",129.2,4.53
*C(=O)Nc1ccc(C2(c3ccc(N4C(=O)c5ccc(*)cc5C4=O)cc3)CCC(C)CC2)cc1,322.0,P432239,"Polyimides/thioimides, Polyamides/thioamides",129.98,5.18
*C(=O)Nc1ccc(C2(c3ccc(N4C(=O)c5ccc(*)cc5C4=O)cc3)CCC(CC)CC2)cc1,312.0,P432240,"Polyimides/thioimides, Polyamides/thioamides",119.0,4.34
*C(=O)Nc1ccc(C2(c3ccc(N4C(=O)c5ccc(*)cc5C4=O)cc3)CCC(C(C)(C)C)CC2)cc1,331.0,P432241,"Polyimides/thioimides, Polyamides/thioamides",117.06,4.48
*C(=O)Nc1ccc(C2(c3ccc(N4C(=O)c5ccc(*)cc5C4=O)cc3)CCC(C(C)(C)CC)CC2)cc1,342.0,P432242,"Polyimides/thioimides, Polyamides/thioamides",122.01,4.81
*c1ccc2c(c1)C(=O)N(c1ccc(Cc3ccc(N4C(=O)c5ccc(C(C)(C)CCCCC(*)(C)C)cc5C4=O)cc3)cc1)C2=O,169.9,P432243,Polyimides/thioimides,117.13,4.82
*c1ccc2c(c1)C(=O)N(c1ccc(Oc3ccc(N4C(=O)c5ccc(C(C)(C)CCCCCCCCC(*)(C)C)cc5C4=O)cc3)cc1)C2=O,123.65,P432244,"Polyimides/thioimides, Polyoxides/ethers/acetals",99.76,4.27
*C(=O)OCCOC(=O)c1ccc(N2C(=O)c3ccc(*)cc3C2=O)cc1,280.0,P432245,"Polyimides/thioimides, Polyesters/thioesters",94.72,3.94
*C(=O)OCCOC(=O)c1cccc(N2C(=O)c3ccc(*)cc3C2=O)c1,220.0,P432246,"Polyimides/thioimides, Polyesters/thioesters",95.6,3.58
*C(=O)Nc1cccc(NC(=O)c2ccc(N3C(=O)c4ccc(*)cc4C3=O)cc2)c1,240.0,P432251,"Polyimides/thioimides, Polyamides/thioamides",107.19,4.4
*C(=O)c1ccc2c(c1)C(=O)N(CC1(C)CC(N3C(=O)c4ccc(*)cc4C3=O)CC(C)(C)C1)C2=O,275.0,P432252,"Polyimides/thioimides, Polyketones/thioketones",92.35,3.77
*CC1CCCC(CN2C(=O)c3ccc(C(=O)c4ccc5c(c4)C(=O)N(*)C5=O)cc3C2=O)C1,213.0,P432253,"Polyimides/thioimides, Polyketones/thioketones",96.62,3.61
*C(=O)c1ccc2c(c1)C(=O)N(c1ccc(C(=O)Nc3ccc(N4C(=O)c5ccc(*)cc5C4=O)cc3)cc1)C2=O,300.0,P432255,"Polyimides/thioimides, Polyamides/thioamides, Polyketones/thioketones",141.03,5.78
*C(=O)c1ccc2c(c1)C(=O)N(c1ccc(C(=O)N(C)c3ccc(N4C(=O)c5ccc(*)cc5C4=O)cc3)cc1)C2=O,313.0,P432256,"Polyimides/thioimides, Polyamides/thioamides, Polyketones/thioketones",134.69,5.3
*/C=C/C1CC(*)C2C(=O)N(c3ccccc3)C(=O)C12,220.0,P432258,Polyimides/thioimides,71.36,3.05
*/C=C/C1CC(*)C2C(=O)N(c3ccccc3C)C(=O)C12,248.0,P432259,Polyimides/thioimides,72.45,3.16
*/C=C/C1CC(*)C2C(=O)N(c3cccc(C)c3)C(=O)C12,206.0,P432260,Polyimides/thioimides,80.17,2.55
*/C=C/C1CC(*)C2C(=O)N(c3ccc(C)cc3)C(=O)C12,222.0,P432261,Polyimides/thioimides,76.89,2.95
*c1ccc(Oc2ccc(-n3c(=O)c4c(Oc5ccc(OC)cc5)c5c(=O)n(*)c(=O)c5c(Oc5ccc(OC)cc5)c4c3=O)cc2)cc1,303.5,P432262,"Polyimides/thioimides, Polyoxides/ethers/acetals",167.07,8.03
*c1ccc(Oc2ccc(-n3c(=O)c4c(Oc5ccc(OCCCC)cc5)c5c(=O)n(*)c(=O)c5c(Oc5ccc(OCCCC)cc5)c4c3=O)cc2)cc1,269.5,P432263,"Polyimides/thioimides, Polyoxides/ethers/acetals",164.54,6.61
*c1ccc(Oc2ccc(-n3c(=O)c4c(Oc5ccc(OCCCCCCCC)cc5)c5c(=O)n(*)c(=O)c5c(Oc5ccc(OCCCCCCCC)cc5)c4c3=O)cc2)cc1,234.5,P432264,"Polyimides/thioimides, Polyoxides/ethers/acetals",143.7,6.69
*c1ccc(Oc2ccc(-n3c(=O)c4c(Oc5ccc(OCCCCCCCCCCCC)cc5)c5c(=O)n(*)c(=O)c5c(Oc5ccc(OCCCCCCCCCCCC)cc5)c4c3=O)cc2)cc1,218.0,P432265,"Polyimides/thioimides, Polyoxides/ethers/acetals",142.72,5.53
*c1ccc(-c2nc3cc(Oc4ccc(NC(=O)c5cc(C(=O)Nc6ccc(Oc7ccc8nc(-c9ccccc9)c(-c9ccc(-n%10c(=O)c%11ccc%12c(=O)n(*)c(=O)c%13ccc(c%10=O)c%11c%12%13)cc9)nc8c7)cc6)cc(N6C(=O)c7ccccc7C6=O)c5)cc4)ccc3nc2-c2ccccc2)cc1,345.0,P432266,"Polyimides/thioimides, Polyoxides/ethers/acetals, Polyamides/thioamides, Polyimines",331.91,12.54
*c1ccc(-c2nc3cc(Oc4ccc(NC(=O)c5cc(C(=O)Nc6ccc(Oc7ccc8nc(-c9ccccc9)c(-c9ccc(-n%10c(=O)c%11ccc%12c(=O)n(*)c(=O)c%13ccc(c%10=O)c%11c%12%13)cc9)nc8c7)cc6)cc(N6C(=O)c7c(Cl)c(Cl)c(Cl)c(Cl)c7C6=O)c5)cc4)ccc3nc2-c2ccccc2)cc1,345.0,P432267,"Polyimides/thioimides, Polyoxides/ethers/acetals, Polyamides/thioamides, Polyimines",339.25,11.97
*C(=O)NCCN(CCNC(=O)c1ccc(N2C(=O)c3ccc(*)cc3C2=O)cc1)c1ccc(/C=C/c2ccc([N+](=O)[O-])cc2)cc1,178.0,P432271,"Polyimides/thioimides, Polyamides/thioamides, Polyimines",108.21,4.31
*CCN(CCNC(=O)c1ccc2c(c1)C(=O)N(*)C2=O)c1ccc(/C=C/c2ccc([N+](=O)[O-])cc2)cc1,142.0,P432272,"Polyimides/thioimides, Polyamides/thioamides, Polyimines",93.98,3.72
*C(=O)c1ccc2c(c1)C(=O)N(c1ccc(Oc3cccc(N4C(=O)c5ccc(*)cc5C4=O)c3)cc1)C2=O,280.5,P432277,"Polyimides/thioimides, Polyoxides/ethers/acetals, Polyketones/thioketones",139.73,5.83
*c1ccc(Oc2ccc(C(c3ccc(Oc4ccc(-n5c(=O)c6cc7c(=O)n(*)c(=O)c7cc6c5=O)cc4C(F)(F)F)cc3)(C(F)(F)F)C(F)(F)F)cc2)c(C(F)(F)F)c1,253.0,P432278,"Polyimides/thioimides, Polyoxides/ethers/acetals",172.47,7.03
*c1ccc(C(c2ccc(-n3c(=O)c4cc5c(=O)n(*)c(=O)c5cc4c3=O)cc2)(C(F)(F)F)C(F)(F)F)cc1,380.0,P432279,Polyimides/thioimides,174.07,6.51
*c1ccc(Oc2ccc(C(c3ccc(Oc4ccc(N5C(=O)c6ccc(-c7ccc8c(c7)C(=O)N(*)C8=O)cc6C5=O)cc4C(F)(F)F)cc3)(C(F)(F)F)C(F)(F)F)cc2)c(C(F)(F)F)c1,223.0,P432280,"Polyimides/thioimides, Polyoxides/ethers/acetals",187.47,6.29
*C(=O)c1ccc2c(c1)C(=O)N(c1ccc(Oc3ccc(C(c4ccc(Oc5ccc(N6C(=O)c7ccc(*)cc7C6=O)cc5C(F)(F)F)cc4)(C(F)(F)F)C(F)(F)F)cc3)c(C(F)(F)F)c1)C2=O,220.0,P432281,"Polyimides/thioimides, Polyoxides/ethers/acetals, Polyketones/thioketones",180.47,5.86
*c1ccc2c(c1)C(=O)N(c1cccc(C(C)(C)c3ccc(N4C(=O)c5ccc(C(*)(C(F)(F)F)C(F)(F)F)cc5C4=O)cc3)c1)C2=O,260.0,P432282,Polyimides/thioimides,147.26,5.31
*c1ccc2c(c1)C(=O)N(c1ccc(Oc3ccc(C(c4ccc(Oc5ccc(N6C(=O)c7ccc(C(*)(C(F)(F)F)C(F)(F)F)cc7C6=O)cc5C(F)(F)F)cc4)(C(F)(F)F)C(F)(F)F)cc3)c(C(F)(F)F)c1)C2=O,234.0,P432283,"Polyimides/thioimides, Polyoxides/ethers/acetals",191.55,6.64
*c1ccc2c(c1)C(=O)N(c1ccc(Sc3ccc(N4C(=O)c5ccc(C(*)(C(F)(F)F)C(F)(F)F)cc5C4=O)cc3)cc1)C2=O,301.0,P432284,"Polyimides/thioimides, Polysulfides",141.1,5.39
*c1ccc2c(c1)C(=O)N(c1ccc(Sc3ccc(Sc4ccc(N5C(=O)c6ccc(C(*)(C(F)(F)F)C(F)(F)F)cc6C5=O)cc4)cc3)cc1)C2=O,257.0,P432285,"Polyimides/thioimides, Polysulfides",159.23,6.1
*c1ccc2c(c1)C(=O)N(c1ccc(Sc3ccc(Sc4ccc(Sc5ccc(N6C(=O)c7ccc(C(*)(C(F)(F)F)C(F)(F)F)cc7C6=O)cc5)cc4)cc3)cc1)C2=O,233.0,P432286,"Polyimides/thioimides, Polysulfides",180.29,6.22
*c1ccc2c(c1)C(=O)N(c1ccc(Sc3ccc(Sc4ccc(Sc5ccc(Sc6ccc(N7C(=O)c8ccc(C(*)(C(F)(F)F)C(F)(F)F)cc8C7=O)cc6)cc5)cc4)cc3)cc1)C2=O,216.0,P432287,"Polyimides/thioimides, Polysulfides",165.28,7.28
*c1ccc2c(c1)C(=O)N(c1ccc(OC(CCCCCC)COc3ccc(N4C(=O)c5ccc(C(*)(C(F)(F)F)C(F)(F)F)cc5C4=O)cc3)cc1)C2=O,182.0,P432288,"Polyimides/thioimides, Polyoxides/ethers/acetals",115.49,4.37
*c1ccc2c(c1)C(=O)N(c1ccc(OC(CCC)COc3ccc(N4C(=O)c5ccc(C(*)(C(F)(F)F)C(F)(F)F)cc5C4=O)cc3)cc1)C2=O,204.0,P432289,"Polyimides/thioimides, Polyoxides/ethers/acetals",136.82,4.69
*c1ccc2c(c1)C(=O)N(c1ccc(OC(C)COc3ccc(N4C(=O)c5ccc(C(*)(C(F)(F)F)C(F)(F)F)cc5C4=O)cc3)cc1)C2=O,234.0,P432290,"Polyimides/thioimides, Polyoxides/ethers/acetals",134.18,5.12
*c1ccc2c(c1)C(=O)N(c1ccc(N(C)CCN(C)c3ccc(N4C(=O)c5ccc(C(*)(C(F)(F)F)C(F)(F)F)cc5C4=O)cc3)cc1)C2=O,227.0,P432291,"Polyimides/thioimides, Polyimines",127.88,5.42
*c1c(C)cc(C)c(N2C(=O)c3ccc(Oc4ccc(Oc5ccc6c(c5)C(=O)N(*)C6=O)cc4)cc3C2=O)c1C,345.0,P432292,"Polyimides/thioimides, Polyoxides/ethers/acetals",135.55,5.19
*c1c(C)cc(C)c(N2C(=O)c3ccc(S(=O)(=O)c4ccc5c(c4)C(=O)N(*)C5=O)cc3C2=O)c1C,418.0,P432293,"Polyimides/thioimides, Polysulfones/sulfoxides/sufonates/sulfoamides",134.56,5.73
*c1c(C)cc(C)c(N2C(=O)c3ccc(Sc4ccc5c(c4)C(=O)N(*)C5=O)cc3C2=O)c1C,378.0,P432294,"Polyimides/thioimides, Polysulfides",120.82,4.94
*c1c(C)cc(C)c(-n2c(=O)c3cc4c(=O)n(*)c(=O)c4cc3c2=O)c1C,399.75,P432295,Polyimides/thioimides,154.38,6.49
*c1ccc(-c2c(-c3ccc(-c4ccccc4)cc3)cc(-c3ccc(OCCCCCCOc4ccc(-c5cc(-c6ccc(-c7ccccc7)cc6)c(-c6ccc(-n7c(=O)c8cc9c(=O)n(*)c(=O)c9cc8c7=O)cc6)c(-c6ccc(-c7ccccc7)cc6)c5)cc4)cc3)cc2-c2ccc(-c3ccccc3)cc2)cc1,128.5,P432296,"Polyimides/thioimides, Polyoxides/ethers/acetals",334.53,13.54
*c1ccc(-c2c(-c3ccc(-c4ccccc4)cc3)cc(-c3ccc(OCCCCCCCCCCOc4ccc(-c5cc(-c6ccc(-c7ccccc7)cc6)c(-c6ccc(-n7c(=O)c8cc9c(=O)n(*)c(=O)c9cc8c7=O)cc6)c(-c6ccc(-c7ccccc7)cc6)c5)cc4)cc3)cc2-c2ccc(-c3ccccc3)cc2)cc1,121.0,P432297,"Polyimides/thioimides, Polyoxides/ethers/acetals",293.11,14.95
*C(=O)c1ccc2c(c1)C(=O)N(c1ccc(-c3c(-c4ccc(-c5ccccc5)cc4)cc(-c4ccc(OCCCCCCOc5ccc(-c6cc(-c7ccc(-c8ccccc8)cc7)c(-c7ccc(N8C(=O)c9ccc(*)cc9C8=O)cc7)c(-c7ccc(-c8ccccc8)cc7)c6)cc5)cc4)cc3-c3ccc(-c4ccccc4)cc3)cc1)C2=O,111.5,P432298,"Polyimides/thioimides, Polyoxides/ethers/acetals, Polyketones/thioketones",315.2,12.34
*C(=O)c1ccc2c(c1)C(=O)N(c1ccc(-c3c(-c4ccc(-c5ccccc5)cc4)cc(-c4ccc(OCCCCCCCCCCOc5ccc(-c6cc(-c7ccc(-c8ccccc8)cc7)c(-c7ccc(N8C(=O)c9ccc(*)cc9C8=O)cc7)c(-c7ccc(-c8ccccc8)cc7)c6)cc5)cc4)cc3-c3ccc(-c4ccccc4)cc3)cc1)C2=O,103.5,P432299,"Polyimides/thioimides, Polyoxides/ethers/acetals, Polyketones/thioketones",303.13,11.82
*c1cc(Br)c(-c2c(Br)cc(N3C(=O)c4ccc(-c5ccc6c(c5)C(=O)N(*)C6=O)cc4C3=O)cc2C(=O)OCCCCCCCCCCCCCCCCCC)c(C(=O)OCCCCCCCCCCCCCCCCCC)c1,83.5,P432300,Polyimides/thioimides,76.53,2.78
*c1cc(Br)c(-c2c(Br)cc(N3C(=O)c4ccc(-c5ccc6c(c5)C(=O)N(*)C6=O)cc4C3=O)cc2C(=O)OCCCCCCCCCCCCCCCC)c(C(=O)OCCCCCCCCCCCCCCCC)c1,92.0,P432301,Polyimides/thioimides,89.79,3.0
*c1cc(Br)c(-c2c(Br)cc(N3C(=O)c4ccc(-c5ccc6c(c5)C(=O)N(*)C6=O)cc4C3=O)cc2C(=O)OCCCCCCCCCCCCCC)c(C(=O)OCCCCCCCCCCCCCC)c1,98.0,P432302,Polyimides/thioimides,90.66,3.29
*c1cc(Br)c(-c2c(Br)cc(N3C(=O)c4ccc(-c5ccc6c(c5)C(=O)N(*)C6=O)cc4C3=O)cc2C(=O)OCCCCCCCCCCCC)c(C(=O)OCCCCCCCCCCCC)c1,108.0,P432303,Polyimides/thioimides,107.82,3.66
*c1cc(Br)c(-c2c(Br)cc(N3C(=O)c4ccc(-c5ccc6c(c5)C(=O)N(*)C6=O)cc4C3=O)cc2C(=O)OCCCCCCCCCC)c(C(=O)OCCCCCCCCCC)c1,116.0,P432304,Polyimides/thioimides,102.56,3.62
*c1cc(Br)c(-c2c(Br)cc(N3C(=O)c4ccc(-c5ccc6c(c5)C(=O)N(*)C6=O)cc4C3=O)cc2C(=O)OCCCCCCCC)c(C(=O)OCCCCCCCC)c1,135.5,P432305,Polyimides/thioimides,104.92,3.68
*c1cc(Br)c(-c2c(Br)cc(N3C(=O)c4ccc(-c5ccc6c(c5)C(=O)N(*)C6=O)cc4C3=O)cc2C(=O)OCCCCCC)c(C(=O)OCCCCCC)c1,154.0,P432306,Polyimides/thioimides,116.39,4.3
*c1cc(Br)c(-c2c(Br)cc(N3C(=O)c4ccc(-c5ccc6c(c5)C(=O)N(*)C6=O)cc4C3=O)cc2C(=O)OCCCC)c(C(=O)OCCCC)c1,196.0,P432307,Polyimides/thioimides,134.52,4.75
*CC(c1ccccc1)C1C(=O)N(CCCCCCCCCCCC)C(=O)C1*,70.0,P432310,Polyimides/thioimides,46.17,1.45
*c1ccc(-c2ccc(-n3c(=O)c4cc5c(=O)n(*)c(=O)c5cc4c3=O)cc2OC)c(OC)c1,328.0,P432314,Polyimides/thioimides,156.83,6.47
*c1ccc(-c2ccc(-n3c(=O)c4cc5c(=O)n(*)c(=O)c5cc4c3=O)cc2F)c(F)c1,398.0,P432315,Polyimides/thioimides,168.75,6.33
*C(=O)c1cccc(C(=O)c2ccc3c(c2)C(=O)N(c2cccc(N4C(=O)c5ccc(*)cc5C4=O)c2)C3=O)c1,259.5,P432316,"Polyimides/thioimides, Polyketones/thioketones",135.08,5.74
*C(=O)c1cccc(C(=O)c2ccc3c(c2)C(=O)N(c2ccc(C(c4ccc(N5C(=O)c6ccc(*)cc6C5=O)cc4)(C(F)(F)F)C(F)(F)F)cc2)C3=O)c1,262.5,P432317,"Polyimides/thioimides, Polyketones/thioketones",151.56,6.04
*C(=O)c1cccc(C(=O)c2ccc3c(c2)C(=O)N(c2ccc(Oc4ccc(N5C(=O)c6ccc(*)cc6C5=O)cc4)cc2)C3=O)c1,244.0,P432318,"Polyimides/thioimides, Polyoxides/ethers/acetals, Polyketones/thioketones",139.56,5.56
*C(=O)c1cccc(C(=O)c2ccc3c(c2)C(=O)N(c2ccc(Oc4ccc(S(=O)(=O)c5ccc(Oc6ccc(N7C(=O)c8ccc(*)cc8C7=O)cc6)cc5)cc4)cc2)C3=O)c1,249.0,P432319,"Polyimides/thioimides, Polyoxides/ethers/acetals, Polyketones/thioketones, Polysulfones/sulfoxides/sufonates/sulfoamides",182.59,7.04
*C(=O)c1cc(C(=O)c2ccc3c(c2)C(=O)N(c2cccc(N4C(=O)c5ccc(*)cc5C4=O)c2)C3=O)cc(C(C)(C)C)c1,264.5,P432320,"Polyimides/thioimides, Polyketones/thioketones",138.07,5.47
*C(=O)c1cc(C(=O)c2ccc3c(c2)C(=O)N(c2ccc(C(c4ccc(N5C(=O)c6ccc(*)cc6C5=O)cc4)(C(F)(F)F)C(F)(F)F)cc2)C3=O)cc(C(C)(C)C)c1,267.5,P432321,"Polyimides/thioimides, Polyketones/thioketones",149.88,5.56
*C(=O)c1cc(C(=O)c2ccc3c(c2)C(=O)N(c2ccc(Oc4ccc(N5C(=O)c6ccc(*)cc6C5=O)cc4)cc2)C3=O)cc(C(C)(C)C)c1,252.5,P432322,"Polyimides/thioimides, Polyoxides/ethers/acetals, Polyketones/thioketones",136.27,6.24
*C(=O)c1cc(C(=O)c2ccc3c(c2)C(=O)N(c2ccc(Oc4ccc(S(=O)(=O)c5ccc(Oc6ccc(N7C(=O)c8ccc(*)cc8C7=O)cc6)cc5)cc4)cc2)C3=O)cc(C(C)(C)C)c1,254.5,P432323,"Polyimides/thioimides, Polyoxides/ethers/acetals, Polyketones/thioketones, Polysulfones/sulfoxides/sufonates/sulfoamides",197.24,7.17
*C(=O)c1cc(C(=O)c2ccc3c(c2)C(=O)N(c2cccc(N4C(=O)c5ccc(*)cc5C4=O)c2)C3=O)cc(-c2ccccc2)c1,266.5,P432324,"Polyimides/thioimides, Polyketones/thioketones",148.11,6.55
*C(=O)c1cc(C(=O)c2ccc3c(c2)C(=O)N(c2ccc(C(c4ccc(N5C(=O)c6ccc(*)cc6C5=O)cc4)(C(F)(F)F)C(F)(F)F)cc2)C3=O)cc(-c2ccccc2)c1,260.5,P432325,"Polyimides/thioimides, Polyketones/thioketones",174.42,6.33
*C(=O)c1cc(C(=O)c2ccc3c(c2)C(=O)N(c2ccc(Oc4ccc(N5C(=O)c6ccc(*)cc6C5=O)cc4)cc2)C3=O)cc(-c2ccccc2)c1,258.5,P432326,"Polyimides/thioimides, Polyoxides/ethers/acetals, Polyketones/thioketones",160.49,7.33
*C(=O)c1cc(C(=O)c2ccc3c(c2)C(=O)N(c2ccc(Oc4ccc(S(=O)(=O)c5ccc(Oc6ccc(N7C(=O)c8ccc(*)cc8C7=O)cc6)cc5)cc4)cc2)C3=O)cc(-c2ccccc2)c1,256.5,P432327,"Polyimides/thioimides, Polyoxides/ethers/acetals, Polyketones/thioketones, Polysulfones/sulfoxides/sufonates/sulfoamides",188.92,7.96
*C(=O)Nc1ccc(NC(=O)c2ccc3c(c2)C(=O)N(c2ccc(Oc4ccc(N5C(=O)c6ccc(*)cc6C5=O)cc4)cc2)C3=O)c(OCCCCCCS(=O)(=O)c2ccc(/C=C/c3ccc(N(C)C)cc3)cc2)c1,192.0,P432332,"Polyimides/thioimides, Polyoxides/ethers/acetals, Polyamides/thioamides",158.24,6.05
*c1ccc2c(c1)C(=O)N(c1ccc(OCCN(CCOc3ccc(N4C(=O)c5ccc(C(*)(C(F)(F)F)C(F)(F)F)cc5C4=O)cc3)c3ccccc3)cc1)C2=O,170.0,P432333,"Polyimides/thioimides, Polyoxides/ethers/acetals, Polyimines",139.29,4.9
*c1ccc2c(c1)C(=O)N(c1ccc(OCCN(CCOc3ccc(N4C(=O)c5ccc(C(*)(C(F)(F)F)C(F)(F)F)cc5C4=O)cc3)c3ccc(C(C#N)=C(C#N)C#N)cc3)cc1)C2=O,218.0,P432334,"Polyimides/thioimides, Polyoxides/ethers/acetals, Polyimines",131.35,5.31
*c1ccc(Cc2ccc(N3C(=O)c4ccc(OCCN(CCOc5ccc6c(c5)C(=O)N(*)C6=O)c5ccc(/C=C/c6ccc([N+](=O)[O-])cc6)cc5)cc4C3=O)cc2)cc1,160.7,P432335,"Polyimides/thioimides, Polyoxides/ethers/acetals, Polyimines",145.38,5.79
*c1ccc(C(c2ccc(N3C(=O)c4ccc(OCCN(CCOc5ccc6c(c5)C(=O)N(*)C6=O)c5ccc(/C=C/c6ccc([N+](=O)[O-])cc6)cc5)cc4C3=O)cc2)(C(F)(F)F)C(F)(F)F)cc1,180.7,P432336,"Polyimides/thioimides, Polyoxides/ethers/acetals, Polyimines",156.76,6.29
*CC1CCCC(Cn2c(=O)c3cc4c(=O)n(*)c(=O)c4cc3c2=O)C1,263.0,P432337,Polyimides/thioimides,107.17,4.34
*CC1CCCC(CN2C(=O)c3ccc(-c4ccc5c(c4)C(=O)N(*)C5=O)cc3C2=O)C1,234.0,P432338,Polyimides/thioimides,97.59,3.72
*CC1CCCC(CN2C(=O)c3ccc(C(c4ccc5c(c4)C(=O)N(*)C5=O)(C(F)(F)F)C(F)(F)F)cc3C2=O)C1,222.0,P432339,Polyimides/thioimides,103.92,3.58
*CC1CCCC(CN2C(=O)c3ccc(Oc4ccc5c(c4)C(=O)N(*)C5=O)cc3C2=O)C1,199.0,P432340,"Polyimides/thioimides, Polyoxides/ethers/acetals",88.58,3.64
*C1CCC(CC2CCC(N3C(=O)c4ccc(-c5ccc6c(c5)C(=O)N(*)C6=O)cc4C3=O)CC2)CC1,242.0,P432342,Polyimides/thioimides,104.8,3.69
*C(=O)c1ccc2c(c1)C(=O)N(C1CCC(CC3CCC(N4C(=O)c5ccc(*)cc5C4=O)CC3)CC1)C2=O,254.0,P432343,"Polyimides/thioimides, Polyketones/thioketones",101.11,3.44
*c1ccc2c(c1)C(=O)N(C1CCC(CC3CCC(N4C(=O)c5ccc(C(*)(C(F)(F)F)C(F)(F)F)cc5C4=O)CC3)CC1)C2=O,265.0,P432344,Polyimides/thioimides,107.37,3.87
*C1CCC(CC2CCC(N3C(=O)c4ccc(Oc5ccc6c(c5)C(=O)N(*)C6=O)cc4C3=O)CC2)CC1,240.0,P432345,"Polyimides/thioimides, Polyoxides/ethers/acetals",96.76,3.6
*C1CCC(CC2CCC(N3C(=O)c4ccc(-c5ccc6c(c5)C(=O)N(*)C6=O)cc4C3=O)C(C)C2)CC1C,260.0,P432347,Polyimides/thioimides,104.52,3.99
*C(=O)c1ccc2c(c1)C(=O)N(C1CCC(CC3CCC(N4C(=O)c5ccc(*)cc5C4=O)C(C)C3)CC1C)C2=O,240.0,P432348,"Polyimides/thioimides, Polyketones/thioketones",108.67,3.26
*c1ccc2c(c1)C(=O)N(C1CCC(CC3CCC(N4C(=O)c5ccc(C(*)(C(F)(F)F)C(F)(F)F)cc5C4=O)C(C)C3)CC1C)C2=O,225.0,P432349,Polyimides/thioimides,96.45,3.22
*C1CCC(CC2CCC(N3C(=O)c4ccc(Oc5ccc6c(c5)C(=O)N(*)C6=O)cc4C3=O)C(C)C2)CC1C,250.0,P432350,"Polyimides/thioimides, Polyoxides/ethers/acetals",106.75,3.29
*CC1(C)CC(N2C(=O)c3ccc(-c4ccc5c(c4)C(=O)N(*)C5=O)cc3C2=O)CC(C)(C)C1,311.0,P432352,Polyimides/thioimides,113.11,4.18
*c1ccc2c(c1)C(=O)N(C1CC(C)(C)CC(C)(CN3C(=O)c4ccc(C(*)(C(F)(F)F)C(F)(F)F)cc4C3=O)C1)C2=O,278.0,P432353,Polyimides/thioimides,113.02,4.06
*CC1(C)CC(N2C(=O)c3ccc(Oc4ccc5c(c4)C(=O)N(*)C5=O)cc3C2=O)CC(C)(C)C1,266.0,P432354,"Polyimides/thioimides, Polyoxides/ethers/acetals",95.98,3.39
*C(=O)OCCCCCCCCCCCCCCCCCCCCCCOC(=O)c1ccc(N2C(=O)c3ccc(*)cc3C2=O)cc1,44.0,P432355,"Polyimides/thioimides, Polyesters/thioesters",46.37,1.57
*C(=O)Oc1ccc(OC(=O)c2ccc3c(c2)C(=O)N(c2ccc(Oc4ccc(N5C(=O)c6ccc(*)cc6C5=O)cc4)cc2)C3=O)c(C(C)(C)C)c1,189.0,P432357,"Polyimides/thioimides, Polyoxides/ethers/acetals, Polyesters/thioesters",156.43,5.67
*C(=O)Oc1ccc(OC(=O)c2ccc3c(c2)C(=O)N(c2ccc(Oc4ccc(N5C(=O)c6ccc(*)cc6C5=O)cc4)cc2)C3=O)c(-c2ccccc2)c1,212.0,P432358,"Polyimides/thioimides, Polyoxides/ethers/acetals, Polyesters/thioesters",149.65,5.92
*C(=O)Oc1ccc2ccc(OC(=O)c3ccc4c(c3)C(=O)N(c3ccc(Oc5ccc(N6C(=O)c7ccc(*)cc7C6=O)cc5)cc3)C4=O)cc2c1,246.0,P432360,"Polyimides/thioimides, Polyoxides/ethers/acetals, Polyesters/thioesters",172.89,7.19
*C(=O)Oc1ccc(-c2ccc(OC(=O)c3ccc4c(c3)C(=O)N(c3ccc(Oc5ccc(N6C(=O)c7ccc(*)cc7C6=O)cc5)cc3)C4=O)cc2)cc1,232.0,P432361,"Polyimides/thioimides, Polyoxides/ethers/acetals, Polyesters/thioesters",162.0,6.98
*C(=O)OCCCCCCCCCCCCOC(=O)c1ccc2c(c1)C(=O)N(c1ccc(Oc3ccc(N4C(=O)c5ccc(*)cc5C4=O)cc3)cc1)C2=O,105.0,P432363,"Polyimides/thioimides, Polyoxides/ethers/acetals, Polyesters/thioesters",91.82,4.11
*C(=O)Oc1ccc(OC(=O)c2ccc3c(c2)C(=O)N(c2ccc(Cc4ccc(N5C(=O)c6ccc(*)cc6C5=O)cc4)cc2)C3=O)c(C(C)(C)C)c1,160.0,P432364,"Polyimides/thioimides, Polyesters/thioesters",131.07,5.27
*C(=O)Oc1ccc(OCCCCCCCCCCCCOc2ccc(OC(=O)c3ccc4c(c3)C(=O)N(c3ccc(Cc5ccc(N6C(=O)c7ccc(*)cc7C6=O)cc5)cc3)C4=O)cc2)cc1,125.0,P432365,"Polyimides/thioimides, Polyoxides/ethers/acetals, Polyesters/thioesters",125.68,5.17
*C(=O)Oc1ccc(OC(=O)c2ccc3c(c2)C(=O)N(c2ccc(S(=O)(=O)c4ccc(N5C(=O)c6ccc(*)cc6C5=O)cc4)cc2)C3=O)c(C(C)(C)C)c1,179.0,P432366,"Polyimides/thioimides, Polyesters/thioesters, Polysulfones/sulfoxides/sufonates/sulfoamides",151.09,5.56
*C(=O)Oc1ccc(OCCCCCCCCCCCCOc2ccc(OC(=O)c3ccc4c(c3)C(=O)N(c3ccc(S(=O)(=O)c5ccc(N6C(=O)c7ccc(*)cc7C6=O)cc5)cc3)C4=O)cc2)cc1,140.0,P432367,"Polyimides/thioimides, Polyoxides/ethers/acetals, Polyesters/thioesters, Polysulfones/sulfoxides/sufonates/sulfoamides",137.75,5.31
*C(=O)c1ccc2c(c1)C(=O)N(c1ccc(NC(=O)c3cccc(C(=O)Nc4ccc(N5C(=O)c6ccc(*)cc6C5=O)cc4)c3)cc1)C2=O,247.0,P432370,"Polyimides/thioimides, Polyamides/thioamides, Polyketones/thioketones",137.23,6.28
*C(=O)c1ccc2c(c1)C(=O)N(c1ccc(S(=O)(=O)c3ccc(NC(=O)c4cccc(C(=O)Nc5ccc(S(=O)(=O)c6ccc(N7C(=O)c8ccc(*)cc8C7=O)cc6)cc5)c4)cc3)cc1)C2=O,226.0,P432371,"Polyimides/thioimides, Polyamides/thioamides, Polyketones/thioketones, Polysulfones/sulfoxides/sufonates/sulfoamides",180.62,7.32
*C(=O)c1ccc2c(c1)C(=O)N(c1ccc(Oc3ccc(NC(=O)c4cccc(C(=O)Nc5ccc(Oc6ccc(N7C(=O)c8ccc(*)cc8C7=O)cc6)cc5)c4)cc3)cc1)C2=O,232.0,P432372,"Polyimides/thioimides, Polyoxides/ethers/acetals, Polyamides/thioamides, Polyketones/thioketones",189.3,6.6
*CC(=O)Nc1ccc(Oc2c(F)c(F)c(Oc3ccc(NC(=O)c4ccc5c(c4)C(=O)N(*)C5=O)cc3)c(F)c2F)cc1,254.0,P432374,"Polyimides/thioimides, Polyoxides/ethers/acetals, Polyamides/thioamides",122.17,4.64
*CC(=O)Nc1ccc(C2(c3ccc(NC(=O)c4ccc5c(c4)C(=O)N(*)C5=O)cc3)c3ccccc3-c3ccccc32)cc1,345.0,P432375,"Polyimides/thioimides, Polyamides/thioamides",141.85,6.03
*CC(=O)Nc1ccc(C2(c3ccc(NC(=O)Cn4c(=O)c5cc6c(=O)n(*)c(=O)c6cc5c4=O)cc3)c3ccccc3-c3ccccc32)cc1,350.0,P432376,"Polyimides/thioimides, Polyamides/thioamides",204.26,7.83
*c1ccc2c(c1)C(=O)N(c1ccc(Oc3ccc(N4C(=O)c5ccc(C(*)(C(F)(F)F)C(F)(F)F)cc5C4=O)cc3)c(OCCN(CC)c3ccc(/N=N/c4ccc([N+](=O)[O-])cc4)cc3)c1)C2=O,202.0,P432383,"Polyimides/thioimides, Polyoxides/ethers/acetals",172.32,5.8
*c1ccc(Oc2ccc(C(C)(C)c3cccc(C(C)(C)c4ccc(Oc5ccc(-n6c(=O)c7cc8c(=O)n(*)c(=O)c8cc7c6=O)cc5)cc4)c3)cc2)cc1,249.47,P432385,"Polyimides/thioimides, Polyoxides/ethers/acetals",179.03,8.08
*c1ccc2c(c1)C(=O)N(c1ccc(Oc3ccc(N4C(=O)c5ccc(C(*)O)cc5C4=O)cc3)cc1)C2=O,250.0,P432395,"Polyimides/thioimides, Polyoxides/ethers/acetals",137.33,5.29
*CC1CC2CC1C1CCC(Cn3c(=O)c4cc5c(=O)n(*)c(=O)c5cc4c3=O)C21,265.0,P432400,Polyimides/thioimides,109.0,4.48
*CC1CC2CC1C1CCC(CN3C(=O)c4ccc(-c5ccc6c(c5)C(=O)N(*)C6=O)cc4C3=O)C21,230.0,P432401,Polyimides/thioimides,93.97,3.48
*CC1CC2CC1C1CCC(CN3C(=O)c4ccc(C(=O)c5ccc6c(c5)C(=O)N(*)C6=O)cc4C3=O)C21,217.0,P432402,"Polyimides/thioimides, Polyketones/thioketones",88.3,3.58
*CC1CC2CC1C1CCC(CN3C(=O)c4ccc(C(c5ccc6c(c5)C(=O)N(*)C6=O)(C(F)(F)F)C(F)(F)F)cc4C3=O)C21,207.0,P432403,Polyimides/thioimides,105.18,3.56
*CC1CC2CC1C1CCC(CN3C(=O)c4ccc(Oc5ccc6c(c5)C(=O)N(*)C6=O)cc4C3=O)C21,201.0,P432404,"Polyimides/thioimides, Polyoxides/ethers/acetals",101.87,3.39
*CCC1C(=O)N(c2ccc(N(C)C)cc2)C(=O)C1*,195.0,P432406,Polyimides/thioimides,68.94,2.34
*CC(OC)C1C(=O)N(c2ccc(N(C)C)cc2)C(=O)C1*,221.0,P432407,Polyimides/thioimides,65.83,2.76
*c1ccc(-c2sc(-c3ccc(-n4c(=O)c5cc6c(=O)n(*)c(=O)c6cc5c4=O)cc3)c(-c3ccccc3)c2-c2ccccc2)cc1,460.0,P432410,"Polyimides/thioimides, Polysulfides",218.18,9.88
*c1ccc(Oc2cccc(-n3c(=O)c4cc5c(=O)n(-c6cccc(Oc7ccc(-c8nc9cc%10sc(*)nc%10cc9s8)cc7)c6)c(=O)c5cc4c3=O)c2)cc1,400.0,P432411,"Polyimides/thioimides, Polyoxides/ethers/acetals, Polysulfides, Polyimines",252.35,10.0
*c1ccc(Oc2ccc(-n3c(=O)c4cc5c(=O)n(-c6ccc(Oc7ccc(-c8nc9cc%10sc(*)nc%10cc9s8)cc7)cc6)c(=O)c5cc4c3=O)cc2)cc1,400.0,P432412,"Polyimides/thioimides, Polyoxides/ethers/acetals, Polysulfides, Polyimines",227.72,11.65
*c1cc(C(=O)O)cc(N2C(=O)CC(C3CC4C(=O)N(*)C(=O)C4c4ccccc43)C2=O)c1,360.0,P432413,Polyimides/thioimides,117.01,3.91
*CCCCCCCCCCCCN1C(=O)c2ccc(C(c3ccc4c(c3)C(=O)N(CCCCCCCCCCCCn3c(=O)c5ccc6c7ccc8c(=O)n(*)c(=O)c9ccc(c%10ccc(c3=O)c5c6%10)c7c89)C4=O)(C(F)(F)F)C(F)(F)F)cc2C1=O,170.0,P432422,Polyimides/thioimides,150.5,6.69
*CCCCCCCCCCCCN1C(=O)c2cccc3c(-c4ccc5c6c(cccc46)C(=O)N(CCCCCCCCCCCCn4c(=O)c6ccc7c8ccc9c(=O)n(*)c(=O)c%10ccc(c%11ccc(c4=O)c6c7%11)c8c9%10)C5=O)ccc(c23)C1=O,210.0,P432424,Polyimides/thioimides,175.32,8.58
*c1cc(C(=O)OC)cc(N2C(=O)CC(C3Cc4ccccc4C4C(=O)N(*)C(=O)C43)C2=O)c1,258.0,P432425,Polyimides/thioimides,103.75,3.82
*c1cc(C(=O)OCC)cc(N2C(=O)CC(C3Cc4ccccc4C4C(=O)N(*)C(=O)C43)C2=O)c1,254.0,P432426,Polyimides/thioimides,101.93,3.39
*c1cc(C(=O)OCCC)cc(N2C(=O)CC(C3Cc4ccccc4C4C(=O)N(*)C(=O)C43)C2=O)c1,249.0,P432427,Polyimides/thioimides,95.48,3.61
*c1cc(C(=O)OCCCC)cc(N2C(=O)CC(C3Cc4ccccc4C4C(=O)N(*)C(=O)C43)C2=O)c1,219.0,P432428,Polyimides/thioimides,102.21,3.22
*c1cc(C(=O)OCCCCC)cc(N2C(=O)CC(C3Cc4ccccc4C4C(=O)N(*)C(=O)C43)C2=O)c1,219.0,P432429,Polyimides/thioimides,94.79,3.6
*c1cc(C(=O)OCCCCCC)cc(N2C(=O)CC(C3Cc4ccccc4C4C(=O)N(*)C(=O)C43)C2=O)c1,187.0,P432430,Polyimides/thioimides,94.5,3.08
*c1cccc(C(c2cccc(N3C(=O)c4ccc(-c5ccc6c(c5)C(=O)N(*)C6=O)cc4C3=O)c2)(C(F)(F)F)C(F)(F)F)c1,267.0,P432431,Polyimides/thioimides,124.67,5.24
*C(=O)c1ccc2c(c1)C(=O)N(c1cccc(C(c3cccc(N4C(=O)c5ccc(*)cc5C4=O)c3)(C(F)(F)F)C(F)(F)F)c1)C2=O,239.0,P432432,"Polyimides/thioimides, Polyketones/thioketones",142.27,4.84
*c1cccc(C(c2cccc(N3C(=O)c4ccc(Oc5ccc6c(c5)C(=O)N(*)C6=O)cc4C3=O)c2)(C(F)(F)F)C(F)(F)F)c1,224.5,P432433,"Polyimides/thioimides, Polyoxides/ethers/acetals",138.7,4.79
*c1ccc(C(c2ccc(N3C(=O)c4ccc(Oc5ccc6c(c5)C(=O)N(*)C6=O)cc4C3=O)cc2)(C(F)(F)F)C(F)(F)F)cc1,305.0,P432434,"Polyimides/thioimides, Polyoxides/ethers/acetals",149.9,5.97
*c1ccc2c(c1)C(=O)N(c1ccc(C(C)(C)c3ccc(C(C)(C)c4ccc(N5C(=O)c6ccc(C(*)(C(F)(F)F)C(F)(F)F)cc6C5=O)cc4)cc3)cc1)C2=O,235.4,P432438,Polyimides/thioimides,164.08,5.44
*c1ccc2c(c1)C(=O)N(C1CCC(N3C(=O)c4ccc(C(*)(C(F)(F)F)C(F)(F)F)cc4C3=O)CC1)C2=O,346.5,P432450,Polyimides/thioimides,126.06,4.24
*c1ccc(OC(=O)CCCCCCCCCCCCCCCCCCCCC(=O)Oc2ccc(N3C(=O)c4ccc(-c5ccc6c(c5)C(=O)N(*)C6=O)cc4C3=O)cc2)cc1,140.0,P432453,"Polyimides/thioimides, Polyesters/thioesters",102.69,3.79
*C/C=C/N(/C=C/CC1CC(=O)N(c2ccc(Cc3ccc(N4C(=O)CC(*)C4=O)cc3)cc2)C1=O)c1ccc(/N=N/c2ccc([N+](=O)[O-])cc2)cc1,277.0,P432455,"Polyimides/thioimides, Polyimines",124.66,5.18
*c1ccc(C(c2ccc(N3C(=O)c4cc5c(cc4C3=O)C(C(F)(F)F)(C(F)(F)F)c3cc4c(cc3O5)C(=O)N(*)C4=O)cc2)(C(F)(F)F)C(F)(F)F)cc1,430.0,P432456,"Polyimides/thioimides, Polyoxides/ethers/acetals",168.45,6.19
*c1ccc(NC2CC(=O)N(c3ccc(Cc4ccc(N5C(=O)CC(Nc6ccc(-c7nc(-c8ccc(/N=N/c9ccc([N+](=O)[O-])cc9)cc8)[nH]c7*)cc6)C5=O)cc4)cc3)C2=O)cc1,258.0,P432457,"Polyimides/thioimides, Polyimines",175.56,6.59
*c1ccc(NC2CC(=O)N(c3ccc(Cc4ccc(N5C(=O)CC(Nc6ccc(-c7nc(-c8ccc(/C=C/c9ccc([N+](=O)[O-])cc9)cc8)[nH]c7*)cc6)C5=O)cc4)cc3)C2=O)cc1,250.0,P432458,"Polyimides/thioimides, Polyimines",162.35,7.51
*c1ccc2c(c1)C(=O)N(c1cc(C(c3ccc(O)c(N4C(=O)c5ccc(C(*)(C(F)(F)F)C(F)(F)F)cc5C4=O)c3)(C(F)(F)F)C(F)(F)F)ccc1O)C2=O,330.0,P432459,Polyimides/thioimides,157.95,5.43
*c1ccc2c(c1)C(=O)N(c1cc(C(c3ccc(OCCN(CC)c4ccc(/N=N/c5ccc([N+](=O)[O-])cc5)cc4)c(N4C(=O)c5ccc(C(*)(C(F)(F)F)C(F)(F)F)cc5C4=O)c3)(C(F)(F)F)C(F)(F)F)ccc1OCCN(CC)c1ccc(/N=N/c3ccc([N+](=O)[O-])cc3)cc1)C2=O,199.0,P432460,Polyimides/thioimides,183.57,7.38
*CCN(CCN1C(=O)c2ccc(C(c3ccc4c(c3)C(=O)N(*)C4=O)(C(F)(F)F)C(F)(F)F)cc2C1=O)c1ccc(/N=N/c2ccc(C3OCCO3)cc2)cc1,178.0,P432461,"Polyimides/thioimides, Polyimines",126.58,4.44
*CCN(CCN1C(=O)c2ccc(C(c3ccc4c(c3)C(=O)N(*)C4=O)(C(F)(F)F)C(F)(F)F)cc2C1=O)c1ccc(/N=N/c2ccc(C=O)cc2)cc1,170.0,P432462,"Polyimides/thioimides, Polyimines",128.24,4.39
*c1ccc(C(=O)Nc2ccc(-n3c(=O)c4cc5c(=O)n(*)c(=O)c5cc4c3=O)cc2C(=O)OCC)cc1,340.0,P432463,"Polyimides/thioimides, Polyamides/thioamides",156.85,6.44
*CCCCC(=O)Oc1ccc(OC(=O)c2ccc3c(c2)C(=O)N(*)C3=O)c(C)c1,75.76,P432465,"Polyimides/thioimides, Polyesters/thioesters",75.42,2.55
*CCCCCCC(=O)Oc1ccc(OC(=O)c2ccc3c(c2)C(=O)N(*)C3=O)c(C)c1,57.21,P432466,"Polyimides/thioimides, Polyesters/thioesters",64.36,2.43
*c1ccc2c(c1)C(=O)N(c1c(C)cc(-c3cc(C)c(N4C(=O)c5ccc(C(*)(C(F)(F)F)C(F)(F)F)cc5C4=O)c4ccccc34)c3ccccc13)C2=O,403.0,P432471,Polyimides/thioimides,187.59,7.38
*c1ccc(Oc2c(C)cc(Cc3cc(C)c(Oc4ccc(-n5c(=O)c6cc7c(=O)n(*)c(=O)c7cc6c5=O)cc4)c(C)c3)cc2C)cc1,299.5,P432472,"Polyimides/thioimides, Polyoxides/ethers/acetals",182.19,8.17
*c1ccc(Oc2c(C)cc(Cc3cc(C)c(Oc4ccc(N5C(=O)c6ccc(-c7ccc8c(c7)C(=O)N(*)C8=O)cc6C5=O)cc4)c(C)c3)cc2C)cc1,310.0,P432473,"Polyimides/thioimides, Polyoxides/ethers/acetals",162.64,6.62
*C(=O)c1ccc2c(c1)C(=O)N(c1ccc(Oc3c(C)cc(Cc4cc(C)c(Oc5ccc(N6C(=O)c7ccc(*)cc7C6=O)cc5)c(C)c4)cc3C)cc1)C2=O,303.0,P432474,"Polyimides/thioimides, Polyoxides/ethers/acetals, Polyketones/thioketones",158.8,7.03
*c1ccc2c(c1)C(=O)N(c1ccc(Oc3c(C)cc(Cc4cc(C)c(Oc5ccc(N6C(=O)c7ccc(C(*)(C(F)(F)F)C(F)(F)F)cc7C6=O)cc5)c(C)c4)cc3C)cc1)C2=O,298.0,P432475,"Polyimides/thioimides, Polyoxides/ethers/acetals",157.21,7.24
*c1c(C)cc(C(c2cc(C)c(N3C(=O)c4ccc(-c5ccc6c(c5)C(=O)N(*)C6=O)cc4C3=O)c(C)c2)c2cccc3ccccc23)cc1C,326.0,P432477,Polyimides/thioimides,161.78,7.61
*C(=O)c1ccc2c(c1)C(=O)N(c1c(C)cc(C(c3cc(C)c(N4C(=O)c5ccc(*)cc5C4=O)c(C)c3)c3cccc4ccccc34)cc1C)C2=O,318.0,P432478,"Polyimides/thioimides, Polyketones/thioketones",159.02,7.61
*c1ccc2c(c1)C(=O)N(c1c(C)cc(C(c3cc(C)c(N4C(=O)c5ccc(C(*)(C(F)(F)F)C(F)(F)F)cc5C4=O)c(C)c3)c3cccc4ccccc34)cc1C)C2=O,314.0,P432479,Polyimides/thioimides,183.27,6.74
*c1ccc(Oc2c(C)cc(C(c3cc(C)c(Oc4ccc(-n5c(=O)c6cc7c(=O)n(*)c(=O)c7cc6c5=O)cc4)c(C)c3)c3cccc4ccccc34)cc2C)cc1,315.0,P432480,"Polyimides/thioimides, Polyoxides/ethers/acetals",233.43,8.48
*c1ccc(Oc2c(C)cc(C(c3cc(C)c(Oc4ccc(N5C(=O)c6ccc(-c7ccc8c(c7)C(=O)N(*)C8=O)cc6C5=O)cc4)c(C)c3)c3cccc4ccccc34)cc2C)cc1,289.5,P432481,"Polyimides/thioimides, Polyoxides/ethers/acetals",199.58,8.81
*C(=O)c1ccc2c(c1)C(=O)N(c1ccc(Oc3c(C)cc(C(c4cc(C)c(Oc5ccc(N6C(=O)c7ccc(*)cc7C6=O)cc5)c(C)c4)c4cccc5ccccc45)cc3C)cc1)C2=O,272.0,P432482,"Polyimides/thioimides, Polyoxides/ethers/acetals, Polyketones/thioketones",207.74,7.71
*c1ccc2c(c1)C(=O)N(c1ccc(Oc3c(C)cc(C(c4cc(C)c(Oc5ccc(N6C(=O)c7ccc(C(*)(C(F)(F)F)C(F)(F)F)cc7C6=O)cc5)c(C)c4)c4cccc5ccccc45)cc3C)cc1)C2=O,308.0,P432483,"Polyimides/thioimides, Polyoxides/ethers/acetals",190.94,9.1
*c1ccc(Oc2ccc(N3C(=O)CC4C(CC5C(=O)N(*)C(=O)C54)C3=O)cc2)cc1,350.0,P432484,"Polyimides/thioimides, Polyoxides/ethers/acetals",117.87,3.9
*c1cccc(Oc2cccc(Oc3cccc(N4C(=O)c5ccc(-c6ccc7c(c6)C(=O)N(*)C7=O)cc5C4=O)c3)c2)c1,208.0,P432485,"Polyimides/thioimides, Polyoxides/ethers/acetals",141.46,5.6
*c1ccc(Cc2ccc(N3C(=O)N(c4ccc(Cc5ccc(N6C(=O)N(*)C(C)(C)C6=O)cc5)cc4)C(=O)C3(C)C)cc2)cc1,259.5,P432486,"Polyimides/thioimides, Polyureas/thioureas",143.41,4.96
*CCCCCC(=O)Oc1ccc2ccc(OC(=O)c3ccc4c(c3)C(=O)N(*)C4=O)cc2c1,113.0,P432487,"Polyimides/thioimides, Polyesters/thioesters",91.73,3.24
*CCCCCC(=O)Oc1ccc(C(C)(C)c2ccc(OC(=O)c3ccc4c(c3)C(=O)N(*)C4=O)cc2)cc1,110.0,P432488,"Polyimides/thioimides, Polyesters/thioesters",95.86,3.43
*CCCCCC(=O)Oc1ccc(C(C)(C)c2ccc(C(C)(C)c3ccc(OC(=O)c4ccc5c(c4)C(=O)N(*)C5=O)cc3)cc2)cc1,104.0,P432489,"Polyimides/thioimides, Polyesters/thioesters",111.72,4.49
*CCCCCC(=O)Oc1ccc(C2(c3ccc(OC(=O)c4ccc5c(c4)C(=O)N(*)C5=O)cc3)CCCCC2)cc1,122.0,P432490,"Polyimides/thioimides, Polyesters/thioesters",85.87,3.54
*CCCCCCCCCCCC(=O)Oc1ccc2ccc(OC(=O)c3ccc4c(c3)C(=O)N(*)C4=O)cc2c1,98.0,P432491,"Polyimides/thioimides, Polyesters/thioesters",84.7,3.06
*CCCCCCCCCCCC(=O)Oc1ccc(C(C)(C)c2ccc(OC(=O)c3ccc4c(c3)C(=O)N(*)C4=O)cc2)cc1,93.0,P432492,"Polyimides/thioimides, Polyesters/thioesters",80.94,2.8
*CCCCCCCCCCCC(=O)Oc1ccc(C(C)(C)c2ccc(C(C)(C)c3ccc(OC(=O)c4ccc5c(c4)C(=O)N(*)C5=O)cc3)cc2)cc1,97.0,P432493,"Polyimides/thioimides, Polyesters/thioesters",95.33,4.04
*CCCCCCCCCCCC(=O)Oc1ccc(C2(c3ccc(OC(=O)c4ccc5c(c4)C(=O)N(*)C5=O)cc3)CCCCC2)cc1,96.0,P432494,"Polyimides/thioimides, Polyesters/thioesters",81.59,3.25
*CCCCCCCCCCCC(=O)Oc1ccc(C2(c3ccc(OC(=O)c4ccc5c(c4)C(=O)N(*)C5=O)cc3)OC(=O)c3ccccc32)cc1,114.0,P432495,"Polyimides/thioimides, Polyesters/thioesters",112.11,4.03
*c1ccc(Cc2ccc(N3C(=O)CC(Nc4ccc(N(c5ccc(Nc6ccc([N+](=O)[O-])cc6)cc5)c5ccc(NC6CC(=O)N(*)C6=O)cc5)cc4)C3=O)cc2)cc1,324.0,P432496,"Polyimides/thioimides, Polyimines",177.37,7.01
*c1ccc(Cc2ccc(N3C(=O)CC(Nc4ccc(N(c5ccc(NC6CC(=O)N(*)C6=O)cc5)c5ccc([N+](=O)[O-])cc5)cc4)C3=O)cc2)cc1,276.0,P432497,"Polyimides/thioimides, Polyimines",133.97,5.28
*c1cccc(CCCOc2cccc(N3C(=O)c4cccc(-c5ccc6c(c5)C(=O)N(*)C6=O)c4C3=O)c2)c1,178.0,P432498,"Polyimides/thioimides, Polyoxides/ethers/acetals",118.96,4.56
*c1cccc(OCCCCOc2cccc(N3C(=O)c4ccc(-c5cccc6c5C(=O)N(*)C6=O)cc4C3=O)c2)c1,178.0,P432499,"Polyimides/thioimides, Polyoxides/ethers/acetals",108.18,4.2
*c1cccc(OCCCCCOc2cccc(N3C(=O)c4ccc(-c5cccc6c5C(=O)N(*)C6=O)cc4C3=O)c2)c1,168.0,P432500,"Polyimides/thioimides, Polyoxides/ethers/acetals",122.93,4.34
*c1cccc(OCCCCCCOc2cccc(N3C(=O)c4ccc(-c5cccc6c5C(=O)N(*)C6=O)cc4C3=O)c2)c1,157.0,P432501,"Polyimides/thioimides, Polyoxides/ethers/acetals",116.05,4.33
*c1cccc(OCCCCCCCCOc2cccc(N3C(=O)c4ccc(-c5cccc6c5C(=O)N(*)C6=O)cc4C3=O)c2)c1,142.0,P432502,"Polyimides/thioimides, Polyoxides/ethers/acetals",108.1,3.87
*c1cccc(OCCCCCCCCCOc2cccc(N3C(=O)c4ccc(-c5cccc6c5C(=O)N(*)C6=O)cc4C3=O)c2)c1,134.0,P432503,"Polyimides/thioimides, Polyoxides/ethers/acetals",102.25,4.19
*c1cccc(OCCCCCCCCCCOc2cccc(N3C(=O)c4ccc(-c5cccc6c5C(=O)N(*)C6=O)cc4C3=O)c2)c1,127.0,P432504,"Polyimides/thioimides, Polyoxides/ethers/acetals",100.8,3.79
*c1cccc(OCCCCCCCCCCCCOc2cccc(N3C(=O)c4ccc(-c5cccc6c5C(=O)N(*)C6=O)cc4C3=O)c2)c1,116.0,P432505,"Polyimides/thioimides, Polyoxides/ethers/acetals",98.84,3.56
*c1ccc(OCCCOc2ccc(N3C(=O)c4ccc(-c5cccc6c5C(=O)N(*)C6=O)cc4C3=O)cc2)cc1,237.5,P432506,"Polyimides/thioimides, Polyoxides/ethers/acetals",121.12,5.4
*c1ccc(OCCCCCOc2ccc(N3C(=O)c4ccc(-c5cccc6c5C(=O)N(*)C6=O)cc4C3=O)cc2)cc1,208.0,P432507,"Polyimides/thioimides, Polyoxides/ethers/acetals",127.47,4.81
*c1cccc(OCCCOc2cccc(N3C(=O)c4ccc(-c5ccc6c(c5)C(=O)N(*)C6=O)cc4C3=O)c2)c1,184.0,P432511,"Polyimides/thioimides, Polyoxides/ethers/acetals",127.32,4.5
*c1cccc(OCCCCOc2cccc(N3C(=O)c4ccc(-c5ccc6c(c5)C(=O)N(*)C6=O)cc4C3=O)c2)c1,175.0,P432512,"Polyimides/thioimides, Polyoxides/ethers/acetals",121.55,4.71
*c1cccc(OCCCCCOc2cccc(N3C(=O)c4ccc(-c5ccc6c(c5)C(=O)N(*)C6=O)cc4C3=O)c2)c1,165.0,P432513,"Polyimides/thioimides, Polyoxides/ethers/acetals",107.58,4.82
*c1cccc(OCCCCCCOc2cccc(N3C(=O)c4ccc(-c5ccc6c(c5)C(=O)N(*)C6=O)cc4C3=O)c2)c1,153.0,P432514,"Polyimides/thioimides, Polyoxides/ethers/acetals",119.01,4.8
*c1cccc(OCCCCCCCCOc2cccc(N3C(=O)c4ccc(-c5ccc6c(c5)C(=O)N(*)C6=O)cc4C3=O)c2)c1,138.0,P432515,"Polyimides/thioimides, Polyoxides/ethers/acetals",102.08,3.92
*c1cccc(OCCCCCCCCCOc2cccc(N3C(=O)c4ccc(-c5ccc6c(c5)C(=O)N(*)C6=O)cc4C3=O)c2)c1,132.0,P432516,"Polyimides/thioimides, Polyoxides/ethers/acetals",112.17,3.75
*c1cccc(OCCCCCCCCCCOc2cccc(N3C(=O)c4ccc(-c5ccc6c(c5)C(=O)N(*)C6=O)cc4C3=O)c2)c1,125.0,P432517,"Polyimides/thioimides, Polyoxides/ethers/acetals",94.04,3.82
*c1cccc(OCCCCCCCCCCCCOc2cccc(N3C(=O)c4ccc(-c5ccc6c(c5)C(=O)N(*)C6=O)cc4C3=O)c2)c1,116.0,P432518,"Polyimides/thioimides, Polyoxides/ethers/acetals",96.41,4.06
*c1ccc(OCCCCCCCCCCOc2ccc(N3C(=O)c4ccc(-c5ccc6c(c5)C(=O)N(*)C6=O)cc4C3=O)cc2)cc1,153.0,P432524,"Polyimides/thioimides, Polyoxides/ethers/acetals",112.43,4.21
*C1C(=O)N(CCOc2ccc(-c3ccc(C#N)cc3)cc2)C(=O)C1*,150.0,P432526,Polyimides/thioimides,86.49,2.87
*C1C(=O)N(CCCOc2ccc(-c3ccc(C#N)cc3)cc2)C(=O)C1*,130.0,P432527,Polyimides/thioimides,83.49,3.22
*C1C(=O)N(CCCCOc2ccc(-c3ccc(C#N)cc3)cc2)C(=O)C1*,115.0,P432528,Polyimides/thioimides,73.5,3.04
*C1C(=O)N(CCCCCOc2ccc(-c3ccc(C#N)cc3)cc2)C(=O)C1*,75.0,P432529,Polyimides/thioimides,74.03,2.48
*C1C(=O)N(CCCCCCOc2ccc(-c3ccc(C#N)cc3)cc2)C(=O)C1*,76.0,P432530,Polyimides/thioimides,62.76,2.43
*C1C(=O)N(CCCCCCCOc2ccc(-c3ccc(C#N)cc3)cc2)C(=O)C1*,61.0,P432531,Polyimides/thioimides,66.2,2.46
*C1C(=O)N(CCCCCCCCOc2ccc(-c3ccc(C#N)cc3)cc2)C(=O)C1*,43.0,P432532,Polyimides/thioimides,63.54,2.07
*CC(c1ccccc1)C1C(=O)N(CCCOc2ccc(-c3ccc(C#N)cc3)cc2)C(=O)C1*,130.0,P432533,Polyimides/thioimides,90.06,3.38
*c1ccc(Oc2ccc(Oc3ccc(N4C(=O)CC(=O)N(*)C4=S)cc3)cc2)cc1,157.0,P432553,"Polyimides/thioimides, Polyoxides/ethers/acetals, Polyureas/thioureas",106.21,3.67
*c1ccc(Oc2ccc(C(C)(C)c3ccc(Oc4ccc(N5C(=O)CC(=O)N(*)C5=S)cc4)cc3)cc2)cc1,150.0,P432554,"Polyimides/thioimides, Polyoxides/ethers/acetals, Polyureas/thioureas",116.79,4.61
*c1ccc(Oc2cccc(Oc3ccc(N4C(=O)CC(=O)N(*)C4=S)cc3)c2)cc1,145.0,P432555,"Polyimides/thioimides, Polyoxides/ethers/acetals, Polyureas/thioureas",106.46,3.5
*c1ccc(Oc2ccc(-c3ccc(Oc4ccc(N5C(=O)CC(=O)N(*)C5=S)cc4)cc3)cc2)cc1,158.5,P432556,"Polyimides/thioimides, Polyoxides/ethers/acetals, Polyureas/thioureas",122.12,4.37
*c1ccc(Oc2ccc(C(c3ccc(Oc4ccc(N5C(=O)CC(=O)N(*)C5=S)cc4)cc3)(C(F)(F)F)C(F)(F)F)cc2)cc1,147.0,P432557,"Polyimides/thioimides, Polyoxides/ethers/acetals, Polyureas/thioureas",119.7,4.67
*c1ccc(Oc2ccc3ccc(Oc4ccc(N5C(=O)CC(=O)N(*)C5=S)cc4)cc3c2)cc1,151.5,P432558,"Polyimides/thioimides, Polyoxides/ethers/acetals, Polyureas/thioureas",119.68,4.68
*c1ccc(Oc2ccc(C3(c4ccc(Oc5ccc(N6C(=O)CC(=O)N(*)C6=S)cc5)cc4)c4ccccc4-c4ccccc43)cc2)cc1,175.0,P432559,"Polyimides/thioimides, Polyoxides/ethers/acetals, Polyureas/thioureas",149.4,6.72
*c1cc(C(=O)NCCCC)cc(N2C(=O)c3ccc(-c4ccc5c(c4)C(=O)N(*)C5=O)cc3C2=O)c1,291.0,P432560,Polyimides/thioimides,114.48,4.91
*c1cc(C(=O)NCCCCCC)cc(N2C(=O)c3ccc(-c4ccc5c(c4)C(=O)N(*)C5=O)cc3C2=O)c1,256.9,P432561,Polyimides/thioimides,117.22,4.54
*c1cc(C(=O)NCCCCCCCC)cc(N2C(=O)c3ccc(-c4ccc5c(c4)C(=O)N(*)C5=O)cc3C2=O)c1,245.5,P432562,Polyimides/thioimides,107.22,4.1
*c1cc(C(=O)NCCCCCCCCCC)cc(N2C(=O)c3ccc(-c4ccc5c(c4)C(=O)N(*)C5=O)cc3C2=O)c1,245.1,P432563,Polyimides/thioimides,95.4,3.67
*c1cc(C(=O)NCCCCCCCCCCCC)cc(N2C(=O)c3ccc(-c4ccc5c(c4)C(=O)N(*)C5=O)cc3C2=O)c1,243.1,P432564,Polyimides/thioimides,107.8,3.67
*c1cc(C(=O)NCCCCCCCCCCCCCC)cc(N2C(=O)c3ccc(-c4ccc5c(c4)C(=O)N(*)C5=O)cc3C2=O)c1,247.6,P432565,Polyimides/thioimides,107.4,3.46
*/C=C/C1CC(*)C2C(=O)N(CCCC)C(=O)C12,131.0,P432568,Polyimides/thioimides,44.42,1.51
*/C=C/C1CC(*)C2C(=O)N(CCCCC)C(=O)C12,99.0,P432569,Polyimides/thioimides,45.27,1.31
*/C=C/C1CC(*)C2C(=O)N(CCCCCC)C(=O)C12,87.0,P432570,Polyimides/thioimides,42.31,1.18
*c1cccc(P(=O)(c2cccc(N3C(=O)c4ccc(Oc5ccc6c(c5)C(=O)N(*)C6=O)cc4C3=O)c2)c2cc(C(F)(F)F)cc(C(F)(F)F)c2)c1,228.0,P432571,"Polyimides/thioimides, Polyoxides/ethers/acetals",137.28,6.06
*C(=O)c1ccc2c(c1)C(=O)N(c1cccc(P(=O)(c3cccc(N4C(=O)c5ccc(*)cc5C4=O)c3)c3cc(C(F)(F)F)cc(C(F)(F)F)c3)c1)C2=O,243.0,P432572,"Polyimides/thioimides, Polyketones/thioketones",157.61,5.8
*c1ccc2c(c1)C(=O)N(c1cccc(P(=O)(c3cccc(N4C(=O)c5ccc(C(*)(C(F)(F)F)C(F)(F)F)cc5C4=O)c3)c3cc(C(F)(F)F)cc(C(F)(F)F)c3)c1)C2=O,247.0,P432573,Polyimides/thioimides,145.67,5.88
*c1cccc(P(=O)(c2cccc(-n3c(=O)c4cc5c(=O)n(*)c(=O)c5cc4c3=O)c2)c2cc(C(F)(F)F)cc(C(F)(F)F)c2)c1,281.0,P432574,Polyimides/thioimides,164.59,6.86
*c1cccc(P(=O)(c2ccc(C(F)(F)F)cc2)c2cccc(N3C(=O)c4ccc(Oc5ccc6c(c5)C(=O)N(*)C6=O)cc4C3=O)c2)c1,248.0,P432575,"Polyimides/thioimides, Polyoxides/ethers/acetals",151.9,6.01
*C(=O)c1ccc2c(c1)C(=O)N(c1cccc(P(=O)(c3ccc(C(F)(F)F)cc3)c3cccc(N4C(=O)c5ccc(*)cc5C4=O)c3)c1)C2=O,264.0,P432576,"Polyimides/thioimides, Polyketones/thioketones",139.59,6.31
*c1ccc2c(c1)C(=O)N(c1cccc(P(=O)(c3ccc(C(F)(F)F)cc3)c3cccc(N4C(=O)c5ccc(C(*)(C(F)(F)F)C(F)(F)F)cc5C4=O)c3)c1)C2=O,260.0,P432577,Polyimides/thioimides,150.03,6.27
*c1cccc(P(=O)(c2ccc(C(F)(F)F)cc2)c2cccc(-n3c(=O)c4cc5c(=O)n(*)c(=O)c5cc4c3=O)c2)c1,311.0,P432578,Polyimides/thioimides,182.98,7.61
*c1cccc(P(=O)(c2ccccc2)c2cccc(N3C(=O)c4ccc(Oc5ccc6c(c5)C(=O)N(*)C6=O)cc4C3=O)c2)c1,251.0,P432579,"Polyimides/thioimides, Polyoxides/ethers/acetals",152.17,6.12
*C(=O)c1ccc2c(c1)C(=O)N(c1cccc(P(=O)(c3ccccc3)c3cccc(N4C(=O)c5ccc(*)cc5C4=O)c3)c1)C2=O,273.0,P432580,"Polyimides/thioimides, Polyketones/thioketones",156.63,5.84
*c1ccc2c(c1)C(=O)N(c1cccc(P(=O)(c3ccccc3)c3cccc(N4C(=O)c5ccc(C(*)(C(F)(F)F)C(F)(F)F)cc5C4=O)c3)c1)C2=O,271.0,P432581,Polyimides/thioimides,149.81,6.4
*c1cccc(P(=O)(c2ccccc2)c2cccc(-n3c(=O)c4cc5c(=O)n(*)c(=O)c5cc4c3=O)c2)c1,331.0,P432582,Polyimides/thioimides,178.5,7.33
*c1ccc(C(c2ccccc2)(c2ccc(N3C(=O)c4ccc(Oc5ccc6c(c5)C(=O)N(*)C6=O)cc4C3=O)cc2)C(F)(F)F)cc1,293.0,P432583,"Polyimides/thioimides, Polyoxides/ethers/acetals",166.79,6.4
*C(=O)c1ccc2c(c1)C(=O)N(c1ccc(C(c3ccccc3)(c3ccc(N4C(=O)c5ccc(*)cc5C4=O)cc3)C(F)(F)F)cc1)C2=O,311.0,P432584,"Polyimides/thioimides, Polyketones/thioketones",141.89,6.57
*c1ccc(Oc2ccc(-c3nc4ccc(Oc5ccc(N6C(=O)c7ccc(C(c8ccc9c(c8)C(=O)N(c8ccc(Oc%10ccc%11nc(*)c(-c%12ccccc%12)nc%11c%10)cc8)C9=O)(C(F)(F)F)C(F)(F)F)cc7C6=O)cc5)cc4nc3-c3ccccc3)cc2)cc1,267.0,P432586,"Polyimides/thioimides, Polyoxides/ethers/acetals, Polyimines",295.14,11.67
*C(=O)Nc1ccc(Oc2ccc(NC(=O)c3ccc4c(c3)C(=O)N(c3ccc(Oc5ccc(C6(c7ccc(Oc8ccc(N9C(=O)c%10ccc(*)cc%10C9=O)cc8)cc7)CC7CC6C6CCCC76)cc5)cc3)C4=O)cc2)cc1,250.0,P432593,"Polyimides/thioimides, Polyoxides/ethers/acetals, Polyamides/thioamides",190.02,8.72
*C(=O)Nc1ccc(Oc2ccc(Oc3ccc(NC(=O)c4ccc5c(c4)C(=O)N(c4ccc(Oc6ccc(C7(c8ccc(Oc9ccc(N%10C(=O)c%11ccc(*)cc%11C%10=O)cc9)cc8)CC8CC7C7CCCC87)cc6)cc4)C5=O)cc3)cc2)cc1,257.0,P432594,"Polyimides/thioimides, Polyoxides/ethers/acetals, Polyamides/thioamides",231.38,8.11
*C(=O)Nc1ccc(Oc2ccc(Oc3ccc(NC(=O)c4ccc5c(c4)C(=O)N(c4ccc(Oc6ccc(C7(c8ccc(Oc9ccc(N%10C(=O)c%11ccc(*)cc%11C%10=O)cc9)cc8)CC8CC7C7CCCC87)cc6)cc4)C5=O)cc3)c(C(C)(C)C)c2)cc1,275.0,P432595,"Polyimides/thioimides, Polyoxides/ethers/acetals, Polyamides/thioamides",202.64,9.33
*C(=O)Nc1ccc(Oc2cc(C(C)(C)C)c(Oc3ccc(NC(=O)c4ccc5c(c4)C(=O)N(c4ccc(Oc6ccc(C7(c8ccc(Oc9ccc(N%10C(=O)c%11ccc(*)cc%11C%10=O)cc9)cc8)CC8CC7C7CCCC87)cc6)cc4)C5=O)cc3)cc2C(C)(C)C)cc1,290.0,P432596,"Polyimides/thioimides, Polyoxides/ethers/acetals, Polyamides/thioamides",228.27,8.74
*C(=O)Nc1ccc(Oc2ccc(-c3ccc(Oc4ccc(NC(=O)c5ccc6c(c5)C(=O)N(c5ccc(Oc7ccc(C8(c9ccc(Oc%10ccc(N%11C(=O)c%12ccc(*)cc%12C%11=O)cc%10)cc9)CC9CC8C8CCCC98)cc7)cc5)C6=O)cc4)cc3C)c(C)c2)cc1,265.0,P432597,"Polyimides/thioimides, Polyoxides/ethers/acetals, Polyamides/thioamides",218.1,9.98
*C(=O)Nc1ccc(Oc2ccc(C(c3ccc(Oc4ccc(NC(=O)c5ccc6c(c5)C(=O)N(c5ccc(Oc7ccc(C8(c9ccc(Oc%10ccc(N%11C(=O)c%12ccc(*)cc%12C%11=O)cc%10)cc9)CC9CC8C8CCCC98)cc7)cc5)C6=O)cc4)cc3)(C(F)(F)F)C(F)(F)F)cc2)cc1,254.0,P432598,"Polyimides/thioimides, Polyoxides/ethers/acetals, Polyamides/thioamides",239.54,8.84
*C(=O)Nc1ccc(Oc2c(C)cc(C(C)(C)c3cc(C)c(Oc4ccc(NC(=O)c5ccc6c(c5)C(=O)N(c5ccc(Oc7ccc(C8(c9ccc(Oc%10ccc(N%11C(=O)c%12ccc(*)cc%12C%11=O)cc%10)cc9)CC9CC8C8CCCC98)cc7)cc5)C6=O)cc4)c(C)c3)cc2C)cc1,276.0,P432599,"Polyimides/thioimides, Polyoxides/ethers/acetals, Polyamides/thioamides",226.06,9.81
*Oc1c(C)cc(C(C)(C)c2cc(C)c(ON3C(=O)c4ccc(Oc5ccc(C6(c7ccc(Oc8ccc9c(c8)C(=O)N(*)C9=O)cc7)CCC(C(C)(C)C)CC6)cc5)cc4C3=O)c(C)c2)cc1C,248.0,P432600,"Polyimides/thioimides, Polyoxides/ethers/acetals",171.71,6.61
*c1ccc(Oc2ccc(C(c3ccc(Oc4ccc(N5C(=O)c6ccc(Oc7ccc(C8(c9ccc(Oc%10ccc%11c(c%10)C(=O)N(*)C%11=O)cc9)CCC(C(C)(C)C)CC8)cc7)cc6C5=O)cc4)cc3)(C(F)(F)F)C(F)(F)F)cc2)cc1,227.0,P432601,"Polyimides/thioimides, Polyoxides/ethers/acetals",199.91,7.9
*c1ccc(Oc2ccc(Oc3ccc(N4C(=O)c5ccc(Oc6ccc(C7(c8ccc(Oc9ccc%10c(c9)C(=O)N(*)C%10=O)cc8)CCC(C(C)(C)C)CC7)cc6)cc5C4=O)cc3)c(C(C)(C)C)c2)cc1,233.0,P432602,"Polyimides/thioimides, Polyoxides/ethers/acetals",166.17,6.81
*c1ccc(Oc2ccc(-c3ccc(Oc4ccc(N5C(=O)c6ccc(Oc7ccc(C8(c9ccc(Oc%10ccc%11c(c%10)C(=O)N(*)C%11=O)cc9)CCC(C(C)(C)C)CC8)cc7)cc6C5=O)cc4)cc3C)c(C)c2)cc1,236.0,P432603,"Polyimides/thioimides, Polyoxides/ethers/acetals",212.44,7.83
*c1ccc(Oc2ccc(C3(c4ccc(Oc5ccc(N6C(=O)c7ccc(Oc8ccc(C9(c%10ccc(Oc%11ccc%12c(c%11)C(=O)N(*)C%12=O)cc%10)CCC(C(C)(C)C)CC9)cc8)cc7C6=O)cc5)cc4)C4CC5CC(C4)CC3C5)cc2)cc1,266.0,P432604,"Polyimides/thioimides, Polyoxides/ethers/acetals",213.06,7.97
*c1ccc(Oc2ccc(C3(c4ccc(Oc5ccc(N6C(=O)c7ccc(Oc8ccc(C9(c%10ccc(Oc%11ccc%12c(c%11)C(=O)N(*)C%12=O)cc%10)CCC(C(C)(C)C)CC9)cc8)cc7C6=O)cc5)cc4)CC4CC3C3CCCC43)cc2)cc1,257.0,P432605,"Polyimides/thioimides, Polyoxides/ethers/acetals",220.03,7.38
*CC(c1ccccc1)C1C(=O)N(C)C(=O)C1*,205.0,P432610,Polyimides/thioimides,70.66,2.64
*c1ccc(Oc2ccc(Oc3ccc(N4C(=O)c5ccc(Oc6ccc(C(c7ccccc7)(c7ccccc7)c7ccc(Oc8ccc9c(c8)C(=O)N(*)C9=O)cc7)cc6)cc5C4=O)cc3)c(C(C)(C)C)c2)cc1,229.0,P432617,"Polyimides/thioimides, Polyoxides/ethers/acetals",199.96,9.21
*CCCCOC(=O)OCCCCN1C(=O)c2ccc(-c3ccc4c(c3)C(=O)N(*)C4=O)cc2C1=O,104.0,P432620,"Polyimides/thioimides, Polycarbonates/thiocarbonates",80.61,2.8
*CCCCCOC(=O)OCCCCCN1C(=O)c2ccc(-c3ccc4c(c3)C(=O)N(*)C4=O)cc2C1=O,84.0,P432621,"Polyimides/thioimides, Polycarbonates/thiocarbonates",63.4,2.45
*CCCCCCOC(=O)OCCCCCCN1C(=O)c2ccc(-c3ccc4c(c3)C(=O)N(*)C4=O)cc2C1=O,71.0,P432622,"Polyimides/thioimides, Polycarbonates/thiocarbonates",64.92,2.17
*CCCCCOC(=O)OCCCCCN1C(=O)c2ccc(C(=O)c3ccc4c(c3)C(=O)N(*)C4=O)cc2C1=O,77.0,P432623,"Polyimides/thioimides, Polycarbonates/thiocarbonates, Polyketones/thioketones",74.35,2.33
*CCCCCCOC(=O)OCCCCCCN1C(=O)c2ccc(C(=O)c3ccc4c(c3)C(=O)N(*)C4=O)cc2C1=O,76.0,P432624,"Polyimides/thioimides, Polycarbonates/thiocarbonates, Polyketones/thioketones",69.01,2.45
*CCCCCCOC(=O)OCCCCCCN1C(=O)c2ccc(-c3ccc(-c4ccc5c(c4)C(=O)N(*)C5=O)cc3)cc2C1=O,73.0,P432625,"Polyimides/thioimides, Polycarbonates/thiocarbonates",75.55,3.29
*c1ccc(N2C(=O)CC(C3C=C(C)C4C(=O)N(*)C(=O)C4C3)C2=O)cc1,327.0,P432654,Polyimides/thioimides,94.46,3.15
*c1ccc(OCCCCCCCCCCCCCCCC)c(N2C(=O)CC(C3C=C(C)C4C(=O)N(*)C(=O)C4C3)C2=O)c1,186.0,P432655,Polyimides/thioimides,61.86,1.81
*c1ccc2c(c1)C(=O)N(c1ccc(N(c3ccc(/C=C/c4ccc([N+](=O)[O-])cc4)cc3)c3ccc(N4C(=O)c5ccc(C(*)(C(F)(F)F)C(F)(F)F)cc5C4=O)cc3)cc1)C2=O,290.0,P432659,"Polyimides/thioimides, Polyimines",175.1,6.22
*c1ccc(Oc2ccc3c(c2)C(=O)N(*)C3=O)cc1,266.0,P432661,"Polyimides/thioimides, Polyoxides/ethers/acetals",96.02,4.0
*c1ccc(-c2ccc(-c3ccc(-c4ccc(-c5ccc6c(c5)C(=O)N(c5ccc(Oc7ccc(N8C(=O)c9ccc(*)cc9C8=O)cc7)cc5)C6=O)cc4)cc3)cc2)cc1,244.0,P432662,"Polyimides/thioimides, Polyoxides/ethers/acetals",177.34,8.69
*c1ccc(Cc2ccc(N3C(=O)c4ccc(-c5ccc(-c6ccc(-c7ccc(-c8ccc(-c9ccc%10c(c9)C(=O)N(*)C%10=O)cc8)cc7)cc6)cc5)cc4C3=O)cc2)cc1,244.0,P432663,Polyimides/thioimides,212.4,8.34
*c1ccc(-c2ccc(-c3ccc(-c4ccc(-c5ccc6c(c5)C(=O)N(c5cccc(N7C(=O)c8ccc(*)cc8C7=O)c5)C6=O)cc4)cc3)cc2)cc1,237.0,P432664,Polyimides/thioimides,189.25,7.5
*c1ccc(-c2ccc(-c3ccc(-c4ccc(-c5ccc6c(c5)C(=O)N(c5ccc(Oc7ccc(C(C)(C)c8ccc(Oc9ccc(N%10C(=O)c%11ccc(*)cc%11C%10=O)cc9)cc8)cc7)cc5)C6=O)cc4)cc3)cc2)cc1,236.0,P432667,"Polyimides/thioimides, Polyoxides/ethers/acetals",208.83,9.86
*CC(=O)Nc1ccc(Oc2ccc(Oc3ccc(NC(=O)CN4C(=O)c5ccc(C(c6ccc7c(c6)C(=O)N(*)C7=O)(C(F)(F)F)C(F)(F)F)cc5C4=O)cc3)cc2)cc1,242.0,P432669,"Polyimides/thioimides, Polyoxides/ethers/acetals, Polyamides/thioamides",133.64,6.0
*CC(=O)Nc1ccc(Oc2cccc(Oc3ccc(NC(=O)CN4C(=O)c5ccc(C(c6ccc7c(c6)C(=O)N(*)C7=O)(C(F)(F)F)C(F)(F)F)cc5C4=O)cc3)c2)cc1,221.0,P432670,"Polyimides/thioimides, Polyoxides/ethers/acetals, Polyamides/thioamides",143.66,6.04
*CC(=O)Nc1ccc(Oc2ccc(-c3ccc(Oc4ccc(NC(=O)CN5C(=O)c6ccc(C(c7ccc8c(c7)C(=O)N(*)C8=O)(C(F)(F)F)C(F)(F)F)cc6C5=O)cc4)cc3)cc2)cc1,245.0,P432671,"Polyimides/thioimides, Polyoxides/ethers/acetals, Polyamides/thioamides",174.7,6.19
*CC(=O)Nc1ccc(Oc2ccc(S(=O)(=O)c3ccc(Oc4ccc(NC(=O)CN5C(=O)c6ccc(C(c7ccc8c(c7)C(=O)N(*)C8=O)(C(F)(F)F)C(F)(F)F)cc6C5=O)cc4)cc3)cc2)cc1,241.0,P432672,"Polyimides/thioimides, Polyoxides/ethers/acetals, Polyamides/thioamides, Polysulfones/sulfoxides/sufonates/sulfoamides",173.97,5.76
*CC(=O)Nc1ccc(Oc2ccc(C(C)(C)c3ccc(Oc4ccc(NC(=O)CN5C(=O)c6ccc(C(c7ccc8c(c7)C(=O)N(*)C8=O)(C(F)(F)F)C(F)(F)F)cc6C5=O)cc4)cc3)cc2)cc1,224.0,P432673,"Polyimides/thioimides, Polyoxides/ethers/acetals, Polyamides/thioamides",164.45,6.11
*c1ccc(-c2nc3cc(Oc4ccc(NC(=O)CN5C(=O)c6ccc(C(c7ccc8c(c7)C(=O)N(CC(=O)Nc7ccc(Oc9ccc%10nc(-c%11ccccc%11)c(*)nc%10c9)cc7)C8=O)(C(F)(F)F)C(F)(F)F)cc6C5=O)cc4)ccc3nc2-c2ccccc2)cc1,280.0,P432674,"Polyimides/thioimides, Polyoxides/ethers/acetals, Polyamides/thioamides, Polyimines",269.39,10.57
*c1ccc(Oc2ccc(-c3nc4cc(Oc5ccc(NC(=O)CN6C(=O)c7ccc(C(c8ccc9c(c8)C(=O)N(CC(=O)Nc8ccc(Oc%10ccc%11nc(-c%12ccccc%12)c(*)nc%11c%10)cc8)C9=O)(C(F)(F)F)C(F)(F)F)cc7C6=O)cc5)ccc4nc3-c3ccccc3)cc2)cc1,260.0,P432675,"Polyimides/thioimides, Polyoxides/ethers/acetals, Polyamides/thioamides, Polyimines",241.3,12.15
*c1ccc(-c2nc3cc(Oc4ccc(NC(=O)CN5C(=O)c6ccc(C(c7ccc8c(c7)C(=O)N(CC(=O)Nc7ccc(Oc9ccc%10nc(-c%11ccccc%11)c(-c%11ccc(-n%12c(=O)c%13ccc%14c(=O)n(*)c(=O)c%15ccc(c%12=O)c%13c%14%15)cc%11)nc%10c9)cc7)C8=O)(C(F)(F)F)C(F)(F)F)cc6C5=O)cc4)ccc3nc2-c2ccccc2)cc1,306.0,P432676,"Polyimides/thioimides, Polyoxides/ethers/acetals, Polyamides/thioamides, Polyimines",313.12,12.11
*c1ccc(NC(=O)CN2C(=O)c3ccc(C(c4ccc5c(c4)C(=O)N(CC(=O)Nc4ccc(-c6nnc(*)o6)cc4)C5=O)(C(F)(F)F)C(F)(F)F)cc3C2=O)cc1,280.0,P432677,"Polyimides/thioimides, Polyoxides/ethers/acetals, Polyamides/thioamides, Polyimines",156.86,6.07
*c1ccc(Oc2ccc(NC(=O)CN3C(=O)c4ccc(C(c5ccc6c(c5)C(=O)N(CC(=O)Nc5ccc(Oc7ccc(-c8nnc(*)o8)cc7)cc5)C6=O)(C(F)(F)F)C(F)(F)F)cc4C3=O)cc2)cc1,263.0,P432678,"Polyimides/thioimides, Polyoxides/ethers/acetals, Polyamides/thioamides, Polyimines",187.16,6.72
*CN1C(=O)c2ccc(C(c3ccc4c(c3)C(=O)N(Cc3nnc(-c5ccc(-c6nnc(*)o6)cc5)o3)C4=O)(C(F)(F)F)C(F)(F)F)cc2C1=O,214.0,P432685,"Polyimides/thioimides, Polyoxides/ethers/acetals, Polyimines",151.58,6.12
*CN1C(=O)c2ccc(C(c3ccc4c(c3)C(=O)N(Cc3nnc(-c5ccc(Oc6ccc(-c7nnc(*)o7)cc6)cc5)o3)C4=O)(C(F)(F)F)C(F)(F)F)cc2C1=O,210.0,P432686,"Polyimides/thioimides, Polyoxides/ethers/acetals, Polyimines",163.7,6.45
*CN1C(=O)c2ccc(C(c3ccc4c(c3)C(=O)N(Cc3nnc(-c5ccc(-c6nnc(*)o6)c(Oc6ccccc6)c5)o3)C4=O)(C(F)(F)F)C(F)(F)F)cc2C1=O,208.0,P432687,"Polyimides/thioimides, Polyoxides/ethers/acetals, Polyimines",149.1,6.76
*CN1C(=O)c2ccc(C(c3ccc4c(c3)C(=O)N(Cc3nc5cc(-c6ccc7oc(*)nc7c6)ccc5o3)C4=O)(C(F)(F)F)C(F)(F)F)cc2C1=O,231.0,P432688,"Polyimides/thioimides, Polyoxides/ethers/acetals, Polyimines",170.87,6.68
*CN1C(=O)c2ccc(C(c3ccc4c(c3)C(=O)N(Cc3nc5ccc(Cc6ccc7nc(*)oc(=O)c7c6)cc5c(=O)o3)C4=O)(C(F)(F)F)C(F)(F)F)cc2C1=O,218.0,P432690,"Polyimides/thioimides, Polyesters/thioesters, Polyimines",152.96,6.6
*c1ccc2c(c1)C(=O)N(c1ccc(C(=O)Nc3ccc(Oc4ccc(-c5ccc(Oc6ccc(NC(=O)c7ccc(N8C(=O)c9ccc(C(*)(C(F)(F)F)C(F)(F)F)cc9C8=O)cc7)cc6)cc5)cc4)cc3)cc1)C2=O,296.0,P432691,"Polyimides/thioimides, Polyoxides/ethers/acetals, Polyamides/thioamides",212.23,8.02
*CCCCCOC(=O)CCCCCCCCCCN1C(=O)c2ccc(-c3ccc(-c4ccc5c(c4)C(=O)N(CCCCCCCCCCC(=O)OCCCCCN4C(=O)c6ccc(-c7ccc8c(c7)C(=O)N(*)C8=O)cc6C4=O)C5=O)cc3)cc2C1=O,41.0,P432721,"Polyimides/thioimides, Polyesters/thioesters",86.79,3.16
*c1ccc(Oc2ccc(C3(c4ccc(Oc5ccc(N6C(=O)c7ccc(Oc8ccc(C9(c%10ccc(Oc%11ccc%12c(c%11)C(=O)N(*)C%12=O)cc%10)CCC(c%10ccccc%10)CC9)cc8)cc7C6=O)cc5)cc4)CCC(C(C)(C)C)CC3)cc2)cc1,243.0,P432736,"Polyimides/thioimides, Polyoxides/ethers/acetals",233.64,9.01
*c1ccc(Oc2c(C)cc(C(C)(C)c3cc(C)c(Oc4ccc(N5C(=O)c6ccc(Oc7ccc(C8(c9ccc(Oc%10ccc%11c(c%10)C(=O)N(*)C%11=O)cc9)CCC(c9ccccc9)CC8)cc7)cc6C5=O)cc4)c(C)c3)cc2C)cc1,232.0,P432737,"Polyimides/thioimides, Polyoxides/ethers/acetals",216.53,8.19
*c1ccc(Oc2ccc(C3(c4ccc(Oc5ccc(N6C(=O)c7ccc(Oc8ccc(C9(c%10ccc(Oc%11ccc%12c(c%11)C(=O)N(*)C%12=O)cc%10)CCC(c%10ccccc%10)CC9)cc8)cc7C6=O)cc5)cc4)CC4CCC3C4)cc2)cc1,245.0,P432738,"Polyimides/thioimides, Polyoxides/ethers/acetals",226.46,9.48
*c1ccc(Oc2ccc(Oc3ccc(N4C(=O)c5ccc(Oc6ccc(C7(c8ccc(Oc9ccc%10c(c9)C(=O)N(*)C%10=O)cc8)CCC(c8ccccc8)CC7)cc6)cc5C4=O)cc3)c(C(C)(C)C)c2)cc1,236.0,P432739,"Polyimides/thioimides, Polyoxides/ethers/acetals",209.37,7.68
*c1ccc(Oc2ccc(-c3ccc(Oc4ccc(N5C(=O)c6ccc(Oc7ccc(C8(c9ccc(Oc%10ccc%11c(c%10)C(=O)N(*)C%11=O)cc9)CCC(c9ccccc9)CC8)cc7)cc6C5=O)cc4)cc3C)c(C)c2)cc1,226.0,P432740,"Polyimides/thioimides, Polyoxides/ethers/acetals",209.21,8.11
*c1ccc(Cc2ccc(N3C(=O)c4ccc(Oc5ccc(C6(c7ccc(Oc8ccc9c(c8)C(=O)N(*)C9=O)cc7)CCC(c7ccccc7)CC6)cc5)cc4C3=O)cc2)cc1,232.0,P432741,"Polyimides/thioimides, Polyoxides/ethers/acetals",165.95,6.99
*c1ccc(Oc2ccc(N3C(=O)c4ccc(Oc5ccc(C6(c7ccc(Oc8ccc9c(c8)C(=O)N(*)C9=O)cc7)CCC(c7ccccc7)CC6)cc5)cc4C3=O)cc2)cc1,236.0,P432742,"Polyimides/thioimides, Polyoxides/ethers/acetals",193.11,7.81
*c1ccc(Oc2ccccc2Oc2ccc(-n3c(=O)c4cc5c(=O)n(*)c(=O)c5cc4c3=O)cc2)cc1,313.0,P432745,"Polyimides/thioimides, Polyoxides/ethers/acetals",172.05,7.38
*c1ccc(Oc2ccc(Oc3ccc(-n4c(=O)c5cc6c(=O)n(*)c(=O)c6cc5c4=O)cc3)cc2C)cc1,310.0,P432746,"Polyimides/thioimides, Polyoxides/ethers/acetals",153.22,6.5
*c1ccc(Oc2ccc(Oc3ccc(-n4c(=O)c5cc6c(=O)n(*)c(=O)c6cc5c4=O)cc3)cc2C(C)(C)C)cc1,314.0,P432747,"Polyimides/thioimides, Polyoxides/ethers/acetals",157.89,7.15
*c1ccc(Oc2ccc(Oc3ccc(-n4c(=O)c5cc6c(=O)n(*)c(=O)c6cc5c4=O)cc3)cc2-c2ccccc2)cc1,271.0,P432748,"Polyimides/thioimides, Polyoxides/ethers/acetals",176.45,7.5
*c1ccc(Oc2cc(C(C)(C)C)ccc2Oc2ccc(-n3c(=O)c4cc5c(=O)n(*)c(=O)c5cc4c3=O)cc2)cc1,321.0,P432749,"Polyimides/thioimides, Polyoxides/ethers/acetals",155.98,7.45
*c1ccc(Oc2ccc(Oc3ccc(N4C(=O)c5ccc(-c6ccc7c(c6)C(=O)N(*)C7=O)cc5C4=O)cc3)cc2)cc1,265.0,P432750,"Polyimides/thioimides, Polyoxides/ethers/acetals",141.18,6.52
*c1ccc(Oc2ccccc2Oc2ccc(N3C(=O)c4ccc(-c5ccc6c(c5)C(=O)N(*)C6=O)cc4C3=O)cc2)cc1,241.0,P432751,"Polyimides/thioimides, Polyoxides/ethers/acetals",144.86,5.72
*c1ccc(Oc2ccc(Oc3ccc(N4C(=O)c5ccc(-c6ccc7c(c6)C(=O)N(*)C7=O)cc5C4=O)cc3)c(C)c2)cc1,265.0,P432752,"Polyimides/thioimides, Polyoxides/ethers/acetals",150.71,6.07
*c1ccc(Oc2ccc(Oc3ccc(N4C(=O)c5ccc(-c6ccc7c(c6)C(=O)N(*)C7=O)cc5C4=O)cc3)c(C(C)(C)C)c2)cc1,274.0,P432753,"Polyimides/thioimides, Polyoxides/ethers/acetals",157.03,5.75
*c1ccc(Oc2ccc(Oc3ccc(N4C(=O)c5ccc(-c6ccc7c(c6)C(=O)N(*)C7=O)cc5C4=O)cc3)c(-c3ccccc3)c2)cc1,247.0,P432754,"Polyimides/thioimides, Polyoxides/ethers/acetals",171.11,6.79
*c1ccc(Oc2cc(C(C)(C)C)ccc2Oc2ccc(N3C(=O)c4ccc(-c5ccc6c(c5)C(=O)N(*)C6=O)cc4C3=O)cc2)cc1,257.0,P432755,"Polyimides/thioimides, Polyoxides/ethers/acetals",141.29,6.1
*c1ccc(Oc2ccc(Oc3ccc(Oc4ccc(N5C(=O)c6ccc(-c7ccc8c(c7)C(=O)N(*)C8=O)cc6C5=O)cc4)cc3)cc2)cc1,228.51,P432756,"Polyimides/thioimides, Polyoxides/ethers/acetals",169.5,5.92
*c1ccc(Oc2ccc(-c3ccc(Oc4ccc(N5C(=O)c6ccc(Oc7cccc(Oc8ccc9c(c8)C(=O)N(*)C9=O)c7)cc6C5=O)cc4)cc3)cc2)cc1,200.0,P432757,"Polyimides/thioimides, Polyoxides/ethers/acetals",179.64,6.81
*c1ccc(Cc2ccc(-n3c(=O)c4cc5c(=O)n(*)c(=O)c5cc4c3=O)c(C(C)(C)C)c2)cc1C(C)(C)C,217.0,P432758,Polyimides/thioimides,159.16,5.92
*c1ccc(Cc2ccc(N3C(=O)c4ccc(-c5ccc6c(c5)C(=O)N(*)C6=O)cc4C3=O)c(C(C)(C)C)c2)cc1C(C)(C)C,324.0,P432759,Polyimides/thioimides,153.13,5.74
*C(=O)c1ccc2c(c1)C(=O)N(c1ccc(Cc3ccc(N4C(=O)c5ccc(*)cc5C4=O)c(C(C)(C)C)c3)cc1C(C)(C)C)C2=O,213.0,P432760,"Polyimides/thioimides, Polyketones/thioketones",123.31,5.41
*c1ccc(Cc2ccc(N3C(=O)c4ccc(Oc5ccc6c(c5)C(=O)N(*)C6=O)cc4C3=O)c(C(C)(C)C)c2)cc1C(C)(C)C,216.0,P432761,"Polyimides/thioimides, Polyoxides/ethers/acetals",133.27,4.58
*c1ccc(Oc2ccc(C3(c4ccc(Oc5ccc(N6C(=O)c7ccc(Oc8ccc(C9(c%10ccc(Oc%11ccc%12c(c%11)C(=O)N(*)C%12=O)cc%10)CCC(c%10ccccc%10)CC9)cc8)cc7C6=O)cc5)cc4)CC4CC3C3CCCC43)cc2)cc1,255.0,P432762,"Polyimides/thioimides, Polyoxides/ethers/acetals",205.37,8.35
*c1cccc(P(C)(=O)c2cccc(N3C(=O)c4ccc(Oc5ccc(C(C)(C)c6ccc(Oc7ccc8c(c7)C(=O)N(*)C8=O)cc6)cc5)cc4C3=O)c2)c1,228.0,P432772,"Polyimides/thioimides, Polyoxides/ethers/acetals",167.35,7.01
*c1cccc(P(=O)(c2ccccc2)c2cccc(N3C(=O)c4ccc(Oc5ccc(C(C)(C)c6ccc(Oc7ccc8c(c7)C(=O)N(*)C8=O)cc6)cc5)cc4C3=O)c2)c1,213.0,P432773,"Polyimides/thioimides, Polyoxides/ethers/acetals",190.99,6.45
*c1ccc(NC2CC(=O)N(c3ccc(-c4sc(-c5ccc(N6C(=O)CC(Nc7ccc(-c8nc(-c9ccc(/C=C/c%10ccc([N+](=O)[O-])cc%10)s9)[nH]c8*)cc7)C6=O)cc5)c(-c5ccccc5)c4-c4ccccc4)cc3)C2=O)cc1,304.0,P432774,"Polyimides/thioimides, Polysulfides, Polyimines",249.93,10.55
*c1cccc(Oc2ccc(P(=O)(c3ccccc3)c3ccccc3)c(Oc3cccc(N4C(=O)c5ccc(Oc6ccc7c(c6)C(=O)N(*)C7=O)cc5C4=O)c3)c2)c1,212.0,P432775,"Polyimides/thioimides, Polyoxides/ethers/acetals",180.71,7.21
*c1cccc(Oc2ccc(P(=O)(c3ccccc3)c3ccccc3)c(Oc3cccc(N4C(=O)c5ccc(Oc6ccc(-c7ccc(Oc8ccc9c(c8)C(=O)N(*)C9=O)cc7)cc6)cc5C4=O)c3)c2)c1,227.0,P432776,"Polyimides/thioimides, Polyoxides/ethers/acetals",196.84,8.13
*c1ccc2c(c1)C(=O)N(c1cccc(Oc3cc(Oc4cccc(N5C(=O)c6ccc(C(*)(C(F)(F)F)C(F)(F)F)cc6C5=O)c4)ccc3P(=O)(c3ccccc3)c3ccccc3)c1)C2=O,230.0,P432777,"Polyimides/thioimides, Polyoxides/ethers/acetals",192.53,7.14
*c1cccc(Oc2ccc(P(=O)(c3ccccc3)c3ccccc3)c(Oc3cccc(N4C(=O)c5ccc(-c6ccc7c(c6)C(=O)N(*)C7=O)cc5C4=O)c3)c2)c1,234.0,P432778,"Polyimides/thioimides, Polyoxides/ethers/acetals",180.25,6.96
*c1cccc(Oc2ccc(P(=O)(c3ccccc3)c3ccccc3)c(Oc3cccc(-n4c(=O)c5cc6c(=O)n(*)c(=O)c6cc5c4=O)c3)c2)c1,251.0,P432779,"Polyimides/thioimides, Polyoxides/ethers/acetals",190.99,8.49
*c1ccc2c(c1)C(=O)N(c1ccc(C(=O)Nc3ccc(C(c4ccc(NC(=O)c5ccc(N6C(=O)c7ccc(C(*)(C(F)(F)F)C(F)(F)F)cc7C6=O)cc5)cc4)(C(F)(F)F)C(F)(F)F)cc3)cc1)C2=O,351.0,P432780,"Polyimides/thioimides, Polyamides/thioamides",172.97,7.1
*c1ccc2c(c1)C(=O)N(c1ccc(C(=O)Nc3ccc(C(c4ccc(NC(=O)c5ccc(N6C(=O)c7ccc(C(*)(C(F)(F)F)C(F)(F)F)cc7C6=O)c(C)c5)cc4)(C(F)(F)F)C(F)(F)F)cc3)cc1C)C2=O,344.0,P432781,"Polyimides/thioimides, Polyamides/thioamides",179.16,6.94
*C(=O)Nc1ccc(Cc2ccc(NC(=O)c3ccc4c(c3)C(=O)N(c3c(C)cc(-c5cc(C)c(N6C(=O)c7ccc(*)cc7C6=O)c(C)c5)cc3C)C4=O)c(C)c2)cc1C,329.0,P432782,"Polyimides/thioimides, Polyamides/thioamides",161.08,6.92
*c1ccc2c(c1)C(=O)N(c1cc(C(=O)Oc3ccc(C(c4ccc(OC(=O)c5ccc(C)c(N6C(=O)c7ccc(C(*)(C(F)(F)F)C(F)(F)F)cc7C6=O)c5)cc4)(C(F)(F)F)C(F)(F)F)cc3)ccc1C)C2=O,289.0,P432783,"Polyimides/thioimides, Polyesters/thioesters",193.22,7.06
*C(=O)Oc1ccc(C(c2ccc(OC(=O)c3ccc4c(c3)C(=O)N(c3c(C)cc(-c5cc(C)c(N6C(=O)c7ccc(*)cc7C6=O)c(C)c5)cc3C)C4=O)cc2)(C(F)(F)F)C(F)(F)F)cc1,335.0,P432784,"Polyimides/thioimides, Polyesters/thioesters",191.62,7.23
*C(=O)Oc1c(C)cc(C(c2cc(C)c(OC(=O)c3ccc4c(c3)C(=O)N(c3c(C)cc(-c5cc(C)c(N6C(=O)c7ccc(*)cc7C6=O)c(C)c5)cc3C)C4=O)c(C)c2)(C(F)(F)F)C(F)(F)F)cc1C,327.0,P432785,"Polyimides/thioimides, Polyesters/thioesters",184.5,6.73
*c1ccc2c(c1)C(=O)N(c1c(C)cc(-c3cc(C)c(-c4cc(C)c(N5C(=O)c6ccc(C(*)(C(F)(F)F)C(F)(F)F)cc6C5=O)c(C)c4)cc3C)cc1C)C2=O,361.0,P432786,Polyimides/thioimides,170.09,6.21
*c1cccc(C(c2ccccc2)(c2cccc(N3C(=O)c4ccc(Oc5ccc6c(c5)C(=O)N(*)C6=O)cc4C3=O)c2)C(F)(F)F)c1,293.0,P432787,"Polyimides/thioimides, Polyoxides/ethers/acetals",138.73,5.84
*C(=O)c1ccc2c(c1)C(=O)N(c1cccc(C(c3ccccc3)(c3cccc(N4C(=O)c5ccc(*)cc5C4=O)c3)C(F)(F)F)c1)C2=O,311.0,P432788,"Polyimides/thioimides, Polyketones/thioketones",151.68,6.67
*c1ccc2c(c1)C(=O)N(c1cccc(C(c3ccccc3)(c3cccc(N4C(=O)c5ccc(C(*)(C(F)(F)F)C(F)(F)F)cc5C4=O)c3)C(F)(F)F)c1)C2=O,305.0,P432789,Polyimides/thioimides,175.3,5.86
*CCN(CCN1C(=O)c2ccc(C(c3ccc4c(c3)C(=O)N(*)C4=O)(C(F)(F)F)C(F)(F)F)cc2C1=O)c1ccc(/C=C/C2=CC(=C(C#N)C#N)CC(C)(C)C2)cc1,224.0,P432790,"Polyimides/thioimides, Polyimines",116.13,3.77
*CCN(CCN1C(=O)c2ccc(C(c3ccc4c(c3)C(=O)N(*)C4=O)(C(F)(F)F)C(F)(F)F)cc2C1=O)c1ccc(/N=N/c2ccc([N+](=O)[O-])cc2)cc1,210.0,P432792,"Polyimides/thioimides, Polyimines",125.57,4.45
*CCN(CCN1C(=O)c2ccc(C(c3ccc4c(c3)C(=O)N(*)C4=O)(C(F)(F)F)C(F)(F)F)cc2C1=O)c1ccc(/N=N/c2ccc([N+](=O)[O-])cc2C)cc1,205.0,P432793,"Polyimides/thioimides, Polyimines",136.16,4.85
*CCN(CCN1C(=O)c2ccc(C(c3ccc4c(c3)C(=O)N(*)C4=O)(C(F)(F)F)C(F)(F)F)cc2C1=O)c1ccc(/N=N/c2ccc(C#N)cc2)cc1,213.0,P432794,"Polyimides/thioimides, Polyimines",136.02,4.73
*c1ccc2c(c1)C(=O)N(c1ccc(C(=O)Nc3ccc(Oc4ccc(Oc5ccc(NC(=O)c6ccc(N7C(=O)c8ccc(C(*)(C(F)(F)F)C(F)(F)F)cc8C7=O)cc6)cc5)cc4)cc3)cc1)C2=O,303.0,P432798,"Polyimides/thioimides, Polyoxides/ethers/acetals, Polyamides/thioamides",189.98,8.25
*c1ccc2c(c1)C(=O)N(c1ccc(C(=O)Nc3ccc(Oc4cccc(Oc5ccc(NC(=O)c6ccc(N7C(=O)c8ccc(C(*)(C(F)(F)F)C(F)(F)F)cc8C7=O)cc6)cc5)c4)cc3)cc1)C2=O,286.0,P432799,"Polyimides/thioimides, Polyoxides/ethers/acetals, Polyamides/thioamides",207.13,7.19
*c1ccc2c(c1)C(=O)N(c1ccc(C(=O)Nc3ccc(Oc4ccccc4Oc4ccc(NC(=O)c5ccc(N6C(=O)c7ccc(C(*)(C(F)(F)F)C(F)(F)F)cc7C6=O)cc5)cc4)cc3)cc1)C2=O,281.0,P432800,"Polyimides/thioimides, Polyoxides/ethers/acetals, Polyamides/thioamides",205.05,8.18
*c1ccc2c(c1)C(=O)N(c1ccc(C(=O)Nc3ccc(Oc4ccc(C(c5ccc(Oc6ccc(NC(=O)c7ccc(N8C(=O)c9ccc(C(*)(C(F)(F)F)C(F)(F)F)cc9C8=O)cc7)cc6)cc5)(C(F)(F)F)C(F)(F)F)cc4)cc3)cc1)C2=O,293.0,P432801,"Polyimides/thioimides, Polyoxides/ethers/acetals, Polyamides/thioamides",210.24,7.62
*c1ccc2c(c1)C(=O)N(c1cccc(C(=O)Nc3ccc(-c4ccc(NC(=O)c5cccc(N6C(=O)c7ccc(C(*)(C(F)(F)F)C(F)(F)F)cc7C6=O)c5)cc4)cc3)c1)C2=O,324.0,P432802,"Polyimides/thioimides, Polyamides/thioamides",174.79,7.06
*c1ccc2c(c1)C(=O)N(c1cccc(C(=O)Nc3ccc(NC(=O)c4ccc(NC(=O)c5cccc(N6C(=O)c7ccc(C(*)(C(F)(F)F)C(F)(F)F)cc7C6=O)c5)cc4)cc3)c1)C2=O,328.0,P432803,"Polyimides/thioimides, Polyamides/thioamides",176.13,6.4
*c1ccc2c(c1)C(=O)N(c1cccc(C(=O)Nc3ccc(Oc4ccc(Oc5ccc(NC(=O)c6cccc(N7C(=O)c8ccc(C(*)(C(F)(F)F)C(F)(F)F)cc8C7=O)c6)cc5)cc4)cc3)c1)C2=O,283.0,P432804,"Polyimides/thioimides, Polyoxides/ethers/acetals, Polyamides/thioamides",177.75,8.13
*c1ccc2c(c1)C(=O)N(c1cccc(C(=O)Nc3ccc(Oc4cccc(Oc5ccc(NC(=O)c6cccc(N7C(=O)c8ccc(C(*)(C(F)(F)F)C(F)(F)F)cc8C7=O)c6)cc5)c4)cc3)c1)C2=O,264.0,P432805,"Polyimides/thioimides, Polyoxides/ethers/acetals, Polyamides/thioamides",201.73,6.9
*c1ccc2c(c1)C(=O)N(c1cccc(C(=O)Nc3ccc(Oc4ccccc4Oc4ccc(NC(=O)c5cccc(N6C(=O)c7ccc(C(*)(C(F)(F)F)C(F)(F)F)cc7C6=O)c5)cc4)cc3)c1)C2=O,265.0,P432806,"Polyimides/thioimides, Polyoxides/ethers/acetals, Polyamides/thioamides",181.32,7.48
*c1ccc2c(c1)C(=O)N(c1cccc(C(=O)Nc3ccc(Oc4ccc(-c5ccc(Oc6ccc(NC(=O)c7cccc(N8C(=O)c9ccc(C(*)(C(F)(F)F)C(F)(F)F)cc9C8=O)c7)cc6)cc5)cc4)cc3)c1)C2=O,280.0,P432807,"Polyimides/thioimides, Polyoxides/ethers/acetals, Polyamides/thioamides",190.36,8.34
*c1ccc2c(c1)C(=O)N(c1cccc(C(=O)Nc3ccc(Oc4ccc(C(C)(C)c5ccc(Oc6ccc(NC(=O)c7cccc(N8C(=O)c9ccc(C(*)(C(F)(F)F)C(F)(F)F)cc9C8=O)c7)cc6)cc5)cc4)cc3)c1)C2=O,259.0,P432808,"Polyimides/thioimides, Polyoxides/ethers/acetals, Polyamides/thioamides",187.03,8.83
*c1ccc2c(c1)C(=O)N(c1cccc(C(=O)Nc3ccc(Oc4ccc(C(c5ccc(Oc6ccc(NC(=O)c7cccc(N8C(=O)c9ccc(C(*)(C(F)(F)F)C(F)(F)F)cc9C8=O)c7)cc6)cc5)(C(F)(F)F)C(F)(F)F)cc4)cc3)c1)C2=O,266.0,P432809,"Polyimides/thioimides, Polyoxides/ethers/acetals, Polyamides/thioamides",198.73,8.32
*c1ccc(Oc2ccc(C(c3ccc(Oc4ccc(N5C(=O)c6ccc(Oc7c(C)cc(C(C)(C)c8cc(C)c(Oc9ccc%10c(c9)C(=O)N(*)C%10=O)c(C)c8)cc7C)cc6C5=O)cc4)cc3)(C(F)(F)F)C(F)(F)F)cc2)cc1,244.0,P432810,"Polyimides/thioimides, Polyoxides/ethers/acetals",216.62,8.59
*c1ccc(Oc2ccc(Oc3ccc(N4C(=O)c5ccc(Oc6c(C)cc(C(C)(C)c7cc(C)c(Oc8ccc9c(c8)C(=O)N(*)C9=O)c(C)c7)cc6C)cc5C4=O)cc3)c(C(C)(C)C)c2)cc1,244.0,P432811,"Polyimides/thioimides, Polyoxides/ethers/acetals",197.46,7.06
*c1ccc(-c2ccc(N3C(=O)c4ccc(Oc5c(C)cc(C(C)(C)c6cc(C)c(Oc7ccc8c(c7)C(=O)N(*)C8=O)c(C)c6)cc5C)cc4C3=O)cc2C(F)(F)F)c(C(F)(F)F)c1,262.0,P432812,"Polyimides/thioimides, Polyoxides/ethers/acetals",164.15,6.64
*c1ccc(Oc2ccc(-c3ccc(Oc4ccc(N5C(=O)c6ccc(Oc7c(C)cc(C(C)(C)c8cc(C)c(Oc9ccc%10c(c9)C(=O)N(*)C%10=O)c(C)c8)cc7C)cc6C5=O)cc4)cc3C)c(C)c2)cc1,257.0,P432813,"Polyimides/thioimides, Polyoxides/ethers/acetals",216.11,8.78
*c1ccc(Oc2ccc(C3(c4ccc(Oc5ccc(N6C(=O)c7ccc(Oc8c(C)cc(C(C)(C)c9cc(C)c(Oc%10ccc%11c(c%10)C(=O)N(*)C%11=O)c(C)c9)cc8C)cc7C6=O)cc5)cc4)C4CC5CC(C4)CC3C5)cc2)cc1,282.0,P432814,"Polyimides/thioimides, Polyoxides/ethers/acetals",187.82,8.9
*c1ccc(Oc2ccc(C3(c4ccc(Oc5ccc(N6C(=O)c7ccc(Oc8c(C)cc(C(C)(C)c9cc(C)c(Oc%10ccc%11c(c%10)C(=O)N(*)C%11=O)c(C)c9)cc8C)cc7C6=O)cc5)cc4)CC4CCC3C4)cc2)cc1,265.0,P432815,"Polyimides/thioimides, Polyoxides/ethers/acetals",200.79,7.51
*c1ccc2c(c1)C(=O)N(c1ccc(Oc3ccccc3-c3ccccc3Oc3ccc(N4C(=O)c5ccc(C(*)(C(F)(F)F)C(F)(F)F)cc5C4=O)cc3)cc1)C2=O,78.0,P432816,"Polyimides/thioimides, Polyoxides/ethers/acetals",152.88,6.15
*c1ccc(Oc2ccc(-c3ccc(Oc4ccc(N5C(=O)c6ccc(Oc7ccc8c(c7)C(=O)N(*)C8=O)cc6C5=O)cc4)cc3)cc2)cc1,245.0,P432820,"Polyimides/thioimides, Polyoxides/ethers/acetals",159.68,7.05
*c1ccc(Oc2ccc(C3(c4ccc(Oc5ccc(N6C(=O)c7ccc(Oc8c(C)cc(C(C)(C)c9cc(C)c(Oc%10ccc%11c(c%10)C(=O)N(*)C%11=O)c(C)c9)cc8C)cc7C6=O)cc5)cc4)CC4CC3C3CCCC43)cc2)cc1,262.0,P432822,"Polyimides/thioimides, Polyoxides/ethers/acetals",192.8,8.38
*c1ccc(Oc2ccc(N3C(=O)C4CCC(C5CCC6C(=O)N(*)C(=O)C6C5)CC4C3=O)cc2)cc1,257.0,P432823,"Polyimides/thioimides, Polyoxides/ethers/acetals",105.33,3.37
*c1ccc(Cc2ccc(N3C(=O)C4CCC(C5CCC6C(=O)N(*)C(=O)C6C5)CC4C3=O)cc2)cc1,260.0,P432824,Polyimides/thioimides,98.28,3.69
*c1ccc(Oc2ccc(Oc3ccc(N4C(=O)C5CCC(C6CCC7C(=O)N(*)C(=O)C7C6)CC5C4=O)cc3)cc2)cc1,238.0,P432825,"Polyimides/thioimides, Polyoxides/ethers/acetals",119.08,4.66
*c1ccc(Oc2cccc(Oc3ccc(N4C(=O)C5CCC(C6CCC7C(=O)N(*)C(=O)C7C6)CC5C4=O)cc3)c2)cc1,215.0,P432826,"Polyimides/thioimides, Polyoxides/ethers/acetals",115.93,4.56
*c1ccc(Oc2ccc(C(C)(C)c3ccc(Oc4ccc(N5C(=O)C6CCC(C7CCC8C(=O)N(*)C(=O)C8C7)CC6C5=O)cc4)cc3)cc2)cc1,225.0,P432827,"Polyimides/thioimides, Polyoxides/ethers/acetals",121.26,4.85
*c1ccc(Oc2ccc(S(=O)(=O)c3ccc(Oc4ccc(N5C(=O)C6CCC(C7CCC8C(=O)N(*)C(=O)C8C7)CC6C5=O)cc4)cc3)cc2)cc1,256.5,P432828,"Polyimides/thioimides, Polyoxides/ethers/acetals, Polysulfones/sulfoxides/sufonates/sulfoamides",134.93,4.63
*c1ccc(Oc2ccc(Oc3ccc(Oc4ccc(N5C(=O)C6CCC(C7CCC8C(=O)N(*)C(=O)C8C7)CC6C5=O)cc4)cc3)cc2)cc1,217.0,P432829,"Polyimides/thioimides, Polyoxides/ethers/acetals",139.68,5.23
*c1cccc(N2C(=O)C3CCC(C4CCC5C(=O)N(*)C(=O)C5C4)CC3C2=O)c1,263.0,P432830,Polyimides/thioimides,88.03,2.98
*C(=O)c1ccc2c(c1)C(=O)N(c1cc(C(c3ccc(O)c(N4C(=O)c5ccc(*)cc5C4=O)c3)(C(F)(F)F)C(F)(F)F)ccc1O)C2=O,315.0,P432832,"Polyimides/thioimides, Polyketones/thioketones",141.89,5.17
*c1ccc2c(c1)C(=O)N(c1cc(-c3ccc(O)c(N4C(=O)c5ccc(C(*)(C(F)(F)F)C(F)(F)F)cc5C4=O)c3)ccc1O)C2=O,370.0,P432833,Polyimides/thioimides,150.29,5.53
*C(=O)c1ccc2c(c1)C(=O)N(c1ccc(-c3ccc(N4C(=O)c5ccc(*)cc5C4=O)c(OCCCCCCOc4ccc(/C=C/c5ccc(F)cc5)cc4)c3)cc1OCCCCCCOc1ccc(/C=C/c3ccc(F)cc3)cc1)C2=O,128.0,P432835,"Polyimides/thioimides, Polyketones/thioketones",165.45,7.27
*c1ccc(-c2ccc(N3C(=O)c4ccc(Oc5ccc6c(c5)C(=O)N(*)C6=O)cc4C3=O)c(OCCCCCCOc3ccc(/C=C/c4ccc(F)cc4)cc3)c2)cc1OCCCCCCOc1ccc(/C=C/c2ccc(F)cc2)cc1,124.0,P432836,"Polyimides/thioimides, Polyoxides/ethers/acetals",164.73,7.32
*c1ccc2c(c1)C(=O)N(c1ccc(-c3ccc(N4C(=O)c5ccc(C(*)(C(F)(F)F)C(F)(F)F)cc5C4=O)c(OCCCCCCOc4ccc(/C=C/c5ccc(F)cc5)cc4)c3)cc1OCCCCCCOc1ccc(/C=C/c3ccc(F)cc3)cc1)C2=O,140.0,P432837,Polyimides/thioimides,179.77,7.3
*c1ccc2c(c1)C(=O)N(c1ccc(-c3ccc(N4C(=O)c5ccc(C(*)(C(F)(F)F)C(F)(F)F)cc5C4=O)c(OC(=O)/C=C/c4ccccc4)c3)cc1OC(=O)/C=C/c1ccccc1)C2=O,181.0,P432843,Polyimides/thioimides,177.25,5.9
*C1=C(c2ccc(-c3ccc4c(c3)C(CCCCCC)(CCCCCC)c3cc(-c5ccc(*)cc5)ccc3-4)cc2)C(=O)N(CCCC)C1=O,155.0,P432844,Polyimides/thioimides,110.59,3.76
*C1=C(c2ccc(-c3ccc4c(c3)C(CCCCCC)(CCCCCC)c3cc(-c5ccc(*)cc5)ccc3-4)cc2)C(=O)N(CCCCCCCC)C1=O,122.0,P432845,Polyimides/thioimides,91.34,3.68
*C1=C(c2ccc(-c3ccc4c(c3)C(CCCCCC)(CCCCCC)c3cc(-c5ccc(*)cc5)ccc3-4)cc2)C(=O)N(CCCCCCCCCCCC)C1=O,100.0,P432846,Polyimides/thioimides,98.11,3.25
*c1ccc(NC2CC(=O)N(c3ccc(-c4sc(-c5ccc(N6C(=O)CC(Nc7ccc(-c8nc(C#N)c(C#N)nc8*)cc7)C6=O)cc5)c(-c5ccccc5)c4-c4ccccc4)cc3)C2=O)cc1,231.0,P432847,"Polyimides/thioimides, Polysulfides, Polyimines",196.85,8.31
*c1ccc2c(c1)C(=O)N(c1ccc(-c3ccc(N4C(=O)c5ccc(C(*)(C(F)(F)F)C(F)(F)F)cc5C4=O)c(OCCN(CC)c4ccc(C(C#N)=C(C#N)C#N)cc4)c3)cc1OCCN(CC)c1ccc(C(C#N)=C(C#N)C#N)cc1)C2=O,222.0,P432866,Polyimides/thioimides,148.25,5.67
*C(=O)c1ccc2c(c1)C(=O)N(c1ccc(-c3ccc(N4C(=O)c5ccc(*)cc5C4=O)cc3C)c(C)c1)C2=O,385.0,P432872,"Polyimides/thioimides, Polyketones/thioketones",155.62,5.84
*c1ccc(C2C3C(=O)N(c4ccc(N5C(=O)C6ON(C)C(*)C6C5=O)cc4)C(=O)C3ON2C)cc1,67.0,P432874,"Polyimides/thioimides, Polyoxides/ethers/acetals, Polyimines",81.89,2.53
*c1ccc(OCCCCCCOc2ccc(C3C4C(=O)N(c5ccc(N6C(=O)C7ON(C)C(*)C7C6=O)cc5)C(=O)C4ON3C)cc2)cc1,52.0,P432875,"Polyimides/thioimides, Polyoxides/ethers/acetals, Polyimines",84.79,3.17
*c1ccc2nc(-c3ccc4c(c3)C(=O)N(c3cc(C(*)(C(F)(F)F)C(F)(F)F)ccc3O)C4=O)oc2c1,329.0,P432877,"Polyimides/thioimides, Polyoxides/ethers/acetals, Polyimines",133.2,5.61
*c1cccc(N2C(=O)C(=O)N(CCCCCCN3C(=O)C(=O)N(*)C3=O)C2=O)n1,169.5,P432878,"Polyimides/thioimides, Polyureas/thioureas, Polyimines",65.83,2.35
*c1cccc(N2C(=O)C(=O)N(c3ccc(Cc4ccc(N5C(=O)C(=O)N(*)C5=O)cc4)cc3)C2=O)n1,237.0,P432879,"Polyimides/thioimides, Polyureas/thioureas, Polyimines",118.0,4.32
*c1ccc(Oc2ccc(N3C(=O)c4cc(-c5ccc(C(C)(C)C)cc5)c(-c5cc6c(cc5-c5ccc(C(C)(C)C)cc5)C(=O)N(*)C6=O)cc4C3=O)cc2)cc1,370.0,P432880,"Polyimides/thioimides, Polyoxides/ethers/acetals",168.84,6.94
*c1ccc(Cc2ccc(N3C(=O)c4cc(-c5ccc(C(C)(C)C)cc5)c(-c5cc6c(cc5-c5ccc(C(C)(C)C)cc5)C(=O)N(*)C6=O)cc4C3=O)cc2)cc1,360.0,P432881,Polyimides/thioimides,174.92,7.52
*c1ccc(C(c2ccc(N3C(=O)c4cc(-c5ccc(C(C)(C)C)cc5)c(-c5cc6c(cc5-c5ccc(C(C)(C)C)cc5)C(=O)N(*)C6=O)cc4C3=O)cc2)(C(F)(F)F)C(F)(F)F)cc1,381.0,P432882,Polyimides/thioimides,174.84,7.12
*c1ccc(Oc2ccc(N3C(=O)c4cc(-c5ccc([Si](C)(C)C)cc5)c(-c5cc6c(cc5-c5ccc([Si](C)(C)C)cc5)C(=O)N(*)C6=O)cc4C3=O)cc2)cc1,348.0,P432883,"Polyimides/thioimides, Polyoxides/ethers/acetals",192.11,7.27
*c1ccc(Cc2ccc(N3C(=O)c4cc(-c5ccc([Si](C)(C)C)cc5)c(-c5cc6c(cc5-c5ccc([Si](C)(C)C)cc5)C(=O)N(*)C6=O)cc4C3=O)cc2)cc1,348.0,P432884,Polyimides/thioimides,174.57,7.14
*c1ccc(C(c2ccc(N3C(=O)c4cc(-c5ccc([Si](C)(C)C)cc5)c(-c5cc6c(cc5-c5ccc([Si](C)(C)C)cc5)C(=O)N(*)C6=O)cc4C3=O)cc2)(C(F)(F)F)C(F)(F)F)cc1,365.0,P432885,Polyimides/thioimides,198.65,6.99
*/C=C/C1CC(*)C2C(=O)N(CCCCCCC)C(=O)C12,59.0,P432888,Polyimides/thioimides,37.63,0.99
*/C=C/C1CC(*)C2C(=O)N(CCCCCCCC)C(=O)C12,56.5,P432889,Polyimides/thioimides,35.96,0.88
*/C=C/C1CC(*)C2C(=O)N(CCCCCCCCCC)C(=O)C12,46.0,P432890,Polyimides/thioimides,30.7,0.72
*/C=C/C1CC(*)C2C(=O)N(CCCCCCCCC)C(=O)C12,52.0,P432891,Polyimides/thioimides,28.71,0.83
*/C=C/C1CC(*)C2C(=O)N(CCCCCCCCCCCC)C(=O)C12,50.0,P432892,Polyimides/thioimides,29.46,0.68
*/C=C/C1CC(*)C2C(=O)N(CCC)C(=O)C12,139.0,P432893,Polyimides/thioimides,47.58,1.41
*c1ccc(Oc2ccc(-c3ccc(Oc4ccc(N5C(=O)c6ccc(Oc7ccc(C8(c9ccc(Oc%10ccc%11c(c%10)C(=O)N(*)C%11=O)cc9)CCCCCCCCCCC8)cc7)cc6C5=O)cc4)cc3C)c(C)c2)cc1,257.0,P432894,"Polyimides/thioimides, Polyoxides/ethers/acetals",213.53,8.0
*c1ccc(Cc2ccc(N3C(=O)c4ccc(Oc5ccc(C6(c7ccc(Oc8ccc9c(c8)C(=O)N(*)C9=O)cc7)CCCCCCCCCCC6)cc5)cc4C3=O)cc2)cc1,240.0,P432895,"Polyimides/thioimides, Polyoxides/ethers/acetals",159.97,6.89
*c1ccc(Oc2ccc(Oc3ccc(N4C(=O)c5ccc(Oc6ccc(C7(c8ccc(Oc9ccc%10c(c9)C(=O)N(*)C%10=O)cc8)CCCCCCCCCCC7)cc6)cc5C4=O)cc3)c(C(C)(C)C)c2)cc1,262.0,P432896,"Polyimides/thioimides, Polyoxides/ethers/acetals",197.54,7.1
*c1ccc(Oc2ccc(N3C(=O)c4ccc(Oc5ccc(C6(c7ccc(Oc8ccc9c(c8)C(=O)N(*)C9=O)cc7)CCCCCCCCCCC6)cc5)cc4C3=O)cc2)cc1,230.0,P432897,"Polyimides/thioimides, Polyoxides/ethers/acetals",150.01,6.18
*c1ccc(Oc2ccc(C3(c4ccc(Oc5ccc(N6C(=O)c7ccc(Oc8ccc(C9(c%10ccc(Oc%11ccc%12c(c%11)C(=O)N(*)C%12=O)cc%10)CCCCCCCCCCC9)cc8)cc7C6=O)cc5)cc4)CC4CCC3C4)cc2)cc1,259.0,P432898,"Polyimides/thioimides, Polyoxides/ethers/acetals",190.58,7.38
*c1ccc(Oc2ccc(C3(c4ccc(Oc5ccc(N6C(=O)c7ccc(Oc8ccc(C9(c%10ccc(Oc%11ccc%12c(c%11)C(=O)N(*)C%12=O)cc%10)CCCCCCCCCCC9)cc8)cc7C6=O)cc5)cc4)CCC(C(C)(C)C)CC3)cc2)cc1,254.0,P432899,"Polyimides/thioimides, Polyoxides/ethers/acetals",193.94,8.02
*c1ccc(Oc2ccc(C3(c4ccc(Oc5ccc(N6C(=O)c7ccc(Oc8ccc(C9(c%10ccc(Oc%11ccc%12c(c%11)C(=O)N(*)C%12=O)cc%10)CCCCCCCCCCC9)cc8)cc7C6=O)cc5)cc4)C4CC5CC(C4)CC3C5)cc2)cc1,262.0,P432900,"Polyimides/thioimides, Polyoxides/ethers/acetals",202.38,8.05
*c1ccc(Cc2ccc(N3C(=O)c4cccc5c(N6CCC(CCCC7CCN(c8ccc9c%10c(cccc8%10)C(=O)N(*)C9=O)CC7)CC6)ccc(c45)C3=O)c(C(C)(C)C)c2)cc1C(C)(C)C,202.7,P432902,"Polyimides/thioimides, Polyimines",161.62,5.97
*C(=O)Nc1ccc(Oc2ccccc2-c2ccccc2Oc2ccc(NC(=O)c3ccc4c(c3)C(=O)N(c3ccc(N5C(=O)c6ccc(*)cc6C5=O)cc3)C4=O)cc2)cc1,268.0,P432903,"Polyimides/thioimides, Polyoxides/ethers/acetals, Polyamides/thioamides",190.3,7.25
*C(=O)Nc1ccc(Oc2ccccc2-c2ccccc2Oc2ccc(NC(=O)c3ccc4c(c3)C(=O)N(c3cccc(N5C(=O)c6ccc(*)cc6C5=O)c3)C4=O)cc2)cc1,237.0,P432905,"Polyimides/thioimides, Polyoxides/ethers/acetals, Polyamides/thioamides",173.52,7.99
*C(=O)Nc1ccc(Oc2ccc(-c3ccc(Oc4ccc(NC(=O)c5ccc6c(c5)C(=O)N(c5cccc(N7C(=O)c8ccc(*)cc8C7=O)c5)C6=O)cc4)cc3)cc2)cc1,292.0,P432906,"Polyimides/thioimides, Polyoxides/ethers/acetals, Polyamides/thioamides",196.95,7.97
*C(=O)Nc1ccc(Oc2ccccc2-c2ccccc2Oc2ccc(NC(=O)c3ccc4c(c3)C(=O)N(c3ccc(C)c(N5C(=O)c6ccc(*)cc6C5=O)c3)C4=O)cc2)cc1,266.0,P432907,"Polyimides/thioimides, Polyoxides/ethers/acetals, Polyamides/thioamides",196.04,6.73
*C(=O)Nc1ccc(Oc2ccc(-c3ccc(Oc4ccc(NC(=O)c5ccc6c(c5)C(=O)N(c5ccc(C)c(N7C(=O)c8ccc(*)cc8C7=O)c5)C6=O)cc4)cc3)cc2)cc1,299.0,P432908,"Polyimides/thioimides, Polyoxides/ethers/acetals, Polyamides/thioamides",169.25,7.41
*C(=O)Nc1ccc(Oc2ccccc2-c2ccccc2Oc2ccc(NC(=O)c3ccc4c(c3)C(=O)N(c3ccc(Cc5ccc(N6C(=O)c7ccc(*)cc7C6=O)cc5)cc3)C4=O)cc2)cc1,240.0,P432909,"Polyimides/thioimides, Polyoxides/ethers/acetals, Polyamides/thioamides",208.66,7.63
*C(=O)Nc1ccc(Oc2ccccc2-c2ccccc2Oc2ccc(NC(=O)c3ccc4c(c3)C(=O)N(c3ccc(Oc5ccc(N6C(=O)c7ccc(*)cc7C6=O)cc5)cc3)C4=O)cc2)cc1,244.0,P432911,"Polyimides/thioimides, Polyoxides/ethers/acetals, Polyamides/thioamides",195.7,8.1
*C(=O)Nc1ccc(Oc2ccccc2-c2ccccc2Oc2ccc(NC(=O)c3ccc4c(c3)C(=O)N(c3ccc(Oc5ccc(N6C(=O)c7ccc(*)cc7C6=O)cc5)cc3)C4=O)cc2)cc1,244.0,P432913,"Polyimides/thioimides, Polyoxides/ethers/acetals, Polyamides/thioamides",193.42,7.86
*C(=O)Nc1ccc(Oc2ccc(-c3ccc(Oc4ccc(NC(=O)c5ccc6c(c5)C(=O)N(c5ccc(Oc7ccc(N8C(=O)c9ccc(*)cc9C8=O)cc7)cc5)C6=O)cc4)cc3)cc2)cc1,286.0,P432912,"Polyimides/thioimides, Polyoxides/ethers/acetals, Polyamides/thioamides",179.07,7.76
*C(=O)Nc1ccc(Oc2ccc(-c3ccc(Oc4ccc(NC(=O)c5ccc6c(c5)C(=O)N(c5ccc(Oc7ccc(N8C(=O)c9ccc(*)cc9C8=O)cc7)cc5)C6=O)cc4)cc3)cc2)cc1,286.0,P432914,"Polyimides/thioimides, Polyoxides/ethers/acetals, Polyamides/thioamides",185.42,7.43
*C(=O)Nc1ccc(Oc2ccccc2-c2ccccc2Oc2ccc(NC(=O)c3ccc4c(c3)C(=O)N(c3ccc(Oc5ccc(N6C(=O)c7ccc(*)cc7C6=O)cc5)cc3)C4=O)cc2)cc1,239.0,P432911,"Polyimides/thioimides, Polyoxides/ethers/acetals, Polyamides/thioamides",179.06,8.46
*C(=O)Nc1ccc(Oc2ccccc2-c2ccccc2Oc2ccc(NC(=O)c3ccc4c(c3)C(=O)N(c3ccc(Oc5ccc(N6C(=O)c7ccc(*)cc7C6=O)cc5)cc3)C4=O)cc2)cc1,239.0,P432913,"Polyimides/thioimides, Polyoxides/ethers/acetals, Polyamides/thioamides",181.36,7.86
*C(=O)Nc1ccc(Oc2ccc(-c3ccc(Oc4ccc(NC(=O)c5ccc6c(c5)C(=O)N(c5ccc(Oc7ccc(N8C(=O)c9ccc(*)cc9C8=O)cc7)cc5)C6=O)cc4)cc3)cc2)cc1,262.0,P432912,"Polyimides/thioimides, Polyoxides/ethers/acetals, Polyamides/thioamides",189.75,8.67
*C(=O)Nc1ccc(Oc2ccc(-c3ccc(Oc4ccc(NC(=O)c5ccc6c(c5)C(=O)N(c5ccc(Oc7ccc(N8C(=O)c9ccc(*)cc9C8=O)cc7)cc5)C6=O)cc4)cc3)cc2)cc1,262.0,P432914,"Polyimides/thioimides, Polyoxides/ethers/acetals, Polyamides/thioamides",197.24,8.13
*C(=O)Nc1ccc(Oc2ccccc2-c2ccccc2Oc2ccc(NC(=O)c3ccc4c(c3)C(=O)N(c3ccc(Oc5ccc(Oc6ccc(N7C(=O)c8ccc(*)cc8C7=O)cc6)cc5)cc3)C4=O)cc2)cc1,238.0,P432915,"Polyimides/thioimides, Polyoxides/ethers/acetals, Polyamides/thioamides",195.55,9.42
*C(=O)Nc1ccc(Oc2ccccc2-c2ccccc2Oc2ccc(NC(=O)c3ccc4c(c3)C(=O)N(c3ccc(Oc5cccc(Oc6ccc(N7C(=O)c8ccc(*)cc8C7=O)cc6)c5)cc3)C4=O)cc2)cc1,229.0,P432917,"Polyimides/thioimides, Polyoxides/ethers/acetals, Polyamides/thioamides",190.04,8.77
*C(=O)Nc1ccc(Oc2ccccc2-c2ccccc2Oc2ccc(NC(=O)c3ccc4c(c3)C(=O)N(c3ccc(Oc5ccccc5-c5ccccc5Oc5ccc(N6C(=O)c7ccc(*)cc7C6=O)cc5)cc3)C4=O)cc2)cc1,227.0,P432919,"Polyimides/thioimides, Polyoxides/ethers/acetals, Polyamides/thioamides",235.42,9.98
*C(=O)Nc1ccc(Oc2ccc(-c3ccc(Oc4ccc(NC(=O)c5ccc6c(c5)C(=O)N(c5ccc(Oc7ccccc7-c7ccccc7Oc7ccc(N8C(=O)c9ccc(*)cc9C8=O)cc7)cc5)C6=O)cc4)cc3)cc2)cc1,254.0,P432920,"Polyimides/thioimides, Polyoxides/ethers/acetals, Polyamides/thioamides",249.74,8.69
*C(=O)Nc1ccc(Oc2ccccc2-c2ccccc2Oc2ccc(NC(=O)c3ccc4c(c3)C(=O)N(c3ccc(Oc5ccc(-c6ccc(Oc7ccc(N8C(=O)c9ccc(*)cc9C8=O)cc7)cc6)cc5)cc3)C4=O)cc2)cc1,239.0,P432921,"Polyimides/thioimides, Polyoxides/ethers/acetals, Polyamides/thioamides",231.22,9.8
*C(=O)Nc1ccc(Oc2ccccc2-c2ccccc2Oc2ccc(NC(=O)c3ccc4c(c3)C(=O)N(c3ccc(Oc5ccc(C(C)(C)c6ccc(Oc7ccc(N8C(=O)c9ccc(*)cc9C8=O)cc7)cc6)cc5)cc3)C4=O)cc2)cc1,229.0,P432923,"Polyimides/thioimides, Polyoxides/ethers/acetals, Polyamides/thioamides",221.28,9.93
*C(=O)Nc1ccc(Oc2ccc(-c3ccc(Oc4ccc(NC(=O)c5ccc6c(c5)C(=O)N(c5ccc(Oc7ccc(C(C)(C)c8ccc(Oc9ccc(N%10C(=O)c%11ccc(*)cc%11C%10=O)cc9)cc8)cc7)cc5)C6=O)cc4)cc3)cc2)cc1,283.0,P432924,"Polyimides/thioimides, Polyoxides/ethers/acetals, Polyamides/thioamides",247.82,10.38
*C(=O)Nc1ccc(Oc2ccccc2-c2ccccc2Oc2ccc(NC(=O)c3ccc4c(c3)C(=O)N(c3ccc(Oc5ccc(S(=O)(=O)c6ccc(Oc7ccc(N8C(=O)c9ccc(*)cc9C8=O)cc7)cc6)cc5)cc3)C4=O)cc2)cc1,236.0,P432925,"Polyimides/thioimides, Polyoxides/ethers/acetals, Polyamides/thioamides, Polysulfones/sulfoxides/sufonates/sulfoamides",246.89,8.66
*C(=O)Nc1ccc(Oc2ccc(-c3ccc(Oc4ccc(NC(=O)c5ccc6c(c5)C(=O)N(c5ccc(Oc7ccc(S(=O)(=O)c8ccc(Oc9ccc(N%10C(=O)c%11ccc(*)cc%11C%10=O)cc9)cc8)cc7)cc5)C6=O)cc4)cc3)cc2)cc1,267.0,P432926,"Polyimides/thioimides, Polyoxides/ethers/acetals, Polyamides/thioamides, Polysulfones/sulfoxides/sufonates/sulfoamides",238.06,10.39
*c1ccc2c(c1)C(=O)N(c1ccc(Oc3ccc4ccc(Oc5ccc(N6C(=O)c7ccc(C(*)(C(F)(F)F)C(F)(F)F)cc7C6=O)cc5)cc4c3)cc1)C2=O,302.3,P432927,"Polyimides/thioimides, Polyoxides/ethers/acetals",175.9,7.32
*c1ccc(Oc2ccc3ccc(Oc4ccc(-n5c(=O)c6cc7c(=O)n(*)c(=O)c7cc6c5=O)cc4)cc3c2)cc1,320.8,P432928,"Polyimides/thioimides, Polyoxides/ethers/acetals",184.48,8.56
*c1ccc(Cc2ccc(NC(=O)c3cccc(-c4nc5cc(-c6ccc7[nH]c(-c8cccc(C(=O)Nc9ccc(Cc%10ccc(-n%11c(=O)c%12cc%13c(=O)n(*)c(=O)c%13cc%12c%11=O)cc%10)cc9)c8)nc7c6)ccc5[nH]4)c3)cc2)cc1,277.0,P432941,"Polyimides/thioimides, Polyamides/thioamides, Polyimines",278.4,11.79
*c1cccc(C(=O)Nc2ccc(Cc3ccc(N4C(=O)c5ccc(S(=O)(=O)c6ccc7c(c6)C(=O)N(c6ccc(Cc8ccc(NC(=O)c9cccc(-c%10nc%11cc(-c%12ccc%13[nH]c(*)nc%13c%12)ccc%11[nH]%10)c9)cc8)cc6)C7=O)cc5C4=O)cc3)cc2)c1,270.0,P432942,"Polyimides/thioimides, Polyamides/thioamides, Polyimines, Polysulfones/sulfoxides/sufonates/sulfoamides",278.37,11.65
*CCC1C(=O)N(C)C(=O)C1*,141.2,P432943,Polyimides/thioimides,47.32,1.67
*CCC1C(=O)N(CC)C(=O)C1*,109.2,P432944,Polyimides/thioimides,40.31,1.43
*CCC1C(=O)N(CCC)C(=O)C1*,90.4,P432945,Polyimides/thioimides,41.07,1.24
*CCC1C(=O)N(CCCC)C(=O)C1*,67.9,P432946,Polyimides/thioimides,32.91,1.11
*CCC1C(=O)N(CCCCCC)C(=O)C1*,41.5,P432947,Polyimides/thioimides,32.0,0.78
*CCC1C(=O)N(CCCCCCCCCCCC)C(=O)C1*,55.4,P432948,Polyimides/thioimides,26.06,0.64
*CCC1C(=O)N(CCCCCCCCCCCCCC)C(=O)C1*,62.4,P432949,Polyimides/thioimides,23.33,0.61
*CCC1C(=O)N(CCCCCCCCCCCCCCCC)C(=O)C1*,65.6,P432950,Polyimides/thioimides,20.96,0.48
*CCC1C(=O)N(CCCCCCCCCCCCCCCCCC)C(=O)C1*,67.1,P432951,Polyimides/thioimides,16.78,0.41
*C(=O)N1C(=O)N(C(=O)c2ccc3c(c2)C(=O)N(c2ccc(Oc4ccc(N5C(=O)c6ccc(*)cc6C5=O)cc4)cc2)C3=O)C(C)(C)C1=O,156.0,P432961,"Polyimides/thioimides, Polyureas/thioureas, Polyoxides/ethers/acetals, Polyketones/thioketones",126.3,4.95
*C(=O)N1C(=O)N(C(=O)c2ccc3c(c2)C(=O)N(c2ccc(Oc4ccc(N5C(=O)c6ccc(*)cc6C5=O)cc4)cc2)C3=O)C(CC)(CC)C1=O,160.0,P432963,"Polyimides/thioimides, Polyureas/thioureas, Polyoxides/ethers/acetals, Polyketones/thioketones",136.97,4.26
*CC(c1ccccc1)C1C(=O)N(C(C)(C)C)C(=O)C1*,178.0,P432968,Polyimides/thioimides,71.76,2.31
*CC(c1ccccc1)C1C(=O)N(c2ccc(C(C)(C)C)cc2)C(=O)C1*,237.0,P432969,Polyimides/thioimides,90.93,3.33
*CC(c1ccccc1)C1C(=O)N(c2ccc(Oc3ccccc3)cc2)C(=O)C1*,194.0,P432970,Polyimides/thioimides,106.28,3.85
*C(=O)Nc1ccc(NC(=O)c2ccc3c(c2)C(=O)N(c2c(C)cc(C)c(N4C(=O)c5ccc(*)cc5C4=O)c2C)C3=O)cc1,327.0,P432971,"Polyimides/thioimides, Polyamides/thioamides",134.59,5.93
*C(=O)Nc1c(C)cc(C)c(NC(=O)c2ccc3c(c2)C(=O)N(c2c(C)cc(C)c(N4C(=O)c5ccc(*)cc5C4=O)c2C)C3=O)c1C,288.0,P432972,"Polyimides/thioimides, Polyamides/thioamides",152.79,5.86
*C(=O)Nc1ccc(-c2ccc(NC(=O)c3ccc4c(c3)C(=O)N(c3c(C)cc(C)c(N5C(=O)c6ccc(*)cc6C5=O)c3C)C4=O)cc2C)c(C)c1,259.0,P432973,"Polyimides/thioimides, Polyamides/thioamides",138.85,6.43
*C(=O)Nc1ccc(-c2ccc(NC(=O)c3ccc4c(c3)C(=O)N(c3c(C)cc(C)c(N5C(=O)c6ccc(*)cc6C5=O)c3C)C4=O)cc2C(F)(F)F)c(C(F)(F)F)c1,267.0,P432974,"Polyimides/thioimides, Polyamides/thioamides",155.11,5.51
*C(=O)c1ccc2c(c1)C(=O)N(c1ccc(Oc3ccc(C(=O)c4ccc(Oc5ccc(N6C(=O)c7ccc(*)cc7C6=O)cc5)cc4)cc3)cc1)C2=O,252.0,P432984,"Polyimides/thioimides, Polyoxides/ethers/acetals, Polyketones/thioketones",157.0,6.84
*c1ccc(Oc2ccc(C(=O)c3ccc(Oc4ccc(N5C(=O)c6ccc(-c7ccc8c(c7)C(=O)N(*)C8=O)cc6C5=O)cc4)cc3)cc2)cc1,253.0,P432985,"Polyimides/thioimides, Polyoxides/ethers/acetals, Polyketones/thioketones",157.31,6.14
*c1ccc(Oc2ccc(C(=O)c3ccc(Oc4ccc(N5C(=O)c6ccc(Oc7ccc8c(c7)C(=O)N(*)C8=O)cc6C5=O)cc4)cc3)cc2)cc1,243.0,P432986,"Polyimides/thioimides, Polyoxides/ethers/acetals, Polyketones/thioketones",160.17,6.39
*c1ccc(Oc2ccc(C(=O)c3ccc(Oc4ccc(N5C(=O)c6ccc(S(=O)(=O)c7ccc8c(c7)C(=O)N(*)C8=O)cc6C5=O)cc4)cc3)cc2)cc1,275.5,P432987,"Polyimides/thioimides, Polyoxides/ethers/acetals, Polyketones/thioketones, Polysulfones/sulfoxides/sufonates/sulfoamides",168.43,6.72
*c1ccc2c(c1)C(=O)N(c1ccc(Oc3ccc(C(=O)c4ccc(Oc5ccc(N6C(=O)c7ccc(C(*)(C(F)(F)F)C(F)(F)F)cc7C6=O)cc5)cc4)cc3)cc1)C2=O,266.0,P432988,"Polyimides/thioimides, Polyoxides/ethers/acetals, Polyketones/thioketones",155.97,6.58
*c1cccc(P(=O)(c2cccc(-n3c(=O)c4c(-c5cc(C(F)(F)F)cc(C(F)(F)F)c5)c5c(=O)n(*)c(=O)c5c(-c5cc(C(F)(F)F)cc(C(F)(F)F)c5)c4c3=O)c2)c2cc(C(F)(F)F)cc(C(F)(F)F)c2)c1,293.0,P432989,Polyimides/thioimides,219.64,7.98
*c1cccc(P(=O)(c2ccc(C(F)(F)F)cc2)c2cccc(-n3c(=O)c4c(-c5cc(C(F)(F)F)cc(C(F)(F)F)c5)c5c(=O)n(*)c(=O)c5c(-c5cc(C(F)(F)F)cc(C(F)(F)F)c5)c4c3=O)c2)c1,311.0,P432990,Polyimides/thioimides,219.84,9.44
*c1cccc(P(=O)(c2ccccc2)c2cccc(-n3c(=O)c4c(-c5cc(C(F)(F)F)cc(C(F)(F)F)c5)c5c(=O)n(*)c(=O)c5c(-c5cc(C(F)(F)F)cc(C(F)(F)F)c5)c4c3=O)c2)c1,324.0,P432991,Polyimides/thioimides,204.0,8.29
*c1cccc(P(=O)(c2cccc(-n3c(=O)c4c(-c5ccc(C(F)(F)F)cc5)c5c(=O)n(*)c(=O)c5c(-c5ccc(C(F)(F)F)cc5)c4c3=O)c2)c2cc(C(F)(F)F)cc(C(F)(F)F)c2)c1,310.0,P432992,Polyimides/thioimides,202.66,8.23
*c1cccc(P(=O)(c2ccc(C(F)(F)F)cc2)c2cccc(-n3c(=O)c4c(-c5ccc(C(F)(F)F)cc5)c5c(=O)n(*)c(=O)c5c(-c5ccc(C(F)(F)F)cc5)c4c3=O)c2)c1,324.0,P432993,Polyimides/thioimides,205.53,9.22
*c1cccc(P(=O)(c2ccccc2)c2cccc(-n3c(=O)c4c(-c5ccc(C(F)(F)F)cc5)c5c(=O)n(*)c(=O)c5c(-c5ccc(C(F)(F)F)cc5)c4c3=O)c2)c1,334.0,P432994,Polyimides/thioimides,197.26,8.22
*c1cccc(P(=O)(c2cccc(-n3c(=O)c4c(-c5ccccc5)c5c(=O)n(*)c(=O)c5c(-c5ccccc5)c4c3=O)c2)c2cc(C(F)(F)F)cc(C(F)(F)F)c2)c1,320.0,P432995,Polyimides/thioimides,194.81,8.12
*c1cccc(P(=O)(c2ccc(C(F)(F)F)cc2)c2cccc(-n3c(=O)c4c(-c5ccccc5)c5c(=O)n(*)c(=O)c5c(-c5ccccc5)c4c3=O)c2)c1,337.0,P432996,Polyimides/thioimides,187.26,9.27
*c1cccc(P(=O)(c2ccccc2)c2cccc(-n3c(=O)c4c(-c5ccccc5)c5c(=O)n(*)c(=O)c5c(-c5ccccc5)c4c3=O)c2)c1,342.0,P432997,Polyimides/thioimides,186.29,8.3
*c1ccc(C(=O)Oc2ccc(OC(=O)c3ccc(N4C(=O)CC(SCCOCCSC5CC(=O)N(*)C5=O)C4=O)cc3)cc2)cc1,166.0,P432999,"Polyimides/thioimides, Polyoxides/ethers/acetals, Polysulfides, Polyesters/thioesters",99.0,3.39
*c1ccc(C(=O)Oc2ccc3ccc(OC(=O)c4ccc(N5C(=O)CC(SCCOCCSC6CC(=O)N(*)C6=O)C5=O)cc4)cc3c2)cc1,160.0,P433002,"Polyimides/thioimides, Polyoxides/ethers/acetals, Polysulfides, Polyesters/thioesters",110.5,4.0
*c1ccc(C(=O)Oc2ccc(C(C)(C)c3ccc(OC(=O)c4ccc(N5C(=O)CC(SCCOCCSC6CC(=O)N(*)C6=O)C5=O)cc4)cc3)cc2)cc1,143.0,P433003,"Polyimides/thioimides, Polyoxides/ethers/acetals, Polysulfides, Polyesters/thioesters",106.14,3.84
*c1ccc(Oc2ccc(N3C(=O)c4cccc(Oc5cccc6c5C(=O)N(*)C6=O)c4C3=O)cc2)cc1,292.5,P433005,"Polyimides/thioimides, Polyoxides/ethers/acetals",127.64,5.78
*c1ccc(Oc2ccc(N3C(=O)c4ccc(Oc5cccc6c5C(=O)N(*)C6=O)cc4C3=O)cc2)cc1,285.0,P433006,"Polyimides/thioimides, Polyoxides/ethers/acetals",122.35,5.68
*c1ccc(Oc2ccc(Oc3ccc(N4C(=O)c5cccc(Oc6cccc7c6C(=O)N(*)C7=O)c5C4=O)cc3)cc2)cc1,258.0,P433007,"Polyimides/thioimides, Polyoxides/ethers/acetals",147.52,6.44
*c1ccc(Oc2ccc(Oc3ccc(N4C(=O)c5ccc(Oc6cccc7c6C(=O)N(*)C7=O)cc5C4=O)cc3)cc2)cc1,249.0,P433008,"Polyimides/thioimides, Polyoxides/ethers/acetals",155.03,6.38
*C(=O)Oc1ccc(C(C)(C)c2ccc(OC(=O)c3ccc4c(c3)C(=O)N(c3ccc(-c5ccc(N6C(=O)c7ccc(*)cc7C6=O)cc5C)c(C)c3)C4=O)cc2)cc1,166.0,P433009,"Polyimides/thioimides, Polyesters/thioesters",142.98,5.69
*C(=O)Oc1c(C)cc(C(C)(C)c2cc(C)c(OC(=O)c3ccc4c(c3)C(=O)N(c3ccc(-c5ccc(N6C(=O)c7ccc(*)cc7C6=O)cc5C)c(C)c3)C4=O)c(C)c2)cc1C,182.0,P433010,"Polyimides/thioimides, Polyesters/thioesters",154.82,6.88
*C(=O)Oc1ccc(-c2ccc(OC(=O)c3ccc4c(c3)C(=O)N(c3ccc(-c5ccc(N6C(=O)c7ccc(*)cc7C6=O)cc5C)c(C)c3)C4=O)cc2C)c(C)c1,177.0,P433011,"Polyimides/thioimides, Polyesters/thioesters",154.9,5.87
*C(=O)Oc1ccc(C23CC4CC(CC(C4)C2)C3)c(OC(=O)c2ccc3c(c2)C(=O)N(c2ccc(-c4ccc(N5C(=O)c6ccc(*)cc6C5=O)cc4C)c(C)c2)C3=O)c1,225.0,P433012,"Polyimides/thioimides, Polyesters/thioesters",146.71,5.57
*C(=O)Oc1ccc(C2(c3ccc(OC(=O)c4ccc5c(c4)C(=O)N(c4ccc(-c6ccc(N7C(=O)c8ccc(*)cc8C7=O)cc6C)c(C)c4)C5=O)cc3)C3CC4CC(C3)CC2C4)cc1,222.0,P433013,"Polyimides/thioimides, Polyesters/thioesters",163.99,6.14
*C(=O)Oc1ccc(C2(c3ccc(OC(=O)c4ccc5c(c4)C(=O)N(c4ccc(-c6ccc(N7C(=O)c8ccc(*)cc8C7=O)cc6C)c(C)c4)C5=O)cc3)CC3CC2C2CCCC32)cc1,226.0,P433014,"Polyimides/thioimides, Polyesters/thioesters",154.7,7.01
*C(=O)Oc1ccc(C2(c3ccc(OC(=O)c4ccc5c(c4)C(=O)N(c4ccc(-c6ccc(N7C(=O)c8ccc(*)cc8C7=O)cc6C)c(C)c4)C5=O)cc3)CCCCCCCCCCC2)cc1,204.0,P433015,"Polyimides/thioimides, Polyesters/thioesters",159.03,7.0
*C(=O)Oc1ccc(C2(c3ccc(OC(=O)c4ccc5c(c4)C(=O)N(c4ccc(-c6ccc(N7C(=O)c8ccc(*)cc8C7=O)cc6C)c(C)c4)C5=O)cc3)CCC(C(C)(C)C)CC2)cc1,217.0,P433016,"Polyimides/thioimides, Polyesters/thioesters",159.78,6.37
*c1ccc(Oc2ccc(N3C(=O)C4CCC5C(=O)N(*)C(=O)C5C4C3=O)cc2)cc1,342.0,P433017,"Polyimides/thioimides, Polyoxides/ethers/acetals",109.24,3.78
*c1ccc(Cc2ccc(N3C(=O)C4CCC5C(=O)N(*)C(=O)C5C4C3=O)cc2)cc1,341.0,P433018,Polyimides/thioimides,101.9,4.52
*c1ccc(Cc2ccc(N3C(=O)C4CCC5C(=O)N(*)C(=O)C5C4C3=O)c(C)c2)cc1C,340.0,P433019,Polyimides/thioimides,111.02,4.53
*c1ccc(Oc2ccc(Oc3ccc(N4C(=O)C5CCC6C(=O)N(*)C(=O)C6C5C4=O)cc3)cc2)cc1,274.0,P433020,"Polyimides/thioimides, Polyoxides/ethers/acetals",120.76,4.84
*c1ccc(Oc2ccc(C(C)(C)c3ccc(Oc4ccc(N5C(=O)C6CCC7C(=O)N(*)C(=O)C7C6C5=O)cc4)cc3)cc2)cc1,263.5,P433021,"Polyimides/thioimides, Polyoxides/ethers/acetals",119.37,5.36
*c1ccc2c(c1)C(=O)N(c1ccc(-c3ccc(N4C(=O)c5ccc(C(*)(C(F)(F)F)C(F)(F)F)cc5C4=O)c(OCCOc4ccc5c(C)cc(=O)oc5c4)c3)cc1OCCOc1ccc3c(C)cc(=O)oc3c1)C2=O,132.0,P433022,Polyimides/thioimides,178.11,7.66
*c1ccc(Oc2ccccc2Oc2ccc(-n3c(=O)c4cc5c(=O)n(*)c(=O)c5cc4c3=O)cc2C(F)(F)F)c(C(F)(F)F)c1,277.0,P433026,"Polyimides/thioimides, Polyoxides/ethers/acetals",161.12,7.01
*C(=O)c1ccc2c(c1)C(=O)N(c1ccc(Oc3ccccc3Oc3ccc(N4C(=O)c5ccc(*)cc5C4=O)cc3C(F)(F)F)c(C(F)(F)F)c1)C2=O,236.0,P433027,"Polyimides/thioimides, Polyoxides/ethers/acetals, Polyketones/thioketones",149.5,5.56
*c1ccc(Oc2ccccc2Oc2ccc(N3C(=O)c4ccc(-c5ccc6c(c5)C(=O)N(*)C6=O)cc4C3=O)cc2C(F)(F)F)c(C(F)(F)F)c1,249.0,P433028,"Polyimides/thioimides, Polyoxides/ethers/acetals",150.25,5.67
*c1ccc(Oc2ccccc2Oc2ccc(N3C(=O)c4ccc(S(=O)(=O)c5ccc6c(c5)C(=O)N(*)C6=O)cc4C3=O)cc2C(F)(F)F)c(C(F)(F)F)c1,255.0,P433029,"Polyimides/thioimides, Polyoxides/ethers/acetals, Polysulfones/sulfoxides/sufonates/sulfoamides",151.51,5.79
*c1ccc(Oc2ccccc2Oc2ccc(N3C(=O)c4ccc(Oc5ccc6c(c5)C(=O)N(*)C6=O)cc4C3=O)cc2C(F)(F)F)c(C(F)(F)F)c1,223.0,P433030,"Polyimides/thioimides, Polyoxides/ethers/acetals",141.61,5.73
*c1ccc2c(c1)C(=O)N(c1ccc(Oc3ccccc3Oc3ccc(N4C(=O)c5ccc(C(*)(C(F)(F)F)C(F)(F)F)cc5C4=O)cc3C(F)(F)F)c(C(F)(F)F)c1)C2=O,247.0,P433031,"Polyimides/thioimides, Polyoxides/ethers/acetals",167.83,5.69
*C(=O)Nc1cccc(P(=O)(c2ccccc2)c2cccc(NC(=O)c3ccc4c(c3)C(=O)N(c3cccc(P(=O)(c5ccccc5)c5cccc(N6C(=O)c7ccc(*)cc7C6=O)c5)c3)C4=O)c2)c1,206.0,P433036,"Polyimides/thioimides, Polyamides/thioamides",191.04,7.61
*C(=O)Nc1ccc(-c2cc(-c3ccccc3)cc(-c3ccc(NC(=O)c4ccc5c(c4)C(=O)N(c4cccc(P(=O)(c6ccccc6)c6cccc(N7C(=O)c8ccc(*)cc8C7=O)c6)c4)C5=O)cc3)n2)cc1,258.0,P433037,"Polyimides/thioimides, Polyamides/thioamides, Polyimines",234.88,9.61
*C(=O)Nc1ccc(S(=O)(=O)c2ccc(NC(=O)c3ccc4c(c3)C(=O)N(c3cccc(P(=O)(c5ccccc5)c5cccc(N6C(=O)c7ccc(*)cc7C6=O)c5)c3)C4=O)cc2)cc1,241.0,P433038,"Polyimides/thioimides, Polyamides/thioamides, Polysulfones/sulfoxides/sufonates/sulfoamides",176.5,7.42
*C(=O)Nc1ccc(NC(=O)c2ccc3c(c2)C(=O)N(c2cccc(P(=O)(c4ccccc4)c4cccc(N5C(=O)c6ccc(*)cc6C5=O)c4)c2)C3=O)cc1,204.0,P433039,"Polyimides/thioimides, Polyamides/thioamides",157.42,6.01
*C(=O)Nc1ccc(Cc2ccc(NC(=O)c3ccc4c(c3)C(=O)N(c3cccc(P(=O)(c5ccccc5)c5cccc(N6C(=O)c7ccc(*)cc7C6=O)c5)c3)C4=O)cc2)cc1,233.0,P433040,"Polyimides/thioimides, Polyamides/thioamides",164.78,7.31
*C(=O)Nc1ccc(Oc2ccc(NC(=O)c3ccc4c(c3)C(=O)N(c3cccc(P(=O)(c5ccccc5)c5cccc(N6C(=O)c7ccc(*)cc7C6=O)c5)c3)C4=O)cc2)cc1,235.0,P433041,"Polyimides/thioimides, Polyoxides/ethers/acetals, Polyamides/thioamides",175.89,6.78
*C(=O)Nc1ccc2c(c1)-c1cc(NC(=O)c3ccc4c(c3)C(=O)N(c3cccc(P(=O)(c5ccccc5)c5cccc(N6C(=O)c7ccc(*)cc7C6=O)c5)c3)C4=O)ccc1C2,248.0,P433042,"Polyimides/thioimides, Polyamides/thioamides",179.9,7.03
*C(=O)Nc1ccc(-c2ccc(NC(=O)c3ccc4c(c3)C(=O)N(c3cccc(P(=O)(c5ccccc5)c5cccc(N6C(=O)c7ccc(*)cc7C6=O)c5)c3)C4=O)cc2)cc1,253.0,P433043,"Polyimides/thioimides, Polyamides/thioamides",196.83,7.21
*c1ccc(Oc2ccc(C(C)(C)c3ccccc3)cc2)c(-n2c(=O)c3cc4c(=O)n(*)c(=O)c4cc3c2=O)c1,340.0,P433052,Polyimides/thioimides,180.87,7.1
*c1ccc(Oc2ccc(C(C)(C)c3ccccc3)cc2)c(N2C(=O)c3ccc(-c4ccc5c(c4)C(=O)N(*)C5=O)cc3C2=O)c1,275.0,P433053,Polyimides/thioimides,143.4,6.18
*C(=O)c1ccc2c(c1)C(=O)N(c1ccc(Oc3ccc(C(C)(C)c4ccccc4)cc3)c(N3C(=O)c4ccc(*)cc4C3=O)c1)C2=O,267.0,P433054,"Polyimides/thioimides, Polyketones/thioketones",150.21,5.52
*c1ccc(Oc2ccc(S(=O)(=O)c3ccc(C)cc3)cc2)c(-n2c(=O)c3cc4c(=O)n(*)c(=O)c4cc3c2=O)c1,320.0,P433055,Polyimides/thioimides,174.34,7.32
*c1ccc(Oc2ccc(S(=O)(=O)c3ccc(C)cc3)cc2)c(N2C(=O)c3ccc(-c4ccc5c(c4)C(=O)N(*)C5=O)cc3C2=O)c1,281.0,P433056,Polyimides/thioimides,163.92,6.43
*C(=O)c1ccc2c(c1)C(=O)N(c1ccc(Oc3ccc(S(=O)(=O)c4ccc(C)cc4)cc3)c(N3C(=O)c4ccc(*)cc4C3=O)c1)C2=O,293.0,P433057,"Polyimides/thioimides, Polyketones/thioketones",164.29,6.24
*C(=O)N1C(=S)N(C(=O)c2ccc3c(c2)C(=O)N(c2ccc(Oc4ccc(N5C(=O)c6ccc(*)cc6C5=O)cc4)cc2)C3=O)C(C)=C(C(=O)OCC)C1c1ccccc1,155.0,P433065,"Polyimides/thioimides, Polyoxides/ethers/acetals, Polyureas/thioureas",142.59,5.46
*C(=O)N1C(=S)N(C(=O)c2ccc3c(c2)C(=O)N(c2ccc(Oc4ccc(N5C(=O)c6ccc(*)cc6C5=O)cc4)cc2)C3=O)C(C)=C(C(=O)OCC)C1c1ccc(OC)cc1OC,165.0,P433069,"Polyimides/thioimides, Polyoxides/ethers/acetals, Polyureas/thioureas",130.57,5.73
*C(=O)Nc1ccc(C(=O)c2ccc(NC(=O)c3ccc4c(c3)C(=O)N(c3cccc(P(=O)(c5ccccc5)c5cccc(N6C(=O)c7ccc(*)cc7C6=O)c5)c3)C4=O)cc2)cc1,238.0,P433070,"Polyimides/thioimides, Polyamides/thioamides, Polyketones/thioketones",183.39,8.02
*C1C(=O)N(c2ccc(O[Si](C)(C)C)cc2)C(=O)C1*,172.0,P433071,Polyimides/thioimides,63.81,2.51
*C1C(=O)N(c2ccc(O[Si](c3ccccc3)(c3ccccc3)c3ccccc3)cc2)C(=O)C1*,183.0,P433072,Polyimides/thioimides,117.93,4.71
*C1C(=O)N(c2ccc(O[Si](C)(C)C(C)(C)C)cc2)C(=O)C1*,169.0,P433073,Polyimides/thioimides,75.43,2.4
*C1C(=O)N(c2ccc(O[Si](CC)(CC)CC)cc2)C(=O)C1*,165.0,P433074,Polyimides/thioimides,60.05,2.47
*C1C(=O)N(c2cc(Br)c(O[Si](C)(C)C)c(Br)c2)C(=O)C1*,167.0,P433075,Polyimides/thioimides,78.87,2.42
*C1C(=O)N(c2cc(Br)c(O[Si](c3ccccc3)(c3ccccc3)c3ccccc3)c(Br)c2)C(=O)C1*,179.0,P433076,Polyimides/thioimides,123.44,4.38
*C1C(=O)N(c2cc(Br)c(O[Si](C)(C)C(C)(C)C)c(Br)c2)C(=O)C1*,164.0,P433077,Polyimides/thioimides,78.36,2.69
*C1C(=O)N(c2cc(Br)c(O[Si](CC)(CC)CC)c(Br)c2)C(=O)C1*,160.0,P433078,Polyimides/thioimides,75.23,2.13
*CCC1C(=O)N(CCCCNC(=O)C(F)(F)C(F)(F)C(F)(F)C(F)(F)C(F)(F)C(F)(F)C(F)(F)F)C(=O)C1*,100.0,P433081,Polyimides/thioimides,43.99,0.88
*CC(c1ccccc1)C1C(=O)N(CCCCNC(=O)C(F)(F)C(F)(F)C(F)(F)C(F)(F)C(F)(F)C(F)(F)C(F)(F)F)C(=O)C1*,113.0,P433082,Polyimides/thioimides,58.76,1.6
*CC(CCCCCCCCCCCCCCCC)C1C(=O)N(CCCCNC(=O)C(F)(F)C(F)(F)C(F)(F)C(F)(F)C(F)(F)C(F)(F)C(F)(F)F)C(=O)C1*,63.0,P433083,Polyimides/thioimides,20.67,0.1
*CC(CCCCCCCCCCCCCCCC)C1C(=O)N(CCCCCCCCCCCC)C(=O)C1*,30.0,P433084,Polyimides/thioimides,5.0,0.1
*/C=C/C1CC(*)C2C(=O)N(c3cc(C(F)(F)F)cc(C(F)(F)F)c3)C(=O)C12,162.0,P433085,Polyimides/thioimides,73.08,2.61
*C(=O)Nc1c(C)cc(Cc2cc(C)c(NC(=O)c3ccc4c(c3)C(=O)N(c3ccc(/N=N/c5ccc(F)cc5)c(N5C(=O)c6ccc(*)cc6C5=O)c3)C4=O)c(C)c2)cc1C,279.0,P433087,"Polyimides/thioimides, Polyamides/thioamides",186.1,7.13
*C(=O)Nc1c(C)cc(Cc2cc(C)c(NC(=O)c3ccc4c(c3)C(=O)N(c3ccc(/N=N/c5ccc(OC(F)(F)F)cc5)c(N5C(=O)c6ccc(*)cc6C5=O)c3)C4=O)c(C)c2)cc1C,278.0,P433088,"Polyimides/thioimides, Polyamides/thioamides",173.84,6.34
*C(=O)Nc1c(C)cc(Cc2cc(C)c(NC(=O)c3ccc4c(c3)C(=O)N(c3ccc(/N=N/c5ccc([N+](=O)[O-])cc5)c(N5C(=O)c6ccc(*)cc6C5=O)c3)C4=O)c(C)c2)cc1C,280.0,P433089,"Polyimides/thioimides, Polyamides/thioamides",170.03,6.69
*C(=O)Nc1ccc(Cc2ccc(NC(=O)c3ccc4c(c3)C(=O)N(c3ccc(/N=N/c5ccc(C)cc5)c(N5C(=O)c6ccc(*)cc6C5=O)c3)C4=O)cc2)cc1,268.0,P433090,"Polyimides/thioimides, Polyamides/thioamides",153.51,7.2
*C(=O)Nc1ccc(Cc2ccc(NC(=O)c3ccc4c(c3)C(=O)N(c3ccc(/N=N/c5ccc(C)cc5)c(N5C(=O)c6ccc(*)cc6C5=O)c3)C4=O)c(C)c2)cc1C,257.0,P433091,"Polyimides/thioimides, Polyamides/thioamides",166.86,6.8
*C(=O)Nc1c(CC)cc(Cc2cc(CC)c(NC(=O)c3ccc4c(c3)C(=O)N(c3ccc(/N=N/c5ccc(C)cc5)c(N5C(=O)c6ccc(*)cc6C5=O)c3)C4=O)c(CC)c2)cc1CC,269.0,P433092,"Polyimides/thioimides, Polyamides/thioamides",176.17,5.92
*c1cc(C(c2ccc(OCCN(C)c3ccc(/C=C/C4=CC(=C(C#N)C#N)CC(C)(C)C4)cc3)c(N3C(=O)c4ccc(Oc5ccc6c(c5)C(=O)N(*)C6=O)cc4C3=O)c2)(C(F)(F)F)C(F)(F)F)ccc1OCCN(C)c1ccc(/C=C/C2=CC(=C(C#N)C#N)CC(C)(C)C2)cc1,215.0,P433093,"Polyimides/thioimides, Polyoxides/ethers/acetals",168.04,6.04
*c1cc(C(c2ccc(OCCN(C)c3ccc(/C=C/C4=C/C(=C(/C#N)S(C)(=O)=O)CC(C)(C)C4)cc3)c(N3C(=O)c4ccc(Oc5ccc6c(c5)C(=O)N(*)C6=O)cc4C3=O)c2)(C(F)(F)F)C(F)(F)F)ccc1OCCN(C)c1ccc(/C=C/C2=C/C(=C(/C#N)S(C)(=O)=O)CC(C)(C)C2)cc1,225.0,P433094,"Polyimides/thioimides, Polyoxides/ethers/acetals",181.4,5.73
*c1cc(C(c2ccc(OCCN(CC)c3ccc(/C=C/C4=CC(=C(C#N)C#N)CC(C)(C)C4)cc3)c(N3C(=O)c4ccc(Oc5ccc6c(c5)C(=O)N(*)C6=O)cc4C3=O)c2)(C(F)(F)F)C(F)(F)F)ccc1OCCN(CC)c1ccc(/C=C/C2=CC(=C(C#N)C#N)CC(C)(C)C2)cc1,202.0,P433095,"Polyimides/thioimides, Polyoxides/ethers/acetals",161.55,5.72
*c1cc(C(c2ccc(OCCN(c3ccccc3)c3ccc(/C=C/C4=CC(=C(C#N)C#N)CC(C)(C)C4)cc3)c(N3C(=O)c4ccc(Oc5ccc6c(c5)C(=O)N(*)C6=O)cc4C3=O)c2)(C(F)(F)F)C(F)(F)F)ccc1OCCN(c1ccccc1)c1ccc(/C=C/C2=CC(=C(C#N)C#N)CC(C)(C)C2)cc1,220.0,P433096,"Polyimides/thioimides, Polyoxides/ethers/acetals",211.27,7.88
*c1cc(C(c2ccc(OCCN(c3ccccc3)c3ccc(/C=C/C4=C/C(=C(/C#N)S(C)(=O)=O)CC(C)(C)C4)cc3)c(N3C(=O)c4ccc(Oc5ccc6c(c5)C(=O)N(*)C6=O)cc4C3=O)c2)(C(F)(F)F)C(F)(F)F)ccc1OCCN(c1ccccc1)c1ccc(/C=C/C2=C/C(=C(/C#N)S(C)(=O)=O)CC(C)(C)C2)cc1,234.0,P433097,"Polyimides/thioimides, Polyoxides/ethers/acetals",208.28,7.13
*c1cc(C(c2ccc(OCCN(C)c3ccc(/C=C/C4=C/C(=C(/C#N)C(=O)OC)CC(C)(C)C4)cc3)c(N3C(=O)c4ccc(Oc5ccc6c(c5)C(=O)N(*)C6=O)cc4C3=O)c2)(C(F)(F)F)C(F)(F)F)ccc1OCCN(c1ccccc1)c1ccc(/C=C/C2=C/C(=C(/C#N)C(=O)OC)CC(C)(C)C2)cc1,207.0,P433098,"Polyimides/thioimides, Polyoxides/ethers/acetals",179.03,6.4
*c1cc(C(c2ccc(OCCN(C)c3ccc(/C=C/C4=C/C(=C(/C#N)C(=O)OCCc5ccccc5)CC(C)(C)C4)cc3)c(N3C(=O)c4ccc(Oc5ccc6c(c5)C(=O)N(*)C6=O)cc4C3=O)c2)(C(F)(F)F)C(F)(F)F)ccc1OCCN(c1ccccc1)c1ccc(/C=C/C2=C/C(=C(/C#N)C(=O)OCCc3ccccc3)CC(C)(C)C2)cc1,177.0,P433099,"Polyimides/thioimides, Polyoxides/ethers/acetals",226.19,8.02
*c1cc(C(c2ccc(OCCN(C)c3ccc(/C=C/C4=C/C(=C(/C#N)C(=O)OCc5ccc(Oc6c(F)c(F)c(F)c(F)c6F)cc5)CC(C)(C)C4)cc3)c(N3C(=O)c4ccc(Oc5ccc6c(c5)C(=O)N(*)C6=O)cc4C3=O)c2)(C(F)(F)F)C(F)(F)F)ccc1OCCN(c1ccccc1)c1ccc(/C=C/C2=C/C(=C(/C#N)C(=O)OCc3ccc(Oc4c(F)c(F)c(F)c(F)c4F)cc3)CC(C)(C)C2)cc1,162.0,P433100,"Polyimides/thioimides, Polyoxides/ethers/acetals",230.03,8.92
*Oc1ccc(/C=C/c2cc(OCCCCCCCC)c(/C=C/c3ccc(Oc4cc5c(=O)n(CCCCCCCC)c(=O)c6ccc7c8c(*)cc9c(=O)n(CCCCCCCC)c(=O)c%10ccc(c4c7c65)c8c%109)cc3)cc2OCCCCCCCC)cc1,103.0,P433101,"Polyimides/thioimides, Polyoxides/ethers/acetals",159.02,6.0
*C(=O)Nc1ccc(NC(=O)Nc2ccc(NC(=O)c3ccc4c(c3)C(=O)N(c3ccc(NC(=O)Nc5ccc(N6C(=O)c7ccc(*)cc7C6=O)cc5)cc3)C4=O)cc2)cc1,208.0,P433102,"Polyimides/thioimides, Polyamides/thioamides, Polyureas/thioureas",150.13,5.91
*C(=O)Nc1ccc(-c2cc(-c3ccccc3)cc(-c3ccc(NC(=O)c4ccc5c(c4)C(=O)N(c4ccc(NC(=O)Nc6ccc(N7C(=O)c8ccc(*)cc8C7=O)cc6)cc4)C5=O)cc3)n2)cc1,215.0,P433103,"Polyimides/thioimides, Polyamides/thioamides, Polyureas/thioureas, Polyimines",189.6,7.89
*C(=O)Nc1ccc(S(=O)(=O)c2ccc(NC(=O)c3ccc4c(c3)C(=O)N(c3ccc(NC(=O)Nc5ccc(N6C(=O)c7ccc(*)cc7C6=O)cc5)cc3)C4=O)cc2)cc1,205.0,P433104,"Polyimides/thioimides, Polyamides/thioamides, Polyureas/thioureas, Polysulfones/sulfoxides/sufonates/sulfoamides",171.4,5.8
*C(=O)Nc1ccc(NC(=O)c2ccc3c(c2)C(=O)N(c2ccc(NC(=O)Nc4ccc(N5C(=O)c6ccc(*)cc6C5=O)cc4)cc2)C3=O)cc1,216.0,P433105,"Polyimides/thioimides, Polyamides/thioamides, Polyureas/thioureas",142.61,5.51
*C(=O)Nc1ccc(C(=O)c2ccc(NC(=O)c3ccc4c(c3)C(=O)N(c3ccc(NC(=O)Nc5ccc(N6C(=O)c7ccc(*)cc7C6=O)cc5)cc3)C4=O)cc2)cc1,212.0,P433106,"Polyimides/thioimides, Polyamides/thioamides, Polyureas/thioureas, Polyketones/thioketones",171.99,6.97
*C(=O)Nc1ccc(Cc2ccc(NC(=O)c3ccc4c(c3)C(=O)N(c3ccc(NC(=O)Nc5ccc(N6C(=O)c7ccc(*)cc7C6=O)cc5)cc3)C4=O)cc2)cc1,211.0,P433107,"Polyimides/thioimides, Polyamides/thioamides, Polyureas/thioureas",171.61,5.87
*C(=O)Nc1ccc(Oc2ccc(NC(=O)c3ccc4c(c3)C(=O)N(c3ccc(NC(=O)Nc5ccc(N6C(=O)c7ccc(*)cc7C6=O)cc5)cc3)C4=O)cc2)cc1,205.0,P433108,"Polyimides/thioimides, Polyoxides/ethers/acetals, Polyamides/thioamides, Polyureas/thioureas",145.59,6.63
*C(=O)Nc1ccc2c(c1)Cc1cc(NC(=O)c3ccc4c(c3)C(=O)N(c3ccc(NC(=O)Nc5ccc(N6C(=O)c7ccc(*)cc7C6=O)cc5)cc3)C4=O)ccc1-2,224.0,P433109,"Polyimides/thioimides, Polyamides/thioamides, Polyureas/thioureas",180.62,7.02
*C(=O)Nc1ccc(-c2ccc(NC(=O)c3ccc4c(c3)C(=O)N(c3ccc(NC(=O)Nc5ccc(N6C(=O)c7ccc(*)cc7C6=O)cc5)cc3)C4=O)cc2)cc1,233.0,P433110,"Polyimides/thioimides, Polyamides/thioamides, Polyureas/thioureas",159.31,7.1
*c1ccc(-c2ccc(N(c3ccccc3)c3ccc(-c4ccc(N(c5ccccc5)c5ccc(-c6ccc(-n7c(=O)c8cc9c(=O)n(*)c(=O)c9cc8c7=O)cc6)cc5)cc4)cc3)cc2)cc1,220.0,P433111,"Polyimides/thioimides, Polyimines",258.89,9.72
*C(=O)Nc1cccc(NC(=O)c2ccc3c(c2)C(=O)N(c2cccc(P(=O)(c4ccccc4)c4cccc(N5C(=O)c6ccc(*)cc6C5=O)c4)c2)C3=O)n1,156.0,P433114,"Polyimides/thioimides, Polyamides/thioamides, Polyimines",152.85,6.51
*C(=O)c1ccc2c(c1)C(=O)N(c1ccc(C(C)(C)c3ccc(C(C)(C)c4ccc(N5C(=O)c6ccc(*)cc6C5=O)cc4)cc3)cc1)C2=O,322.0,P433120,"Polyimides/thioimides, Polyketones/thioketones",143.14,6.08
*C(=O)c1ccc2c(c1)C(=O)N(c1ccc(C(C)(C)c3cccc(C(C)(C)c4ccc(N5C(=O)c6ccc(*)cc6C5=O)cc4)c3)cc1)C2=O,316.5,P433121,"Polyimides/thioimides, Polyketones/thioketones",168.7,6.07
*c1ccc(C(=O)Nc2ccc(Oc3ccc(NC(=O)c4ccc(-n5c(=O)c6cc7c(=O)n(*)c(=O)c7cc6c5=O)cc4)cc3)cc2)cc1,360.0,P433122,"Polyimides/thioimides, Polyoxides/ethers/acetals, Polyamides/thioamides",176.38,7.75
*C(=O)c1ccc2c(c1)C(=O)N(c1ccc(C(=O)Nc3ccc(Oc4ccc(NC(=O)c5ccc(NC(=O)Nc6ccc(Cc7ccc(NC(=O)Nc8ccc(C(=O)Nc9ccc(Oc%10ccc(NC(=O)c%11ccc(N%12C(=O)c%13ccc(*)cc%13C%12=O)cc%11)cc%10)cc9)cc8)cc7)cc6)cc5)cc4)cc3)cc1)C2=O,229.0,P433123,"Polyimides/thioimides, Polyoxides/ethers/acetals, Polyamides/thioamides, Polyureas/thioureas, Polyketones/thioketones",262.65,9.77
*c1ccc(Oc2ccc(C(c3ccc(Oc4ccc(-n5c(=O)c6ccc7c(=O)n(*)c(=O)c8ccc(c5=O)c6c78)cc4)cc3)(C(F)(F)F)C(F)(F)F)cc2)cc1,280.0,P433124,"Polyimides/thioimides, Polyoxides/ethers/acetals",161.92,6.56
*c1ccc(Oc2ccc(C(c3ccc(Oc4ccc(-n5c(=O)c6ccc7c(=O)n(*)c(=O)c8ccc(c5=O)c6c78)cc4)c(S(=O)(=O)O)c3)(C(F)(F)F)C(F)(F)F)cc2S(=O)(=O)O)cc1,270.0,P433125,"Polyimides/thioimides, Polyoxides/ethers/acetals",170.39,6.47
*C(=O)c1ccc2c(c1)C(=O)N(c1c(C)cc(Cc3cc(C)c(N4C(=O)c5ccc(*)cc5C4=O)c(C)c3)cc1C)C2=O,331.0,P433127,"Polyimides/thioimides, Polyketones/thioketones",153.84,5.14
*C(=O)c1ccc2c(c1)C(=O)N(c1c(CC)cc(Cc3cc(CC)c(N4C(=O)c5ccc(*)cc5C4=O)c(CC)c3)cc1CC)C2=O,296.0,P433128,"Polyimides/thioimides, Polyketones/thioketones",129.23,5.68
*C(=O)c1ccc2c(c1)C(=O)N(c1c(C(C)C)cc(Cc3cc(C(C)C)c(N4C(=O)c5ccc(*)cc5C4=O)c(C(C)C)c3)cc1C(C)C)C2=O,263.0,P433129,"Polyimides/thioimides, Polyketones/thioketones",130.16,4.7
*c1cc(Oc2c(C)cc(-c3cc(C)c(Oc4cc(N5C(=O)c6ccc(-c7ccc8c(c7)C(=O)N(*)C8=O)cc6C5=O)cc(C(F)(F)F)c4)c(C)c3)cc2C)cc(C(F)(F)F)c1,281.1,P433132,"Polyimides/thioimides, Polyoxides/ethers/acetals",167.84,6.62
*C(=O)c1ccc2c(c1)C(=O)N(c1cc(Oc3c(C)cc(-c4cc(C)c(Oc5cc(N6C(=O)c7ccc(*)cc7C6=O)cc(C(F)(F)F)c5)c(C)c4)cc3C)cc(C(F)(F)F)c1)C2=O,265.4,P433133,"Polyimides/thioimides, Polyoxides/ethers/acetals, Polyketones/thioketones",174.33,6.9
*c1cc(Oc2c(C)cc(-c3cc(C)c(Oc4cc(N5C(=O)c6ccc(Oc7ccc8c(c7)C(=O)N(*)C8=O)cc6C5=O)cc(C(F)(F)F)c4)c(C)c3)cc2C)cc(C(F)(F)F)c1,252.2,P433134,"Polyimides/thioimides, Polyoxides/ethers/acetals",164.53,7.22
*c1ccc2c(c1)C(=O)N(c1cc(Oc3c(C)cc(-c4cc(C)c(Oc5cc(N6C(=O)c7ccc(C(*)(C(F)(F)F)C(F)(F)F)cc7C6=O)cc(C(F)(F)F)c5)c(C)c4)cc3C)cc(C(F)(F)F)c1)C2=O,264.8,P433135,"Polyimides/thioimides, Polyoxides/ethers/acetals",164.76,6.06
*c1ccc(Oc2ccc(Oc3ccc(N4C(=O)c5ccc(Oc6ccccc6Oc6ccc7c(c6)C(=O)N(*)C7=O)cc5C4=O)cc3C(F)(F)F)cc2)c(C(F)(F)F)c1,197.0,P433136,"Polyimides/thioimides, Polyoxides/ethers/acetals",175.26,6.82
*c1ccc(Oc2ccccc2Oc2ccc(N3C(=O)c4ccc(Oc5ccccc5Oc5ccc6c(c5)C(=O)N(*)C6=O)cc4C3=O)cc2C(F)(F)F)c(C(F)(F)F)c1,185.0,P433137,"Polyimides/thioimides, Polyoxides/ethers/acetals",162.92,6.67
*c1ccc(Oc2ccc(-c3ccc(Oc4ccc(N5C(=O)c6ccc(Oc7ccccc7Oc7ccc8c(c7)C(=O)N(*)C8=O)cc6C5=O)cc4C(F)(F)F)cc3)cc2)c(C(F)(F)F)c1,208.0,P433138,"Polyimides/thioimides, Polyoxides/ethers/acetals",174.14,7.23
*c1ccc(Oc2c(C)cc(-c3cc(C)c(Oc4ccc(N5C(=O)c6ccc(Oc7ccccc7Oc7ccc8c(c7)C(=O)N(*)C8=O)cc6C5=O)cc4C(F)(F)F)c(C)c3)cc2C)c(C(F)(F)F)c1,270.0,P433139,"Polyimides/thioimides, Polyoxides/ethers/acetals",184.68,7.92
*c1ccc(Oc2ccc(C(C)(C)c3ccc(Oc4ccc(N5C(=O)c6ccc(Oc7ccccc7Oc7ccc8c(c7)C(=O)N(*)C8=O)cc6C5=O)cc4C(F)(F)F)cc3)cc2)c(C(F)(F)F)c1,192.0,P433140,"Polyimides/thioimides, Polyoxides/ethers/acetals",165.95,7.55
*c1ccc(Oc2ccc(C(c3ccc(Oc4ccc(N5C(=O)c6ccc(Oc7ccccc7Oc7ccc8c(c7)C(=O)N(*)C8=O)cc6C5=O)cc4C(F)(F)F)cc3)(C(F)(F)F)C(F)(F)F)cc2)c(C(F)(F)F)c1,191.0,P433141,"Polyimides/thioimides, Polyoxides/ethers/acetals",187.99,7.03
*c1ccc(Oc2ccc(C3(c4ccc(Oc5ccc(N6C(=O)c7ccc(Oc8ccccc8Oc8ccc9c(c8)C(=O)N(*)C9=O)cc7C6=O)cc5C(F)(F)F)cc4)c4ccccc4-c4ccccc43)cc2)c(C(F)(F)F)c1,241.0,P433142,"Polyimides/thioimides, Polyoxides/ethers/acetals",217.01,8.53
*c1ccc2c(c1)C(=O)N(c1cccc(P(=O)(c3ccc(Oc4ccc(C56CC7CC(CC(C7)C5)C6)cc4)cc3)c3cccc(N4C(=O)c5ccc(C(*)(C(F)(F)F)C(F)(F)F)cc5C4=O)c3)c1)C2=O,298.0,P433145,Polyimides/thioimides,167.67,7.32
*C(=O)c1ccc2c(c1)C(=O)N(c1cccc(P(=O)(c3ccc(Oc4ccc(C56CC7CC(CC(C7)C5)C6)cc4)cc3)c3cccc(N4C(=O)c5ccc(*)cc5C4=O)c3)c1)C2=O,305.0,P433146,"Polyimides/thioimides, Polyketones/thioketones",156.98,7.4
*c1cccc(P(=O)(c2ccc(Oc3ccc(C45CC6CC(CC(C6)C4)C5)cc3)cc2)c2cccc(N3C(=O)c4ccc(Oc5ccc6c(c5)C(=O)N(*)C6=O)cc4C3=O)c2)c1,290.0,P433147,"Polyimides/thioimides, Polyoxides/ethers/acetals",182.79,7.09
*c1cccc(P(=O)(c2ccc(Oc3ccc(C45CC6CC(CC(C6)C4)C5)cc3)cc2)c2cccc(-n3c(=O)c4cc5c(=O)n(*)c(=O)c5cc4c3=O)c2)c1,330.0,P433148,Polyimides/thioimides,188.39,7.8
*C(=O)OCCN(CCOC(=O)c1ccc2c(c1)C(=O)N(c1cccc(N3C(=O)c4ccc(*)cc4C3=O)c1)C2=O)c1ccc(/N=N/c2ccc([N+](=O)[O-])cc2)cc1,210.0,P433149,"Polyimides/thioimides, Polyesters/thioesters, Polyimines",140.66,5.12
*C(=O)OCCN(CCOC(=O)c1ccc2c(c1)C(=O)N(c1cccc(N3C(=O)c4ccc(*)cc4C3=O)c1)C2=O)c1ccc(/N=N/c2ccc(C)cc2)cc1,171.0,P433150,"Polyimides/thioimides, Polyesters/thioesters, Polyimines",130.56,5.77
*C(=O)OCCN(CCOC(=O)c1ccc2c(c1)C(=O)N(c1cccc(N3C(=O)c4ccc(*)cc4C3=O)c1)C2=O)c1ccc(/N=N/c2ccc(F)cc2)cc1,168.0,P433151,"Polyimides/thioimides, Polyesters/thioesters, Polyimines",133.7,5.25
*C(=O)Nc1ccc(/N=N/c2ccc([N+](=O)[O-])cc2)c(NC(=O)c2ccc3c(c2)C(=O)N(c2c(C)cc(Cc4cc(C)c(N5C(=O)c6ccc(*)cc6C5=O)c(C)c4)cc2C)C3=O)c1,264.0,P433154,"Polyimides/thioimides, Polyamides/thioamides",156.32,6.98
*C(=O)Nc1ccc(/N=N/c2ccc([N+](=O)[O-])cc2)c(NC(=O)c2ccc3c(c2)C(=O)N(c2c(C)cc(-c4cc(C)c(N5C(=O)c6ccc(*)cc6C5=O)c(C)c4)cc2C)C3=O)c1,278.0,P433159,"Polyimides/thioimides, Polyamides/thioamides",160.5,7.29
*c1cccc(C(=O)c2c(C)cc(C)c(N3C(=O)c4ccc(-c5ccc6c(c5)C(=O)N(*)C6=O)cc4C3=O)c2C)c1,320.0,P433160,"Polyimides/thioimides, Polyketones/thioketones",126.13,5.15
*c1cccc(C(=O)c2c(C)cc(C)c(N3C(=O)c4ccc(Oc5ccc6c(c5)C(=O)N(*)C6=O)cc4C3=O)c2C)c1,287.0,P433161,"Polyimides/thioimides, Polyoxides/ethers/acetals, Polyketones/thioketones",128.4,5.3
*C(=O)c1ccc2c(c1)C(=O)N(c1cccc(C(=O)c3c(C)cc(C)c(N4C(=O)c5ccc(*)cc5C4=O)c3C)c1)C2=O,300.0,P433162,"Polyimides/thioimides, Polyketones/thioketones",138.66,5.28
*c1ccc2c(c1)C(=O)N(c1c(C)cc(C)c(C(=O)c3cccc(N4C(=O)c5ccc(C(*)(C(F)(F)F)C(F)(F)F)cc5C4=O)c3)c1C)C2=O,280.0,P433163,"Polyimides/thioimides, Polyketones/thioketones",138.91,5.6
*c1ccc2c(c1)C(=O)N(c1cc(N3C(=O)c4ccc(C(*)(C(F)(F)F)C(F)(F)F)cc4C3=O)ccc1OCCCCCCOc1ccc(-c3ccc(OCC)cc3)cc1)C2=O,150.3,P433164,Polyimides/thioimides,119.78,4.52
*c1ccc2c(c1)C(=O)N(c1cc(N3C(=O)c4ccc(C(*)(C(F)(F)F)C(F)(F)F)cc4C3=O)ccc1OCCCCCCOc1ccc(/N=N/c3ccc(OCC)cc3)cc1)C2=O,198.0,P433165,Polyimides/thioimides,141.24,5.39
*c1cccc(P(=O)(c2cccc(-n3c(=O)c4cc5c(=O)n(*)c(=O)c5c(-c5cc(C(F)(F)F)cc(C(F)(F)F)c5)c4c3=O)c2)c2cc(C(F)(F)F)cc(C(F)(F)F)c2)c1,280.0,P433166,Polyimides/thioimides,189.26,7.61
*c1cccc(P(=O)(c2ccc(C(F)(F)F)cc2)c2cccc(-n3c(=O)c4cc5c(=O)n(*)c(=O)c5c(-c5cc(C(F)(F)F)cc(C(F)(F)F)c5)c4c3=O)c2)c1,290.0,P433167,Polyimides/thioimides,184.81,7.68
*c1cccc(P(=O)(c2ccccc2)c2cccc(-n3c(=O)c4cc5c(=O)n(*)c(=O)c5c(-c5cc(C(F)(F)F)cc(C(F)(F)F)c5)c4c3=O)c2)c1,299.0,P433168,Polyimides/thioimides,172.41,8.62
*c1cccc(P(=O)(c2cccc(-n3c(=O)c4cc5c(=O)n(*)c(=O)c5c(-c5ccc(C(F)(F)F)cc5)c4c3=O)c2)c2cc(C(F)(F)F)cc(C(F)(F)F)c2)c1,292.0,P433169,Polyimides/thioimides,174.51,7.64
*c1cccc(P(=O)(c2ccc(C(F)(F)F)cc2)c2cccc(-n3c(=O)c4cc5c(=O)n(*)c(=O)c5c(-c5ccc(C(F)(F)F)cc5)c4c3=O)c2)c1,303.0,P433170,Polyimides/thioimides,181.88,7.66
*c1cccc(P(=O)(c2ccccc2)c2cccc(-n3c(=O)c4cc5c(=O)n(*)c(=O)c5c(-c5ccc(C(F)(F)F)cc5)c4c3=O)c2)c1,321.0,P433171,Polyimides/thioimides,177.22,8.52
*c1cccc(P(=O)(c2cccc(-n3c(=O)c4cc5c(=O)n(*)c(=O)c5c(-c5ccccc5)c4c3=O)c2)c2cc(C(F)(F)F)cc(C(F)(F)F)c2)c1,300.0,P433172,Polyimides/thioimides,192.13,8.27
*c1cccc(P(=O)(c2ccc(C(F)(F)F)cc2)c2cccc(-n3c(=O)c4cc5c(=O)n(*)c(=O)c5c(-c5ccccc5)c4c3=O)c2)c1,311.0,P433173,Polyimides/thioimides,177.94,7.81
*c1cccc(P(=O)(c2ccccc2)c2cccc(-n3c(=O)c4cc5c(=O)n(*)c(=O)c5c(-c5ccccc5)c4c3=O)c2)c1,325.0,P433174,Polyimides/thioimides,171.56,7.28
*c1ccc(N(c2ccc(C#N)cc2)c2ccc(-n3c(=O)c4cc5c(=O)n(*)c(=O)c5cc4c3=O)cc2)cc1,353.0,P433175,"Polyimides/thioimides, Polyimines",176.94,7.93
*c1ccc(N(c2ccc(C#N)cc2)c2ccc(N3C(=O)c4ccc(-c5ccc6c(c5)C(=O)N(*)C6=O)cc4C3=O)cc2)cc1,358.0,P433176,"Polyimides/thioimides, Polyimines",142.95,6.48
*C(=O)c1ccc2c(c1)C(=O)N(c1ccc(N(c3ccc(C#N)cc3)c3ccc(N4C(=O)c5ccc(*)cc5C4=O)cc3)cc1)C2=O,315.0,P433177,"Polyimides/thioimides, Polyimines, Polyketones/thioketones",168.89,6.83
*c1ccc(N(c2ccc(C#N)cc2)c2ccc(N3C(=O)c4ccc(Oc5ccc6c(c5)C(=O)N(*)C6=O)cc4C3=O)cc2)cc1,304.0,P433178,"Polyimides/thioimides, Polyoxides/ethers/acetals, Polyimines",166.96,6.61
*c1ccc2c(c1)C(=O)N(c1ccc(N(c3ccc(C#N)cc3)c3ccc(N4C(=O)c5ccc(C(*)(C(F)(F)F)C(F)(F)F)cc5C4=O)cc3)cc1)C2=O,321.0,P433179,"Polyimides/thioimides, Polyimines",148.43,6.07
*c1ccc(-c2cc(-c3ccc(OCCCC#N)cc3)cc(-c3ccc(-n4c(=O)c5cc6c(=O)n(*)c(=O)c6cc5c4=O)cc3)n2)cc1,345.0,P433180,"Polyimides/thioimides, Polyimines",188.07,8.25
*c1ccc(-c2cc(-c3ccc(OCCCC#N)cc3)cc(-c3ccc(N4C(=O)c5ccc(-c6ccc7c(c6)C(=O)N(*)C7=O)cc5C4=O)cc3)n2)cc1,360.0,P433181,"Polyimides/thioimides, Polyimines",180.84,7.1
*C(=O)c1ccc2c(c1)C(=O)N(c1ccc(-c3cc(-c4ccc(OCCCC#N)cc4)cc(-c4ccc(N5C(=O)c6ccc(*)cc6C5=O)cc4)n3)cc1)C2=O,342.0,P433182,"Polyimides/thioimides, Polyimines, Polyketones/thioketones",169.26,6.8
*c1ccc(-c2cc(-c3ccc(OCCCC#N)cc3)cc(-c3ccc(N4C(=O)c5ccc(Oc6ccc7c(c6)C(=O)N(*)C7=O)cc5C4=O)cc3)n2)cc1,315.0,P433183,"Polyimides/thioimides, Polyoxides/ethers/acetals, Polyimines",160.21,6.83
*c1ccc2c(c1)C(=O)N(c1ccc(-c3cc(-c4ccc(OCCCC#N)cc4)cc(-c4ccc(N5C(=O)c6ccc(C(*)(C(F)(F)F)C(F)(F)F)cc6C5=O)cc4)n3)cc1)C2=O,339.0,P433184,"Polyimides/thioimides, Polyimines",176.56,6.33
*C(=O)c1ccc2c(c1)C(=O)N(c1ccc(N(c3ccccc3)c3ccc(N4C(=O)c5ccc(*)cc5C4=O)cc3)cc1)C2=O,270.0,P433185,"Polyimides/thioimides, Polyimines, Polyketones/thioketones",162.17,6.54
*C(=O)c1ccc2c(c1)C(=O)N(c1ccc(-c3cc(-c4ccc(OC)cc4)cc(-c4ccc(N5C(=O)c6ccc(*)cc6C5=O)cc4)n3)cc1)C2=O,331.0,P433186,"Polyimides/thioimides, Polyimines, Polyketones/thioketones",157.54,6.65
*c1ccc(C(=O)NC(CC)COC(=O)c2ccc(N3C(=O)CC(SCCCCCSC4CC(=O)N(*)C4=O)C3=O)cc2)cc1,91.0,P433189,"Polyimides/thioimides, Polysulfides, Polyesters/thioesters, Polyamides/thioamides",66.58,2.17
*c1ccc(N2C(=O)c3ccc(Oc4ccc(C(C)(C)c5cccc(Oc6ccc7c(c6)C(=O)N(*)C7=O)c5)cc4)cc3C2=O)cc1,268.0,P433197,"Polyimides/thioimides, Polyoxides/ethers/acetals",154.62,6.44
*C(=O)c1ccc2c(c1OCc1ccccc1[N+](=O)[O-])C(=O)N(c1ccc(Oc3ccc(N4C(=O)c5ccc(*)c(OCc6ccccc6[N+](=O)[O-])c5C4=O)cc3)cc1)C2=O,198.0,P433206,"Polyimides/thioimides, Polyoxides/ethers/acetals, Polyketones/thioketones",148.79,5.8
*c1c(C)cc(-c2cc(C)c(N3C(=O)c4cccc(Oc5ccc(C(C)(C)c6ccc(Oc7cccc8c7C(=O)N(*)C8=O)cc6)cc5)c4C3=O)c(C)c2)cc1C,265.0,P433207,"Polyimides/thioimides, Polyoxides/ethers/acetals",163.82,7.1
*c1c(C)cc(Cc2cc(C)c(N3C(=O)c4cccc(Oc5ccc(C(C)(C)c6ccc(Oc7cccc8c7C(=O)N(*)C8=O)cc6)cc5)c4C3=O)c(C)c2)cc1C,223.0,P433208,"Polyimides/thioimides, Polyoxides/ethers/acetals",147.51,6.15
*c1ccc(Oc2ccc(-c3ccc(Oc4ccc(N5C(=O)c6cccc(Oc7ccc(C(C)(C)c8ccc(Oc9cccc%10c9C(=O)N(*)C%10=O)cc8)cc7)c6C5=O)cc4)cc3)cc2)cc1,236.0,P433210,"Polyimides/thioimides, Polyoxides/ethers/acetals",187.95,8.58
*c1ccc(Oc2ccc(Oc3ccc(N4C(=O)c5cccc(Oc6ccc(C(C)(C)c7ccc(Oc8cccc9c8C(=O)N(*)C9=O)cc7)cc6)c5C4=O)c(C)c3)cc2)cc1C,222.0,P433211,"Polyimides/thioimides, Polyoxides/ethers/acetals",189.02,7.21
*c1ccc(Oc2ccc(N3C(=O)c4cccc(Oc5c(C)cc(Cc6cc(C)c(Oc7cccc8c7C(=O)N(*)C8=O)c(C)c6)cc5C)c4C3=O)cc2)cc1,270.0,P433212,"Polyimides/thioimides, Polyoxides/ethers/acetals",173.31,7.03
*c1c(C)cc(-c2cc(C)c(N3C(=O)c4cccc(Oc5c(C)cc(Cc6cc(C)c(Oc7cccc8c7C(=O)N(*)C8=O)c(C)c6)cc5C)c4C3=O)c(C)c2)cc1C,276.0,P433213,"Polyimides/thioimides, Polyoxides/ethers/acetals",168.22,6.81
*c1c(C)cc(Cc2cc(C)c(N3C(=O)c4cccc(Oc5c(C)cc(Cc6cc(C)c(Oc7cccc8c7C(=O)N(*)C8=O)c(C)c6)cc5C)c4C3=O)c(C)c2)cc1C,243.0,P433214,"Polyimides/thioimides, Polyoxides/ethers/acetals",164.57,6.5
*c1cccc(N2C(=O)c3cccc(Oc4c(C)cc(Cc5cc(C)c(Oc6cccc7c6C(=O)N(*)C7=O)c(C)c5)cc4C)c3C2=O)c1,269.0,P433215,"Polyimides/thioimides, Polyoxides/ethers/acetals",155.88,6.0
*c1c(C)cc(C)c(N2C(=O)c3cccc(Oc4c(C)cc(Cc5cc(C)c(Oc6cccc7c6C(=O)N(*)C7=O)c(C)c5)cc4C)c3C2=O)c1C,287.0,P433216,"Polyimides/thioimides, Polyoxides/ethers/acetals",160.67,6.32
*c1ccc(Oc2ccc(-c3ccc(Oc4ccc(N5C(=O)c6cccc(Oc7c(C)cc(Cc8cc(C)c(Oc9cccc%10c9C(=O)N(*)C%10=O)c(C)c8)cc7C)c6C5=O)cc4)cc3)cc2)cc1,259.0,P433217,"Polyimides/thioimides, Polyoxides/ethers/acetals",177.7,7.51
*c1ccc(Oc2ccc(Oc3ccc(N4C(=O)c5cccc(Oc6c(C)cc(Cc7cc(C)c(Oc8cccc9c8C(=O)N(*)C9=O)c(C)c7)cc6C)c5C4=O)c(C)c3)cc2)cc1C,238.0,P433218,"Polyimides/thioimides, Polyoxides/ethers/acetals",161.12,6.82
*c1ccc(Oc2ccc(N3C(=O)c4cccc(Oc5c(C)cc(-c6cc(C)c(Oc7cccc8c7C(=O)N(*)C8=O)c(C)c6)cc5C)c4C3=O)cc2)cc1,298.0,P433219,"Polyimides/thioimides, Polyoxides/ethers/acetals",182.7,6.52
*c1c(C)cc(-c2cc(C)c(N3C(=O)c4cccc(Oc5c(C)cc(-c6cc(C)c(Oc7cccc8c7C(=O)N(*)C8=O)c(C)c6)cc5C)c4C3=O)c(C)c2)cc1C,327.0,P433220,"Polyimides/thioimides, Polyoxides/ethers/acetals",188.76,6.65
*c1c(C)cc(Cc2cc(C)c(N3C(=O)c4cccc(Oc5c(C)cc(-c6cc(C)c(Oc7cccc8c7C(=O)N(*)C8=O)c(C)c6)cc5C)c4C3=O)c(C)c2)cc1C,289.0,P433221,"Polyimides/thioimides, Polyoxides/ethers/acetals",154.27,7.48
*c1cccc(N2C(=O)c3cccc(Oc4c(C)cc(-c5cc(C)c(Oc6cccc7c6C(=O)N(*)C7=O)c(C)c5)cc4C)c3C2=O)c1,311.0,P433222,"Polyimides/thioimides, Polyoxides/ethers/acetals",140.93,6.86
*c1c(C)cc(C)c(N2C(=O)c3cccc(Oc4c(C)cc(-c5cc(C)c(Oc6cccc7c6C(=O)N(*)C7=O)c(C)c5)cc4C)c3C2=O)c1C,325.0,P433223,"Polyimides/thioimides, Polyoxides/ethers/acetals",169.67,5.76
*c1ccc(Oc2ccc(-c3ccc(Oc4ccc(N5C(=O)c6cccc(Oc7c(C)cc(-c8cc(C)c(Oc9cccc%10c9C(=O)N(*)C%10=O)c(C)c8)cc7C)c6C5=O)cc4)cc3)cc2)cc1,290.0,P433224,"Polyimides/thioimides, Polyoxides/ethers/acetals",189.09,8.89
*c1ccc(Oc2ccc(N3C(=O)c4cccc(Oc5c(Oc6cccc7c6C(=O)N(*)C7=O)cc(C(C)(C)C)cc5C(C)(C)C)c4C3=O)cc2)cc1,238.0,P433225,"Polyimides/thioimides, Polyoxides/ethers/acetals",156.54,6.35
*c1ccc(Oc2ccc(-c3ccc(Oc4ccc(N5C(=O)c6cccc(Oc7c(Oc8cccc9c8C(=O)N(*)C9=O)cc(C(C)(C)C)cc7C(C)(C)C)c6C5=O)cc4)cc3)cc2)cc1,237.0,P433226,"Polyimides/thioimides, Polyoxides/ethers/acetals",193.18,6.81
*c1ccc(Oc2ccc(-c3ccc(Oc4ccc(N5C(=O)c6cccc(Oc7cc(C(C)(C)C)c(Oc8cccc9c8C(=O)N(*)C9=O)cc7C(C)(C)C)c6C5=O)cc4)cc3)cc2)cc1,275.0,P433227,"Polyimides/thioimides, Polyoxides/ethers/acetals",194.28,6.81
*c1ccc(Oc2ccc(-c3ccc(Oc4ccc(N5C(=O)c6cccc(Oc7ccc(C(c8ccc(Oc9cccc%10c9C(=O)N(*)C%10=O)cc8)(C(F)(F)F)C(F)(F)F)cc7)c6C5=O)cc4)cc3)cc2)cc1,234.0,P433228,"Polyimides/thioimides, Polyoxides/ethers/acetals",203.58,7.47
*c1c(C)cc(-c2cc(C)c(N3C(=O)c4ccc(Oc5ccc(C(C)(C)c6ccc(Oc7ccc8c(c7)C(=O)N(*)C8=O)cc6)cc5)cc4C3=O)c(C)c2)cc1C,280.0,P433229,"Polyimides/thioimides, Polyoxides/ethers/acetals",151.55,7.29
*c1c(C)cc(Cc2cc(C)c(N3C(=O)c4ccc(Oc5ccc(C(C)(C)c6ccc(Oc7ccc8c(c7)C(=O)N(*)C8=O)cc6)cc5)cc4C3=O)c(C)c2)cc1C,247.0,P433230,"Polyimides/thioimides, Polyoxides/ethers/acetals",170.98,7.02
*c1ccc(Oc2ccc(-c3ccc(Oc4ccc(N5C(=O)c6ccc(Oc7ccc(C(C)(C)c8ccc(Oc9ccc%10c(c9)C(=O)N(*)C%10=O)cc8)cc7)cc6C5=O)cc4)cc3)cc2)cc1,220.0,P433231,"Polyimides/thioimides, Polyoxides/ethers/acetals",183.04,8.27
*c1ccc(Oc2ccc(N3C(=O)c4ccc(Oc5c(C)cc(Cc6cc(C)c(Oc7ccc8c(c7)C(=O)N(*)C8=O)c(C)c6)cc5C)cc4C3=O)cc2)cc1,266.0,P433232,"Polyimides/thioimides, Polyoxides/ethers/acetals",171.85,6.33
*c1c(C)cc(-c2cc(C)c(N3C(=O)c4ccc(Oc5c(C)cc(Cc6cc(C)c(Oc7ccc8c(c7)C(=O)N(*)C8=O)c(C)c6)cc5C)cc4C3=O)c(C)c2)cc1C,420.0,P433233,"Polyimides/thioimides, Polyoxides/ethers/acetals",178.24,7.12
*c1c(C)cc(Cc2cc(C)c(N3C(=O)c4ccc(Oc5c(C)cc(Cc6cc(C)c(Oc7ccc8c(c7)C(=O)N(*)C8=O)c(C)c6)cc5C)cc4C3=O)c(C)c2)cc1C,264.0,P433234,"Polyimides/thioimides, Polyoxides/ethers/acetals",159.26,7.06
*c1cccc(N2C(=O)c3ccc(Oc4c(C)cc(Cc5cc(C)c(Oc6ccc7c(c6)C(=O)N(*)C7=O)c(C)c5)cc4C)cc3C2=O)c1,245.0,P433235,"Polyimides/thioimides, Polyoxides/ethers/acetals",155.96,5.54
*c1ccc(Oc2ccc(-c3ccc(Oc4ccc(N5C(=O)c6ccc(Oc7c(C)cc(Cc8cc(C)c(Oc9ccc%10c(c9)C(=O)N(*)C%10=O)c(C)c8)cc7C)cc6C5=O)cc4)cc3)cc2)cc1,248.0,P433236,"Polyimides/thioimides, Polyoxides/ethers/acetals",211.33,7.45
*c1ccc(Oc2ccc(N3C(=O)c4ccc(Oc5c(C)cc(-c6cc(C)c(Oc7ccc8c(c7)C(=O)N(*)C8=O)c(C)c6)cc5C)cc4C3=O)cc2)cc1,299.0,P433237,"Polyimides/thioimides, Polyoxides/ethers/acetals",171.7,6.23
*c1c(C)cc(Cc2cc(C)c(N3C(=O)c4ccc(Oc5c(C)cc(-c6cc(C)c(Oc7ccc8c(c7)C(=O)N(*)C8=O)c(C)c6)cc5C)cc4C3=O)c(C)c2)cc1C,420.0,P433238,"Polyimides/thioimides, Polyoxides/ethers/acetals",186.12,7.46
*c1cccc(N2C(=O)c3ccc(Oc4c(C)cc(-c5cc(C)c(Oc6ccc7c(c6)C(=O)N(*)C7=O)c(C)c5)cc4C)cc3C2=O)c1,295.0,P433239,"Polyimides/thioimides, Polyoxides/ethers/acetals",147.3,6.17
*c1ccc(Oc2ccc(N3C(=O)c4ccc(Oc5c(Oc6ccc7c(c6)C(=O)N(*)C7=O)cc(C(C)(C)C)cc5C(C)(C)C)cc4C3=O)cc2)cc1,228.0,P433240,"Polyimides/thioimides, Polyoxides/ethers/acetals",146.2,5.93
*c1ccc(Oc2ccc(-c3ccc(Oc4ccc(N5C(=O)c6ccc(Oc7cc(C(C)(C)C)c(Oc8ccc9c(c8)C(=O)N(*)C9=O)cc7C(C)(C)C)cc6C5=O)cc4)cc3)cc2)cc1,262.0,P433241,"Polyimides/thioimides, Polyoxides/ethers/acetals",200.81,7.47
*c1ccc(Oc2ccc(-c3ccc(Oc4ccc(N5C(=O)c6ccc(Oc7ccc(C(c8ccc(Oc9ccc%10c(c9)C(=O)N(*)C%10=O)cc8)(C(F)(F)F)C(F)(F)F)cc7)cc6C5=O)cc4)cc3)cc2)cc1,217.0,P433242,"Polyimides/thioimides, Polyoxides/ethers/acetals",194.49,8.48
*c1c(C)cc(C(c2cccc(C(F)(F)F)c2)c2cc(C)c(N3C(=O)c4ccc(-c5ccc6c(c5)C(=O)N(*)C6=O)cc4C3=O)c(C)c2)cc1C,312.9,P433243,Polyimides/thioimides,156.85,6.59
*C(=O)c1ccc2c(c1)C(=O)N(c1c(C)cc(C(c3cccc(C(F)(F)F)c3)c3cc(C)c(N4C(=O)c5ccc(*)cc5C4=O)c(C)c3)cc1C)C2=O,285.0,P433244,"Polyimides/thioimides, Polyketones/thioketones",162.6,6.37
*c1c(C)cc(C(c2cccc(C(F)(F)F)c2)c2cc(C)c(N3C(=O)c4ccc(Oc5ccc6c(c5)C(=O)N(*)C6=O)cc4C3=O)c(C)c2)cc1C,264.1,P433245,"Polyimides/thioimides, Polyoxides/ethers/acetals",138.45,5.94
*c1ccc2c(c1)C(=O)N(c1c(C)cc(C(c3cccc(C(F)(F)F)c3)c3cc(C)c(N4C(=O)c5ccc(C(*)(C(F)(F)F)C(F)(F)F)cc5C4=O)c(C)c3)cc1C)C2=O,286.1,P433246,Polyimides/thioimides,158.79,6.19
*c1c(C)cc(C(c2cc(C(F)(F)F)cc(C(F)(F)F)c2)c2cc(C)c(N3C(=O)c4ccc(-c5ccc6c(c5)C(=O)N(*)C6=O)cc4C3=O)c(C)c2)cc1C,317.4,P433247,Polyimides/thioimides,149.83,6.12
*C(=O)c1ccc2c(c1)C(=O)N(c1c(C)cc(C(c3cc(C(F)(F)F)cc(C(F)(F)F)c3)c3cc(C)c(N4C(=O)c5ccc(*)cc5C4=O)c(C)c3)cc1C)C2=O,301.1,P433248,"Polyimides/thioimides, Polyketones/thioketones",171.81,5.69
*c1c(C)cc(C(c2cc(C(F)(F)F)cc(C(F)(F)F)c2)c2cc(C)c(N3C(=O)c4ccc(Oc5ccc6c(c5)C(=O)N(*)C6=O)cc4C3=O)c(C)c2)cc1C,281.9,P433249,"Polyimides/thioimides, Polyoxides/ethers/acetals",161.6,6.25
*c1ccc2c(c1)C(=O)N(c1c(C)cc(C(c3cc(C(F)(F)F)cc(C(F)(F)F)c3)c3cc(C)c(N4C(=O)c5ccc(C(*)(C(F)(F)F)C(F)(F)F)cc5C4=O)c(C)c3)cc1C)C2=O,288.0,P433250,Polyimides/thioimides,177.28,6.38
*c1ccc(Oc2ccc(Oc3ccc(N4C(=O)c5ccc(Oc6ccc7c(c6)C(=O)N(*)C7=O)cc5C4=O)cc3C(F)(F)F)cc2)cc1,232.3,P433254,"Polyimides/thioimides, Polyoxides/ethers/acetals",134.29,6.19
*C(=O)c1ccc2c(c1)C(=O)N(c1ccc(Oc3ccc(Oc4ccc(N5C(=O)c6ccc(*)cc6C5=O)cc4C(F)(F)F)cc3)cc1)C2=O,237.1,P433255,"Polyimides/thioimides, Polyoxides/ethers/acetals, Polyketones/thioketones",136.99,6.18
*c1ccc2c(c1)C(=O)N(c1ccc(Oc3ccc(Oc4ccc(N5C(=O)c6ccc(C(*)(C(F)(F)F)C(F)(F)F)cc6C5=O)cc4)cc3)c(C(F)(F)F)c1)C2=O,260.8,P433256,"Polyimides/thioimides, Polyoxides/ethers/acetals",159.07,5.45
*c1ccc(Oc2ccc(Oc3ccc(-n4c(=O)c5cc6c(=O)n(*)c(=O)c6cc5c4=O)cc3)cc2)c(C(F)(F)F)c1,272.2,P433257,"Polyimides/thioimides, Polyoxides/ethers/acetals",153.96,7.39
*c1ccc(Oc2ccc(S(=O)(=O)c3ccc(Oc4ccc(N5C(=O)c6ccc([Si](C)(C)c7ccc8c(c7)C(=O)N(*)C8=O)cc6C5=O)cc4)cc3)cc2)cc1,246.0,P433260,"Polyimides/thioimides, Polyoxides/ethers/acetals, Polysiloxanes/silanes, Polysulfones/sulfoxides/sufonates/sulfoamides",179.9,6.55
*CC(C)N1C(=O)C2C3C=CC(C4C(=O)N(*)C(=O)C34)C2C1=O,212.0,P433270,Polyimides/thioimides,65.07,1.93
*CCCN1C(=O)C2C3C=CC(C4C(=O)N(*)C(=O)C34)C2C1=O,210.0,P433271,Polyimides/thioimides,54.69,1.87
*CCCCN1C(=O)C2C3C=CC(C4C(=O)N(*)C(=O)C34)C2C1=O,211.0,P433272,Polyimides/thioimides,52.64,1.75
*CCCCCCCCCCN1C(=O)C2C3C=CC(C4C(=O)N(*)C(=O)C34)C2C1=O,219.0,P433273,Polyimides/thioimides,47.16,1.67
*C1CCC(CC2CCC(N3C(=O)C4C5C=CC(C6C(=O)N(*)C(=O)C56)C4C3=O)CC2)CC1,239.0,P433276,Polyimides/thioimides,65.31,1.92
*C1CCC(CC2CCC(N3C(=O)C4C5C=CC(C6C(=O)N(*)C(=O)C56)C4C3=O)C(C)C2)CC1C,241.0,P433277,Polyimides/thioimides,74.71,1.99
*c1ccc(Sc2cc3c(cc2Sc2ccc(N4C(=O)C5C6C=CC(C7C(=O)N(*)C(=O)C67)C5C4=O)cc2)C(=O)N(CCc2ccccc2)C3=O)cc1,258.0,P433281,"Polyimides/thioimides, Polysulfides",135.94,5.24
*c1ccc(Sc2cc3c(cc2Sc2ccc(N4C(=O)C5C6C=CC(C7C(=O)N(*)C(=O)C67)C5C4=O)cc2)C(=O)N(c2ccc(CC)cc2)C3=O)cc1,320.0,P433282,"Polyimides/thioimides, Polysulfides",131.19,4.96
*c1ccc(Sc2cc3c(cc2Sc2ccc(N4C(=O)C5C6C=CC(C7C(=O)N(*)C(=O)C67)C5C4=O)cc2)C(=O)N(CCN(C)C)C3=O)cc1,310.0,P433283,"Polyimides/thioimides, Polysulfides",135.36,4.52
*c1ccc(Sc2cc3c(cc2Sc2ccc(N4C(=O)c5ccc(Oc6ccc7c(c6)C(=O)N(*)C7=O)cc5C4=O)cc2)C(=O)N(CCCCCCCCCCCCCCCC)C3=O)cc1,156.0,P433284,"Polyimides/thioimides, Polyoxides/ethers/acetals, Polysulfides",111.38,4.73
*c1ccc(Sc2cc3c(cc2Sc2ccc(N4C(=O)c5ccc(Oc6ccc7c(c6)C(=O)N(*)C7=O)cc5C4=O)cc2)C(=O)N(CCc2ccccc2)C3=O)cc1,218.0,P433285,"Polyimides/thioimides, Polyoxides/ethers/acetals, Polysulfides",155.39,6.1
*c1ccc(Sc2cc3c(cc2Sc2ccc(N4C(=O)c5ccc(Oc6ccc7c(c6)C(=O)N(*)C7=O)cc5C4=O)cc2)C(=O)N(c2ccc(CC)cc2)C3=O)cc1,271.0,P433286,"Polyimides/thioimides, Polyoxides/ethers/acetals, Polysulfides",154.08,6.74
*c1cc(C(c2ccc(OCc3cc(OCCN(C)c4ccc(/C=C/C5=CC(=C(C#N)C#N)CC(C)(C)C5)cc4)cc(OCCN(C)c4ccc(/C=C/C5=CC(=C(C#N)C#N)CC(C)(C)C5)cc4)c3)c(N3C(=O)c4ccc(Oc5ccc6c(c5)C(=O)N(*)C6=O)cc4C3=O)c2)(C(F)(F)F)C(F)(F)F)ccc1OCc1cc(OCCN(C)c2ccc(/C=C/C3=CC(=C(C#N)C#N)CC(C)(C)C3)cc2)cc(OCCN(C)c2ccc(/C=C/C3=CC(=C(C#N)C#N)CC(C)(C)C3)cc2)c1,178.0,P433287,"Polyimides/thioimides, Polyoxides/ethers/acetals",218.26,8.63
*c1cc(C(c2ccc(O)c(N3C(=O)c4ccc(Oc5ccc6c(c5)C(=O)N(*)C6=O)cc4C3=O)c2)(C(F)(F)F)C(F)(F)F)ccc1O,266.0,P433290,"Polyimides/thioimides, Polyoxides/ethers/acetals",126.82,5.36
*c1ccc(Oc2ccc(C(=O)c3cccc(C(=O)c4ccc(Oc5ccc(-n6c(=O)c7cc8c(=O)n(*)c(=O)c8cc7c6=O)cc5)cc4)n3)cc2)cc1,324.6,P433291,"Polyimides/thioimides, Polyoxides/ethers/acetals, Polyimines, Polyketones/thioketones",203.18,8.54
*c1ccc(Oc2ccc(C(=O)c3cccc(C(=O)c4ccc(Oc5ccc(N6C(=O)c7ccc(Oc8ccc9c(c8)C(=O)N(*)C9=O)cc7C6=O)cc5)cc4)n3)cc2)cc1,208.6,P433292,"Polyimides/thioimides, Polyoxides/ethers/acetals, Polyimines, Polyketones/thioketones",169.8,7.07
*C(=O)c1ccc2c(c1)C(=O)N(c1ccc(Oc3ccc(C(=O)c4cccc(C(=O)c5ccc(Oc6ccc(N7C(=O)c8ccc(*)cc8C7=O)cc6)cc5)n4)cc3)cc1)C2=O,314.5,P433293,"Polyimides/thioimides, Polyoxides/ethers/acetals, Polyimines, Polyketones/thioketones",196.54,7.66
*c1ccc2c(c1)C(=O)N(c1ccc(Oc3ccc(C(=O)c4cccc(C(=O)c5ccc(Oc6ccc(N7C(=O)c8ccc(C(*)(C(F)(F)F)C(F)(F)F)cc8C7=O)cc6)cc5)n4)cc3)cc1)C2=O,226.9,P433294,"Polyimides/thioimides, Polyoxides/ethers/acetals, Polyimines, Polyketones/thioketones",181.67,7.59
*CCCCCCN1C(=O)C(C)C(SCCOCCSC2C(=O)N(CCCCCCN3C(=O)CC(C)(SCCOCCSC4(C)CC(=O)N(*)C4=O)C3=O)C(=O)C2C)C1=O,78.0,P433302,"Polyimides/thioimides, Polyoxides/ethers/acetals, Polysulfides",22.34,0.1
*c1ccc(Cc2ccc(N3C(=O)C(C)C(SCCOCCSC4C(=O)N(c5ccc(Cc6ccc(N7C(=O)CC(C)(SCCOCCSC8(C)CC(=O)N(*)C8=O)C7=O)cc6)cc5)C(=O)C4C)C3=O)cc2)cc1,105.0,P433303,"Polyimides/thioimides, Polyoxides/ethers/acetals, Polysulfides",106.97,3.26
*c1ccc(Oc2ccc(N3C(=O)C(C)C(SCCOCCSC4C(=O)N(c5ccc(Oc6ccc(N7C(=O)CC(C)(SCCOCCSC8(C)CC(=O)N(*)C8=O)C7=O)cc6)cc5)C(=O)C4C)C3=O)cc2)cc1,145.0,P433304,"Polyimides/thioimides, Polyoxides/ethers/acetals, Polysulfides",110.85,3.87
*c1ccc(S(=O)(=O)c2ccc(N3C(=O)C(C)C(SCCOCCSC4C(=O)N(c5ccc(S(=O)(=O)c6ccc(N7C(=O)CC(C)(SCCOCCSC8(C)CC(=O)N(*)C8=O)C7=O)cc6)cc5)C(=O)C4C)C3=O)cc2)cc1,157.0,P433305,"Polyimides/thioimides, Polyoxides/ethers/acetals, Polysulfides, Polysulfones/sulfoxides/sufonates/sulfoamides",116.53,3.9
*c1ccc(Oc2cccc(Oc3ccc(N4C(=O)c5ccc(Oc6ccc(C(C)(C)c7ccc(Oc8ccc9c(c8)C(=O)N(*)C9=O)cc7)cc6)cc5C4=O)cc3)c2C#N)cc1,213.0,P433306,"Polyimides/thioimides, Polyoxides/ethers/acetals",165.17,7.37
*c1ccc(Oc2cccc(Oc3ccc(N4C(=O)c5ccc(-c6ccc7c(c6)C(=O)N(*)C7=O)cc5C4=O)cc3)c2C#N)cc1,271.0,P433307,"Polyimides/thioimides, Polyoxides/ethers/acetals",151.83,6.61
*C(=O)c1ccc2c(c1)C(=O)N(c1ccc(Oc3cccc(Oc4ccc(N5C(=O)c6ccc(*)cc6C5=O)cc4)c3C#N)cc1)C2=O,245.0,P433308,"Polyimides/thioimides, Polyoxides/ethers/acetals, Polyketones/thioketones",142.86,6.02
*c1ccc2c(c1)C(=O)N(c1ccc(Oc3cccc(Oc4ccc(N5C(=O)c6ccc(C(*)(C(F)(F)F)C(F)(F)F)cc6C5=O)cc4)c3C#N)cc1)C2=O,280.0,P433309,"Polyimides/thioimides, Polyoxides/ethers/acetals",162.97,5.93
*c1ccc(Oc2cccc(Oc3ccc(-n4c(=O)c5cc6c(=O)n(*)c(=O)c6cc5c4=O)cc3)c2C#N)cc1,328.0,P433310,"Polyimides/thioimides, Polyoxides/ethers/acetals",165.12,6.49
*c1ccc(Oc2ccc(N3C(=O)c4ccc(C(c5ccc6c(c5)C(=O)N(c5ncc(*)s5)C6=O)(C(F)(F)F)C(F)(F)F)cc4C3=O)cc2)cc1,268.2,P433314,"Polyimides/thioimides, Polyoxides/ethers/acetals, Polysulfides, Polyimines",166.55,5.89
*c1ccc(Oc2ccc(N3C(=O)c4ccc(Oc5ccc6c(c5)C(=O)N(c5ncc(*)s5)C6=O)cc4C3=O)cc2)cc1,300.0,P433315,"Polyimides/thioimides, Polyoxides/ethers/acetals, Polysulfides, Polyimines",152.73,6.68
*c1ccc(Oc2ccc(N3C(=O)c4ccc(C(=O)c5ccc6c(c5)C(=O)N(c5ncc(*)s5)C6=O)cc4C3=O)cc2)cc1,320.2,P433316,"Polyimides/thioimides, Polyoxides/ethers/acetals, Polysulfides, Polyimines, Polyketones/thioketones",167.86,6.54
*c1ccc(Oc2ccc(-n3c(=O)c4cc5c(=O)n(-c6ncc(*)s6)c(=O)c5cc4c3=O)cc2)cc1,328.8,P433317,"Polyimides/thioimides, Polyoxides/ethers/acetals, Polysulfides, Polyimines",161.55,6.98
*c1ccc(Oc2ccc(C(C)(C)c3ccc(Oc4ccc(N5C(=O)c6ccc(Oc7ccc(C(C)(C)c8ccc(Oc9ccc%10c(c9)C(=O)N(*)C%10=O)cc8)cc7)cc6C5=O)cc4)cc3)cc2)cc1,176.0,P433320,"Polyimides/thioimides, Polyoxides/ethers/acetals",171.09,7.28
*c1ccc(S(=O)(=O)c2ccc(N3C(=O)c4ccc(Oc5ccc(C(C)(C)c6ccc(Oc7ccc8c(c7)C(=O)N(*)C8=O)cc6)cc5)cc4C3=O)cc2)cc1,267.0,P433321,"Polyimides/thioimides, Polyoxides/ethers/acetals, Polysulfones/sulfoxides/sufonates/sulfoamides",163.93,7.26
*c1ccc(Oc2ccc(C(=O)c3cccc(C(=O)c4ccc(Oc5ccc(N6C(=O)c7ccc(Oc8ccc9c(c8)C(=O)N(*)C9=O)cc7C6=O)cc5C(F)(F)F)cc4)n3)cc2)c(C(F)(F)F)c1,212.2,P433327,"Polyimides/thioimides, Polyoxides/ethers/acetals, Polyimines, Polyketones/thioketones",174.96,6.73
*c1ccc2c(c1)C(=O)N(c1ccc(Oc3ccc(C(=O)c4cccc(C(=O)c5ccc(Oc6ccc(N7C(=O)c8ccc(C(*)(C(F)(F)F)C(F)(F)F)cc8C7=O)cc6C(F)(F)F)cc5)n4)cc3)c(C(F)(F)F)c1)C2=O,206.4,P433328,"Polyimides/thioimides, Polyoxides/ethers/acetals, Polyimines, Polyketones/thioketones",183.92,7.17
*C(=O)c1ccc2c(c1)C(=O)N(c1ccc(Oc3ccc(C(=O)c4cccc(C(=O)c5ccc(Oc6ccc(N7C(=O)c8ccc(*)cc8C7=O)cc6C(F)(F)F)cc5)n4)cc3)c(C(F)(F)F)c1)C2=O,225.2,P433329,"Polyimides/thioimides, Polyoxides/ethers/acetals, Polyimines, Polyketones/thioketones",183.03,7.1
*c1ccc(Oc2ccc(C(=O)c3cccc(C(=O)c4ccc(Oc5ccc(-n6c(=O)c7cc8c(=O)n(*)c(=O)c8cc7c6=O)cc5C(F)(F)F)cc4)n3)cc2)c(C(F)(F)F)c1,227.1,P433330,"Polyimides/thioimides, Polyoxides/ethers/acetals, Polyimines, Polyketones/thioketones",183.06,8.85
*c1ccc(Oc2cccc(Oc3ccc(N4C(=O)c5ccc(Oc6ccc(C(C)(C)c7ccc(Oc8ccc9c(c8)C(=O)N(*)C9=O)cc7)cc6)cc5C4=O)cc3)c2)cc1,246.0,P433331,"Polyimides/thioimides, Polyoxides/ethers/acetals",193.29,7.07
*c1ccc(Oc2ccc3ccccc3c2-c2c(Oc3ccc(N4C(=O)c5ccc(NC(=O)Nc6cccc(NC(=O)Nc7ccc8c(c7)C(=O)N(*)C8=O)n6)cc5C4=O)cc3)ccc3ccccc23)cc1,283.0,P433334,"Polyimides/thioimides, Polyoxides/ethers/acetals, Polyureas/thioureas, Polyimines",232.69,8.47
*c1ccc(Oc2ccc3ccccc3c2-c2c(Oc3ccc(N4C(=O)c5ccc(NC(=O)Nc6cccc7c(NC(=O)Nc8ccc9c(c8)C(=O)N(*)C9=O)cccc67)cc5C4=O)cc3)ccc3ccccc23)cc1,297.0,P433335,"Polyimides/thioimides, Polyoxides/ethers/acetals, Polyureas/thioureas",237.44,9.16
*c1ccc(Oc2ccc3ccccc3c2-c2c(Oc3ccc(N4C(=O)c5ccc(NC(=O)Nc6ccc(Oc7ccc(NC(=O)Nc8ccc9c(c8)C(=O)N(*)C9=O)cc7)cc6)cc5C4=O)cc3)ccc3ccccc23)cc1,274.0,P433336,"Polyimides/thioimides, Polyoxides/ethers/acetals, Polyureas/thioureas",255.92,8.96
*c1ccc(Oc2ccc3ccccc3c2-c2c(Oc3ccc(N4C(=O)c5ccc(NC(=O)Nc6ccc(Oc7ccccc7-c7ccccc7Oc7ccc(NC(=O)Nc8ccc9c(c8)C(=O)N(*)C9=O)cc7)cc6)cc5C4=O)cc3)ccc3ccccc23)cc1,285.0,P433337,"Polyimides/thioimides, Polyoxides/ethers/acetals, Polyureas/thioureas",250.07,10.49
*c1ccc(Oc2ccc3ccccc3c2-c2c(Oc3ccc(N4C(=O)c5ccc(NC(=O)Nc6ccc(-c7cc(-c8ccc(-c9ccccc9)cc8)cc(-c8ccc(NC(=O)Nc9ccc%10c(c9)C(=O)N(*)C%10=O)cc8)n7)cc6)cc5C4=O)cc3)ccc3ccccc23)cc1,302.0,P433338,"Polyimides/thioimides, Polyoxides/ethers/acetals, Polyureas/thioureas, Polyimines",299.03,12.43
*c1cccc(-n2c(=O)c3cc4c(=O)n(*)c(=O)c4cc3c2=O)n1,183.5,P433341,"Polyimides/thioimides, Polyimines",119.01,4.81
*c1ccc(OCC2CCC(COc3ccc(-n4c(=O)c5cc6c(=O)n(*)c(=O)c6cc5c4=O)cc3)CC2)cc1,306.7,P433342,"Polyimides/thioimides, Polyoxides/ethers/acetals",157.1,6.17
*c1ccc(OCC2CCC(COc3ccc(N4C(=O)c5ccc(-c6ccc7c(c6)C(=O)N(*)C7=O)cc5C4=O)cc3)CC2)cc1,254.4,P433343,"Polyimides/thioimides, Polyoxides/ethers/acetals",128.86,4.64
*c1ccc(-c2cc(-c3ccc(-c4ccccc4)cc3)cc(-c3ccc(N4C(=O)c5ccc(NC(=O)Nc6ccc(Oc7ccccc7-c7ccccc7Oc7ccc(NC(=O)Nc8ccc9c(c8)C(=O)N(*)C9=O)cc7)cc6)cc5C4=O)cc3)n2)cc1,249.0,P433352,"Polyimides/thioimides, Polyoxides/ethers/acetals, Polyureas/thioureas, Polyimines",248.31,9.54
*c1ccc(-c2cc(-c3ccc(-c4ccccc4)cc3)cc(-c3ccc(N4C(=O)c5ccc(NC(=O)Nc6ccc(-c7cc(-c8ccc(-c9ccccc9)cc8)cc(-c8ccc(NC(=O)Nc9ccc%10c(c9)C(=O)N(*)C%10=O)cc8)n7)cc6)cc5C4=O)cc3)n2)cc1,272.0,P433353,"Polyimides/thioimides, Polyureas/thioureas, Polyimines",268.2,11.52
*c1ccc(-c2cc(-c3ccc(-c4ccccc4)cc3)cc(-c3ccc(N4C(=O)c5ccc(NC(=O)Nc6ccc(NC(=O)Nc7ccc8c(c7)C(=O)N(*)C8=O)cc6)cc5C4=O)cc3)n2)cc1,243.0,P433354,"Polyimides/thioimides, Polyureas/thioureas, Polyimines",196.52,8.17
*c1ccc(-c2cc(-c3ccc(-c4ccccc4)cc3)cc(-c3ccc(N4C(=O)c5ccc(NC(=O)Nc6cccc(NC(=O)Nc7ccc8c(c7)C(=O)N(*)C8=O)n6)cc5C4=O)cc3)n2)cc1,248.0,P433355,"Polyimides/thioimides, Polyureas/thioureas, Polyimines",180.93,8.41
*c1ccc(-c2cc(-c3ccc(-c4ccccc4)cc3)cc(-c3ccc(N4C(=O)c5ccc(NC(=O)Nc6cccc7c(NC(=O)Nc8ccc9c(c8)C(=O)N(*)C9=O)cccc67)cc5C4=O)cc3)n2)cc1,254.0,P433356,"Polyimides/thioimides, Polyureas/thioureas, Polyimines",209.45,9.48
*c1ccc(-c2cc(-c3ccc(-c4ccccc4)cc3)cc(-c3ccc(N4C(=O)c5ccc(NC(=O)Nc6ccc(Oc7ccc(NC(=O)Nc8ccc9c(c8)C(=O)N(*)C9=O)cc7)cc6)cc5C4=O)cc3)n2)cc1,241.0,P433357,"Polyimides/thioimides, Polyoxides/ethers/acetals, Polyureas/thioureas, Polyimines",221.79,9.64
*C(=O)Nc1ccc(Oc2cccc3c(NC(=O)c4ccc5c(c4)C(=O)N(c4ccc(Oc6cccc7c(N8C(=O)c9ccc(*)cc9C8=O)cccc67)cc4)C5=O)cccc23)cc1,276.0,P433358,"Polyimides/thioimides, Polyoxides/ethers/acetals, Polyamides/thioamides",196.94,7.75
*C(=O)Nc1cccc(NC(=O)c2ccc3c(c2)C(=O)N(c2ccc(Oc4cccc5c(N6C(=O)c7ccc(*)cc7C6=O)cccc45)cc2)C3=O)n1,293.0,P433359,"Polyimides/thioimides, Polyoxides/ethers/acetals, Polyamides/thioamides, Polyimines",168.52,6.62
*C(=O)Nc1ccc(-c2cc(-c3ccccc3)cc(-c3ccc(NC(=O)c4ccc5c(c4)C(=O)N(c4ccc(Oc6cccc7c(N8C(=O)c9ccc(*)cc9C8=O)cccc67)cc4)C5=O)cc3)n2)cc1,295.0,P433360,"Polyimides/thioimides, Polyoxides/ethers/acetals, Polyamides/thioamides, Polyimines",197.62,8.44
*C(=O)Nc1nc(NC(=O)c2ccc3c(c2)C(=O)N(c2ccc(Oc4cccc5c(N6C(=O)c7ccc(*)cc7C6=O)cccc45)cc2)C3=O)nc(-c2ccccc2)n1,291.0,P433361,"Polyimides/thioimides, Polyoxides/ethers/acetals, Polyamides/thioamides, Polyimines",189.9,7.76
*C(=O)Nc1ccc(NC(=O)c2ccc3c(c2)C(=O)N(c2ccc(Oc4cccc5c(N6C(=O)c7ccc(*)cc7C6=O)cccc45)cc2)C3=O)cc1,307.0,P433362,"Polyimides/thioimides, Polyoxides/ethers/acetals, Polyamides/thioamides",180.35,6.92
*C(=O)Nc1ccc(-c2ccc(NC(=O)c3ccc4c(c3)C(=O)N(c3ccc(Oc5cccc6c(N7C(=O)c8ccc(*)cc8C7=O)cccc56)cc3)C4=O)cc2)cc1,301.0,P433363,"Polyimides/thioimides, Polyoxides/ethers/acetals, Polyamides/thioamides",178.04,7.55
*C(=O)Nc1ccc(-c2ccc(NC(=O)c3ccc4c(c3)C(=O)N(c3ccc(Oc5cccc6c(N7C(=O)c8ccc(*)cc8C7=O)cccc56)cc3)C4=O)c(OC)c2)cc1OC,304.0,P433364,"Polyimides/thioimides, Polyoxides/ethers/acetals, Polyamides/thioamides",190.11,7.54
*C(=O)Nc1ccc(Oc2ccc(NC(=O)c3ccc4c(c3)C(=O)N(c3ccc(Oc5cccc6c(N7C(=O)c8ccc(*)cc8C7=O)cccc56)cc3)C4=O)cc2)cc1,278.0,P433365,"Polyimides/thioimides, Polyoxides/ethers/acetals, Polyamides/thioamides",170.91,8.02
*C(=O)Nc1cccc2c(NC(=O)c3ccc4c(c3)C(=O)N(c3ccc(Oc5cccc6c(N7C(=O)c8ccc(*)cc8C7=O)cccc56)cc3)C4=O)cccc12,299.0,P433366,"Polyimides/thioimides, Polyoxides/ethers/acetals, Polyamides/thioamides",182.87,7.81
*c1cc(C)c(/N=C/c2ccc(OCc3ccc(COc4ccc(/C=N/c5cc(C)c(-n6c(=O)c7ccc8c9ccc%10c(=O)n(*)c(=O)c%11ccc(c%12ccc(c6=O)c7c8%12)c9c%10%11)cc5C)cc4OC)cc3)c(OC)c2)cc1C,145.0,P433369,"Polyimides/thioimides, Polyoxides/ethers/acetals, Polyimines",228.43,8.24
*c1cc(C)c(/N=C/c2ccc(OCc3ccccc3COc3ccc(/C=N/c4cc(C)c(-n5c(=O)c6ccc7c8ccc9c(=O)n(*)c(=O)c%10ccc(c%11ccc(c5=O)c6c7%11)c8c9%10)cc4C)cc3OC)c(OC)c2)cc1C,143.0,P433370,"Polyimides/thioimides, Polyoxides/ethers/acetals, Polyimines",225.86,9.16
*c1cc(C)c(/N=C/c2ccc(OCc3ccc(COc4ccc(/C=N/c5cc(C)c(-n6c(=O)c7ccc8c9ccc%10c(=O)n(*)c(=O)c%11ccc(c%12ccc(c6=O)c7c8%12)c9c%10%11)cc5C)cc4)cc3)cc2)cc1C,130.0,P433371,"Polyimides/thioimides, Polyoxides/ethers/acetals, Polyimines",210.44,9.67
*c1cc(C)c(/N=C/c2ccc(OCc3ccccc3COc3ccc(/C=N/c4cc(C)c(-n5c(=O)c6ccc7c8ccc9c(=O)n(*)c(=O)c%10ccc(c%11ccc(c5=O)c6c7%11)c8c9%10)cc4C)cc3)cc2)cc1C,128.0,P433372,"Polyimides/thioimides, Polyoxides/ethers/acetals, Polyimines",239.31,9.17
*c1ccc(Sc2ccc(Sc3ccc(Sc4ccc(-n5c(=O)c6cc7c(=O)n(*)c(=O)c7cc6c5=O)cc4)cc3)cc2)cc1,234.05,P433373,"Polyimides/thioimides, Polysulfides",184.05,6.81
*c1ccc(Sc2ccc3c(c2)Sc2ccc(Sc4ccc(-n5c(=O)c6cc7c(=O)n(*)c(=O)c7cc6c5=O)cc4)cc2S3)cc1,254.75,P433374,"Polyimides/thioimides, Polysulfides",175.21,7.63
*C(=O)Nc1ccc(C2(c3ccc(NC(=O)c4ccc5c(c4)C(=O)N(c4cccc(N6C(=O)c7ccc(*)cc7C6=O)c4)C5=O)cc3)c3ccccc3-c3ccccc32)cc1,209.0,P433378,"Polyimides/thioimides, Polyamides/thioamides",197.49,6.92
*C(=O)Nc1ccc(C2(c3ccc(NC(=O)c4ccc5c(c4)C(=O)N(c4ccc(-c6ccc(N7C(=O)c8ccc(*)cc8C7=O)c(OC)c6)cc4OC)C5=O)cc3)c3ccccc3-c3ccccc32)cc1,181.0,P433379,"Polyimides/thioimides, Polyamides/thioamides",196.86,8.4
*C(=O)Nc1ccc(C2(c3ccc(NC(=O)c4ccc5c(c4)C(=O)N(c4ccc(Oc6ccc(N7C(=O)c8ccc(*)cc8C7=O)cc6)cc4)C5=O)cc3)c3ccccc3-c3ccccc32)cc1,240.0,P433380,"Polyimides/thioimides, Polyoxides/ethers/acetals, Polyamides/thioamides",198.57,7.66
*C(=O)Nc1ccc(C2(c3ccc(NC(=O)c4ccc5c(c4)C(=O)N(c4ccc(Oc6cccc(Oc7ccc(N8C(=O)c9ccc(*)cc9C8=O)cc7)c6)cc4)C5=O)cc3)c3ccccc3-c3ccccc32)cc1,278.0,P433381,"Polyimides/thioimides, Polyoxides/ethers/acetals, Polyamides/thioamides",227.38,8.27
*c1c(C)cc(C(c2cccnc2)c2cc(C)c(N3C(=O)CC(Nc4ccc(Cc5ccc(NC6CC(=O)N(*)C6=O)cc5)cc4)C3=O)c(C)c2)cc1C,219.0,P433386,"Polyimides/thioimides, Polyimines",129.66,5.96
*c1c(C)cc(C(c2cccnc2)c2cc(C)c(N3C(=O)CC(Nc4cccc(NC5CC(=O)N(*)C5=O)c4)C3=O)c(C)c2)cc1C,224.0,P433387,"Polyimides/thioimides, Polyimines",128.44,5.11
*c1c(C)cc(C(c2cccnc2)c2cc(C)c(N3C(=O)CC(Nc4ccc(NC5CC(=O)N(*)C5=O)cc4)C3=O)c(C)c2)cc1C,231.0,P433388,"Polyimides/thioimides, Polyimines",118.44,4.82
*c1ccc(Oc2c(C)cc(C(c3cccnc3)c3cc(C)c(Oc4ccc(N5C(=O)CC(Nc6ccc(Cc7ccc(NC8CC(=O)N(*)C8=O)cc7)cc6)C5=O)cc4)c(C)c3)cc2C)cc1,201.0,P433389,"Polyimides/thioimides, Polyoxides/ethers/acetals, Polyimines",154.87,7.38
*c1ccc(Oc2c(C)cc(C(c3cccnc3)c3cc(C)c(Oc4ccc(N5C(=O)CC(Nc6cccc(NC7CC(=O)N(*)C7=O)c6)C5=O)cc4)c(C)c3)cc2C)cc1,217.0,P433390,"Polyimides/thioimides, Polyoxides/ethers/acetals, Polyimines",167.72,5.87
*c1ccc(Oc2c(C)cc(C(c3cccnc3)c3cc(C)c(Oc4ccc(N5C(=O)CC(Nc6ccc(NC7CC(=O)N(*)C7=O)cc6)C5=O)cc4)c(C)c3)cc2C)cc1,229.0,P433391,"Polyimides/thioimides, Polyoxides/ethers/acetals, Polyimines",146.22,6.25
*c1ccc(C(=O)Oc2c(C)cc(C(c3cccnc3)c3cc(C)c(OC(=O)c4ccc(N5C(=O)CC(Nc6ccc(Cc7ccc(NC8CC(=O)N(*)C8=O)cc7)cc6)C5=O)cc4)c(C)c3)cc2C)cc1,186.0,P433392,"Polyimides/thioimides, Polyesters/thioesters, Polyimines",185.9,6.96
*c1ccc(C(=O)Oc2c(C)cc(C(c3cccnc3)c3cc(C)c(OC(=O)c4ccc(N5C(=O)CC(Nc6cccc(NC7CC(=O)N(*)C7=O)c6)C5=O)cc4)c(C)c3)cc2C)cc1,194.0,P433393,"Polyimides/thioimides, Polyesters/thioesters, Polyimines",142.83,6.63
*c1ccc(C(=O)Oc2c(C)cc(C(c3cccnc3)c3cc(C)c(OC(=O)c4ccc(N5C(=O)CC(Nc6ccc(NC7CC(=O)N(*)C7=O)cc6)C5=O)cc4)c(C)c3)cc2C)cc1,212.0,P433394,"Polyimides/thioimides, Polyesters/thioesters, Polyimines",153.31,6.6
*C(=O)Oc1ccc(OC(=O)c2ccc3c(c2)C(=O)N(C2CCC(N4C(=O)c5ccc(*)cc5C4=O)CC2)C3=O)cc1,360.0,P433406,"Polyimides/thioimides, Polyesters/thioesters",125.86,5.35
*c1ccc(C(=O)Nc2ccc(N3C(=O)c4ccc(-c5ccc6c(c5)C(=O)N(*)C6=O)cc4C3=O)cc2)cc1,335.0,P433412,"Polyimides/thioimides, Polyamides/thioamides",138.2,5.87
*c1ccc(Oc2ccc(C(C)(C)c3ccc(Oc4ccc(N5C(=O)c6ccc(Oc7ccc8c(c7)C(=O)N(*)C8=O)cc6C5=O)cc4)cc3)cc2)cc1,227.5,P433415,"Polyimides/thioimides, Polyoxides/ethers/acetals",151.4,7.06
*c1ccc(N(c2ccc(C#N)cc2)c2ccc(N3C(=O)c4ccc(Oc5ccc(C6(c7ccc(Oc8ccc9c(c8)C(=O)N(*)C9=O)cc7)CCCCC6)cc5)cc4C3=O)cc2)cc1,243.0,P433416,"Polyimides/thioimides, Polyoxides/ethers/acetals, Polyimines",184.0,8.02
*c1ccc(N(c2ccc(C#N)cc2)c2ccc(N3C(=O)c4ccc(Oc5ccc(C6(c7ccc(Oc8ccc9c(c8)C(=O)N(*)C9=O)cc7)c7ccccc7-c7ccccc76)cc5)cc4C3=O)cc2)cc1,279.0,P433417,"Polyimides/thioimides, Polyoxides/ethers/acetals, Polyimines",223.48,9.92
*c1ccc(N(c2ccc(C#N)cc2)c2ccc(N3C(=O)c4ccc(Oc5ccc(C(C)(C)c6ccc(Oc7ccc8c(c7)C(=O)N(*)C8=O)cc6)cc5)cc4C3=O)cc2)cc1,230.0,P433418,"Polyimides/thioimides, Polyoxides/ethers/acetals, Polyimines",167.98,6.98
*c1ccc(N(c2ccc(C#N)cc2)c2ccc(N3C(=O)c4ccc(Oc5ccc(C(c6ccc(Oc7ccc8c(c7)C(=O)N(*)C8=O)cc6)(C(F)(F)F)C(F)(F)F)cc5)cc4C3=O)cc2)cc1,234.0,P433419,"Polyimides/thioimides, Polyoxides/ethers/acetals, Polyimines",176.02,7.85
*c1ccc(N(c2ccc(C#N)cc2)c2ccc(N3C(=O)c4ccc(Oc5ccc(C(C)(C)c6ccc(C(C)(C)c7ccc(Oc8ccc9c(c8)C(=O)N(*)C9=O)cc7)cc6)cc5)cc4C3=O)cc2)cc1,224.0,P433420,"Polyimides/thioimides, Polyoxides/ethers/acetals, Polyimines",199.29,7.82
*c1ccc(O)c(N2C(=O)c3ccc(Oc4ccc(C(C)(C)c5ccc(Oc6ccc7c(c6)C(=O)N(*)C7=O)cc5)cc4)cc3C2=O)c1,246.0,P433422,"Polyimides/thioimides, Polyoxides/ethers/acetals",150.15,5.86
*C(=O)Oc1ccc(C(C)(C)c2ccc(OC(=O)c3ccc4c(c3)C(=O)N(c3ccc(O)c(N5C(=O)c6ccc(*)cc6C5=O)c3)C4=O)cc2)cc1,225.0,P433425,"Polyimides/thioimides, Polyesters/thioesters",152.56,5.62
*C(CC)COC(=O)NCCCCCCNC(=O)OCC(CC)n1c(=O)c2cc3c(=O)n(*)c(=O)c3cc2c1=O,61.0,P433434,"Polyimides/thioimides, Polyurethanes/thiourethanes",83.16,2.9
*c1cccc(Oc2cccc(Oc3cccc(N4C(=O)c5ccc(Oc6ccc7c(c6)C(=O)N(*)C7=O)cc5C4=O)c3)c2C#N)c1,219.0,P433438,"Polyimides/thioimides, Polyoxides/ethers/acetals",155.52,6.02
*c1ccc(N2C(=O)c3ccc(-c4ccc5c(c4)C(=O)N(c4ccc6[nH]c(*)nc6c4)C5=O)cc3C2=O)cc1,397.5,P433441,"Polyimides/thioimides, Polyimines",148.8,6.34
*c1ccc(N2C(=O)c3ccc(C(=O)c4ccc5c(c4)C(=O)N(c4ccc6[nH]c(*)nc6c4)C5=O)cc3C2=O)cc1,412.0,P433442,"Polyimides/thioimides, Polyimines, Polyketones/thioketones",155.29,6.98
*c1ccc(N2C(=O)c3ccc(Oc4ccc(C(C)(C)c5ccc(Oc6ccc7c(c6)C(=O)N(c6ccc8[nH]c(*)nc8c6)C7=O)cc5)cc4)cc3C2=O)cc1,324.0,P433443,"Polyimides/thioimides, Polyoxides/ethers/acetals, Polyimines",185.38,8.18
*c1cccc(P(C)(=O)c2cccc(N3C(=O)c4ccc(NC(=O)OCCOc5ccc(C(C)(C)c6ccc(OCCOC(=O)Nc7ccc8c(c7)C(=O)N(*)C8=O)cc6)cc5)cc4C3=O)c2)c1,211.0,P433447,"Polyimides/thioimides, Polyoxides/ethers/acetals, Polyurethanes/thiourethanes",145.84,6.09
*c1cccc(P(C)(=O)c2cccc(N3C(=O)c4ccc(NC(=O)OCCOc5ccc(C(c6ccc(OCCOC(=O)Nc7ccc8c(c7)C(=O)N(*)C8=O)cc6)(C(F)(F)F)C(F)(F)F)cc5)cc4C3=O)c2)c1,204.0,P433448,"Polyimides/thioimides, Polyoxides/ethers/acetals, Polyurethanes/thiourethanes",165.3,5.83
*c1cccc(P(C)(=O)c2cccc(N3C(=O)c4ccc(NC(=O)OCCOc5c(Br)cc(C(C)(C)c6cc(Br)c(OCCOC(=O)Nc7ccc8c(c7)C(=O)N(*)C8=O)c(Br)c6)cc5Br)cc4C3=O)c2)c1,191.0,P433449,"Polyimides/thioimides, Polyoxides/ethers/acetals, Polyurethanes/thiourethanes",158.44,5.57
*c1cccc(P(C)(=O)c2cccc(N3C(=O)c4ccc(NC(=O)OCCOc5ccc(P(=O)(c6ccccc6)c6ccc(OCCOC(=O)Nc7ccc8c(c7)C(=O)N(*)C8=O)cc6)cc5)cc4C3=O)c2)c1,201.0,P433450,"Polyimides/thioimides, Polyoxides/ethers/acetals, Polyurethanes/thiourethanes",189.48,6.6
*c1cccc(P(=O)(c2ccccc2)c2cccc(N3C(=O)c4ccc(NC(=O)OCCOc5ccc(C(C)(C)c6ccc(OCCOC(=O)Nc7ccc8c(c7)C(=O)N(*)C8=O)cc6)cc5)cc4C3=O)c2)c1,220.0,P433451,"Polyimides/thioimides, Polyoxides/ethers/acetals, Polyurethanes/thiourethanes",173.94,6.51
*c1cccc(P(=O)(c2ccccc2)c2cccc(N3C(=O)c4ccc(NC(=O)OCCOc5ccc(C(c6ccc(OCCOC(=O)Nc7ccc8c(c7)C(=O)N(*)C8=O)cc6)(C(F)(F)F)C(F)(F)F)cc5)cc4C3=O)c2)c1,214.0,P433452,"Polyimides/thioimides, Polyoxides/ethers/acetals, Polyurethanes/thiourethanes",178.39,6.52
*c1cccc(P(=O)(c2ccccc2)c2cccc(N3C(=O)c4ccc(NC(=O)OCCOc5c(Br)cc(C(C)(C)c6cc(Br)c(OCCOC(=O)Nc7ccc8c(c7)C(=O)N(*)C8=O)c(Br)c6)cc5Br)cc4C3=O)c2)c1,201.0,P433453,"Polyimides/thioimides, Polyoxides/ethers/acetals, Polyurethanes/thiourethanes",184.73,6.57
*c1cccc(P(=O)(c2ccccc2)c2cccc(N3C(=O)c4ccc(NC(=O)OCCOc5ccc(P(=O)(c6ccccc6)c6ccc(OCCOC(=O)Nc7ccc8c(c7)C(=O)N(*)C8=O)cc6)cc5)cc4C3=O)c2)c1,218.0,P433454,"Polyimides/thioimides, Polyoxides/ethers/acetals, Polyurethanes/thiourethanes",202.04,6.91
*C1CCC(N2C(=O)c3ccc(S(=O)(=O)c4ccc5c(c4)C(=O)N(*)C5=O)cc3C2=O)CC1,363.0,P433461,"Polyimides/thioimides, Polysulfones/sulfoxides/sufonates/sulfoamides",117.57,3.93
*c1ccc(-c2ccc(Oc3ccc(C4(C)CC(C)(C)c5ccc(Oc6ccc(-c7ccc(-n8c(=O)c9cc%10c(=O)n(*)c(=O)c%10cc9c8=O)cc7)cc6C(F)(F)F)cc54)cc3)c(C(F)(F)F)c2)cc1,265.0,P433463,"Polyimides/thioimides, Polyoxides/ethers/acetals",226.02,8.83
*C(=O)c1ccc2c(c1)C(=O)N(c1ccc(-c3ccc(Oc4ccc(C5(C)CC(C)(C)c6ccc(Oc7ccc(-c8ccc(N9C(=O)c%10ccc(*)cc%10C9=O)cc8)cc7C(F)(F)F)cc65)cc4)c(C(F)(F)F)c3)cc1)C2=O,252.0,P433464,"Polyimides/thioimides, Polyoxides/ethers/acetals, Polyketones/thioketones",187.18,8.8
*c1ccc2c(c1)C(=O)N(c1ccc(-c3ccc(Oc4ccc5c(c4)C(C)(c4ccc(Oc6ccc(-c7ccc(N8C(=O)c9ccc(C(*)(C(F)(F)F)C(F)(F)F)cc9C8=O)cc7)cc6C(F)(F)F)cc4)CC5(C)C)c(C(F)(F)F)c3)cc1)C2=O,262.0,P433465,"Polyimides/thioimides, Polyoxides/ethers/acetals",222.81,8.09
*c1ccc(-c2ccc(Oc3ccc(C4(C)CC(C)(C)c5ccc(Oc6ccc(-c7ccc(N8C(=O)c9ccc(Oc%10ccc%11c(c%10)C(=O)N(*)C%11=O)cc9C8=O)cc7)cc6C(F)(F)F)cc54)cc3)c(C(F)(F)F)c2)cc1,249.0,P433466,"Polyimides/thioimides, Polyoxides/ethers/acetals",222.92,8.37
*c1ccc(-c2ccc(Oc3ccc(C4(C)CC(C)(C)c5ccc(Oc6ccc(-c7ccc(N8C(=O)c9ccc(Oc%10ccc(C(C)(C)c%11ccc(Oc%12ccc%13c(c%12)C(=O)N(*)C%13=O)cc%11)cc%10)cc9C8=O)cc7)cc6C(F)(F)F)cc54)cc3)c(C(F)(F)F)c2)cc1,241.0,P433467,"Polyimides/thioimides, Polyoxides/ethers/acetals",251.04,10.26
*c1cc(OCCCC)cc(N2C(=O)c3ccc(Oc4ccc5c(c4)C(=O)N(*)C5=O)cc3C2=O)c1,237.0,P433468,"Polyimides/thioimides, Polyoxides/ethers/acetals",114.12,4.49
*c1cc(OCCCCCCCC)cc(N2C(=O)c3ccc(Oc4ccc5c(c4)C(=O)N(*)C5=O)cc3C2=O)c1,185.0,P433469,"Polyimides/thioimides, Polyoxides/ethers/acetals",98.47,3.5
*c1cc(OCCCCCCCCCCCC)cc(N2C(=O)c3ccc(Oc4ccc5c(c4)C(=O)N(*)C5=O)cc3C2=O)c1,162.0,P433470,"Polyimides/thioimides, Polyoxides/ethers/acetals",92.99,3.46
*c1cc(OCCCCCCCCCCCCCCCC)cc(N2C(=O)c3ccc(Oc4ccc5c(c4)C(=O)N(*)C5=O)cc3C2=O)c1,159.0,P433471,"Polyimides/thioimides, Polyoxides/ethers/acetals",89.92,2.97
*c1ccc2c(c1)C(=O)N(c1cc(OCCCC)cc(N3C(=O)c4ccc(C(*)(C(F)(F)F)C(F)(F)F)cc4C3=O)c1)C2=O,246.0,P433472,Polyimides/thioimides,123.1,4.67
*c1ccc2c(c1)C(=O)N(c1cc(OCCCCCCCC)cc(N3C(=O)c4ccc(C(*)(C(F)(F)F)C(F)(F)F)cc4C3=O)c1)C2=O,195.0,P433473,Polyimides/thioimides,96.69,3.61
*c1ccc2c(c1)C(=O)N(c1cc(OCCCCCCCCCCCC)cc(N3C(=O)c4ccc(C(*)(C(F)(F)F)C(F)(F)F)cc4C3=O)c1)C2=O,165.0,P433474,Polyimides/thioimides,106.16,3.75
*c1ccc2c(c1)C(=O)N(c1cc(OCCCCCCCCCCCCCCCC)cc(N3C(=O)c4ccc(C(*)(C(F)(F)F)C(F)(F)F)cc4C3=O)c1)C2=O,161.0,P433475,Polyimides/thioimides,97.26,3.51
*C(=O)c1ccc2c(c1)C(=O)N(c1cc(OCCCC)cc(N3C(=O)c4ccc(*)cc4C3=O)c1)C2=O,244.0,P433476,"Polyimides/thioimides, Polyketones/thioketones",109.81,3.93
*C(=O)c1ccc2c(c1)C(=O)N(c1cc(OCCCCCCCC)cc(N3C(=O)c4ccc(*)cc4C3=O)c1)C2=O,195.0,P433477,"Polyimides/thioimides, Polyketones/thioketones",100.04,3.74
*C(=O)c1ccc2c(c1)C(=O)N(c1cc(OCCCCCCCCCCCC)cc(N3C(=O)c4ccc(*)cc4C3=O)c1)C2=O,182.0,P433478,"Polyimides/thioimides, Polyketones/thioketones",89.93,3.24
*C(=O)c1ccc2c(c1)C(=O)N(c1cc(OCCCCCCCCCCCCCCCC)cc(N3C(=O)c4ccc(*)cc4C3=O)c1)C2=O,179.0,P433479,"Polyimides/thioimides, Polyketones/thioketones",80.1,3.23
*c1cccc(Oc2ccc(C#N)c(Oc3cccc(N4C(=O)c5ccc(Oc6ccc7c(c6)C(=O)N(*)C7=O)cc5C4=O)c3)c2)c1,196.0,P433480,"Polyimides/thioimides, Polyoxides/ethers/acetals",140.92,6.09
*c1cccc(Oc2cccc(Oc3cccc(Oc4cccc(Oc5cccc(N6C(=O)c7ccc(Oc8ccc9c(c8)C(=O)N(*)C9=O)cc7C6=O)c5)c4C#N)c3)c2C#N)c1,176.0,P433481,"Polyimides/thioimides, Polyoxides/ethers/acetals",164.01,6.58
*c1ccc(NC2CC(=O)N(c3ccc(-c4sc(-c5ccc(N6C(=O)CC(Nc7ccc(-c8nc(-c9ccc(-c%10nc(-c%11ccc([N+](=O)[O-])cc%11)c(-c%11ccc([N+](=O)[O-])cc%11)[nH]%10)cc9)[nH]c8*)cc7)C6=O)cc5)c(-c5ccccc5)c4-c4ccccc4)cc3)C2=O)cc1,152.0,P433482,"Polyimides/thioimides, Polysulfides, Polyimines",236.34,11.27
*c1ccc(-c2cc(C(C)(C)C)c(Oc3ccc(-n4c(=O)c5cc6c(=O)n(*)c(=O)c6cc5c4=O)cc3)c(C(C)(C)C)c2)cc1,398.5,P433483,"Polyimides/thioimides, Polyoxides/ethers/acetals",190.18,7.56
*C(=O)c1ccc2c(c1)C(=O)N(c1ccc(-c3cc(C(C)(C)C)c(Oc4ccc(N5C(=O)c6ccc(*)cc6C5=O)cc4)c(C(C)(C)C)c3)cc1)C2=O,347.5,P433484,"Polyimides/thioimides, Polyoxides/ethers/acetals, Polyketones/thioketones",160.39,6.8
*c1ccc(-c2cc(C(C)(C)C)c(Oc3ccc(N4C(=O)c5ccc(Oc6ccc7c(c6)C(=O)N(*)C7=O)cc5C4=O)cc3)c(C(C)(C)C)c2)cc1,342.0,P433485,"Polyimides/thioimides, Polyoxides/ethers/acetals",152.91,6.76
*c1ccc2c(c1)C(=O)N(c1ccc(Oc3c(C(C)(C)C)cc(-c4ccc(N5C(=O)c6ccc(C(*)(C(F)(F)F)C(F)(F)F)cc6C5=O)cc4)cc3C(C)(C)C)cc1)C2=O,355.0,P433486,"Polyimides/thioimides, Polyoxides/ethers/acetals",151.72,5.97
*c1ccc(-c2cc(C(C)(C)C)c(Oc3ccc(N4C(=O)c5ccc(-c6ccc7c(c6)C(=O)N(*)C7=O)cc5C4=O)cc3)c(C(C)(C)C)c2)cc1,381.5,P433487,"Polyimides/thioimides, Polyoxides/ethers/acetals",163.0,6.35
*c1ccc(-c2cc(C(C)(C)C)c(Oc3ccc(N4C(=O)c5ccc(S(=O)(=O)c6ccc7c(c6)C(=O)N(*)C7=O)cc5C4=O)cc3)c(C(C)(C)C)c2)cc1,354.5,P433488,"Polyimides/thioimides, Polyoxides/ethers/acetals, Polysulfones/sulfoxides/sufonates/sulfoamides",151.48,6.89
*c1ccc(-c2cc(C(C)(C)C)c(Oc3ccc(-n4c(=O)c5cc6c(=O)n(*)c(=O)c6cc5c4=O)cc3C(F)(F)F)c(C(C)(C)C)c2)cc1,420.0,P433489,"Polyimides/thioimides, Polyoxides/ethers/acetals",181.51,8.11
*C(=O)c1ccc2c(c1)C(=O)N(c1ccc(-c3cc(C(C)(C)C)c(Oc4ccc(N5C(=O)c6ccc(*)cc6C5=O)cc4C(F)(F)F)c(C(C)(C)C)c3)cc1)C2=O,362.0,P433490,"Polyimides/thioimides, Polyoxides/ethers/acetals, Polyketones/thioketones",179.82,6.06
*c1ccc(-c2cc(C(C)(C)C)c(Oc3ccc(N4C(=O)c5ccc(Oc6ccc7c(c6)C(=O)N(*)C7=O)cc5C4=O)cc3C(F)(F)F)c(C(C)(C)C)c2)cc1,353.0,P433491,"Polyimides/thioimides, Polyoxides/ethers/acetals",165.43,6.94
*c1ccc2c(c1)C(=O)N(c1ccc(Oc3c(C(C)(C)C)cc(-c4ccc(N5C(=O)c6ccc(C(*)(C(F)(F)F)C(F)(F)F)cc6C5=O)cc4)cc3C(C)(C)C)c(C(F)(F)F)c1)C2=O,362.5,P433492,"Polyimides/thioimides, Polyoxides/ethers/acetals",183.21,6.92
*c1ccc(-c2cc(C(C)(C)C)c(Oc3ccc(N4C(=O)c5ccc(-c6ccc7c(c6)C(=O)N(*)C7=O)cc5C4=O)cc3C(F)(F)F)c(C(C)(C)C)c2)cc1,389.0,P433493,"Polyimides/thioimides, Polyoxides/ethers/acetals",175.88,6.9
*c1ccc(-c2cc(C(C)(C)C)c(Oc3ccc(N4C(=O)c5ccc(S(=O)(=O)c6ccc7c(c6)C(=O)N(*)C7=O)cc5C4=O)cc3C(F)(F)F)c(C(C)(C)C)c2)cc1,365.5,P433494,"Polyimides/thioimides, Polyoxides/ethers/acetals, Polysulfones/sulfoxides/sufonates/sulfoamides",152.91,6.26
*c1ccc(-c2cc(C(C)(C)C)c(Oc3ccc(-n4c(=O)c5ccc6c(=O)n(*)c(=O)c7ccc(c4=O)c5c67)cc3C(F)(F)F)c(C(C)(C)C)c2)cc1,456.0,P433495,"Polyimides/thioimides, Polyoxides/ethers/acetals",159.93,7.66
*c1cc(C(=O)Oc2ccc(-c3ccc(O[Si](C)(C)C(C)(C)C)cc3)cc2)cc(N2C(=O)c3ccc(-c4ccc5c(c4)C(=O)N(*)C5=O)cc3C2=O)c1,230.0,P433496,Polyimides/thioimides,157.16,5.5
*c1ccc(Sc2ccc(Sc3ccc(N4C(=O)c5ccc(Sc6ccc(Sc7ccc(Sc8ccc9c(c8)C(=O)N(*)C9=O)cc7)cc6)cc5C4=O)cc3)cc2)cc1,190.75,P433500,"Polyimides/thioimides, Polysulfides",161.09,6.73
*c1ccc(Sc2ccc(Sc3ccc(Sc4ccc(N5C(=O)c6ccc(Sc7ccc(Sc8ccc(Sc9ccc%10c(c9)C(=O)N(*)C%10=O)cc8)cc7)cc6C5=O)cc4)cc3)cc2)cc1,176.45,P433501,"Polyimides/thioimides, Polysulfides",178.77,7.19
*c1ccc(Sc2ccc(Sc3ccc(Sc4ccc(N5C(=O)c6ccc(Oc7ccc8c(c7)C(=O)N(*)C8=O)cc6C5=O)cc4)cc3)cc2)cc1,202.65,P433502,"Polyimides/thioimides, Polyoxides/ethers/acetals, Polysulfides",169.21,6.98
*c1ccc(Sc2ccc(Sc3ccc(Sc4ccc(N5C(=O)c6ccc(-c7cccc8c7C(=O)N(*)C8=O)cc6C5=O)cc4)cc3)cc2)cc1,226.7,P433503,"Polyimides/thioimides, Polysulfides",156.51,6.37
*c1ccc(Sc2ccc(Sc3ccc(Sc4ccc(N5C(=O)c6ccc(-c7ccc8c(c7)C(=O)N(*)C8=O)cc6C5=O)cc4)cc3)cc2)cc1,227.1,P433504,"Polyimides/thioimides, Polysulfides",169.39,6.65
*Sc1ccc(Sc2ccc(Sc3cccc4c3C(=O)N(N3C(=O)c5cccc(*)c5C3=O)C4=O)cc2)cc1,266.0,P433505,"Polyimides/thioimides, Polysulfides",138.61,5.23
*Sc1ccc(Sc2ccc(Sc3ccc4c(c3)C(=O)N(N3C(=O)c5cccc(*)c5C3=O)C4=O)cc2)cc1,242.0,P433506,"Polyimides/thioimides, Polysulfides",131.88,4.74
*Sc1ccc(Sc2ccc(Sc3ccc4c(c3)C(=O)N(N3C(=O)c5ccc(*)cc5C3=O)C4=O)cc2)cc1,223.5,P433507,"Polyimides/thioimides, Polysulfides",124.36,5.18
*c1ccc(Oc2ccc(N3C(=O)c4ccc(-c5ccc6c(c5)C(=O)N(*)C6=O)cc4C3=O)cc2Br)c(Br)c1,275.0,P433532,"Polyimides/thioimides, Polyoxides/ethers/acetals",132.9,5.39
*C(=O)c1ccc2c(c1)C(=O)N(c1ccc(Oc3ccc(N4C(=O)c5ccc(*)cc5C4=O)cc3Br)c(Br)c1)C2=O,296.0,P433533,"Polyimides/thioimides, Polyoxides/ethers/acetals, Polyketones/thioketones",135.28,4.95
*c1ccc(Oc2ccc(N3C(=O)c4ccc(Oc5ccc6c(c5)C(=O)N(*)C6=O)cc4C3=O)cc2Br)c(Br)c1,251.0,P433534,"Polyimides/thioimides, Polyoxides/ethers/acetals",125.69,5.53
*c1ccc(Oc2ccc(N3C(=O)c4ccc(S(=O)(=O)c5ccc6c(c5)C(=O)N(*)C6=O)cc4C3=O)cc2Br)c(Br)c1,281.0,P433535,"Polyimides/thioimides, Polyoxides/ethers/acetals, Polysulfones/sulfoxides/sufonates/sulfoamides",151.69,5.44
*c1ccc2c(c1)C(=O)N(c1ccc(Oc3ccc(N4C(=O)c5ccc(C(*)(C(F)(F)F)C(F)(F)F)cc5C4=O)cc3Br)c(Br)c1)C2=O,299.0,P433536,"Polyimides/thioimides, Polyoxides/ethers/acetals",157.58,5.7
*c1cc(Br)c(Oc2c(Br)cc(N3C(=O)c4ccc(-c5ccc6c(c5)C(=O)N(*)C6=O)cc4C3=O)cc2Br)c(Br)c1,287.0,P433538,"Polyimides/thioimides, Polyoxides/ethers/acetals",141.83,5.85
*C(=O)c1ccc2c(c1)C(=O)N(c1cc(Br)c(Oc3c(Br)cc(N4C(=O)c5ccc(*)cc5C4=O)cc3Br)c(Br)c1)C2=O,323.0,P433539,"Polyimides/thioimides, Polyoxides/ethers/acetals, Polyketones/thioketones",150.18,5.84
*c1cc(Br)c(Oc2c(Br)cc(N3C(=O)c4ccc(Oc5ccc6c(c5)C(=O)N(*)C6=O)cc4C3=O)cc2Br)c(Br)c1,283.0,P433540,"Polyimides/thioimides, Polyoxides/ethers/acetals",145.22,4.96
*c1cc(Br)c(Oc2c(Br)cc(N3C(=O)c4ccc(S(=O)(=O)c5ccc6c(c5)C(=O)N(*)C6=O)cc4C3=O)cc2Br)c(Br)c1,328.0,P433541,"Polyimides/thioimides, Polyoxides/ethers/acetals, Polysulfones/sulfoxides/sufonates/sulfoamides",157.02,5.66
*c1ccc2c(c1)C(=O)N(c1cc(Br)c(Oc3c(Br)cc(N4C(=O)c5ccc(C(*)(C(F)(F)F)C(F)(F)F)cc5C4=O)cc3Br)c(Br)c1)C2=O,303.0,P433542,"Polyimides/thioimides, Polyoxides/ethers/acetals",144.47,5.07
*c1ccc2c(c1)C(=O)N(c1cc(C(c3ccc(OC(=O)C45CC6CC(CC(C6)C4)C5)c(N4C(=O)c5ccc(C(*)(C(F)(F)F)C(F)(F)F)cc5C4=O)c3)(C(F)(F)F)C(F)(F)F)ccc1OC(=O)C13CC4CC(CC(C4)C1)C3)C2=O,305.0,P433543,Polyimides/thioimides,148.25,5.76
*c1ccc(Oc2cccc(-c3cc(-c4ccccc4)cc(-c4cccc(Oc5ccc(-n6c(=O)c7cc8c(=O)n(*)c(=O)c8cc7c6=O)cc5)c4)n3)c2)cc1,264.0,P433544,"Polyimides/thioimides, Polyoxides/ethers/acetals, Polyimines",193.67,8.96
*c1ccc(Oc2cccc(-c3cc(-c4ccccc4)cc(-c4cccc(Oc5ccc(N6C(=O)c7ccc(Oc8ccc9c(c8)C(=O)N(*)C9=O)cc7C6=O)cc5)c4)n3)c2)cc1,224.0,P433545,"Polyimides/thioimides, Polyoxides/ethers/acetals, Polyimines",191.47,8.3
*C(=O)c1ccc2c(c1)C(=O)N(c1ccc(Oc3cccc(-c4cc(-c5ccccc5)cc(-c5cccc(Oc6ccc(N7C(=O)c8ccc(*)cc8C7=O)cc6)c5)n4)c3)cc1)C2=O,260.0,P433546,"Polyimides/thioimides, Polyoxides/ethers/acetals, Polyimines, Polyketones/thioketones",193.36,8.23
*c1ccc2c(c1)C(=O)N(c1ccc(Oc3cccc(-c4cc(-c5ccccc5)cc(-c5cccc(Oc6ccc(N7C(=O)c8ccc(C(*)(C(F)(F)F)C(F)(F)F)cc8C7=O)cc6)c5)n4)c3)cc1)C2=O,180.0,P433547,"Polyimides/thioimides, Polyoxides/ethers/acetals, Polyimines",177.21,8.18
*C(CC(C)C)C(=O)Nc1ccc(Oc2ccc(NC(=O)Nc3ccc(Cc4ccc(NC(=O)Nc5ccc(Oc6ccc(NC(=O)C(CC(C)C)n7c(=O)c8cc9c(=O)n(*)c(=O)c9cc8c7=O)cc6)cc5)cc4)cc3)cc2)cc1,181.4,P433548,"Polyimides/thioimides, Polyoxides/ethers/acetals, Polyamides/thioamides, Polyureas/thioureas",191.04,7.76
*C(CC(C)C)C(=O)Nc1ccc(Oc2ccc(NC(=O)NCC3(C)CC(NC(=O)Nc4ccc(Oc5ccc(NC(=O)C(CC(C)C)n6c(=O)c7cc8c(=O)n(*)c(=O)c8cc7c6=O)cc5)cc4)CC(C)(C)C3)cc2)cc1,147.5,P433551,"Polyimides/thioimides, Polyoxides/ethers/acetals, Polyamides/thioamides, Polyureas/thioureas",150.83,6.44
*C(=O)OCCN(CCOC(=O)c1ccc2c(c1)C(=O)N(c1c(C)cc(Cc3cc(C)c(N4C(=O)c5ccc(*)cc5C4=O)c(C)c3)cc1C)C2=O)c1ccccc1,177.0,P433563,"Polyimides/thioimides, Polyesters/thioesters, Polyimines",144.92,5.24
*C(=O)OCCN(CCOC(=O)c1ccc2c(c1)C(=O)N(c1c(C)cc(Cc3cc(C)c(N4C(=O)c5ccc(*)cc5C4=O)c(C)c3)cc1C)C2=O)c1ccc(/N=N/c2ccc([N+](=O)[O-])cc2)cc1,179.0,P433564,"Polyimides/thioimides, Polyesters/thioesters, Polyimines",164.99,6.18
*C(=O)OCCN(CCOC(=O)c1ccc2c(c1)C(=O)N(c1c(C)cc(Cc3cc(C)c(N4C(=O)c5ccc(*)cc5C4=O)c(C)c3)cc1C)C2=O)c1ccc(/N=N/c2ccc([N+](=O)[O-])cc2[N+](=O)[O-])cc1,176.0,P433565,"Polyimides/thioimides, Polyesters/thioesters, Polyimines",143.76,6.45
*C(=O)OCCN(CCOC(=O)c1ccc2c(c1)C(=O)N(c1c(C)cc(Cc3cc(C)c(N4C(=O)c5ccc(*)cc5C4=O)c(C)c3)cc1C)C2=O)c1ccc(/N=N/c2ccc([N+](=O)[O-])cc2C#N)cc1,216.0,P433566,"Polyimides/thioimides, Polyesters/thioesters, Polyimines",145.14,6.36
*c1cccc(C(=O)c2ccc(Oc3ccc(N4C(=O)c5ccc(Oc6ccc7c(c6)C(=O)N(*)C7=O)cc5C4=O)cc3C(F)(F)F)cc2)c1,224.0,P433575,"Polyimides/thioimides, Polyoxides/ethers/acetals, Polyketones/thioketones",151.09,5.59
*C(=O)c1ccc2c(c1)C(=O)N(c1cccc(C(=O)c3ccc(Oc4ccc(N5C(=O)c6ccc(*)cc6C5=O)cc4C(F)(F)F)cc3)c1)C2=O,242.0,P433576,"Polyimides/thioimides, Polyoxides/ethers/acetals, Polyketones/thioketones",133.94,6.13
*c1ccc2c(c1)C(=O)N(c1ccc(Oc3ccc(C(=O)c4cccc(N5C(=O)c6ccc(C(*)(C(F)(F)F)C(F)(F)F)cc6C5=O)c4)cc3)c(C(F)(F)F)c1)C2=O,222.0,P433577,"Polyimides/thioimides, Polyoxides/ethers/acetals, Polyketones/thioketones",163.4,5.67
*c1cccc(C(=O)c2ccc(Oc3ccc(N4C(=O)c5ccc(Oc6ccc7c(c6)C(=O)N(*)C7=O)cc5C4=O)cc3)cc2)c1,232.0,P433578,"Polyimides/thioimides, Polyoxides/ethers/acetals, Polyketones/thioketones",138.7,5.67
*C(=O)c1ccc2c(c1)C(=O)N(c1cccc(C(=O)c3ccc(Oc4ccc(N5C(=O)c6ccc(*)cc6C5=O)cc4)cc3)c1)C2=O,251.0,P433579,"Polyimides/thioimides, Polyoxides/ethers/acetals, Polyketones/thioketones",159.26,5.54
*c1ccc2c(c1)C(=O)N(c1ccc(Oc3ccc(C(=O)c4cccc(N5C(=O)c6ccc(C(*)(C(F)(F)F)C(F)(F)F)cc6C5=O)c4)cc3)cc1)C2=O,242.0,P433580,"Polyimides/thioimides, Polyoxides/ethers/acetals, Polyketones/thioketones",147.67,6.0
*c1cc(/C=N/C(=S)Nc2ccc(-n3c(=O)c4cc5c(=O)n(*)c(=O)c5cc4c3=O)cc2)ccc1Cl,276.0,P433581,"Polyimides/thioimides, Polyamides/thioamides, Polyimines",136.97,6.63
*C(=O)c1ccc2c(c1)C(=O)N(c1cc(/C=N/C(=S)Nc3ccc(N4C(=O)c5ccc(*)cc5C4=O)cc3)ccc1Cl)C2=O,274.0,P433582,"Polyimides/thioimides, Polyamides/thioamides, Polyimines, Polyketones/thioketones",144.84,5.26
*c1ccc2c(c1)C(=O)N(c1ccc(NC(=S)/N=C/c3ccc(Cl)c(N4C(=O)c5ccc(C(*)(C(F)(F)F)C(F)(F)F)cc5C4=O)c3)cc1)C2=O,272.0,P433583,"Polyimides/thioimides, Polyamides/thioamides, Polyimines",131.71,4.9
*c1ccc(Oc2ccc(N3C(=O)c4ccc([Si](C)(C)O[Si](C)(C)c5ccc6c(c5)C(=O)N(c5ccc(Oc7ccc(-c8nnc(*)o8)cc7)cc5)C6=O)cc4C3=O)cc2)cc1,190.5,P433584,"Polyimides/thioimides, Polyoxides/ethers/acetals, Polyimines, Polysiloxanes/silanes",187.79,7.6
*c1ccc(Oc2cccc(N3C(=O)c4ccc([Si](C)(C)O[Si](C)(C)c5ccc6c(c5)C(=O)N(c5cccc(Oc7ccc(-c8nnc(*)o8)cc7)c5)C6=O)cc4C3=O)c2)cc1,165.0,P433585,"Polyimides/thioimides, Polyoxides/ethers/acetals, Polyimines, Polysiloxanes/silanes",168.75,6.81
*c1cccc(N2C(=O)c3ccc(-c4cccc5c4C(=O)N(*)C5=O)cc3C2=O)c1,341.0,P433586,Polyimides/thioimides,129.21,5.05
*c1ccc(-c2ccc(N3C(=O)c4ccc(-c5cccc6c5C(=O)N(*)C6=O)cc4C3=O)c(C)c2)cc1C,384.0,P433587,Polyimides/thioimides,132.04,6.13
*c1ccc(-c2ccc(N3C(=O)c4ccc(-c5cccc6c5C(=O)N(*)C6=O)cc4C3=O)cc2C)c(C)c1,372.0,P433588,Polyimides/thioimides,133.74,5.34
*c1ccc(-c2ccc(N3C(=O)c4ccc(-c5cccc6c5C(=O)N(*)C6=O)cc4C3=O)cc2C(F)(F)F)c(C(F)(F)F)c1,346.0,P433589,Polyimides/thioimides,150.25,6.16
*c1ccc(Oc2cccc(N3C(=O)c4ccc(-c5cccc6c5C(=O)N(*)C6=O)cc4C3=O)c2)cc1,286.0,P433590,"Polyimides/thioimides, Polyoxides/ethers/acetals",137.72,5.31
*c1ccc(Oc2ccc(Oc3ccc(N4C(=O)c5ccc(-c6cccc7c6C(=O)N(*)C7=O)cc5C4=O)cc3)cc2)cc1,285.0,P433591,"Polyimides/thioimides, Polyoxides/ethers/acetals",135.07,6.5
*c1ccc(Oc2cccc(Oc3ccc(N4C(=O)c5ccc(-c6cccc7c6C(=O)N(*)C7=O)cc5C4=O)cc3)c2)cc1,259.0,P433592,"Polyimides/thioimides, Polyoxides/ethers/acetals",152.77,5.97
*c1cccc(Oc2cccc(Oc3cccc(N4C(=O)c5ccc(-c6cccc7c6C(=O)N(*)C7=O)cc5C4=O)c3)c2)c1,213.0,P433593,"Polyimides/thioimides, Polyoxides/ethers/acetals",147.34,5.67
*CCN1C(=O)c2ccc(C(c3ccc4c(c3)C(=O)N(*)C4=O)(C(F)(F)F)C(F)(F)F)cc2C1=O,180.0,P433594,Polyimides/thioimides,101.9,3.1
*CCCN1C(=O)c2ccc(C(c3ccc4c(c3)C(=O)N(*)C4=O)(C(F)(F)F)C(F)(F)F)cc2C1=O,190.0,P433595,Polyimides/thioimides,88.49,3.43
*CCCCN1C(=O)c2ccc(C(c3ccc4c(c3)C(=O)N(*)C4=O)(C(F)(F)F)C(F)(F)F)cc2C1=O,190.0,P433596,Polyimides/thioimides,97.22,3.18
*CCCCCN1C(=O)c2ccc(C(c3ccc4c(c3)C(=O)N(*)C4=O)(C(F)(F)F)C(F)(F)F)cc2C1=O,180.0,P433597,Polyimides/thioimides,97.08,3.46
*CCCCCCCN1C(=O)c2ccc(C(c3ccc4c(c3)C(=O)N(*)C4=O)(C(F)(F)F)C(F)(F)F)cc2C1=O,165.0,P433598,Polyimides/thioimides,76.89,3.18
*CCCCCCCCN1C(=O)c2ccc(C(c3ccc4c(c3)C(=O)N(*)C4=O)(C(F)(F)F)C(F)(F)F)cc2C1=O,155.0,P433599,Polyimides/thioimides,81.03,2.99
*CCCCCCCCCN1C(=O)c2ccc(C(c3ccc4c(c3)C(=O)N(*)C4=O)(C(F)(F)F)C(F)(F)F)cc2C1=O,135.0,P433600,Polyimides/thioimides,75.99,2.77
*CCCCCCCCCCN1C(=O)c2ccc(C(c3ccc4c(c3)C(=O)N(*)C4=O)(C(F)(F)F)C(F)(F)F)cc2C1=O,123.0,P433601,Polyimides/thioimides,70.3,2.7
*CCCCCCCCCCCCN1C(=O)c2ccc(C(c3ccc4c(c3)C(=O)N(*)C4=O)(C(F)(F)F)C(F)(F)F)cc2C1=O,101.0,P433602,Polyimides/thioimides,72.39,2.33
*c1ccc(Sc2ccc(Sc3ccc(N4C(=O)c5ccc(Sc6ccc(Sc7ccc(Sc8ccc9c(c8)C(=O)N(*)C9=O)cc7)cc6)cc5C4=O)cc3)s2)cc1,185.5,P433603,"Polyimides/thioimides, Polysulfides",159.57,6.52
*c1ccc(Sc2ccc(Sc3ccc(N4C(=O)c5ccc(Oc6ccc7c(c6)C(=O)N(*)C7=O)cc5C4=O)cc3)s2)cc1,218.0,P433604,"Polyimides/thioimides, Polyoxides/ethers/acetals, Polysulfides",137.54,5.39
*c1ccc(Sc2ccc(Sc3ccc(Sc4ccc(Sc5ccc(N6C(=O)c7ccc(Sc8ccc(Sc9ccc(Sc%10ccc%11c(c%10)C(=O)N(*)C%11=O)cc9)cc8)cc7C6=O)cc5)s4)s3)s2)cc1,177.0,P433605,"Polyimides/thioimides, Polysulfides",194.71,8.6
*c1ccc(Sc2ccc(Sc3ccc(Sc4ccc(Sc5ccc(N6C(=O)c7ccc(Oc8ccc9c(c8)C(=O)N(*)C9=O)cc7C6=O)cc5)s4)s3)s2)cc1,158.5,P433606,"Polyimides/thioimides, Polyoxides/ethers/acetals, Polysulfides",180.8,6.36
*c1ccc2c(c1)C(=O)N(c1cc(NC(=O)OCCN(CCOC(=O)Nc3cc(N4C(=O)c5ccc(C(*)(C(F)(F)F)C(F)(F)F)cc5C4=O)ccc3C)c3ccc(/N=N/c4ccc([N+](=O)[O-])cc4)cc3)ccc1C)C2=O,196.0,P433607,"Polyimides/thioimides, Polyurethanes/thiourethanes, Polyimines",158.4,6.18
*C/C=C/c1cc(C(C)(C)c2ccc(O)c(/C=C/CC3CC(=O)N(c4ccc(Cc5ccc(N6C(=O)CC(*)C6=O)cc5)cc4)C3=O)c2)ccc1O,206.0,P433608,Polyimides/thioimides,134.01,5.11
*c1cccc(Oc2cccc(Oc3cccc(N4C(=O)C5C6C=CC(C7C(=O)N(*)C(=O)C67)C5C4=O)c3)c2)c1,177.0,P433614,"Polyimides/thioimides, Polyoxides/ethers/acetals",109.77,4.18
*Cc1ccc(C(C)(C)c2ccc(Cn3c(=O)c4cc5c(=O)n(*)c(=O)c5cc4c3=O)o2)o1,138.0,P433615,"Polyimides/thioimides, Polyoxides/ethers/acetals",138.73,5.6
*Cc1ccc(C(C)(C)c2ccc(CN3C(=O)c4ccc(Oc5ccc6c(c5)C(=O)N(*)C6=O)cc4C3=O)o2)o1,116.0,P433616,"Polyimides/thioimides, Polyoxides/ethers/acetals",117.99,4.78
*Cc1ccc(C(C)(C)c2ccc(CN3C(=O)c4ccc(C(c5ccc6c(c5)C(=O)N(*)C6=O)(C(F)(F)F)C(F)(F)F)cc4C3=O)o2)o1,134.0,P433617,"Polyimides/thioimides, Polyoxides/ethers/acetals",130.97,4.21
*Cc1ccc(C(C)(C)c2ccc(CN3C(=O)c4ccc(-c5ccc6c(c5)C(=O)N(*)C6=O)cc4C3=O)o2)o1,129.0,P433618,"Polyimides/thioimides, Polyoxides/ethers/acetals",120.82,4.88
*Cc1ccc(C(C)(CC)c2ccc(Cn3c(=O)c4cc5c(=O)n(*)c(=O)c5cc4c3=O)o2)o1,143.0,P433619,"Polyimides/thioimides, Polyoxides/ethers/acetals",119.01,5.42
*Cc1ccc(C(C)(CCC)c2ccc(Cn3c(=O)c4cc5c(=O)n(*)c(=O)c5cc4c3=O)o2)o1,134.0,P433620,"Polyimides/thioimides, Polyoxides/ethers/acetals",121.73,5.01
*Cc1ccc(C(C)c2ccc(Cn3c(=O)c4cc5c(=O)n(*)c(=O)c5cc4c3=O)o2)o1,116.0,P433621,"Polyimides/thioimides, Polyoxides/ethers/acetals",116.75,4.96
*Cc1ccc(C(C)c2ccc(CN3C(=O)c4ccc(Oc5ccc6c(c5)C(=O)N(*)C6=O)cc4C3=O)o2)o1,129.0,P433622,"Polyimides/thioimides, Polyoxides/ethers/acetals",119.19,4.9
*c1ccc(Oc2ccc(-n3c(=O)c4cc5c(=O)n(*)c(=O)c5cc4c3=O)cc2-c2ccccc2)cc1,329.0,P433623,"Polyimides/thioimides, Polyoxides/ethers/acetals",182.54,7.2
*c1ccc(Oc2ccc(-c3cccc(-c4ccc(Oc5ccc(-c6c7c(c(*)c8ccccc68)C(=O)N(c6ccccc6)C7=O)cc5)c(C(F)(F)F)c4)c3)cc2C(F)(F)F)cc1,271.0,P433630,"Polyimides/thioimides, Polyoxides/ethers/acetals",204.34,8.4
*c1ccc(Oc2ccc(-c3ccc(-c4ccc(Oc5ccc(-c6c7c(c(*)c8ccccc68)C(=O)N(c6ccccc6)C7=O)cc5)c(C(F)(F)F)c4)cc3)cc2C(F)(F)F)cc1,317.0,P433631,"Polyimides/thioimides, Polyoxides/ethers/acetals",188.78,7.88
*c1ccc(Oc2ccc(-c3ccc(-c4ccc(-c5ccc(Oc6ccc(-c7c8c(c(*)c9ccccc79)C(=O)N(c7ccccc7)C8=O)cc6)c(C(F)(F)F)c5)cc4)cc3)cc2C(F)(F)F)cc1,334.0,P433632,"Polyimides/thioimides, Polyoxides/ethers/acetals",207.32,9.9
*c1ccc(Oc2ccc(-c3c4ccccc4c(-c4ccc(Oc5ccc(-c6c7c(c(*)c8ccccc68)C(=O)N(c6ccccc6)C7=O)cc5)c(C(F)(F)F)c4)c4ccccc34)cc2C(F)(F)F)cc1,361.0,P433633,"Polyimides/thioimides, Polyoxides/ethers/acetals",262.57,9.97
*c1ccc(Oc2ccc(-c3cccc(-c4ccc(Oc5ccc(-c6c7c(c(*)c8ccccc68)C(=O)N(c6ccccc6)C7=O)cc5)c(C(F)(F)F)c4)n3)cc2C(F)(F)F)cc1,298.0,P433634,"Polyimides/thioimides, Polyoxides/ethers/acetals, Polyimines",194.95,8.02
*c1ccc(Oc2ccc(-c3ccc(-c4ccc(Oc5ccc(-c6c7c(c(*)c8ccccc68)C(=O)N(c6ccccc6)C7=O)cc5)c(C(F)(F)F)c4)s3)cc2C(F)(F)F)cc1,287.0,P433635,"Polyimides/thioimides, Polyoxides/ethers/acetals, Polysulfides",206.09,9.25
*C(=O)Nc1cccc(NC(=O)c2ccc3c(c2)C(=O)N(c2cc(-c4nc5ccccc5o4)cc(N4C(=O)c5ccc(*)cc5C4=O)c2)C3=O)n1,365.0,P433636,"Polyimides/thioimides, Polyamides/thioamides, Polyimines",182.47,7.51
*C(=O)Nc1ccc(S(=O)(=O)c2ccc(NC(=O)c3ccc4c(c3)C(=O)N(c3cc(-c5nc6ccccc6o5)cc(N5C(=O)c6ccc(*)cc6C5=O)c3)C4=O)cc2)cc1,367.0,P433638,"Polyimides/thioimides, Polyamides/thioamides, Polysulfones/sulfoxides/sufonates/sulfoamides",208.8,7.43
*C(=O)Nc1cc(NC(=O)c2ccc3c(c2)C(=O)N(c2cc(-c4nc5ccccc5o4)cc(N4C(=O)c5ccc(*)cc5C4=O)c2)C3=O)cc(-c2nc3ccccc3[nH]2)c1,371.0,P433639,"Polyimides/thioimides, Polyamides/thioamides",219.05,8.66
*C(=O)Nc1cccc(NC(=O)c2ccc3c(c2)C(=O)N(c2cc(-c4nc5ccccc5s4)cc(N4C(=O)c5ccc(*)cc5C4=O)c2)C3=O)n1,358.0,P433640,"Polyimides/thioimides, Polyamides/thioamides, Polyimines",165.56,7.69
*C(=O)Nc1ccc(NC(=O)c2ccc3c(c2)C(=O)N(c2cc(-c4nc5ccccc5s4)cc(N4C(=O)c5ccc(*)cc5C4=O)c2)C3=O)cc1,356.0,P433641,"Polyimides/thioimides, Polyamides/thioamides",169.29,7.22
*C(=O)Nc1ccc(S(=O)(=O)c2ccc(NC(=O)c3ccc4c(c3)C(=O)N(c3cc(-c5nc6ccccc6s5)cc(N5C(=O)c6ccc(*)cc6C5=O)c3)C4=O)cc2)cc1,357.0,P433642,"Polyimides/thioimides, Polyamides/thioamides, Polysulfones/sulfoxides/sufonates/sulfoamides",201.73,7.49
*C(=O)Nc1cc(NC(=O)c2ccc3c(c2)C(=O)N(c2cc(-c4nc5ccccc5s4)cc(N4C(=O)c5ccc(*)cc5C4=O)c2)C3=O)cc(-c2nc3ccccc3[nH]2)c1,368.0,P433643,"Polyimides/thioimides, Polyamides/thioamides",194.46,9.46
*C(=O)Nc1cccc(NC(=O)c2ccc3c(c2)C(=O)N(c2cccc(N4C(=O)c5ccc(*)cc5C4=O)c2)C3=O)n1,339.0,P433644,"Polyimides/thioimides, Polyamides/thioamides, Polyimines",145.45,5.48
*C(=O)Nc1ccc(NC(=O)c2ccc3c(c2)C(=O)N(c2cccc(N4C(=O)c5ccc(*)cc5C4=O)c2)C3=O)cc1,341.0,P433645,"Polyimides/thioimides, Polyamides/thioamides",142.92,5.2
*C(=O)Nc1ccc(S(=O)(=O)c2ccc(NC(=O)c3ccc4c(c3)C(=O)N(c3cccc(N5C(=O)c6ccc(*)cc6C5=O)c3)C4=O)cc2)cc1,342.0,P433646,"Polyimides/thioimides, Polyamides/thioamides, Polysulfones/sulfoxides/sufonates/sulfoamides",157.11,6.23
*C(=O)Nc1cc(NC(=O)c2ccc3c(c2)C(=O)N(c2cccc(N4C(=O)c5ccc(*)cc5C4=O)c2)C3=O)cc(-c2nc3ccccc3[nH]2)c1,361.0,P433647,"Polyimides/thioimides, Polyamides/thioamides",166.26,7.84
*Nc1cccc(NC(=O)c2cccc(C(=O)Nc3ccc(C(=O)NC(*)=S)cc3)c2)c1,270.0,P433648,"Polyimides/thioimides, Polyamides/thioamides, Polyureas/thioureas",121.61,4.59
*Nc1cccc(NC(=O)c2ccc(C(=O)Nc3ccc(C(=O)NC(*)=S)cc3)cc2)c1,273.0,P433649,"Polyimides/thioimides, Polyamides/thioamides, Polyureas/thioureas",118.11,4.6
*Nc1cccc(NC(=O)CCCCC(=O)Nc2ccc(C(=O)NC(*)=S)cc2)c1,267.0,P433650,"Polyimides/thioimides, Polyamides/thioamides, Polyureas/thioureas",85.45,3.39
*Nc1cccc(NC(=O)CCCCCCCCC(=O)Nc2ccc(C(=O)NC(*)=S)cc2)c1,265.0,P433651,"Polyimides/thioimides, Polyamides/thioamides, Polyureas/thioureas",79.42,3.37
*C(=O)Nc1ccc(Oc2ccc(N3C(=O)CC(N4C(=O)c5ccc(*)cc5C4=O)C3=O)cc2)cc1,223.0,P433652,"Polyimides/thioimides, Polyoxides/ethers/acetals, Polyamides/thioamides",105.19,4.66
*C(=O)Nc1cccc(N2C(=O)CC(N3C(=O)c4ccc(*)cc4C3=O)C2=O)c1,130.0,P433653,"Polyimides/thioimides, Polyamides/thioamides",79.84,2.83
*C(=O)Nc1ccc(-c2ccc(N3C(=O)CC(N4C(=O)c5ccc(*)cc5C4=O)C3=O)cc2)cc1,219.0,P433654,"Polyimides/thioimides, Polyamides/thioamides",115.43,4.42
*C(=O)Nc1ccc(N2C(=O)CC(N3C(=O)c4ccc(*)cc4C3=O)C2=O)cc1,120.0,P433655,"Polyimides/thioimides, Polyamides/thioamides",81.66,2.78
*C(=O)Nc1ccc(S(=O)(=O)c2ccc(N3C(=O)CC(N4C(=O)c5ccc(*)cc5C4=O)C3=O)cc2)cc1,145.0,P433656,"Polyimides/thioimides, Polyamides/thioamides, Polysulfones/sulfoxides/sufonates/sulfoamides",94.7,4.18
*C(=O)Nc1ccc(Cc2ccc(N3C(=O)CC(N4C(=O)c5ccc(*)cc5C4=O)C3=O)cc2)cc1,123.0,P433657,"Polyimides/thioimides, Polyamides/thioamides",91.52,3.45
*C(=O)Nc1ccc(C)cc1N1C(=O)CC(N2C(=O)c3ccc(*)cc3C2=O)C1=O,237.0,P433658,"Polyimides/thioimides, Polyamides/thioamides",102.76,3.57
*C(=O)Nc1cccc2cccc(N3C(=O)CC(N4C(=O)c5ccc(*)cc5C4=O)C3=O)c12,193.0,P433659,"Polyimides/thioimides, Polyamides/thioamides",110.56,4.52
*C(=O)Nc1cc(NC(=O)c2ccc3c(c2)C(=O)N(c2cc(-c4nnc(-c5ccccn5)o4)cc(N4C(=O)c5ccc(*)cc5C4=O)c2)C3=O)cc(-c2nnc(-c3ccccn3)o2)c1,164.0,P433660,"Polyimides/thioimides, Polyamides/thioamides",180.17,8.54
*C(=O)Nc1cccc(S(=O)(=O)c2cccc(NC(=O)c3ccc4c(c3)C(=O)N(c3cc(-c5nnc(-c6ccccn6)o5)cc(N5C(=O)c6ccc(*)cc6C5=O)c3)C4=O)c2)c1,173.0,P433662,"Polyimides/thioimides, Polyamides/thioamides, Polysulfones/sulfoxides/sufonates/sulfoamides",181.95,6.62
*C(=O)Nc1ccc(Oc2cccc(Oc3ccc(NC(=O)c4ccc5c(c4)C(=O)N(c4ccc(Sc6ccc(Oc7ccc(Sc8ccc(N9C(=O)c%10ccc(*)cc%10C9=O)cc8)cc7)cc6)cc4)C5=O)cc3)c2)cc1,179.0,P433666,"Polyimides/thioimides, Polyoxides/ethers/acetals, Polysulfides, Polyamides/thioamides",186.24,8.12
*C(=O)Nc1ccc(C2(c3ccc(NC(=O)c4ccc5c(c4)C(=O)N(c4ccc(Sc6ccc(Oc7ccc(Sc8ccc(N9C(=O)c%10ccc(*)cc%10C9=O)cc8)cc7)cc6)cc4)C5=O)cc3)c3ccccc3-c3ccccc32)cc1,298.0,P433667,"Polyimides/thioimides, Polyoxides/ethers/acetals, Polysulfides, Polyamides/thioamides",259.23,10.42
*c1ccc(Sc2ccc(Oc3ccc(Sc4ccc(N5C(=O)c6ccc(Oc7ccc(C(C)(C)c8ccc(Oc9ccc%10c(c9)C(=O)N(*)C%10=O)cc8)cc7)cc6C5=O)cc4)cc3)cc2)cc1,199.0,P433668,"Polyimides/thioimides, Polyoxides/ethers/acetals, Polysulfides",207.31,8.1
*c1ccc2c(c1)C(=O)N(c1ccc(Sc3ccc(Oc4ccc(Sc5ccc(N6C(=O)c7ccc(C(*)(C(F)(F)F)C(F)(F)F)cc7C6=O)cc5)cc4)cc3)cc1)C2=O,242.0,P433669,"Polyimides/thioimides, Polyoxides/ethers/acetals, Polysulfides",155.8,6.58
*c1ccc(Cc2ccc(N3C(=O)c4ccc(Sc5ccc6c(c5)C(=O)N(*)C6=O)cc4C3=O)c(C(C)(C)C)c2)cc1C(C)(C)C,300.5,P433671,"Polyimides/thioimides, Polysulfides",133.0,4.92
*c1ccc(Cc2ccc(N3C(=O)c4ccc(S(=O)(=O)c5ccc6c(c5)C(=O)N(*)C6=O)cc4C3=O)c(C(C)(C)C)c2)cc1C(C)(C)C,336.0,P433672,"Polyimides/thioimides, Polysulfones/sulfoxides/sufonates/sulfoamides",147.27,5.66
*C(=O)Nc1cccc(Oc2cccc(Oc3cccc(Oc4cccc(Oc5cccc(NC(=O)c6ccc7c(c6)C(=O)N(c6cccc(Oc8cccc(Oc9cccc(N%10C(=O)c%11ccc(*)cc%11C%10=O)c9)c8C#N)c6)C7=O)c5)c4C#N)c3)c2C#N)c1,193.0,P433674,"Polyimides/thioimides, Polyoxides/ethers/acetals, Polyamides/thioamides",217.55,8.41
*C(=O)Nc1cccc(Oc2cccc(Oc3cccc(NC(=O)c4ccc5c(c4)C(=O)N(c4cccc(Oc6cccc(Oc7cccc(N8C(=O)c9ccc(*)cc9C8=O)c7)c6C#N)c4)C5=O)c3)c2C#N)c1,214.0,P433675,"Polyimides/thioimides, Polyoxides/ethers/acetals, Polyamides/thioamides",207.56,7.92
*C(=O)Nc1ccc(Oc2cccc(Oc3ccc(NC(=O)c4ccc5c(c4)C(=O)N(c4cccc(Oc6cccc(Oc7cccc(N8C(=O)c9ccc(*)cc9C8=O)c7)c6C#N)c4)C5=O)cc3)c2)cc1,207.0,P433676,"Polyimides/thioimides, Polyoxides/ethers/acetals, Polyamides/thioamides",188.13,8.33
*C(=O)Nc1cccc(Oc2cccc(Oc3cccc(Oc4cccc(Oc5cccc(NC(=O)c6ccc7c(c6)C(=O)N(c6ccc(Oc8cccc(Oc9ccc(N%10C(=O)c%11ccc(*)cc%11C%10=O)cc9)c8C#N)cc6)C7=O)c5)c4C#N)c3)c2C#N)c1,199.0,P433677,"Polyimides/thioimides, Polyoxides/ethers/acetals, Polyamides/thioamides",242.86,8.88
*C(=O)Nc1ccc(Oc2cccc(Oc3ccc(NC(=O)c4ccc5c(c4)C(=O)N(c4ccc(Oc6cccc(Oc7ccc(N8C(=O)c9ccc(*)cc9C8=O)cc7)c6C#N)cc4)C5=O)cc3)c2C#N)cc1,220.0,P433678,"Polyimides/thioimides, Polyoxides/ethers/acetals, Polyamides/thioamides",175.43,8.3
*C(=O)Nc1ccc(Oc2cccc(Oc3ccc(NC(=O)c4ccc5c(c4)C(=O)N(c4ccc(Oc6cccc(Oc7ccc(N8C(=O)c9ccc(*)cc9C8=O)cc7)c6C#N)cc4)C5=O)cc3)c2)cc1,217.0,P433679,"Polyimides/thioimides, Polyoxides/ethers/acetals, Polyamides/thioamides",195.66,7.54
*C(=O)Nc1ccc(-c2ccc(NC(=O)c3ccc4c(c3)C(=O)N(c3ccc(Oc5ccc(N6C(=O)c7ccc(*)cc7C6=O)cc5-c5ccccc5)c(-c5ccccc5)c3)C4=O)cc2)cc1,358.0,P433689,"Polyimides/thioimides, Polyoxides/ethers/acetals, Polyamides/thioamides",212.43,9.07
*C(=O)Nc1ccc(Oc2ccc(NC(=O)c3ccc4c(c3)C(=O)N(c3ccc(Oc5ccc(N6C(=O)c7ccc(*)cc7C6=O)cc5-c5ccccc5)c(-c5ccccc5)c3)C4=O)cc2)cc1,345.0,P433690,"Polyimides/thioimides, Polyoxides/ethers/acetals, Polyamides/thioamides",226.25,9.3
*C(=O)Nc1cc(C(F)(F)F)ccc1Oc1cccc2c(Oc3ccc(C(F)(F)F)cc3NC(=O)c3ccc4c(c3)C(=O)N(c3ccc(Oc5ccc(N6C(=O)c7ccc(*)cc7C6=O)cc5-c5ccccc5)c(-c5ccccc5)c3)C4=O)cccc12,376.0,P433691,"Polyimides/thioimides, Polyoxides/ethers/acetals, Polyamides/thioamides",264.22,11.11
*C(=O)Nc1ccc(Oc2ccc(NC(=O)c3ccc4c(c3)C(=O)N(c3ccc(Oc5ccc(N6C(=O)c7ccc(*)cc7C6=O)cc5-c5ccccc5)c(-c5ccccc5)c3)C4=O)cc2-c2ccccc2)c(-c2ccccc2)c1,369.0,P433692,"Polyimides/thioimides, Polyoxides/ethers/acetals, Polyamides/thioamides",229.83,10.57
*c1ccc(Oc2ccc(S(=O)(=O)c3ccc(Oc4ccc(N5C(=O)c6ccc(Oc7ccc(Oc8ccc9c(c8)C(=O)N(*)C9=O)cc7)cc6C5=O)cc4)cc3)cc2)cc1,201.0,P433696,"Polyimides/thioimides, Polyoxides/ethers/acetals, Polysulfones/sulfoxides/sufonates/sulfoamides",162.92,6.99
*c1ccc(Oc2ccc(S(=O)(=O)c3ccc(Oc4ccc(N5C(=O)c6ccc(Oc7ccc(C(C)(C)c8ccc(Oc9ccc%10c(c9)C(=O)N(*)C%10=O)cc8)cc7)cc6C5=O)cc4)cc3)cc2)cc1,200.0,P433697,"Polyimides/thioimides, Polyoxides/ethers/acetals, Polysulfones/sulfoxides/sufonates/sulfoamides",184.35,7.05
*c1ccc(Oc2ccc(S(=O)(=O)c3ccc(Oc4ccc(N5C(=O)c6ccc(Oc7cccc8c(Oc9ccc%10c(c9)C(=O)N(*)C%10=O)cccc78)cc6C5=O)cc4)cc3)cc2)cc1,201.0,P433698,"Polyimides/thioimides, Polyoxides/ethers/acetals, Polysulfones/sulfoxides/sufonates/sulfoamides",178.22,8.03
*c1ccc(Oc2ccc(C(=O)c3ccc(Oc4ccc(N5C(=O)c6ccc(Oc7cccc(Oc8ccc9c(c8)C(=O)N(*)C9=O)c7)cc6C5=O)cc4)cc3)cc2)cc1,201.0,P433699,"Polyimides/thioimides, Polyoxides/ethers/acetals, Polyketones/thioketones",160.0,7.3
*C(=S)Nc1ccc(Oc2ccc(NC(=S)n3c(=O)c4cc5c(=O)n(*)c(=O)c5cc4c3=O)cc2)cc1,265.0,P433703,"Polyimides/thioimides, Polyoxides/ethers/acetals, Polyureas/thioureas",156.19,6.52
*C(=S)Nc1ccc(Oc2ccc(NC(=S)N3C(=O)c4ccc(C(=O)c5ccc6c(c5)C(=O)N(*)C6=O)cc4C3=O)cc2)cc1,262.0,P433704,"Polyimides/thioimides, Polyoxides/ethers/acetals, Polyureas/thioureas, Polyketones/thioketones",130.35,5.08
*C(=S)Nc1ccc(Oc2ccc(NC(=S)N3C(=O)c4ccc(C(c5ccc6c(c5)C(=O)N(*)C6=O)(C(F)(F)F)C(F)(F)F)cc4C3=O)cc2)cc1,260.0,P433705,"Polyimides/thioimides, Polyoxides/ethers/acetals, Polyureas/thioureas",154.21,5.13
*c1ccc(Oc2ccc(N3C(=O)CC(C4C=C(C)C5C(=O)N(*)C(=O)C5C4)C3=O)cc2)cc1,278.0,P433706,"Polyimides/thioimides, Polyoxides/ethers/acetals",102.28,3.46
*c1cccc(-c2cc(C(=O)Nc3ccc(OC(=O)c4cc(OCCCCCCCCCCCC)c(OCCCCCCCCCCCC)c(OCCCCCCCCCCCC)c4)cc3)cc(-c3cccc(N4C(=O)CC(C5C=C(C)C6C(=O)N(*)C(=O)C6C5)C4=O)c3)c2)c1,270.0,P433707,Polyimides/thioimides,105.91,3.94
*c1cccc(-c2cc(C(=O)Nc3ccc(OC(=O)c4cc(OCCCCCCCCCCCC)c(OCCCCCCCCCCCC)c(OCCCCCCCCCCCC)c4)cc3)cc(-c3cccc(N4C(=O)c5ccc(S(=O)(=O)c6ccc7c(c6)C(=O)N(*)C7=O)cc5C4=O)c3)c2)c1,268.0,P433708,"Polyimides/thioimides, Polysulfones/sulfoxides/sufonates/sulfoamides",140.61,6.23
*c1ccc2c(c1)C(=O)N(c1cc(C(c3ccc(OC(C)=O)c(N4C(=O)c5ccc(C(*)(C(F)(F)F)C(F)(F)F)cc5C4=O)c3)(C(F)(F)F)C(F)(F)F)ccc1OC(C)=O)C2=O,266.5,P433712,Polyimides/thioimides,144.1,5.6
*CC(OCC)C1C(=O)OC(=O)C1*,146.0,P440005,Polyanhydrides/thioanhydrides,46.71,1.66
*CC(OCC(C)C)C1C(=O)OC(=O)C1*,145.0,P440006,Polyanhydrides/thioanhydrides,48.59,1.33
*CC(OCCCC)C1C(=O)OC(=O)C1*,118.0,P440007,Polyanhydrides/thioanhydrides,42.88,1.37
*CC(OC)C1(C)C(=O)OC(=O)C1(*)C,260.0,P440008,Polyanhydrides/thioanhydrides,54.89,2.22
*CC(OCC)C1(C)C(=O)OC(=O)C1(*)C,244.0,P440009,Polyanhydrides/thioanhydrides,51.13,1.98
*CC(OCC(C)C)C1(C)C(=O)OC(=O)C1(*)C,219.0,P440010,Polyanhydrides/thioanhydrides,49.18,2.02
*CC(OCCCC)C1(C)C(=O)OC(=O)C1(*)C,197.0,P440011,Polyanhydrides/thioanhydrides,52.47,1.66
*CC(c1ccccc1)C1C(=O)OC(=O)C1*,212.0,P440015,Polyanhydrides/thioanhydrides,77.19,2.55
*CC(C)(N=C=O)C1C(=O)OC(=O)C1*,100.0,P440019,Polyanhydrides/thioanhydrides,40.11,1.32
*CC(C)(C)C1C(=O)OC(=O)C1*,141.0,P442004,Polyanhydrides/thioanhydrides,50.81,1.55
*CC(OC(C)C)C1C(=O)OC(=O)C1*,142.0,P442009,Polyanhydrides/thioanhydrides,45.4,1.45
*CC(OC1CCCCC1)C1C(=O)OC(=O)C1*,201.0,P442010,Polyanhydrides/thioanhydrides,53.62,1.93
*C1C(=O)OC(=O)C1C1C2CC(C(=O)OCCOCC)C(C2)C1*,155.0,P442011,Polyanhydrides/thioanhydrides,46.85,1.37
*C1C(=O)OC(=O)C1C1C2CC(C(=O)OC(C)CC)C(C2)C1*,175.0,P442012,Polyanhydrides/thioanhydrides,57.49,1.76
*C1C(=O)OC(=O)C1C1C2CC(C(=O)OC3CCCCC3)C(C2)C1*,195.0,P442013,Polyanhydrides/thioanhydrides,59.96,1.77
*C1C(=O)OC(=O)C1C1C2CC(COCCC)C(C2)C1*,209.0,P442014,Polyanhydrides/thioanhydrides,51.85,1.84
*Oc1ccc(C2(c3ccc(OC(*)=O)c(C)c3)CC3CCC2C3)cc1C,161.0,P450003,Polycarbonates/thiocarbonates,83.66,3.36
*Oc1ccc(C2(c3ccc(OC(*)=O)c(Cl)c3)CC3CCC2C3)cc1Cl,200.0,P450004,Polycarbonates/thiocarbonates,84.98,3.09
*Oc1c(Cl)cc(C2(c3cc(Cl)c(OC(*)=O)c(Cl)c3)CC3CCC2C3)cc1Cl,290.0,P450005,Polycarbonates/thiocarbonates,94.08,3.64
*Oc1c(Br)cc(C2(c3cc(Br)c(OC(*)=O)c(Br)c3)CC3CCC2C3)cc1Br,283.0,P450006,Polycarbonates/thiocarbonates,110.8,4.1
*Oc1c(Cl)cc(C(c2cc(Cl)c(OC(*)=O)c(Cl)c2)C2CC3CCC2C3)cc1Cl,270.0,P450008,Polycarbonates/thiocarbonates,106.83,3.97
*Oc1ccc(C(c2ccc(OC(*)=O)cc2)C2C3CCC(C3)C2C)cc1,232.0,P450009,Polycarbonates/thiocarbonates,94.74,3.48
*Oc1ccc(C(c2ccc(OC(*)=O)cc2)C2C3CCC(C3)C2c2ccccc2)cc1,196.0,P450010,Polycarbonates/thiocarbonates,94.24,3.98
*Oc1ccc(C(c2ccc(OC(*)=O)cc2)C2CCCCC2)cc1,190.0,P450011,Polycarbonates/thiocarbonates,92.53,3.37
*Oc1ccc(C(C)(C)c2ccc(OC(=O)OCCN(CCOC(*)=O)c3ccccc3)cc2)cc1,70.0,P450012,"Polycarbonates/thiocarbonates, Polyimines",86.57,2.89
*Oc1ccc(C(C)(C)c2ccc(OC(=O)OCCN(CCOC(*)=O)c3ccc(OC)cc3)cc2)cc1,60.0,P450013,"Polycarbonates/thiocarbonates, Polyimines",78.34,3.37
*Oc1ccc(C(C)(C)c2ccc(OC(=O)OCCN(CCOC(*)=O)c3ccc4[nH]c5ccccc5c4c3)cc2)cc1,90.0,P450014,"Polycarbonates/thiocarbonates, Polyimines",113.66,5.07
*Oc1ccc(C2(c3ccc(OC(*)=O)cc3)CC3CC2C2CCCC32)cc1,251.5,P450017,Polycarbonates/thiocarbonates,85.26,3.89
*Oc1ccc(C2(c3ccc(OC(*)=O)c(C)c3)CC3CC2C2CCCC32)cc1C,217.0,P450018,Polycarbonates/thiocarbonates,99.11,3.55
*Oc1c(Cl)cc(C2(c3cc(Cl)c(OC(*)=O)c(Cl)c3)CC3CC2C2CCCC32)cc1Cl,281.0,P450019,Polycarbonates/thiocarbonates,111.31,3.65
*Oc1ccc(C2(c3ccc(OC(*)=O)cc3)CC3CC2C2C4CCC(C4)C32)cc1,267.5,P450020,Polycarbonates/thiocarbonates,91.67,3.95
*Oc1ccc(C2(c3ccc(OC(*)=O)cc3C)CC3CC2C2C4CCC(C4)C32)cc1C,232.0,P450021,Polycarbonates/thiocarbonates,88.99,3.65
*Oc1ccc(C(c2ccc(OC(*)=O)cc2)C2CC3CC2C2C4CCC(C4)C32)cc1,253.0,P450022,Polycarbonates/thiocarbonates,98.05,3.71
*Oc1ccc(C(CC)(c2ccccc2)c2ccc(OC(*)=O)cc2)cc1,147.0,P450023,Polycarbonates/thiocarbonates,88.94,3.62
*Oc1ccc(C2(c3ccc(OC(*)=O)cc3)CCc3ccccc32)cc1,219.0,P450024,Polycarbonates/thiocarbonates,102.79,4.42
*Oc1ccc(Cc2ccc(Cc3ccc(OC(*)=O)cc3)cc2)cc1,79.5,P450026,Polycarbonates/thiocarbonates,87.41,3.55
*OC(C)COC(*)=O,34.6,P450037,Polycarbonates/thiocarbonates,32.6,1.11
*Oc1ccc(C2(c3ccc(OC(*)=O)cc3)CC(C)CC(C)(C)C2)cc1,235.5,P450038,Polycarbonates/thiocarbonates,95.19,3.77
*Oc1c(C)cc(C(c2cc(C)c(OC(*)=O)c(C)c2)(C(F)(F)F)C(F)(F)F)cc1C,208.0,P450039,Polycarbonates/thiocarbonates,85.94,3.31
*OC1CCC(OC(*)=O)CC1,138.0,P450040,Polycarbonates/thiocarbonates,47.09,1.7
*CCCS(=O)(=O)CCCCS(=O)(=O)CCCOC(=O)O*,43.0,P450041,"Polycarbonates/thiocarbonates, Polysulfones/sulfoxides/sufonates/sulfoamides",25.25,0.55
*Oc1ccc2c(c1)C1(CC2(C)C)CC(C)(C)c2ccc(OC(*)=O)cc21,228.0,P450042,Polycarbonates/thiocarbonates,98.59,3.49
*CCOC(=O)O*,5.0,P450043,Polycarbonates/thiocarbonates,29.02,0.89
*Oc1ccc(C(C)(C)c2ccc(OC(*)=O)c(CC)c2)cc1CC,65.0,P450044,Polycarbonates/thiocarbonates,67.39,2.67
*Oc1ccc(C(C)(CCC#N)c2ccc(OC(*)=O)cc2)cc1,150.0,P450045,Polycarbonates/thiocarbonates,72.92,3.19
*Oc1ccc(C(C)(CCC#N)c2ccc(OC(*)=O)c(C)c2)cc1C,117.0,P450046,Polycarbonates/thiocarbonates,79.99,3.14
*Oc1ccc(C(CCC)(CCC)c2ccc(OC(*)=O)c(C)c2)cc1C,101.0,P450047,Polycarbonates/thiocarbonates,71.85,2.55
*CC(OC(=O)OCC)C(COC(=O)O*)OC(=O)OCC,49.8,P450052,Polycarbonates/thiocarbonates,31.33,0.91
*OC1CCC(OC(=O)OCCCCOC(*)=O)CC1,30.0,P450056,Polycarbonates/thiocarbonates,33.31,0.78
*CC(O)C(O)COC(=O)O*,39.6,P450057,Polycarbonates/thiocarbonates,34.86,0.99
*CC(OC=O)C(COC(=O)O*)OC=O,54.3,P450058,Polycarbonates/thiocarbonates,32.22,0.91
*CC(OC(C)=O)C(COC(=O)O*)OC(C)=O,58.6,P450059,Polycarbonates/thiocarbonates,31.97,1.08
*CC(OC(=O)C(=O)OCC)C(COC(=O)O*)OC(=O)C(=O)OCC,53.8,P450060,Polycarbonates/thiocarbonates,38.6,0.89
*CC(OC(=O)Oc1ccc(C(=O)OC)cc1)C(COC(=O)O*)OC(=O)Oc1ccc(C(=O)OC)cc1,90.9,P450061,Polycarbonates/thiocarbonates,67.3,2.64
*CC(OC(=O)C(Cc1ccccc1)NC(=O)OC(C)(C)C)C(COC(=O)O*)OC(=O)C(Cc1ccccc1)NC(=O)OC(C)(C)C,82.4,P450062,Polycarbonates/thiocarbonates,69.35,2.19
*CC(OC(=O)C(CC(C)C)NC(=O)OCc1ccccc1)C(COC(=O)O*)OC(=O)C(CC(C)C)NC(=O)OCc1ccccc1,50.9,P450063,Polycarbonates/thiocarbonates,66.64,2.0
*CCCOC(=O)O*,-17.7,P450064,Polycarbonates/thiocarbonates,25.1,0.83
*OC1CCC(OC(=O)OCCCCCOC(*)=O)CC1,-5.0,P450065,Polycarbonates/thiocarbonates,29.09,0.6
*OC1CCC(OC(=O)OCCCCCCOC(*)=O)CC1,10.0,P450066,Polycarbonates/thiocarbonates,27.35,0.62
*OC1CCC(OC(=O)OCCCCCCCOC(*)=O)CC1,-5.0,P450067,Polycarbonates/thiocarbonates,26.12,0.46
*CC(C)(C)COC(=O)O*,25.0,P450077,Polycarbonates/thiocarbonates,33.12,0.94
*Oc1ccc(C(CC)c2ccc(OC(*)=O)cc2)cc1,128.0,P450078,Polycarbonates/thiocarbonates,72.46,2.9
*Oc1ccc(C(C)(CC)c2ccc(OC(*)=O)c(C)c2)cc1C,119.0,P450079,Polycarbonates/thiocarbonates,77.91,3.04
*Oc1ccc(C(C)(CC)c2ccc(OC(*)=O)c(Cl)c2)cc1Cl,142.0,P450080,Polycarbonates/thiocarbonates,82.32,2.77
*Oc1ccc(C(C)(C)c2ccc(OC(*)=O)c(Cl)c2)cc1,146.0,P450081,Polycarbonates/thiocarbonates,85.62,3.05
*Oc1ccc(C(C)(C)c2cc(Cl)c(OC(*)=O)c(Cl)c2)cc1,186.0,P450082,Polycarbonates/thiocarbonates,84.99,3.38
*Oc1ccc(C(C)(C)c2ccc(OC(*)=O)c(Cl)c2)cc1C,138.0,P450083,Polycarbonates/thiocarbonates,77.05,3.0
*Oc1ccc(C(CCCC)(CCCC)c2ccc(OC(*)=O)cc2)cc1,113.0,P450084,Polycarbonates/thiocarbonates,74.2,2.57
*Oc1ccc(C2(c3ccc(OC(*)=O)cc3)CCCCCC2)cc1,155.0,P450085,Polycarbonates/thiocarbonates,78.21,3.01
*Oc1ccc(C(C)(C)c2ccc(OC(=O)OC3C(C)(C)C(OC(*)=O)C3(C)C)cc2)cc1,130.0,P452001,Polycarbonates/thiocarbonates,84.63,3.23
*Oc1ccc(C(C)(CC)c2ccc(OC(=O)OC3C(C)(C)C(OC(*)=O)C3(C)C)cc2)cc1,124.0,P452002,Polycarbonates/thiocarbonates,81.68,2.59
*Oc1ccc(C2(c3ccc(OC(=O)OC4C(C)(C)C(OC(*)=O)C4(C)C)cc3)CC3CCC2C3)cc1,184.0,P452004,Polycarbonates/thiocarbonates,82.35,2.92
*Oc1ccc(C2(c3ccc(OC(=O)OC4C(C)(C)C(OC(*)=O)C4(C)C)cc3)CCC(C(C)(C)C)CC2)cc1,172.0,P452005,Polycarbonates/thiocarbonates,98.67,3.14
*Oc1ccc(C(C)(c2ccccc2)c2ccc(OC(=O)OC3C(C)(C)C(OC(*)=O)C3(C)C)cc2)cc1,149.0,P452006,Polycarbonates/thiocarbonates,107.87,3.74
*Oc1ccc(C(c2ccccc2)(c2ccccc2)c2ccc(OC(=O)OC3C(C)(C)C(OC(*)=O)C3(C)C)cc2)cc1,161.0,P452007,Polycarbonates/thiocarbonates,128.68,4.96
*Oc1ccc(C2(c3ccc(OC(=O)OC4C(C)(C)C(OC(*)=O)C4(C)C)cc3)c3ccccc3-c3ccccc32)cc1,214.0,P452008,Polycarbonates/thiocarbonates,114.72,5.29
*Oc1ccc(-c2ccc(OC(=O)OC3C(C)(C)C(OC(*)=O)C3(C)C)cc2)cc1,165.0,P452009,Polycarbonates/thiocarbonates,78.99,3.04
*Oc1ccc(C(c2ccc(OC(=O)OC3C(C)(C)C(OC(*)=O)C3(C)C)cc2)(C(F)(F)F)C(F)(F)F)cc1,142.0,P452010,Polycarbonates/thiocarbonates,92.34,2.99
*Sc1ccc(Cc2ccc(SC(*)=O)cc2)cc1,117.0,P452014,Polycarbonates/thiocarbonates,78.37,2.75
*CC(COC(=O)O*)OCCOc1ccc(/C=C/c2ccc([N+](=O)[O-])cc2)cc1,53.0,P452016,Polycarbonates/thiocarbonates,57.75,2.36
*CC(COC(=O)O*)OCCCCOc1ccc(/C=C/c2ccc([N+](=O)[O-])cc2)cc1,42.0,P452017,Polycarbonates/thiocarbonates,54.69,1.98
*CC(COC(=O)O*)OCCCCCCOc1ccc(/C=C/c2ccc([N+](=O)[O-])cc2)cc1,32.0,P452018,Polycarbonates/thiocarbonates,60.63,1.82
*CC(COC(=O)O*)OCCCCCCCCCCCOc1ccc(/C=C/c2ccc([N+](=O)[O-])cc2)cc1,21.0,P452019,Polycarbonates/thiocarbonates,48.71,1.65
*Oc1ccc(C2(c3ccc(OC(*)=O)cc3)c3cc(N(C)C)ccc3-c3ccc([N+](=O)[O-])cc32)cc1,278.0,P452021,Polycarbonates/thiocarbonates,135.1,5.54
*Oc1ccc(C2(c3ccc(OC(*)=O)cc3)c3cc(OC)ccc3-c3ccc([N+](=O)[O-])cc32)cc1,294.0,P452022,Polycarbonates/thiocarbonates,137.12,5.21
*Oc1ccc(C(c2ccc(OC(*)=O)cc2)C(Cl)Cl)cc1,165.0,P452025,Polycarbonates/thiocarbonates,82.41,3.43
*Oc1c(Br)cc(C(c2cc(Br)c(OC(*)=O)c(Br)c2)(C(F)(F)F)C(F)(F)F)cc1Br,206.0,P452026,Polycarbonates/thiocarbonates,109.31,3.26
*Oc1ccc(C(=O)c2ccc(OC(=O)OC3C(C)(C)C(OC(*)=O)C3(C)C)cc2)cc1,125.0,P452027,"Polycarbonates/thiocarbonates, Polyketones/thioketones",88.62,3.17
*Oc1ccc(S(=O)(=O)c2ccc(OC(=O)OC3C(C)(C)C(OC(*)=O)C3(C)C)cc2)cc1,162.0,P452028,"Polycarbonates/thiocarbonates, Polysulfones/sulfoxides/sufonates/sulfoamides",94.96,3.38
*Oc1ccc(C(C)(C)c2ccc(OC(=O)SCCCSC(*)=O)cc2)cc1,90.0,P452029,Polycarbonates/thiocarbonates,69.49,2.9
*Oc1ccc(C(C)(C)c2ccc(OC(=O)SCCCCCCSC(*)=O)cc2)cc1,58.0,P452030,Polycarbonates/thiocarbonates,70.82,2.51
*Oc1ccc(C(C)(C)c2ccc(OC(=O)Sc3ccc(C(C)(C)c4ccc(SC(*)=O)cc4)cc3)cc2)cc1,154.0,P452031,Polycarbonates/thiocarbonates,125.3,4.44
*Oc1c(Br)cc(S(=O)(=O)c2cc(Br)c(OC(*)=O)c(Br)c2)cc1Br,196.0,P452032,"Polycarbonates/thiocarbonates, Polysulfones/sulfoxides/sufonates/sulfoamides",92.82,3.44
*Oc1ccc2c(c1)C(C)(c1ccc(OC(*)=O)cc1)CC2(C)C,201.7,P452033,Polycarbonates/thiocarbonates,88.16,3.67
*Oc1c(Cl)cc(C(c2cc(Cl)c(OC(*)=O)c(Cl)c2)C(Cl)(Cl)Cl)cc1Cl,273.0,P452035,Polycarbonates/thiocarbonates,100.09,3.88
*Oc1c(Cl)cc(C(=C(Cl)Cl)c2cc(Cl)c(OC(*)=O)c(Cl)c2)cc1Cl,250.0,P452036,Polycarbonates/thiocarbonates,100.64,3.89
*CC1CCC(COC(=O)O*)CC1,38.7,P452038,Polycarbonates/thiocarbonates,39.7,1.0
*CC(C)(COC(=O)O*)C(=O)OCc1ccccc1,-2.0,P452046,Polycarbonates/thiocarbonates,44.41,1.43
*CCN(CCOC(=O)OCc1ccc(COC(=O)O*)cc1)c1ccc(/N=N/c2ccc([N+](=O)[O-])cc2)cc1,138.8,P452049,"Polycarbonates/thiocarbonates, Polyimines",84.65,3.31
*OC1CCCCC1OC(*)=O,117.3,P452050,Polycarbonates/thiocarbonates,44.62,1.55
*Oc1ccc(C(C)(C)c2ccc(OC(=O)OCCCOC(*)=O)cc2)cc1,68.1,P452056,Polycarbonates/thiocarbonates,65.7,2.44
*Oc1ccc(C(C)(C)c2ccc(OC(=O)OCCCCOC(*)=O)cc2)cc1,56.5,P452057,Polycarbonates/thiocarbonates,64.98,2.5
*Oc1ccc(C(C)(C)c2ccc(OC(=O)OCCCCCOC(*)=O)cc2)cc1,49.5,P452058,Polycarbonates/thiocarbonates,63.75,2.3
*Oc1cccc(OC(=O)Oc2ccc(C(C)(C)c3ccc(OC(*)=O)cc3)cc2)c1,83.1,P452059,Polycarbonates/thiocarbonates,92.21,3.38
*Oc1ccc(OC(=O)Oc2ccc(C(C)(C)c3ccc(OC(*)=O)cc3)cc2)cc1,97.0,P452060,Polycarbonates/thiocarbonates,96.72,3.38
*Oc1ccc(C(C)(C)c2ccc(OC(=O)Oc3ccc(Cc4ccc(OC(*)=O)cc4)cc3)cc2)cc1,107.8,P452061,Polycarbonates/thiocarbonates,101.34,4.68
*CCCCOC(=O)OCC1CCC(COC(=O)O*)CC1,13.0,P452062,Polycarbonates/thiocarbonates,31.29,0.68
*Oc1ccc(C(C)(C)c2ccc(OC(=O)OCC3CCC(COC(*)=O)CC3)cc2)cc1,90.4,P452063,Polycarbonates/thiocarbonates,72.21,2.79
*Oc1ccc(Cc2ccc(OC(=O)OCC3CCC(COC(*)=O)CC3)cc2)cc1,56.9,P452064,Polycarbonates/thiocarbonates,69.45,2.69
*OC(COC(*)=O)COc1ccccc1,45.0,P452065,Polycarbonates/thiocarbonates,49.92,1.87
*OC(COC(*)=O)COC(C)(C)C,18.0,P452066,Polycarbonates/thiocarbonates,28.45,0.79
*OC(COCCCC)COC(*)=O,-22.0,P452067,Polycarbonates/thiocarbonates,21.48,0.48
*OC(COCCOC)COC(*)=O,-50.0,P452068,Polycarbonates/thiocarbonates,19.37,0.32
*C(=O)c1ccc2nc(-c3ccc(-c4nc5ccc(*)cc5nc4-c4ccccc4)cc3)c(-c3ccccc3)nc2c1,325.0,P460001,"Polyimines, Polyketones/thioketones",177.09,8.76
*c1ccc(Nc2nc(Nc3ccc(-c4nc5cc(-c6ccc7[nH]c(*)nc7c6)ccc5[nH]4)cc3)nc(N(c3ccccc3)c3ccccc3)n2)cc1,329.0,P460005,Polyimines,197.86,9.15
*c1ccc(-c2nc(-c3cccc(-c4nnc(-c5ccccc5)c(*)n4)n3)nnc2-c2ccccc2)cc1,260.0,P460007,Polyimines,163.14,6.98
*c1ccc(Cc2ccc(-c3nc(-c4cccc(-c5nnc(-c6ccccc6)c(*)n5)n4)nnc3-c3ccccc3)cc2)cc1,205.0,P460008,Polyimines,170.77,7.45
*CCCc1nc2cc(-c3ccc4[nH]c(*)nc4c3)ccc2[nH]1,275.0,P460013,Polyimines,123.17,5.27
*CCCCCCCCc1nc2cc(-c3ccc4[nH]c(*)nc4c3)ccc2[nH]1,234.0,P460014,Polyimines,117.49,4.51
*CCCCCNc1nc(NCCCCCc2nc3cc(-c4ccc5[nH]c(*)nc5c4)ccc3[nH]2)nc(N(CC)CC)n1,190.0,P460015,Polyimines,109.17,5.2
*c1cnc(C2C(c3ccccc3)C(*)C2c2ccccc2)cn1,150.0,P460027,Polyimines,88.45,4.04
*N=P(*)(Oc1cccc(Cl)c1)Oc1cccc(Cl)c1,-24.0,P460038,"Polyphosphazenes, Polyimines",64.22,2.27
*N=P(*)(Oc1ccc(CC)cc1)Oc1ccc(CC)cc1,-12.5,P460039,"Polyphosphazenes, Polyimines",57.5,2.35
*c1ccc(-c2ccc(-c3cc(-c4ccccc4)c4cc5c(-c6ccccc6)cc(*)nc5cc4n3)cc2)cc1,392.0,P460040,Polyimines,193.66,8.62
*c1ccc(-c2ccc(-c3cc(-c4ccccc4)c4cc5nc(*)cc(-c6ccccc6)c5cc4n3)cc2)cc1,383.0,P460041,Polyimines,194.63,8.04
*c1ccc(*)[nH]1,103.0,P460049,Polyimines,57.6,2.37
*N=P(*)(OCCOCCOCCOC)OCCOCCOCCOC,-8.0,P460050,"Polyphosphazenes, Polyimines",7.25,0.1
*N=P(*)(OCCOCCOCCOCCOC)OCCOCCOCCOCCOC,-80.0,P460051,"Polyphosphazenes, Polyimines",5.0,0.1
*N=P(*)(OCCOCCOCCOCCOCCOC)OCCOCCOCCOCCOCCOC,-79.0,P460052,"Polyphosphazenes, Polyimines",5.0,0.1
*N=P(*)(OCCOCCOCCOCCOCCOCCOC)OCCOCCOCCOCCOCCOCCOC,-76.0,P460053,"Polyphosphazenes, Polyimines",5.0,0.1
*N=P(*)(OCCOCCOCCOCCOCCOCCOCCOCCOC)OCCOCCOCCOCCOCCOCCOCCOCCOC,-75.0,P460054,"Polyphosphazenes, Polyimines",5.0,0.1
*N=P(*)(OCC(COC)OC)OCC(COC)OC,-79.0,P460055,"Polyphosphazenes, Polyimines",12.22,0.1
*Nc1ccc(*)cc1,75.3,P460064,Polyimines,59.95,2.03
*Nc1ccc(*)cc1C,-71.4,P460065,Polyimines,45.14,1.45
*CCN(*)CC[Si](C)(C)C,-64.8,P460068,Polyimines,18.67,0.45
*c1ccc2[nH]c(*)nc2c1,398.0,P460120,Polyimines,101.39,4.52
*N=P(*)(OCC(COCCOC)OCCOC)OCC(COCCOC)OCCOC,-81.0,P460129,"Polyphosphazenes, Polyimines",5.0,0.1
*N=P(*)(OCC(COCCOCCOC)OCCOCCOC)OCC(COCCOCCOC)OCCOCCOC,-81.0,P460130,"Polyphosphazenes, Polyimines",5.0,0.1
*N=P(*)(OCC(COCCOCCCC)OCCOCCCC)OCC(COCCOCCCC)OCCOCCCC,-86.0,P460132,"Polyphosphazenes, Polyimines",5.0,0.1
*N=P(*)(OCC(COCCOC(C)C)OCCOC(C)C)OCC(COCCOC(C)C)OCCOC(C)C,-77.0,P460133,"Polyphosphazenes, Polyimines",5.0,0.1
*c1ccc(Cc2ccc(-n3nc(-c4ccccc4)cc3-c3cccc(-c4cc(-c5ccccc5)nn4*)c3)cc2)cc1,225.0,P460138,Polyimines,184.57,7.34
*c1ccc(Cc2ccc(-n3nc(-c4ccccc4)cc3-c3ccc(-c4cc(-c5ccccc5)nn4*)cc3)cc2)cc1,252.0,P460139,Polyimines,176.42,7.2
*c1ccc(S(=O)(=O)c2ccc(-n3nccc3-c3ccc(-c4ccnn4*)cc3)cc2)cc1,266.0,P460140,"Polyimines, Polysulfones/sulfoxides/sufonates/sulfoamides",144.16,6.01
*c1ccc(Cc2ccc(-n3nccc3-c3ccc(-c4ccnn4*)cc3)cc2)cc1,202.0,P460141,Polyimines,137.16,5.65
*c1ccc(S(=O)(=O)c2ccc(-n3nccc3-c3cccc(-c4ccnn4*)c3)cc2)cc1,218.0,P460142,"Polyimines, Polysulfones/sulfoxides/sufonates/sulfoamides",137.21,5.8
*c1ccc(Cc2ccc(-n3nccc3-c3cccc(-c4ccnn4*)c3)cc2)cc1,212.0,P460143,Polyimines,147.86,6.08
*=Cc1cc(OCCCCCCCC)c(/C=N/c2ccc(N=*)cc2)cc1OCCCCCCCC,32.7,P460146,Polyimines,49.38,1.8
*Nc1ccc(*)cc1OC,90.0,P460166,Polyimines,57.83,2.36
*N=P(*)(OC1COCCOCCOCCOCCOC1)OC1COCCOCCOCCOCCOC1,-3.85,P460170,"Polyphosphazenes, Polyimines",50.94,0.76
*N=P(*)(OCCCOC1COCCOCCOCCOCCOC1)OCCCOC1COCCOCCOCCOCCOC1,-19.6,P460171,"Polyphosphazenes, Polyimines",34.75,0.32
*N=P(*)(OCCCCCCOC1COCCOCCOCCOCCOC1)OCCCCCCOC1COCCOCCOCCOCCOC1,-26.1,P460172,"Polyphosphazenes, Polyimines",29.72,0.1
*N=P(*)(Oc1ccc(C(C)(C)C)cc1)Oc1ccc(C(C)(C)C)cc1,57.0,P460178,"Polyphosphazenes, Polyimines",70.08,2.82
*N(C)[Si](*)(C)C=C,-20.0,P460179,"Polyimines, Polysiloxanes/silanes",28.42,0.85
*N(C)[Si](*)(C)C,-20.0,P460180,"Polyimines, Polysiloxanes/silanes",29.37,0.92
*N(C)[Si](C)(C)N(C)[Si](*)(C)CC,-20.0,P460181,"Polyimines, Polysiloxanes/silanes",31.09,0.68
*N(CCC)[Si](C)(C)C[Si](*)(C)C,-20.0,P460182,"Polyimines, Polysiloxanes/silanes",30.11,0.6
*N(C)[Si](C)(C=C)N(C)[Si](*)(C)C,-42.0,P460183,"Polyimines, Polysiloxanes/silanes",28.79,0.58
*CC(O)CN(*)c1ccccc1,78.5,P460184,Polyimines,57.18,1.87
*N=P(N=P(N=S(*)(=O)NC)(NC)NC)(NC)NC,22.0,P460185,"Polyphosphazenes, Polyimines, Polysulfones/sulfoxides/sufonates/sulfoamides",33.69,0.8
*N=P(N=P(N=S(*)(=O)Nc1ccccc1)(Nc1ccccc1)Nc1ccccc1)(Nc1ccccc1)Nc1ccccc1,82.0,P460186,"Polyphosphazenes, Polyimines, Polysulfones/sulfoxides/sufonates/sulfoamides",121.54,4.67
*N=P(N=P(N=S(*)(=O)NCC)(NCC)NCC)(NCC)NCC,4.0,P460187,"Polyphosphazenes, Polyimines, Polysulfones/sulfoxides/sufonates/sulfoamides",24.44,0.45
*N=P(N=P(N=S(*)(=O)NCCC)(NCCC)NCCC)(NCCC)NCCC,6.0,P460188,"Polyphosphazenes, Polyimines, Polysulfones/sulfoxides/sufonates/sulfoamides",18.0,0.18
*N=P(N=P(N=S(*)(=O)NCCCC)(NCCCC)NCCCC)(NCCCC)NCCCC,-16.0,P460189,"Polyphosphazenes, Polyimines, Polysulfones/sulfoxides/sufonates/sulfoamides",10.39,0.1
*N=P(N=P(N=S(*)(=O)NCCCCCC)(NCCCCCC)NCCCCCC)(NCCCCCC)NCCCCCC,-18.0,P460190,"Polyphosphazenes, Polyimines, Polysulfones/sulfoxides/sufonates/sulfoamides",5.0,0.1
*N=P(N=P(N=S(*)(=O)NCC=C)(NCC=C)NCC=C)(NCC=C)NCC=C,-18.0,P460191,"Polyphosphazenes, Polyimines, Polysulfones/sulfoxides/sufonates/sulfoamides",15.78,0.1
*N=P(*)(OCCOCCOCCOCCOCCCCCCCCCCCC)OCCOCCOCCOCCOCCCCCCCCCCCC,-53.6,P460210,"Polyphosphazenes, Polyimines",5.0,0.1
*N=P(*)(NCCCC)NCCCC,27.0,P460213,"Polyphosphazenes, Polyimines",26.83,0.8
*N=P(*)(Oc1ccc(Cc2ccccc2)cc1)Oc1ccc(Cc2ccccc2)cc1,13.3,P460217,"Polyphosphazenes, Polyimines",94.41,3.5
*CCN(*)C(=O)C12CC3CC(CC(C3)C1)C2,123.0,P460219,Polyimines,42.88,1.6
*CCN(*)C(=O)CC12CC3CC(CC(C3)C1)C2,139.0,P460220,Polyimines,45.86,1.47
*N=P(*)(Oc1ccc(Br)cc1)Oc1ccc(Br)cc1,20.65,P460221,"Polyphosphazenes, Polyimines",74.2,2.39
*c1ccc(-c2ccc(-c3cc(-c4ccccc4)c4cc(-c5ccc6nc(*)cc(-c7ccccc7)c6c5)ccc4n3)cc2)cc1,360.0,P460222,Polyimines,206.92,8.98
*N=P(*)(OCCOc1ccc(/N=N/c2ccc(CCCC)cc2)cc1)OCCOc1ccc(/N=N/c2ccc(CCCC)cc2)cc1,80.0,P460223,"Polyphosphazenes, Polyimines",84.9,3.72
*N=P(*)(Oc1ccc(OC)cc1)Oc1ccc(OC)cc1,11.3,P460225,"Polyphosphazenes, Polyimines",63.77,2.49
*N=P(*)(Oc1cccc(F)c1)Oc1cccc(F)c1,-38.0,P460226,"Polyphosphazenes, Polyimines",60.05,2.13
*N=P(*)(Oc1cccc(Br)c1)Oc1cccc(Br)c1,-2.5,P460227,"Polyphosphazenes, Polyimines",72.99,2.25
*N=P(*)(C)c1ccccc1,37.0,P460229,"Polyphosphazenes, Polyimines",54.56,2.1
*N=P(*)(CC)c1ccccc1,20.0,P460230,"Polyphosphazenes, Polyimines",48.64,1.92
*c1cccc(-c2nc3cc(-c4ccc5[nH]c(*)nc5c4)ccc3[nH]2)c1,410.0,P460240,Polyimines,154.79,7.5
*N=P(*)(NCCC)NCCC,-14.5,P460242,"Polyphosphazenes, Polyimines",24.66,0.67
*c1ccc(-c2ccc3nc(*)cc(-c4ccccc4)c3c2)cc1,383.0,P460245,Polyimines,140.84,5.79
*c1ccc(-c2nc3ccc(-c4ccc5nc(*)c(-c6ccccc6)nc5c4)cc3nc2-c2ccccc2)cc1,354.5,P460246,Polyimines,185.03,8.11
*c1ccc(-c2c(-c3ccccc3)nc3ccc(-c4ccc5nc(-c6ccccc6)c(*)c(-c6ccccc6)c5c4)cc3c2-c2ccccc2)cc1,370.0,P460247,Polyimines,207.54,9.71
*c1ccc(-c2ccc(-c3c(-c4ccccc4)nc4ccc(-c5ccc6nc(-c7ccccc7)c(*)c(-c7ccccc7)c6c5)cc4c3-c3ccccc3)cc2)cc1,405.0,P460248,Polyimines,265.86,11.03
*c1ccc(C2(c3ccc(-c4cc(-c5ccccc5)c5cc(C6(c7ccc8nc(*)cc(-c9ccccc9)c8c7)c7ccccc7-c7ccccc76)ccc5n4)cc3)c3ccccc3-c3ccccc32)cc1,390.0,P460249,Polyimines,275.05,12.33
*c1ccc(C2(c3ccc(-c4cc(-c5ccccc5)c5cc(C6(c7ccc8nc(*)cc(-c9ccccc9)c8c7)c7ccccc7-c7ccccc76)ccc5n4)cc3)c3ccccc3C(=O)c3ccccc32)cc1,385.0,P460250,"Polyimines, Polyketones/thioketones",279.94,12.75
*c1ccc(C2(c3ccc(-c4cc(-c5ccccc5)c5cc(C6(c7ccc8nc(*)cc(-c9ccccc9)c8c7)c7ccccc7C(=O)c7ccccc76)ccc5n4)cc3)c3ccccc3-c3ccccc32)cc1,405.0,P460251,"Polyimines, Polyketones/thioketones",281.95,11.34
*c1ccc(C2(c3ccc(-c4cc(-c5ccccc5)c5cc(C6(c7ccc8nc(*)cc(-c9ccccc9)c8c7)c7ccccc7C(=O)c7ccccc76)ccc5n4)cc3)c3ccccc3C(=O)c3ccccc32)cc1,390.0,P460252,"Polyimines, Polyketones/thioketones",305.05,12.67
*c1ccc(C2(c3ccc(-c4cc(-c5ccccc5)c5cc(-c6ccc7nc(*)cc(-c8ccccc8)c7c6)ccc5n4)cc3)c3ccccc3-c3ccccc32)cc1,420.0,P460253,Polyimines,264.98,10.23
*c1ccc(C2(c3ccc(-c4cc(-c5ccccc5)c5cc(-c6ccc7nc(*)cc(-c8ccccc8)c7c6)ccc5n4)cc3)c3ccccc3C(=O)c3ccccc32)cc1,417.0,P460254,"Polyimines, Polyketones/thioketones",255.36,10.03
*c1ccc(-c2ccc(-c3cc(-c4ccccc4)c4cc(C5(c6ccc7nc(*)cc(-c8ccccc8)c7c6)c6ccccc6-c6ccccc65)ccc4n3)cc2)cc1,380.0,P460255,Polyimines,225.57,11.34
*c1ccc(-c2ccc(-c3cc(-c4ccccc4)c4cc(C5(c6ccc7nc(*)cc(-c8ccccc8)c7c6)c6ccccc6C(=O)c6ccccc65)ccc4n3)cc2)cc1,350.0,P460256,"Polyimines, Polyketones/thioketones",235.97,9.89
*c1ccc(-c2cc(-c3ccccc3)c3cc(-c4ccc5nc(*)cc(-c6ccccc6)c5c4)ccc3n2)cc1,395.0,P460257,Polyimines,208.27,8.4
*c1ccc(-c2ccc(-c3ccc(-c4cc(-c5ccccc5)c5cc(-c6ccc7nc(*)cc(-c8ccccc8)c7c6)ccc5n4)cc3)cc2)cc1,360.0,P460258,Polyimines,225.41,10.44
*c1ccc(-c2ccc(-c3ccc(-c4ccc(-c5cc(-c6ccccc6)c6cc(-c7ccc8nc(*)cc(-c9ccccc9)c8c7)ccc6n5)cc4)cc3)cc2)cc1,355.0,P460259,Polyimines,239.61,11.14
*c1ccc(-c2nc3ccc(-c4ccc5nc(*)c(-c6ccccc6)c(-c6ccccc6)c5c4)cc3c(-c3ccccc3)c2-c2ccccc2)cc1,400.0,P460260,Polyimines,247.15,10.16
*c1ccc(-c2ccc(-c3nc4ccc(-c5ccc6nc(*)c(-c7ccccc7)c(-c7ccccc7)c6c5)cc4c(-c4ccccc4)c3-c3ccccc3)cc2)cc1,420.0,P460261,Polyimines,266.4,10.1
*c1ccc(-c2ccc(-c3cc(-c4ccc(-c5ccc(Oc6ccccc6)cc5)cc4)c4cc(-c5ccc6nc(*)cc(-c7ccc(-c8ccc(Oc9ccccc9)cc8)cc7)c6c5)ccc4n3)cc2)cc1,374.0,P460262,Polyimines,288.57,12.92
*c1ccc(-c2ccc(-c3cc(-c4ccc(Oc5ccc(-c6ccccc6)cc5)cc4)c4cc(-c5ccc6nc(*)cc(-c7ccc(Oc8ccc(-c9ccccc9)cc8)cc7)c6c5)ccc4n3)cc2)cc1,364.0,P460263,Polyimines,253.16,12.06
*c1ccc(-c2ccc(-c3cc(-c4ccc(Oc5ccc(Oc6ccccc6)cc5)cc4)c4cc(-c5ccc6nc(*)cc(-c7ccc(Oc8ccc(Oc9ccccc9)cc8)cc7)c6c5)ccc4n3)cc2)cc1,355.0,P460264,Polyimines,271.1,12.66
*Nc1cccc2c(N[Se]*)cccc12,53.0,P462003,Polyimines,64.45,2.88
*=CNc1ccc(Cc2ccc(N=*)cc2)cc1,95.5,P462042,Polyimines,73.08,2.64
*=CNc1ccc(CCc2ccc(N=*)cc2)cc1,125.0,P462043,Polyimines,76.78,2.69
*c1[nH]c(*)c(OC)c1OC,-26.0,P462070,Polyimines,43.63,1.56
*c1ccc(N[Se]Nc2ccc(S(*)(=O)=O)cc2)cc1,62.0,P462079,"Polyimines, Polysulfones/sulfoxides/sufonates/sulfoamides",72.44,2.8
*N=P(*)(OCCOCCOc1ccc(CCCCCCCC)cc1)OCCOCCOc1ccc(CCCCCCCC)cc1,-13.3,P462081,"Polyphosphazenes, Polyimines",33.25,1.13
*CCCC(O)CN(CCCC)c1ccc(C#Cc2ccc(S(*)(=O)=O)cc2)cc1,48.0,P462082,"Polyimines, Polysulfones/sulfoxides/sufonates/sulfoamides",70.47,2.18
*N=P(*)(Oc1ccc(I)cc1)Oc1ccc(I)cc1,43.1,P462083,"Polyphosphazenes, Polyimines",83.96,2.63
*N=P(*)(Oc1ccc2cc(I)ccc2c1)Oc1ccc2cc(I)ccc2c1,90.3,P462084,"Polyphosphazenes, Polyimines",116.3,4.68
*N=P(*)(OCCOc1ccc2ccccc2c1)OCCOc1ccc2ccccc2c1,30.6,P462086,"Polyphosphazenes, Polyimines",94.85,3.75
*N=P(*)(OCCOc1ccc2cc(Br)ccc2c1)OCCOc1ccc2cc(Br)ccc2c1,43.5,P462087,"Polyphosphazenes, Polyimines",94.67,3.68
*N=P(*)(OCCOc1ccc2cc(I)ccc2c1)OCCOc1ccc2cc(I)ccc2c1,64.8,P462088,"Polyphosphazenes, Polyimines",106.41,3.91
*N=P(*)(OCCOc1ccc(-c2ccccc2)cc1)OCCOc1ccc(-c2ccccc2)cc1,56.2,P462089,"Polyphosphazenes, Polyimines",97.9,3.53
*N=P(*)(OCCOc1ccc(-c2ccc(Br)cc2)cc1)OCCOc1ccc(-c2ccc(Br)cc2)cc1,89.7,P462090,"Polyphosphazenes, Polyimines",109.97,3.65
*N=P(*)(OCCOc1ccc(-c2ccc(I)cc2)cc1)OCCOc1ccc(-c2ccc(I)cc2)cc1,111.4,P462091,"Polyphosphazenes, Polyimines",105.8,4.39
*N=P(*)(OCCOc1ccc(-c2ccccc2)cc1I)OCCOc1ccc(-c2ccccc2)cc1I,69.5,P462092,"Polyphosphazenes, Polyimines",108.25,3.68
*N=P(*)(Oc1ccc(C(=O)OC)cc1)Oc1ccc(C(=O)OC)cc1,-33.0,P462093,"Polyphosphazenes, Polyimines",66.65,2.11
*c1ccc(N/C=N/c2ccc(S(*)(=O)=O)cc2)cc1,163.0,P462095,"Polyimines, Polysulfones/sulfoxides/sufonates/sulfoamides",75.8,3.17
*N=P(Cl)(Cl)N=P(Cl)(Cl)N=S(*)(=O)F,-56.0,P462098,"Polyphosphazenes, Polyimines, Polysulfones/sulfoxides/sufonates/sulfoamides",38.34,0.57
*N=P(*)(C)CCCC,-51.0,P462103,"Polyphosphazenes, Polyimines",24.0,0.54
*N=P(*)(C)CCCCCC,-69.0,P462104,"Polyphosphazenes, Polyimines",20.08,0.41
*N=P(*)(Oc1ccc(C(C)CC)cc1)Oc1ccc(C(C)CC)cc1,-11.5,P462108,"Polyphosphazenes, Polyimines",61.42,2.33
*=NP(=NP(=NC(=*)Oc1ccccc1)(Oc1ccccc1)Oc1ccccc1)(Oc1ccccc1)Oc1ccccc1,18.0,P462121,"Polyphosphazenes, Polyimines",117.29,4.07
*=NP(=NP(=NC(=*)Oc1ccc(C(C)(C)C)cc1)(Oc1ccc(C(C)(C)C)cc1)Oc1ccc(C(C)(C)C)cc1)(Oc1ccc(C(C)(C)C)cc1)Oc1ccc(C(C)(C)C)cc1,74.0,P462122,"Polyphosphazenes, Polyimines",128.57,5.05
*=NP(=NP(=NC(=*)Oc1ccc(Br)cc1)(Oc1ccc(Br)cc1)Oc1ccc(Br)cc1)(Oc1ccc(Br)cc1)Oc1ccc(Br)cc1,45.0,P462123,"Polyphosphazenes, Polyimines",135.23,4.13
*=NP(=NP(=NC(=*)Oc1ccc(C(C)(C)c2ccccc2)cc1)(Oc1ccc(C(C)(C)c2ccccc2)cc1)Oc1ccc(C(C)(C)c2ccccc2)cc1)(Oc1ccc(C(C)(C)c2ccccc2)cc1)Oc1ccc(C(C)(C)c2ccccc2)cc1,55.0,P462124,"Polyphosphazenes, Polyimines",207.24,8.7
*=NP(=NP(=NC(=*)Oc1ccc(OC)cc1)(Oc1ccc(OC)cc1)Oc1ccc(OC)cc1)(Oc1ccc(OC)cc1)Oc1ccc(OC)cc1,37.0,P462125,"Polyphosphazenes, Polyimines",105.32,4.01
*=NP(=NP(=NC(=*)Oc1ccc(C(=O)OC)cc1)(Oc1ccc(C(=O)OC)cc1)Oc1ccc(C(=O)OC)cc1)(Oc1ccc(C(=O)OC)cc1)Oc1ccc(C(=O)OC)cc1,52.0,P462127,"Polyphosphazenes, Polyimines",123.37,4.76
*=NP(=NP(=NC(=*)Oc1ccc(C(F)(F)F)cc1)(Oc1ccc(C(F)(F)F)cc1)Oc1ccc(C(F)(F)F)cc1)(Oc1ccc(C(F)(F)F)cc1)Oc1ccc(C(F)(F)F)cc1,31.0,P462128,"Polyphosphazenes, Polyimines",118.81,4.15
*=NP(=NP(=NC(=*)Oc1ccccc1C(F)(F)F)(Oc1ccccc1C(F)(F)F)Oc1ccccc1C(F)(F)F)(Oc1ccccc1C(F)(F)F)Oc1ccccc1C(F)(F)F,-20.0,P462129,"Polyphosphazenes, Polyimines",115.02,3.87
*=Nc1ccc(Cc2ccc(NC(=*)C)cc2)cc1,142.0,P462131,Polyimines,81.96,3.12
*=Nc1ccc(Cc2ccc(NC(=*)CC)cc2)cc1,130.0,P462132,Polyimines,79.05,2.82
*=Nc1ccc(Cc2ccc(NC(=*)CCC)cc2)cc1,110.0,P462133,Polyimines,75.01,2.56
*=Nc1ccc(Cc2ccc(NC(=*)CCCC)cc2)cc1,106.0,P462134,Polyimines,70.57,2.73
*=Nc1ccc(Cc2ccc(NC(=*)c3ccccc3)cc2)cc1,158.0,P462135,Polyimines,92.1,4.06
*Nc1ccc(N[Se]*)cc1,55.0,P462143,Polyimines,58.5,1.86
*N=P(*)(OC/C=C/c1ccccc1)OC/C=C/c1ccccc1,1.0,P462151,"Polyphosphazenes, Polyimines",54.68,2.03
*c1ccc(Cc2ccc(N(c3ccc(C)cc3)c3ccc(-c4ccc(N(*)c5ccc(C)cc5)cc4)cc3)cc2)cc1,183.0,P462153,Polyimines,142.22,6.32
*c1ccc(C(c2ccccc2)c2ccc(N(c3ccc(C)cc3)c3ccc(-c4ccc(N(*)c5ccc(C)cc5)cc4)cc3)cc2)cc1,239.0,P462154,Polyimines,183.73,7.38
*N=P(*)(OCC1COCCOCCOCCOCCO1)OCC1COCCOCCOCCOCCO1,-40.0,P462174,"Polyphosphazenes, Polyimines",39.04,0.49
*c1cccc(N/C=C/C(=O)c2cccc(C(=O)/C=C/Nc3cccc(S(*)(=O)=O)c3)c2)c1,215.0,P462184,"Polyimines, Polyketones/thioketones, Polysulfones/sulfoxides/sufonates/sulfoamides",98.74,4.3
*CC(O)C(O)CN(*)c1ccc(N(C)C)cc1,72.0,P462186,Polyimines,52.73,1.98
*CC(O)CCCCC(O)CN(*)c1ccc(N(C)C)cc1,72.0,P462187,Polyimines,47.79,1.55
*/N=N/c1ccc([Te]c2ccc(*)cc2)cc1,300.0,P462194,Polyimines,104.65,3.59
*c1ccc(-c2cc(CCCCCC)c(-c3ccc(-c4ccc5ccc6ccc(*)nc6c5n4)cc3)cc2CCCCCC)cc1,190.0,P462197,Polyimines,137.52,6.2
*N=P(*)(OCCOCCOCCOP1(OCCOCCOC)=NP(OCCOCCOC)(OCCOCCOC)=NP(OCCOCCOC)(OCCOCCOC)=N1)OCCOCCOCCOP1(OCCOCCOC)=NP(OCCOCCOC)(OCCOCCOC)=NP(OCCOCCOC)(OCCOCCOC)=N1,-38.0,P462198,"Polyphosphazenes, Polyimines",5.0,0.1
*N=P(*)(OCC1COCCOCCOCCOCCOCCO1)OCC1COCCOCCOCCOCCOCCO1,-40.0,P462199,"Polyphosphazenes, Polyimines",47.32,0.48
*N=P(*)(CC1COCCOCCOCCO1)OCC1COCCOCCOCCO1,-40.0,P462200,"Polyphosphazenes, Polyimines",34.35,0.59
*c1cn(*)c2ccccc12,65.0,P462203,Polyimines,70.62,2.94
*Nc1cccc2c1C(=O)c1cccc(N[Se]*)c1C2=O,52.0,P462220,"Polyimines, Polyketones/thioketones",80.11,2.64
*c1ccc(-c2ccc(N(c3ccc(OC)cc3)c3ccc4ccc(N(*)c5ccc(OC)cc5)cc4c3)cc2)cc1,232.0,P462229,Polyimines,153.95,6.94
*Nc1cccc(NC(=C(C#N)C#N)c2cccc(C(*)=C(C#N)C#N)c2)c1,278.0,P462233,Polyimines,100.76,4.0
*Nc1ccc(/C=C/c2ccc(NC(=C(C#N)C#N)c3ccc(C(*)=C(C#N)C#N)cc3)cc2)cc1,250.0,P462234,Polyimines,114.05,4.7
*Nc1ccc(C(C)(C)c2cccc(C(C)(C)c3ccc(NC(=C(C#N)C#N)c4ccc(C(*)=C(C#N)C#N)cc4)cc3)c2)cc1,208.0,P462235,Polyimines,131.45,4.5
*CCCCCCCCCCN/C(=N/*)c1ccccc1,10.0,P462242,Polyimines,36.58,1.37
*CCCCCCCCCCN/C(C)=N/*,80.0,P462243,Polyimines,28.38,0.82
*c1ccc(/C=C(\c2ccc(OC)cc2)c2ccc(/C(=C/c3ccc(N(*)c4ccccc4)cc3)c3ccc(OC)cc3)cc2)cc1,197.0,P462247,Polyimines,147.09,6.73
*/C(C#N)=C/c1ccc(N(CC)Cc2ccccc2CN(CC)c2ccc(/C=C(\C#N)S(*)(=O)=O)cc2)cc1,190.0,P462249,"Polyimines, Polysulfones/sulfoxides/sufonates/sulfoamides",97.26,3.69
*c1ccc(-c2ccc(N(*)c3ccc(C)cc3)cc2)cc1,85.0,P462254,Polyimines,82.87,3.88
*c1ccc(-c2ccc(N(*)c3ccc(CCCC)cc3)cc2)cc1,180.0,P462256,Polyimines,95.72,3.8
*/C=C/c1cc(CCCCCCCCCC)c(/C=C/c2ccc(-c3ccc(*)nc3)cn2)cc1CCCCCCCCCC,68.0,P462262,Polyimines,59.9,2.64
*c1ccc(/C=C/c2cc(OCCCCCCCC)c(/C=C/c3ccc(N(*)c4ccccc4)cc3)cc2OCCCCCCCC)cc1,74.0,P462263,Polyimines,79.89,3.19
*c1ccc(C(c2ccccc2)c2ccc(N(*)c3ccc(C)cc3)cc2)cc1,199.0,P462275,Polyimines,114.1,4.96
*c1ccc(C(c2ccc(OCCCC)cc2)c2ccc(N(*)c3ccc(C)cc3)cc2)cc1,170.0,P462276,Polyimines,112.44,5.04
*c1ccc(C(c2ccc(C#N)cc2)c2ccc(N(*)c3ccc(C)cc3)cc2)cc1,230.0,P462277,Polyimines,128.41,5.52
*c1ccc(C(c2ccc(N(*)c3ccc(C)cc3)cc2)c2ccc([N+](=O)[O-])cc2)cc1,215.0,P462278,Polyimines,129.85,4.83
*c1ccc(C(c2ccc(C(=O)OC)cc2)c2ccc(N(*)c3ccc(C)cc3)cc2)cc1,222.0,P462279,Polyimines,128.04,5.2
*/C=C/c1ccc(-c2nnc(-c3ccc(/C=C/c4ccc5c(c4)c4cc(*)ccc4n5CCCCCCCC)cc3)n2-c2ccccc2)cc1,147.0,P462280,Polyimines,169.92,6.02
*/C=C/c1ccc(-c2nnc(-c3ccc(/C=C/c4ccc5c(c4)c4cc(-c6ccc7c(c6)c6cc(*)ccc6n7CCCCCCCC)ccc4n5CCCCCCCC)cc3)n2-c2ccccc2)cc1,157.0,P462281,Polyimines,196.43,8.35
*c1ccc(/C=C/c2cc(OCC(CC)CCCC)c(/C=C/c3ccc(N(*)c4ccccc4)cc3)cc2OC)cc1,147.0,P462282,Polyimines,96.54,4.29
*c1ccc(/C=C(\C#N)c2cc(OCCCCCCCC)c(/C(C#N)=C/c3ccc(N(*)c4ccccc4)cc3)cc2OCCCCCCCC)cc1,78.0,P462283,Polyimines,90.13,3.62
*Nc1ccc(*)cc1OCCCCCCCCCCOc1ccc(C2CCC(CCCCC)CC2)cc1,64.5,P462284,Polyimines,54.06,1.88
*CCN(*)C,-31.0,P462286,Polyimines,25.64,0.75
*c1ccc(-c2ccc(-c3ccc(-c4ccc(N(*)c5ccc(C)cc5)cc4)c4c(C)ccc(C)c34)c3c(C)ccc(C)c23)cc1,148.0,P462301,Polyimines,176.0,6.41
*c1ccc(-c2cc3c(ccc4ccccc43)cc2-c2ccc(N(*)c3ccc(C)cc3)cc2)cc1,126.0,P462302,Polyimines,153.72,6.17
*CCCCCCCCCC[N+](*)(C)C,65.9,P462313,Polyimines,24.68,0.87
*Cc1ccc(C[n+]2ccc(-c3cc[n+](*)cc3)cc2)cc1,95.0,P462317,Polyimines,81.69,3.7
*Cc1cccc(C[n+]2ccc(-c3cc[n+](*)cc3)cc2)c1,128.0,P462318,Polyimines,90.87,3.98
*Cc1ccccc1C[n+]1ccc(-c2cc[n+](*)cc2)cc1,70.5,P462319,Polyimines,79.1,3.79
*CCC1C[N+](C)(C)CC1*,-6.7,P462329,Polyimines,29.02,0.94
*/C(C#N)=C/c1cc(OCC(CC)CCCC)c(/C=C(\C#N)c2ccc3c4ccc(*)cc4n(CC(CC)CCCC)c3c2)cc1OCC(CC)CCCC,72.0,P462340,Polyimines,88.3,3.08
*/C=C/c1ccc(N(c2ccc(/C=C/c3ccc4c5ccc(*)cc5n(CC(CC)CCCC)c4c3)cc2)c2ccc(OCC(CC)CCCC)cc2)cc1,132.0,P462341,Polyimines,118.11,5.21
*/C=C/c1cc(OCC(CC)CCCC)c(/C=C/c2ccc3c4ccc(*)cc4n(CC(CC)CCCC)c3c2)cc1OCC(CC)CCCC,61.0,P462342,Polyimines,90.52,3.17
*c1cccc(-c2nc3cc(-c4ccc5c(c4)nc(*)n5C)ccc3[nH]2)c1,346.66,P462344,Polyimines,165.39,6.2
*c1cc(CCOCCOC)c(*)[nH]1,-43.0,P462361,Polyimines,34.94,1.18
*c1ccc2c(c1)C(CCCCCC)(CCCCCC)c1cc(-c3ccc4c(c3)c3cc(*)ccc3n4-c3ccccc3)ccc1-2,170.0,P462362,Polyimines,136.94,5.68
*c1ccc2c(c1)C(CCCCCC)(CCCCCC)c1cc(-c3ccc4c(c3)c3cc(*)ccc3n4-c3ccc(C)cc3)ccc1-2,155.0,P462363,Polyimines,135.7,5.86
*c1ccc2c(c1)C(CCCCCC)(CCCCCC)c1cc(-c3ccc4c(c3)c3cc(*)ccc3n4-c3ccc(OC)cc3)ccc1-2,174.0,P462364,Polyimines,130.36,6.12
*c1[nH]c2ccccc2c1*,137.0,P462369,Polyimines,86.83,3.05
*Cc1cc(C23CC4CC(CC(C4)C2)C3)cc(CN(*)c2ccccc2)c1O,109.4,P462376,Polyimines,80.87,2.93
*Cc1cc(C23CC4CC(CC(C4)C2)C3)cc(CN(*)C)c1O,188.8,P462377,Polyimines,67.53,2.59
*/C=C/c1ccc2c(c1)C(CCCCCC)(CCCCCC)c1cc(/C=C/c3nc(*)c(C#N)c(/C=C/c4ccc(N(c5ccccc5)c5ccccc5)cc4)c3C#N)ccc1-2,178.0,P462396,Polyimines,127.06,6.06
*/C=C/c1nc(/C=C/c2ccc3c(c2)c2cc(*)ccc2n3CCCCCC)c(C#N)c(/C=C/c2ccc(N(c3ccccc3)c3ccccc3)cc2)c1C#N,134.0,P462397,Polyimines,149.02,6.0
*/C=C/c1cc(CCCCCCCCCCCCCCCC)c(/C=C/c2nc(*)c(C#N)c(/C=C/c3ccc(N(c4ccccc4)c4ccccc4)cc3)c2C#N)cc1CCCCCCCCCCCCCCCC,165.0,P462398,Polyimines,94.55,3.75
*Nc1ccc(*)cc1OCCCCCCCCCC,77.0,P462405,Polyimines,40.76,1.72
*Nc1ccc(*)cc1OCCCCCCCCCCCC,87.0,P462406,Polyimines,41.88,1.66
*Nc1ccc(*)cc1OCCCCCCCCCCCCCCCC,92.0,P462407,Polyimines,35.51,1.39
*O[Si](C)(C)CCC/N=C1\C=C/C(=N/CCC[Si](*)(C)C)c2c(O)ccc(O)c21,32.9,P462425,"Polyimines, Polysiloxanes/silanes",45.54,1.59
*O[Si](C)(C)CCC/N=C1\c2ccccc2/C(=N\CCC[Si](*)(C)C)c2c(O)ccc(O)c21,7.5,P462426,"Polyimines, Polysiloxanes/silanes",61.66,2.06
*=Nc1ccc(/N=C(\c2ccccc2)c2ccc(C(=*)c3ccccc3)cc2)cc1,179.0,P462428,Polyimines,109.97,4.92
*=Nc1cccc(/N=C(\c2ccccc2)c2ccc(C(=*)c3ccccc3)cc2)c1,179.0,P462429,Polyimines,118.45,4.49
*=Nc1ccc(/N=C(/C=C/C(=*)c2ccccc2)c2ccccc2)cc1,157.0,P462431,Polyimines,101.99,4.11
*=Nc1cccc(/N=C(/C=C/C(=*)c2ccccc2)c2ccccc2)c1,178.0,P462432,Polyimines,102.01,3.66
*c1ccc(C(c2ccc(-c3nc4ccc(-c5ccc6nc(*)[nH]c6c5)cc4[nH]3)cc2)(C(F)(F)F)C(F)(F)F)cc1,269.0,P462435,Polyimines,153.65,7.23
*O[Si](C)(C)CCC/N=C1\C=C(O)/C(=N\CCC[Si](*)(C)C)C=C1O,70.34,P462436,"Polyimines, Polysiloxanes/silanes",39.77,0.84
*/N=N/c1ccc(Nc2ccc(C(=O)c3ccc(Nc4ccc(*)cc4)cc3)cc2)cc1,216.42,P462438,"Polyimines, Polyketones/thioketones",110.43,4.73
*Nc1ccc(C(=O)c2ccc(Nc3ccc4c(c3)c3cc(*)ccc3n4CC(CC)CCCC)cc2)cc1,236.055,P462439,"Polyimines, Polyketones/thioketones",137.16,6.03
*CC(O)CN(CC(O)CN(*)c1ccccc1)c1ccc(/N=N/c2ccc([N+](=O)[O-])cc2)cc1,70.0,P462441,Polyimines,81.12,3.4
*CC(O)CN(*)c1ccc(/N=N/c2ccc(C(=O)O)cc2)cc1,99.0,P462443,Polyimines,63.89,2.84
*CCN(*)C(=O)C1(c2ccc(Cl)cc2)CCC1,112.0,P462446,Polyimines,64.78,1.97
*CCN(*)C(=O)Cc1ccc(C(F)(F)F)cc1,75.0,P462447,Polyimines,58.76,2.15
*CCN(*)C(=O)CSC,39.0,P462448,Polyimines,33.27,1.01
*CCN(*)C(=O)C(OC)(c1ccccc1)C(F)(F)F,89.0,P462449,Polyimines,57.5,2.13
*CCN(*)C(=O)c1ccc(SC(F)(F)F)cc1,100.0,P462450,Polyimines,61.39,2.14
*C#CC#Cc1cc(C(C)(C)C)cc2c3cc(C(C)(C)C)cc(*)c3n(CCCCCCCCCCCCCCCC)c12,67.0,P462454,Polyimines,81.89,3.18
*C#Cc1cc(C(C)(C)C)cc2c3cc(C(C)(C)C)cc(*)c3n(CCCCCCCCCCCCCCCC)c12,80.0,P462455,Polyimines,78.61,3.02
*O[Si](C)(C)CCC/N=C/c1cc(Cc2ccc(O)c(/C=N/CCC[Si](*)(C)C)c2)ccc1O,-51.625,P462457,"Polyimines, Polysiloxanes/silanes",56.95,1.54
*CCN(*)C(=O)c1ccccc1F,109.0,P462458,Polyimines,58.45,2.32
*CCN(*)C(=O)c1cccc(F)c1,97.0,P462459,Polyimines,62.27,1.99
*CCN(*)C(=O)c1ccc(F)cc1,104.0,P462460,Polyimines,61.19,2.38
*CCN(*)C(=O)c1cc(F)cc(F)c1,106.0,P462461,Polyimines,58.54,2.25
*CCN(*)C(=O)c1c(F)cccc1F,121.5,P462462,Polyimines,63.35,2.04
*CCN(*)C(=O)c1ccc(F)c(F)c1,101.0,P462463,Polyimines,57.85,2.15
*CCN(*)C(=O)c1cccc(F)c1F,110.0,P462464,Polyimines,60.79,2.33
*CCN(*)C(=O)c1cc(F)ccc1F,112.0,P462465,Polyimines,62.8,2.23
*CCN(*)C(=O)c1ccc(F)cc1F,108.0,P462466,Polyimines,63.76,2.4
*CCN(*)C(=O)c1c(F)cc(F)cc1F,135.0,P462467,Polyimines,56.37,2.19
*CCN(*)C(=O)c1cc(F)c(F)cc1F,105.0,P462468,Polyimines,58.39,2.23
*CCN(*)C(=O)c1c(F)ccc(F)c1F,124.0,P462469,Polyimines,67.22,2.44
*CCN(*)C(=O)c1cc(F)cc(F)c1F,110.0,P462470,Polyimines,64.37,2.21
*CCN(*)C(=O)c1ccc(F)c(F)c1F,102.0,P462471,Polyimines,60.81,2.37
*CCN(*)C(=O)c1cc(F)c(F)c(F)c1,65.0,P462472,Polyimines,53.93,1.87
*CCN(*)C(=O)c1cc(F)c(F)c(F)c1F,97.0,P462473,Polyimines,64.92,2.3
*CCN(*)C(=O)c1c(F)cc(F)c(F)c1F,122.0,P462474,Polyimines,56.4,2.24
*CCN(*)C(=O)c1c(F)c(F)cc(F)c1F,122.0,P462475,Polyimines,63.36,2.2
*CCN(*)C(=O)c1c(F)c(F)c(F)c(F)c1F,136.0,P462476,Polyimines,62.96,2.22
*Nc1ccc(-c2ccc(Nc3ccc4c(c3)c3cc(*)ccc3n4CC(CC)CCCC)cc2)cc1,231.0,P462484,Polyimines,119.14,6.13
*Nc1ccc(C(=O)c2ccc(C(=O)c3ccc(Nc4ccc5c(c4)c4cc(*)ccc4n5CC(CC)CCCC)cc3)cc2)cc1,213.0,P462485,"Polyimines, Polyketones/thioketones",136.25,6.23
*/N=N/c1ccc(Nc2ccc(C(=O)c3ccc(C(=O)c4ccc(Nc5ccc(*)cc5)cc4)cc3)cc2)cc1,203.0,P462486,"Polyimines, Polyketones/thioketones",122.43,6.03
*Nc1ccc(C(C)(C)c2cccc(C(C)(C)c3ccc(Nc4ccc(C(=O)c5ccc(C(=O)c6ccc(*)cc6)cc5)cc4)cc3)c2)cc1,177.0,P462487,"Polyimines, Polyketones/thioketones",152.69,6.66
*Nc1ccc(Nc2ccc(C(=O)c3ccc(C(=O)c4ccc(*)cc4)cc3)cc2)cc1,203.5,P462488,"Polyimines, Polyketones/thioketones",104.77,4.6
*Nc1ccc(C(C)(C)c2ccc(C(C)(C)c3ccc(Nc4ccc(C(O)(c5ccccc5)c5ccc(C(O)(c6ccccc6)c6ccc(*)cc6)cc5)cc4)cc3)cc2)cc1,177.0,P462489,Polyimines,169.43,7.76
*Nc1ccc(C(C)(C)c2ccc(C(C)(C)c3ccc(Nc4ccc(C(=O)c5ccc(C(=O)c6ccc(*)cc6)cc5)cc4)cc3)cc2)cc1,157.0,P462490,"Polyimines, Polyketones/thioketones",156.05,5.97
*Nc1ccc(Nc2ccc(C(O)(c3ccccc3)c3ccc(C(O)(c4ccccc4)c4ccc(*)cc4)cc3)cc2)cc1,200.0,P462491,Polyimines,155.65,6.17
*CCCCCCN(C)c1ccc(C(=O)c2ccc(N(*)C)cc2)cc1,75.5,P462492,"Polyimines, Polyketones/thioketones",58.68,2.32
*CCCN(C)c1ccc(C(=O)c2ccc(N(*)C)cc2)cc1,101.0,P462493,"Polyimines, Polyketones/thioketones",70.97,3.01
*CCCCCCCCN(C)c1ccc(C(=O)c2ccc(N(*)C)cc2)cc1,50.0,P462494,"Polyimines, Polyketones/thioketones",56.15,2.08
*c1ccc(-c2ccc3c(c2)C(CCCCCCCC)(CCCCCCCC)c2cc(-c4ccc(N(*)c5ccc(N(c6ccc(C(C)(C)c7ccccc7)cc6)c6ccc(C(C)(C)c7ccccc7)cc6)cc5)cc4)ccc2-3)cc1,137.0,P462495,Polyimines,178.74,7.74
*/C=C/c1ccc2c3ccc(*)cc3n(-c3ccc(OCCCCCCCCCC)c(OCCCCCCCCCC)c3)c2c1,95.0,P462496,Polyimines,80.88,3.4
*CC(CC)N(*)C(=O)CCCC,52.0,P462501,Polyimines,33.19,0.87
*CCN(*)CC,-32.0,P462510,Polyimines,22.59,0.65
*CCN(*)Cc1ccccc1,-16.0,P462512,Polyimines,44.54,1.63
*CCCN(*)C,-37.5,P462513,Polyimines,22.41,0.64
*CCN(*)CCOCCOC,16.0,P462532,Polyimines,20.84,0.67
*c1ccc(-c2ccc(N(*)c3ccc(C(F)(F)F)cc3)cc2)cc1,225.0,P462535,Polyimines,107.74,4.62
*c1ccc(-c2ccc(N(*)c3cc(C(F)(F)F)cc(C(F)(F)F)c3)cc2)cc1,209.0,P462536,Polyimines,107.03,4.37
*c1ccc([Si](c2ccccc2)(c2ccccc2)c2ccc(-c3ccc4c(c3)c3cc(*)ccc3n4CCCCCC#N)cc2)cc1,165.0,P462541,"Polyimines, Polysiloxanes/silanes",154.18,6.69
*CC(O)CN(*)c1ccc(/N=N/c2ccc(Cl)cc2)cc1,160.0,P462544,Polyimines,79.08,3.0
*CC(O)CN(*)c1ccc(/N=N/c2ccc([N+](=O)[O-])cc2C)cc1,156.0,P462546,Polyimines,72.71,3.12
*CC(O)CN(*)c1cc(C)c(/N=N/c2ccc(Cl)cc2)c(C)c1,150.0,P462547,Polyimines,76.8,3.08
*CC(O)CN(*)c1cc(C)c(/N=N/c2ccc(C#N)cc2)c(C)c1,150.0,P462548,Polyimines,84.31,3.08
*CC(O)CN(*)c1cc(C)c(/N=N/c2ccc([N+](=O)[O-])cc2)c(C)c1,152.0,P462549,Polyimines,79.8,3.09
*CC(O)CN(*)c1cc(C)c(/N=N/c2ccc([N+](=O)[O-])cc2C)c(C)c1,149.0,P462550,Polyimines,72.5,3.15
*CC(O)CN(*)c1cc(C)cc(C)c1,80.0,P462551,Polyimines,54.29,1.81
*c1ccc(Nc2ccc(Nc3ccc(S(*)(=O)=O)cc3)cc2)cc1,145.0,P462552,"Polyimines, Polysulfones/sulfoxides/sufonates/sulfoamides",102.31,4.26
*c1ccc(Nc2cccc(Nc3ccc(S(*)(=O)=O)cc3)c2)cc1,145.0,P462553,"Polyimines, Polysulfones/sulfoxides/sufonates/sulfoamides",100.99,3.71
*c1ccc(Nc2ccc(C(c3ccc(Nc4ccc(S(*)(=O)=O)cc4)cc3)(C(F)(F)F)C(F)(F)F)cc2)cc1,145.0,P462554,"Polyimines, Polysulfones/sulfoxides/sufonates/sulfoamides",122.79,4.76
*c1ccc(Nc2c(F)c(F)c(-c3c(F)c(F)c(Nc4ccc(S(*)(=O)=O)cc4)c(F)c3F)c(F)c2F)cc1,332.0,P462555,"Polyimines, Polysulfones/sulfoxides/sufonates/sulfoamides",132.26,5.32
*c1ccc(Nc2ccc(C3(c4ccc(Nc5ccc(S(*)(=O)=O)cc5)cc4)c4ccccc4-c4ccccc43)cc2)cc1,221.0,P462556,"Polyimines, Polysulfones/sulfoxides/sufonates/sulfoamides",143.75,6.64
*c1ccc(Nc2ccc(C3(c4ccc(Nc5ccc(S(*)(=O)=O)cc5)c(F)c4)c4ccccc4-c4ccccc43)cc2F)cc1,145.0,P462557,"Polyimines, Polysulfones/sulfoxides/sufonates/sulfoamides",153.34,6.31
*c1ccc(Nc2ccc(C3(c4ccc(Nc5ccc(S(*)(=O)=O)cc5)c(C)c4)c4ccccc4-c4ccccc43)cc2C)cc1,269.0,P462558,"Polyimines, Polysulfones/sulfoxides/sufonates/sulfoamides",160.86,7.14
*CCN(*)C(=O)C1CC1,77.0,P462570,Polyimines,34.95,1.3
*O[Si](C)(CCC(F)(F)F)O[Si](C)(CCC(F)(F)F)O[Si](C)(CCC(F)(F)F)CCC(F)(F)C(F)(F)C(F)(F)C(F)(F)C(F)(F)C(F)(F)CC[Si](*)(C)CCC(F)(F)F,-43.0,P470005,Polysiloxanes/silanes,25.57,0.1
*O[Si](*)(C)CCCC(=O)O,-29.0,P470023,Polysiloxanes/silanes,23.96,0.61
*O[Si](*)(C)CCCC(=O)OC,-72.0,P470024,Polysiloxanes/silanes,20.87,0.4
*O[Si](*)(C)CCCC(=O)OCC,-82.0,P470025,Polysiloxanes/silanes,19.94,0.27
*O[Si](*)(C)CCCC(=O)OCCCC,-91.0,P470026,Polysiloxanes/silanes,16.2,0.14
*O[Si](*)(C)CCCC(=O)OCCO,-58.0,P470027,Polysiloxanes/silanes,20.7,0.35
*O[Si](*)(C)CCCOc1ccc(C(=O)Oc2ccc(C#N)cc2)cc1,57.0,P470029,Polysiloxanes/silanes,70.38,2.49
*O[Si](*)(C)CCCCOc1ccc(C(=O)Oc2ccc(C#N)cc2)cc1,16.0,P470030,Polysiloxanes/silanes,59.77,2.05
*O[Si](*)(C)CCCCCCOc1ccc(-c2ccc(C#N)cc2)cc1,10.0,P470032,Polysiloxanes/silanes,59.28,2.1
*/C=C/[Si](*)(c1ccccc1)c1ccccc1,-9.0,P470033,Polysiloxanes/silanes,69.06,2.35
*/C=C/[Ge](/C=C/[Si](*)(c1ccccc1)c1ccccc1)(c1ccccc1)c1ccccc1,28.0,P470034,Polysiloxanes/silanes,99.79,4.19
*O[Si](*)(C)CCCCCCOc1ccc(C(=O)Oc2ccc(C#N)cc2)cc1,8.0,P470036,Polysiloxanes/silanes,59.23,1.89
*O[Si](C)(C)CC[Si](*)(C)C,-88.0,P470041,Polysiloxanes/silanes,22.47,0.33
*O[Si](C)(C)CCCCCC[Si](*)(C)C,-90.0,P470042,Polysiloxanes/silanes,16.2,0.15
*O[Si](C)(C)CCCCCCCC[Si](*)(C)C,-88.0,P470043,Polysiloxanes/silanes,13.05,0.1
*O[Si](C)(C)c1cccc([Si](*)(C)C)c1,-48.0,P470044,Polysiloxanes/silanes,41.59,1.45
*O[Si](*)(C)OCCOCCOCCOCCOCCOCCOCCOCCOC,-78.0,P470045,Polysiloxanes/silanes,5.0,0.1
*O[Si](*)(C)C=C,-129.0,P470046,Polysiloxanes/silanes,17.93,0.28
*O[Si](*)(C)C=C,-129.0,P472310,Polysiloxanes/silanes,16.93,0.25
*O[Si](C)(C)CC[Si](C)(C)Oc1c(C)cc(-c2cc(C)c(*)c(C)c2)cc1C,55.0,P470047,Polysiloxanes/silanes,71.62,2.42
*O[Si](C)(C)c1ccc([Si](C)(C)Oc2c(C)cc(-c3cc(C)c(*)c(C)c3)cc2C)cc1,67.0,P470048,Polysiloxanes/silanes,89.16,3.63
*C[Si](*)(C)c1ccccc1,28.0,P470049,Polysiloxanes/silanes,50.14,1.91
*[Si](*)(CCCC)CCCC,-40.5,P470057,Polysiloxanes/silanes,21.62,0.46
*[Si](*)(CCCC)CCCCC,-26.0,P470062,Polysiloxanes/silanes,20.87,0.5
*O[Si](C)(C)[Si](*)(C)C,-119.0,P470070,Polysiloxanes/silanes,19.5,0.31
*O[Si](*)(C)CCC(F)(F)C(F)(F)C(F)(F)C(F)(F)F,-75.0,P470074,Polysiloxanes/silanes,26.63,0.3
*O[Si](*)(C)C1CC2CC1CC2OC(=O)OC(C)(C)C,60.0,P470078,Polysiloxanes/silanes,46.0,1.17
*C[Si](C)(C)[Si](C)(C)[Si](C)(C)[Si](*)(C)C,-68.0,P470082,Polysiloxanes/silanes,28.01,0.43
*C#Cc1cccc(C#C[SiH](*)C)c1,72.0,P470113,Polysiloxanes/silanes,59.01,2.22
*C#Cc1cccc(C#C[SiH2]*)c1,72.0,P470114,Polysiloxanes/silanes,60.11,2.0
*C#Cc1cccc(C#C[SiH](*)c2ccccc2)c1,85.0,P470115,Polysiloxanes/silanes,77.78,2.75
*C#Cc1ccccc1C#C[SiH](*)c1ccccc1,71.0,P470117,Polysiloxanes/silanes,71.45,2.91
*[Si](*)(CCCC)CCCCCC,-40.0,P470121,Polysiloxanes/silanes,18.02,0.37
*O[Si](C)(C)c1ccc([Si](C)(C)O[SiH](*)C)cc1,-65.0,P470126,Polysiloxanes/silanes,40.52,1.13
*O[Si](C)(C=C)O[Si](C)(C)c1ccc([Si](*)(C)C)cc1,-63.0,P470127,Polysiloxanes/silanes,42.63,1.18
*O[Si](C)(C)c1ccc([Si](C)(C)O[SiH](*)CCC(F)(F)F)cc1,-37.0,P470128,Polysiloxanes/silanes,45.11,1.31
*O[Si](C)(CCC(F)(F)C(F)(F)C(F)(F)C(F)(F)C(F)(F)C(F)(F)F)O[Si](C)(C)c1ccc([Si](*)(C)C)cc1,-55.0,P470129,Polysiloxanes/silanes,41.8,0.87
*[Si](*)(C)c1ccccc1,88.0,P470130,Polysiloxanes/silanes,57.94,2.28
*O[Si](*)(C)OCCCCCCCCCCCOc1ccc(C2COC(c3ccc(OC)cc3)OC2)cc1,44.0,P470131,Polysiloxanes/silanes,53.19,1.73
*O[Si](*)(C)OCCCCCCCCCCCOc1ccc(C2COC(c3ccc(OCC(C)CC)cc3)OC2)cc1,30.0,P470132,Polysiloxanes/silanes,49.93,1.79
*Cc1ccccc1[Si](*)(C)C,48.0,P470133,Polysiloxanes/silanes,50.0,1.94
*Cc1ccccc1[Si](*)(C)c1ccccc1,93.8,P470134,Polysiloxanes/silanes,69.36,2.92
*Cc1ccccc1[Si](*)(c1ccccc1)c1ccccc1,122.0,P470135,Polysiloxanes/silanes,88.31,4.16
*Cc1ccccc1C[Si](*)(C)C,75.0,P470141,Polysiloxanes/silanes,58.08,2.13
*C/C=C/C[Si](*)(c1ccccc1)c1ccccc1,34.9,P470142,Polysiloxanes/silanes,67.73,2.65
*C/C=C/C[Si](*)(C=C)C=C,-65.0,P470144,Polysiloxanes/silanes,19.29,0.44
*O[Si](*)(C)CCCCCCOc1ccc(C(=O)Oc2ccc(C#N)cc2C)cc1,45.0,P470145,Polysiloxanes/silanes,61.09,2.39
*[Si](*)(CCCCCC)c1ccccc1,-70.0,P472001,Polysiloxanes/silanes,33.81,1.1
*O[Si](*)(C)CCCOc1ccc(-c2ccc(C#N)cc2)cc1,38.0,P472002,Polysiloxanes/silanes,69.02,2.29
*O[Si](C)(C)O[Si](*)(C)CCCCOc1ccc(-c2ccc(C#N)cc2)cc1,-5.5,P472003,Polysiloxanes/silanes,54.77,2.13
*O[Si](*)(C)c1ccc(C)cc1,-17.0,P472004,Polysiloxanes/silanes,48.84,1.71
*O[Si](*)(C)CCCCCCCCCCC(=O)Oc1ccc(C(=O)Oc2ccc(-c3ccc(OCC(C)CC)cc3)cc2)cc1,26.7,P472006,Polysiloxanes/silanes,72.31,2.74
*[Si](*)(C)CCC(F)(F)F,-3.0,P472007,Polysiloxanes/silanes,29.6,0.82
*O[Si](*)(C)CCCCCCOc1ccc(C(=O)Oc2ccc(C(=O)OCC(C)CC)cc2)cc1,-9.0,P472012,Polysiloxanes/silanes,57.05,1.64
*O[Si](C)(C)O[Si](*)(C)CCCCCCCCOc1ccc(C(=O)Oc2ccc(C#N)cc2C)cc1,-15.0,P472013,Polysiloxanes/silanes,57.04,1.73
*O[Si](*)(C)CCCCCn1c2ccccc2c2ccccc21,7.0,P472014,Polysiloxanes/silanes,71.08,3.04
*O[Si](*)(C)CCCCCCn1c2ccccc2c2ccccc21,-5.0,P472015,Polysiloxanes/silanes,73.0,2.69
*O[Si](*)(C)CCCCCCCCCCCn1c2ccccc2c2ccccc21,-45.0,P472016,Polysiloxanes/silanes,57.27,2.4
*O[Si](*)(C([2H])([2H])[2H])C([2H])([2H])[2H],-125.0,P472023,Polysiloxanes/silanes,21.11,0.33
*O[Si](*)(C)CCCCCCCCCCC(=O)OCCC(F)(F)C(F)(F)C(F)(F)C(F)(F)C(F)(F)C(F)(F)F,-69.0,P472024,Polysiloxanes/silanes,14.1,0.1
*O[Si](*)(C)CCCCCCCCCCC(=O)OCCC(F)(F)C(F)(F)C(F)(F)C(F)(F)C(F)(F)C(F)(F)C(F)(F)C(F)(F)F,-78.0,P472025,Polysiloxanes/silanes,15.37,0.1
*O[Si](*)(C)CCCCC(=O)OCCCCCCCCCCC(F)(F)C(F)(F)C(F)(F)C(F)(F)C(F)(F)C(F)(F)C(F)(F)C(F)(F)F,-78.0,P472026,Polysiloxanes/silanes,12.72,0.1
*O[Si](*)(C)CCCCCCCCCCC(F)(F)C(F)(F)C(F)(F)C(F)(F)C(F)(F)C(F)(F)C(F)(F)C(F)(F)F,-78.0,P472027,Polysiloxanes/silanes,15.56,0.1
*O[Si](*)(C)CCCCC1COC(=O)O1,-23.45,P472028,Polysiloxanes/silanes,25.25,0.58
*O[Si](*)(C)CCCOCC1COC(=O)O1,-25.9,P472029,Polysiloxanes/silanes,22.95,0.52
*CC/C=C/C[Si](*)(C)c1ccccc1,-14.9,P472030,Polysiloxanes/silanes,45.55,1.38
*CCCCC[Si](*)(C)c1ccccc1,-10.4,P472031,Polysiloxanes/silanes,42.54,1.32
*O[Si](C)(C)C#C[Si](C)(C)C#C[Si](C)(C)C#C[Si](C)(C)C#C[Si](C)(C)C#C[Si](C)(C)C#C[Si](*)(C)C,-12.6,P472032,Polysiloxanes/silanes,55.69,0.87
*O[Si](C)(C)C#C[Si](C)(C)C#C[Si](C)(C)C#C[Si](C)(C)C#C[Si](C)(C)C#C[Si](*)(C)C,-16.1,P472033,Polysiloxanes/silanes,47.56,0.8
*O[Si](C)(C)C#C[Si](C)(C)C#C[Si](C)(C)C#C[Si](C)(C)C#C[Si](*)(C)C,-23.0,P472034,Polysiloxanes/silanes,44.04,0.86
*O[Si](*)(C)CCCC,-115.0,P472036,Polysiloxanes/silanes,16.3,0.22
*O[Si](*)(C)CCCCC,-112.0,P472037,Polysiloxanes/silanes,15.69,0.18
*[Si](*)(C)c1ccc(COCCN(CC)c2ccc(/N=N/c3ccc([N+](=O)[O-])cc3)cc2)cc1,152.0,P472038,Polysiloxanes/silanes,97.26,3.59
*O[Si](*)(C)CCCOc1ccc(C(=O)Oc2ccc(-c3ccc(OC(=O)c4cc(OCC(C)CC)c(OCC(C)CC)c(OCC(C)CC)c4)cc3)cc2)cc1,60.0,P472039,Polysiloxanes/silanes,83.79,3.66
*O[Si](*)(C)CCCOc1ccc(C(=O)Oc2ccc(-c3ccc(OC(=O)c4cc(OCCCCC)c(OCCCCC)c(OCCCCC)c4)cc3)cc2)cc1,49.0,P472040,Polysiloxanes/silanes,80.57,3.04
*O[Si](*)(C)CCCOc1ccc(C(=O)Oc2ccc(-c3ccc(OC(=O)c4cc(OCCCCCCCCCCCC)c(OCCCCCCCCCCCC)c(OCCCCCCCCCCCC)c4)cc3)cc2)cc1,48.0,P472041,Polysiloxanes/silanes,57.55,2.2
*O[Si](C=C)(C=C)O[Si](C)(C)c1ccc([Si](*)(C)C)cc1,-71.0,P472043,Polysiloxanes/silanes,41.46,1.11
*O[Si](C)(C=C)O[Si](C)(C=C)O[Si](C)(C)c1ccc([Si](*)(C)C)cc1,-86.0,P472044,Polysiloxanes/silanes,35.08,0.99
*O[Si](*)(C)CCCOc1ccc(C(=O)Oc2ccc(OC)cc2)cc1,37.0,P472056,Polysiloxanes/silanes,67.64,2.28
*O[Si](*)(C)CCCOc1ccc(/N=N/c2ccc(S(=O)(=O)O)cc2)cc1,9.2,P472057,Polysiloxanes/silanes,62.17,2.09
*CCC[Si](*)(C)O[Si](C)(C)CCCOc1ccc(C#N)cc1,-45.5,P472058,Polysiloxanes/silanes,35.64,1.09
*CCC[Si](*)(C)O[Si](C)(C)CCCOc1ccc(-c2ccc(C#N)cc2)cc1,-4.6,P472059,Polysiloxanes/silanes,62.67,1.93
*CCC[Si](*)(C)O[Si](C)(C)CCCOc1ccc(C(=O)Oc2ccc(C#N)cc2)cc1,-19.1,P472060,Polysiloxanes/silanes,58.3,1.77
*CCC[Si](*)(C)O[Si](C)(C)CCCOc1ccc(C(=O)Oc2ccc(-c3ccc(C#N)cc3)cc2)cc1,10.1,P472061,Polysiloxanes/silanes,70.88,2.77
*O[Si](C)(C)O[Si](C)(C)O[SiH](*)O[Si](C)(C)C=C,-68.0,P472062,Polysiloxanes/silanes,21.4,0.25
*O[Si](*)(C)CCCCCCOc1ccc(C(=O)Oc2ccc(OC)cc2)cc1,-2.0,P472067,Polysiloxanes/silanes,58.21,2.05
*O[Si](*)(C)CCCOc1ccc(C(=O)Oc2ccc(OCCCCCC)cc2)cc1,15.0,P472084,Polysiloxanes/silanes,51.25,1.86
*O[Si](*)(C)CCCCCCOc1ccc(C(=O)Oc2ccc(OCCCCCC)cc2)cc1,12.0,P472085,Polysiloxanes/silanes,48.45,1.67
*O[Si](*)(C)CCCOc1ccc(C(=O)Oc2ccc(C(=O)Oc3ccc(OC)cc3)cc2)cc1,38.0,P472093,Polysiloxanes/silanes,82.22,3.19
*O[Si](*)(C)CCCOCCOCCOc1ccc(COc2ccc3cc(C#N)ccc3c2)cc1,30.0,P472094,Polysiloxanes/silanes,65.59,3.07
*O[Si](*)(C)CCCCCCCCCCCOc1ccc(/C=C/c2ccc(OCCCC)cc2)cc1,-33.0,P472095,Polysiloxanes/silanes,37.91,1.52
*O[Si](*)(C)CCCCCCCCCCCOc1ccc(/C=C/c2ccc(OC)cc2)cc1,55.0,P472096,Polysiloxanes/silanes,48.7,2.14
*O[Si](*)(C)CCCCCCCCCCCOc1ccc(/C=C/c2ccc(C#N)cc2)cc1,-55.0,P472097,Polysiloxanes/silanes,43.17,1.42
*O[Si](*)(C)CCCCCOc1ccc(/C=C/c2ccc(OC)cc2)cc1,52.0,P472098,Polysiloxanes/silanes,66.75,2.34
*CC(C[Si](*)(C)C)c1ccccc1,-5.0,P472101,"Polysiloxanes/silanes, Polysiloxanes/silanes",41.44,1.43
*CCC(c1ccccc1)[Si](*)(C)C,27.0,P472102,"Polysiloxanes/silanes, Polysiloxanes/silanes",49.75,1.58
*O[Si](*)(C)CCCCCCOc1ccc(C(=O)Oc2ccc(C(=O)Oc3ccc(C=C(C(=O)OCCCCCCCCC)C(=O)OCCCCCCCCC)cc3)cc2)cc1,-4.0,P472103,Polysiloxanes/silanes,49.02,1.91
*O[Si](*)(C)CCCCCCOc1ccc(C(=O)Oc2ccc(C(=O)Oc3ccc(C=C(C(=O)OCCCCCCCCC)C(=O)OCCCCCCCCC)cc3)cc2)cc1,-4.0,P472311,Polysiloxanes/silanes,57.12,1.66
*O[Si](*)(C)CCc1ccc(O)cc1,39.0,P472104,Polysiloxanes/silanes,50.05,1.9
*O[Si](*)(C)C1CC2CC1C1C3CC(CC3C(=O)OC(C)(C)C)C21,90.0,P472109,Polysiloxanes/silanes,46.41,1.19
*O[Si](*)(c1ccccc1)c1ccc(OC(C)(C)C)cc1,56.0,P472110,Polysiloxanes/silanes,66.28,2.92
*O[Si](*)(CCCOCCOC)CCCOCCOC,-55.0,P472116,Polysiloxanes/silanes,7.85,0.1
*O[Si](*)(CCCOCCOCCOC)CCCOCCOCCOC,-63.4,P472117,Polysiloxanes/silanes,5.0,0.1
*O[Si](*)(CCCOCCOCCOCCOC)CCCOCCOCCOCCOC,-69.2,P472118,Polysiloxanes/silanes,5.0,0.1
*O[Si](*)(CCCOCCOCCOCCOCCOC)CCCOCCOCCOCCOCCOC,-69.8,P472119,Polysiloxanes/silanes,5.0,0.1
*O[Si](*)(CCCOCCOCCOCCOCCOCCOC)CCCOCCOCCOCCOCCOCCOC,-69.7,P472120,Polysiloxanes/silanes,5.0,0.1
*O[Si](*)(CCCOCCOCCOCCOCCOCCOCCOC)CCCOCCOCCOCCOCCOCCOCCOC,-68.9,P472121,Polysiloxanes/silanes,5.0,0.1
*O[Si](*)(CCCOCCOCCOCCOCCOCCOCCOCCOC)CCCOCCOCCOCCOCCOCCOCCOCCOC,-66.4,P472122,Polysiloxanes/silanes,5.0,0.1
*CC(Cc1cccc2ccccc12)C[Si](*)(C)C,17.0,P472123,Polysiloxanes/silanes,66.5,2.48
*CC(Cc1ccc(-c2ccccc2)cc1)C[Si](*)(C)C,28.0,P472124,Polysiloxanes/silanes,61.21,2.39
*CC(C[Si](*)(C)C)c1cccc2ccccc12,39.0,P472125,Polysiloxanes/silanes,62.6,2.8
*O[Si](*)(C)CCCOC(=O)c1cc(OC(=O)c2ccc(OCCOCCOCCOCCOC)cc2)ccc1OC(=O)c1ccc(OCCOCCOCCOCCOC)cc1,-37.0,P472127,Polysiloxanes/silanes,44.71,1.54
*O[Si](*)(C)CCCOC(=O)c1cc(OC(=O)c2ccc(OCCOCCOCCOCCOCCOCCOC)cc2)ccc1OC(=O)c1ccc(OCCOCCOCCOCCOCCOCCOC)cc1,-46.0,P472128,Polysiloxanes/silanes,26.07,0.7
*O[Si](*)(C)CCCCCCOC(=O)c1cc(OC(=O)c2ccc(OCCOCCOCCOCCOCCOCCOC)cc2)ccc1OC(=O)c1ccc(OCCOCCOCCOCCOCCOCCOC)cc1,-50.0,P472129,Polysiloxanes/silanes,23.29,0.62
*O[Si](*)(C)CCCCCCCCCCCOC(=O)c1cc(OC(=O)c2ccc(OCCOCCOCCOCCOCCOCCOCCOCCOC)cc2)ccc1OC(=O)c1ccc(OCCOCCOCCOCCOCCOCCOCCOCCOC)cc1,-56.0,P472130,Polysiloxanes/silanes,5.0,0.1
*O[Si](C)(C)CC[Si](*)(C)O[Si](C)(C)C,-89.0,P472131,Polysiloxanes/silanes,21.68,0.27
*O[Si](*)(CCC)c1ccccc1,40.6,P472134,Polysiloxanes/silanes,53.96,1.8
*O[Si](*)(C)CCCOc1ccc(C(=O)OC2CCC3(C)C(=CCC4C3CCC3(C)C(C(C)CCCC(C)C)CCC43)C2)cc1,73.05,P472149,Polysiloxanes/silanes,57.12,1.66
*O[Si](*)(C)CCCOc1ccc(C(=O)OC2CCC3(C)C(=CCC4C3CCC3(C)C(C(C)CCCC(C)C)CCC43)C2)cc1,73.05,P472312,Polysiloxanes/silanes,54.37,1.54
*O[Si](*)(C)CCCOc1ccc(C(=O)OC2CCC3(C)C(=CCC4C3CCC3(C)C(C(C)CCCC(C)C)CCC43)C2)cc1S(=O)(=O)O[K],112.6,P472150,Polysiloxanes/silanes,60.46,1.53
*O[Si](*)(C)CCCOCCOCCOCCOC,-64.205,P472158,Polysiloxanes/silanes,8.72,0.1
*/C=C/c1ccc(/C=C/[Si](C)(C)c2ccc([Si](*)(C)C)cc2)cc1,90.2,P472161,Polysiloxanes/silanes,73.13,2.99
*/C=C/c1ccc(/C=C/[Si](C)(C)c2ccc([Si](*)(C)C)cc2)cc1,90.2,P472165,Polysiloxanes/silanes,74.34,2.53
*/C=C/c1ccc(/C=C/[Si](C)(C)c2cccc([Si](*)(C)C)c2)cc1,39.2,P472162,Polysiloxanes/silanes,73.59,2.53
*/C=C/c1ccc(/C=C/[Si](C)(C)c2cccc([Si](*)(C)C)c2)cc1,39.2,P472166,Polysiloxanes/silanes,76.44,2.36
*/C=C/c1cccc(/C=C/[Si](C)(C)c2ccc([Si](*)(C)C)cc2)c1,41.7,P472163,Polysiloxanes/silanes,65.82,2.7
*/C=C/c1cccc(/C=C/[Si](C)(C)c2ccc([Si](*)(C)C)cc2)c1,41.7,P472167,Polysiloxanes/silanes,67.98,2.58
*/C=C/c1cccc(/C=C/[Si](C)(C)c2cccc([Si](*)(C)C)c2)c1,28.7,P472164,Polysiloxanes/silanes,64.8,2.46
*/C=C/c1ccc(/C=C/[Si](C)(C)c2ccc([Si](*)(C)C)cc2)cc1,63.0,P472161,Polysiloxanes/silanes,71.24,2.57
*/C=C/c1ccc(/C=C/[Si](C)(C)c2ccc([Si](*)(C)C)cc2)cc1,63.0,P472165,Polysiloxanes/silanes,69.8,2.46
*/C=C/c1ccc(/C=C/[Si](C)(C)c2cccc([Si](*)(C)C)c2)cc1,33.0,P472162,Polysiloxanes/silanes,74.06,2.54
*/C=C/c1ccc(/C=C/[Si](C)(C)c2cccc([Si](*)(C)C)c2)cc1,33.0,P472166,Polysiloxanes/silanes,64.74,2.53
*/C=C/c1cccc(/C=C/[Si](C)(C)c2ccc([Si](*)(C)C)cc2)c1,38.1,P472163,Polysiloxanes/silanes,71.29,2.62
*/C=C/c1cccc(/C=C/[Si](C)(C)c2ccc([Si](*)(C)C)cc2)c1,38.1,P472167,Polysiloxanes/silanes,68.32,2.67
*/C=C/c1ccc(/C=C/[Si](C)(CCC(F)(F)F)c2ccc([Si](*)(C)CCC(F)(F)F)cc2)cc1,52.8,P472169,Polysiloxanes/silanes,74.4,2.47
*/C=C/c1ccc(/C=C/[Si](C)(CCC(F)(F)F)c2ccc([Si](*)(C)CCC(F)(F)F)cc2)cc1,52.8,P472172,Polysiloxanes/silanes,68.22,2.46
*/C=C/c1ccc(/C=C/[Si](C)(CCC(F)(F)F)c2cccc([Si](*)(C)CCC(F)(F)F)c2)cc1,23.4,P472170,Polysiloxanes/silanes,74.95,2.19
*/C=C/c1ccc(/C=C/[Si](C)(CCC(F)(F)F)c2cccc([Si](*)(C)CCC(F)(F)F)c2)cc1,23.4,P472173,Polysiloxanes/silanes,70.74,2.1
*/C=C/c1cccc(/C=C/[Si](C)(CCC(F)(F)F)c2ccc([Si](*)(C)CCC(F)(F)F)cc2)c1,39.2,P472171,Polysiloxanes/silanes,76.72,2.29
*/C=C/c1cccc(/C=C/[Si](C)(CCC(F)(F)F)c2ccc([Si](*)(C)CCC(F)(F)F)cc2)c1,39.2,P472174,Polysiloxanes/silanes,64.71,2.53
*/C=C/c1ccc(/C=C/[Si](C)(CCC(F)(F)F)c2ccc([Si](*)(C)CCC(F)(F)F)cc2)cc1,55.7,P472169,Polysiloxanes/silanes,65.96,2.5
*/C=C/c1ccc(/C=C/[Si](C)(CCC(F)(F)F)c2ccc([Si](*)(C)CCC(F)(F)F)cc2)cc1,55.7,P472172,Polysiloxanes/silanes,72.93,2.19
*/C=C/c1ccc(/C=C/[Si](C)(CCC(F)(F)F)c2cccc([Si](*)(C)CCC(F)(F)F)c2)cc1,23.4,P472170,Polysiloxanes/silanes,69.19,2.23
*/C=C/c1ccc(/C=C/[Si](C)(CCC(F)(F)F)c2cccc([Si](*)(C)CCC(F)(F)F)c2)cc1,23.4,P472173,Polysiloxanes/silanes,73.02,2.06
*/C=C/c1cccc(/C=C/[Si](C)(CCC(F)(F)F)c2ccc([Si](*)(C)CCC(F)(F)F)cc2)c1,34.5,P472171,Polysiloxanes/silanes,70.35,2.35
*/C=C/c1cccc(/C=C/[Si](C)(CCC(F)(F)F)c2ccc([Si](*)(C)CCC(F)(F)F)cc2)c1,34.5,P472174,Polysiloxanes/silanes,63.88,2.11
*/C=C/c1cccc(/C=C/[Si](C)(CCC(F)(F)F)c2cccc([Si](*)(C)CCC(F)(F)F)c2)c1,9.5,P472175,Polysiloxanes/silanes,68.47,2.19
*O[Si](*)(C)OCCOCCOCCOC,-120.1,P472176,Polysiloxanes/silanes,7.66,0.1
*CCC[Si](*)(C[Si](C)(C)c1ccccc1)C[Si](C)(C)c1ccccc1,-36.0,P472185,Polysiloxanes/silanes,55.05,1.93
*CCC[Si](*)(C)C[Si](C)(C)C,-51.0,P472186,Polysiloxanes/silanes,21.32,0.49
*CCC[Si](*)(C)CCC[Si](C)(C)C,-46.0,P472187,Polysiloxanes/silanes,23.13,0.42
*CCC[Si](*)(C)c1cccc(C)c1,-25.0,P472188,Polysiloxanes/silanes,43.19,1.41
*CCC[Si](*)(c1cccc2ccccc12)C1CCCCC1,47.5,P472189,Polysiloxanes/silanes,67.84,2.44
*O[Si](*)(C)CCCCCCCCCCC(=O)Oc1ccc(-c2ccc(OC(=O)c3ccc(OCC)cc3)cc2)cc1,103.4,P472191,Polysiloxanes/silanes,83.6,2.91
*O[Si](*)(C)CCCOc1ccc(C(=O)Oc2ccc(-c3ccc(OC(=O)c4cc(OCC)c(OCC)c(OCC)c4)cc3)cc2)cc1,61.3,P472196,Polysiloxanes/silanes,100.68,4.0
*O[Si](*)(C)CCCOc1ccc(C(=O)Oc2ccc(-c3ccc(OC(=O)c4cc(OCC)cc(OCC)c4)cc3)cc2)cc1,62.8,P472197,Polysiloxanes/silanes,95.1,3.69
*O[Si](*)(C)CCCOc1ccc(C(=O)Oc2ccc(-c3ccc(OC(=O)c4ccc(OCC)cc4)cc3)cc2)cc1,74.6,P472198,Polysiloxanes/silanes,104.15,3.78
*O[Si](c1ccccc1)(c1ccccc1)c1ccc([Si](*)(c2ccccc2)c2ccccc2)cc1,130.0,P472213,Polysiloxanes/silanes,135.88,5.34
*O[Si](c1ccccc1)(c1ccccc1)c1ccc(-c2ccc([Si](*)(c3ccccc3)c3ccccc3)cc2)cc1,94.0,P472214,Polysiloxanes/silanes,133.27,5.29
*O[Si](C)(C)c1ccc(-c2ccc([Si](*)(C)C)cc2)cc1,67.0,P472215,Polysiloxanes/silanes,69.21,2.99
*O[Si](*)(C)CCCCCCCCCCCOc1ccc(-c2ccc(C(=O)Oc3ccc(C(=O)OC(C)C(=O)OC(C)C(=O)OCC(C)CC)cc3)cc2)cc1,20.0,P472216,Polysiloxanes/silanes,68.72,2.2
*O[Si](*)(C)CCCCCCCCCCCOc1ccc(-c2ccc(C(=O)Oc3ccc(C(=O)OC(C)C(=O)OC(C)C(=O)OC(C)C(=O)OCC(C)CC)cc3)cc2)cc1,15.0,P472217,Polysiloxanes/silanes,65.87,1.95
*O[Si](*)(C)CCCCCCCCCCC(=O)Oc1ccc(C(=O)OCCOc2ccc(C(=O)OC3CCC4(C)C(=CCC5C4CCC4(C)C(C(C)CCCC(C)C)CCC54)C3)cc2)cc1,25.0,P472229,Polysiloxanes/silanes,55.31,1.44
*O[Si](*)(C)CCCCCCCCCCC(=O)Oc1ccc(OC(=O)c2ccc(OCC(C)CC)cc2)cc1,13.4,P472234,Polysiloxanes/silanes,53.99,1.69
*O[Si](*)(C)CCCCCCCCCCC(=O)Oc1ccc(-c2ccc(OC(=O)c3ccc(OCC(C)CC)cc3)cc2)cc1,29.2,P472235,Polysiloxanes/silanes,63.06,2.63
*O[Si](*)(C)CCCCCCCCCCC(=O)Oc1ccc(C(=O)Oc2ccc(OC(=O)c3ccc(OCC(C)CC)cc3)cc2)cc1,28.5,P472236,Polysiloxanes/silanes,63.02,2.6
*O[Si](*)(C)CCCCCCCCCCC(=O)Oc1ccc(C(=O)Oc2ccc(-c3ccc(OC(=O)c4ccc(OCC(C)CC)cc4)cc3)cc2)cc1,74.3,P472237,Polysiloxanes/silanes,97.29,3.73
*O[Si](*)(C)CCCCCCCCCCCOc1ccc(C(=O)OC/C=C(\C)CCC=C(C)C)cc1,25.0,P472238,Polysiloxanes/silanes,32.69,0.94
*O[Si](C)(C)c1ccc([Si](*)(C)C)c2ccccc12,60.0,P472239,Polysiloxanes/silanes,73.56,2.48
*O[Si](C)(C)c1cccc2c([Si](*)(C)C)cccc12,62.0,P472240,Polysiloxanes/silanes,73.21,2.65
*O[Si](C)(C)c1ccc2cc([Si](*)(C)C)ccc2c1,29.0,P472241,Polysiloxanes/silanes,70.21,2.64
*O[Si](C)(C)c1ccc2ccc([Si](*)(C)C)cc2c1,26.0,P472242,Polysiloxanes/silanes,76.0,2.52
*O[Si](*)(C)CCCCCCCCCCC(=O)Oc1ccc(-c2ccc(OC(=O)c3ccc(OCCCCCCC)cc3)cc2)cc1,61.1,P472243,Polysiloxanes/silanes,73.13,2.33
*O[Si](*)(C)CC[Si](OCCOC)(OCCOC)OCCOC,28.9,P472245,Polysiloxanes/silanes,18.11,0.37
*O[Si](*)(C)CCCCCCCCCCC(=O)Oc1ccc2cc(C(=O)OC3CCC4(C)C(=CCC5C4CCC4(C)C(C(C)CCCC(C)C)CCC54)C3)ccc2c1,27.0,P472246,Polysiloxanes/silanes,59.13,1.9
*O[Si](*)(C)CCCOc1ccc(C(=O)OCCOc2ccc(C(=O)OC3CCC4(C)C(=CCC5C4CCC4(C)C(C(C)CCCC(C)C)CCC54)C3)cc2)cc1,42.0,P472248,Polysiloxanes/silanes,65.83,1.83
*O[Si](*)(C)CCCOc1ccc2c(c1)c1cc(-c3ccc4c(c3)c3ccccc3n4CC(CC)CCCC)ccc1n2CC(CC)CCCC,129.0,P472249,Polysiloxanes/silanes,127.86,5.09
*O[Si](*)(C)CCCOc1ccc(N(c2ccc(C)cc2)c2ccc(-c3ccc(N(c4ccccc4)c4ccc(C)cc4)cc3)cc2)cc1,102.0,P472250,Polysiloxanes/silanes,144.65,5.66
*O[Si](*)(C)CCCOc1ccc(-c2ccc(OC(=O)CCCCC(=O)OC3CC(C)CCC3C(C)C)cc2)cc1,43.3,P472255,Polysiloxanes/silanes,65.69,1.96
*O[Si](*)(C)CCCOc1ccc(C(=O)Oc2ccc(OC(=O)CCCCC(=O)OC3CC(C)CCC3C(C)C)cc2)cc1,45.3,P472256,Polysiloxanes/silanes,61.59,2.16
*O[Si](*)(C)CCCOc1ccc(C(=O)Oc2ccc(-c3ccc(OC(=O)CCCCC(=O)OC4CC(C)CCC4C(C)C)cc3)cc2)cc1,56.8,P472257,Polysiloxanes/silanes,87.37,3.12
*O[Si](*)(C)CCCCCCCCCCC(=O)Oc1ccc(-c2ccc(OC(=O)CCCCC(=O)OC3CC(C)CCC3C(C)C)cc2)cc1,16.5,P472258,Polysiloxanes/silanes,55.27,1.63
*O[Si](*)(C)CCCCCCCCCCC(=O)Oc1ccc(C(=O)Oc2ccc(OC(=O)CCCCC(=O)OC3CC(C)CCC3C(C)C)cc2)cc1,20.7,P472259,Polysiloxanes/silanes,50.84,1.65
*O[Si](*)(C)CCCCCCCCCCC(=O)Oc1ccc(C(=O)Oc2ccc(-c3ccc(OC(=O)CCCCC(=O)OC4CC(C)CCC4C(C)C)cc3)cc2)cc1,32.4,P472260,Polysiloxanes/silanes,64.52,2.13
*O[Si](C)(C)c1cc(OCCOCc2ccccc2)c([Si](*)(C)C)cc1OCCOCc1ccccc1,76.0,P472261,Polysiloxanes/silanes,79.69,2.95
*O[Si](C)(C)c1cc(OCCO)c([Si](*)(C)C)cc1OCCO,73.0,P472262,Polysiloxanes/silanes,46.34,1.74
*O[Si](C)(C)c1ccc2cc3cc([Si](*)(C)C)ccc3cc2c1,118.0,P472263,Polysiloxanes/silanes,101.75,4.16
*O[Si](C)(C)c1cccc2c1ccc1c([Si](*)(C)C)cccc12,100.0,P472265,Polysiloxanes/silanes,94.26,3.78
*[Si](*)(C)CCCOCC1COC(C)(C)O1,-48.0,P472266,Polysiloxanes/silanes,24.78,0.44
*O[Si](*)(C)CCc1cc(C(=O)Oc2ccc(OC)cc2)ccc1C(=O)Oc1ccc(OC)cc1,111.0,P472268,Polysiloxanes/silanes,81.55,3.52
*O[Si](*)(C)CCc1cc(C(=O)Oc2ccc(OCCCC)cc2)ccc1C(=O)Oc1ccc(OCCCC)cc1,92.0,P472269,Polysiloxanes/silanes,80.09,3.18
*O[Si](*)(C)CCc1cc(-c2nnc(-c3ccc(OCCCCCCCCCCCC)cc3)o2)ccc1-c1nnc(-c2ccc(OCCCCCCCCCCCC)cc2)o1,156.0,P472270,Polysiloxanes/silanes,88.29,4.53
*O[Si](*)(C)CCc1cc(C(=O)Oc2ccc(OCCCC)cc2)ccc1-c1ccc(C(=O)Oc2ccc(OCCCC)cc2)cc1,96.0,P472271,Polysiloxanes/silanes,103.45,3.81
*O[Si](*)(C)CCc1cc(C(=O)Oc2ccc(OCCCCCCCCCCCC)cc2)ccc1-c1ccc(C(=O)Oc2ccc(OCCCCCCCCCCCC)cc2)cc1,76.0,P472272,Polysiloxanes/silanes,74.71,2.96
*O[Si](*)(C)CC[Si](C)(C)O[Si](C)(C)CCCOc1cc(OC(=O)c2ccc(OCCCC)cc2)ccc1/N=N/c1ccc(OCCCC)cc1,-4.0,P472274,Polysiloxanes/silanes,58.92,2.17
*C#Cc1cccc(C#C[Si](*)(C)C)c1,50.0,P472277,Polysiloxanes/silanes,54.06,2.16
*O[Si](C)(C)C#Cc1ccc(C#C[Si](*)(C)C)cc1,126.0,P472278,Polysiloxanes/silanes,62.46,2.46
*O[Si](C)(C)O[Si](C)(C)C#Cc1ccc(C#C[Si](*)(C)C)cc1,104.0,P472279,Polysiloxanes/silanes,63.73,2.1
*O[Si](C)(C)O[Si](C)(C)O[Si](C)(C)C#Cc1ccc(C#C[Si](*)(C)C)cc1,96.0,P472280,Polysiloxanes/silanes,60.62,1.9
*O[Si](C)(C)O[Si](C)(C)O[Si](C)(C)O[Si](C)(C)C#Cc1ccc(C#C[Si](*)(C)C)cc1,84.0,P472281,Polysiloxanes/silanes,68.5,1.82
*O[Si](C)(C)O[Si](C)(C)O[Si](C)(C)O[Si](C)(C)O[Si](C)(C)C#Cc1ccc(C#C[Si](*)(C)C)cc1,78.0,P472282,Polysiloxanes/silanes,60.7,1.7
*O[SiH](*)Nc1cccc(N[Si](*)(C)O*)c1,177.5,P472284,Polysiloxanes/silanes,65.97,2.58
*O[Si](*)(C)C=C,-129.0,P470046,Polysiloxanes/silanes,16.68,0.27
*O[Si](*)(C)C=C,-129.0,P472310,Polysiloxanes/silanes,17.17,0.24
*O[Si](*)(C)CCCCCCOc1ccc(C(=O)Oc2ccc(C(=O)Oc3ccc(C=C(C(=O)OCCCCCCCCC)C(=O)OCCCCCCCCC)cc3)cc2)cc1,-5.0,P472103,Polysiloxanes/silanes,52.9,1.94
*O[Si](*)(C)CCCCCCOc1ccc(C(=O)Oc2ccc(C(=O)Oc3ccc(C=C(C(=O)OCCCCCCCCC)C(=O)OCCCCCCCCC)cc3)cc2)cc1,-5.0,P472311,Polysiloxanes/silanes,53.73,1.74
*O[Si](*)(C)CCCOc1ccc(C(=O)OC2CCC3(C)C(=CCC4C3CCC3(C)C(C(C)CCCC(C)C)CCC43)C2)cc1,61.1,P472149,Polysiloxanes/silanes,59.02,1.54
*O[Si](*)(C)CCCOc1ccc(C(=O)OC2CCC3(C)C(=CCC4C3CCC3(C)C(C(C)CCCC(C)C)CCC43)C2)cc1,61.1,P472312,Polysiloxanes/silanes,53.68,1.34
*O[Si](*)(C)c1ccccc1,-28.15,P472313,Polysiloxanes/silanes,48.63,1.45
*O[Si](C)(C)c1ccc2ccc3c([Si](*)(C)C)ccc4ccc1c2c43,65.0,P472329,Polysiloxanes/silanes,105.86,3.97
*N=P(*)(CCC)CCC,10.0,P482005,"Polyphosphazenes, Polyimines",28.66,0.8
*N=P(*)(NC(C)C(=O)OCC)NC(C)C(=O)OCC,-16.75,P482009,"Polyphosphazenes, Polyimines",24.61,0.48
*N=P(*)(Cl)Oc1ccc(C)cc1,-5.0,P482034,"Polyphosphazenes, Polyimines",47.65,1.65
*N=P(*)(Oc1ccc(C)cc1)n1cncn1,73.25,P482035,"Polyphosphazenes, Polyimines",76.27,2.58
*CC(=O)C(*)c1ccccc1,110.0,P490004,	Polyketones/thioketones,61.34,2.18
*CC(=O)C(*)C,23.0,P490008,	Polyketones/thioketones,33.02,1.06
*CC(=O)C(*)c1ccc(C(C)(C)C)cc1,158.0,P490010,	Polyketones/thioketones,60.72,2.35
*c1ccc(C(=O)c2ccc(C(=O)c3ccc(S(*)(=O)=O)cc3)cc2)cc1,213.5,P490018,"Polyketones/thioketones, Polysulfones/sulfoxides/sufonates/sulfoamides",106.72,4.02
*c1ccc(C(=O)c2cccc(C(=O)c3ccc(S(*)(=O)=O)cc3)c2)cc1,198.0,P490019,"Polyketones/thioketones, Polysulfones/sulfoxides/sufonates/sulfoamides",112.25,4.37
*OS(=O)(=O)c1cc(C)c(*)c(C)c1,153.0,P500007,Polysulfones/sulfoxides/sufonates/sulfoamides,69.72,2.28
*c1cccc(S(=O)(=O)NCCNS(*)(=O)=O)c1,107.0,P500010,Polysulfones/sulfoxides/sufonates/sulfoamides,58.42,1.96
*c1cccc(S(=O)(=O)NCCCCCCNS(*)(=O)=O)c1,67.0,P500015,Polysulfones/sulfoxides/sufonates/sulfoamides,48.69,1.54
*OS(=O)(=O)c1cc(S(=O)(=O)Oc2ccc(C3(c4ccc(*)cc4)CCCC3)cc2)ccc1C,134.0,P500023,Polysulfones/sulfoxides/sufonates/sulfoamides,96.89,3.76
*OS(=O)(=O)c1cccc(S(=O)(=O)Oc2ccc(C3(c4ccc(*)cc4)CCCCC3)cc2)c1,127.0,P500024,Polysulfones/sulfoxides/sufonates/sulfoamides,106.65,3.46
*OS(=O)(=O)c1cc(S(=O)(=O)Oc2ccc(C3(c4ccc(*)cc4)CCCCC3)cc2)ccc1C,142.0,P500025,Polysulfones/sulfoxides/sufonates/sulfoamides,106.96,3.93
*OS(=O)(=O)c1cccc(S(=O)(=O)Oc2ccc(C(C)(CC)c3ccc(*)cc3)cc2)c1,147.0,P500026,Polysulfones/sulfoxides/sufonates/sulfoamides,97.05,3.82
*OS(=O)(=O)c1cc(S(=O)(=O)Oc2ccc(C3(c4ccc(*)c(C)c4)CCCCC3)cc2C)ccc1C,141.0,P500027,Polysulfones/sulfoxides/sufonates/sulfoamides,105.07,3.57
*c1cccc(S(=O)(=O)NCCCNS(*)(=O)=O)c1,92.0,P500028,Polysulfones/sulfoxides/sufonates/sulfoamides,57.71,1.96
*c1cccc(S(=O)(=O)NCCCCNS(*)(=O)=O)c1,82.0,P500029,Polysulfones/sulfoxides/sufonates/sulfoamides,48.63,1.87
*c1cccc(S(=O)(=O)NCCCCCNS(*)(=O)=O)c1,74.0,P500030,Polysulfones/sulfoxides/sufonates/sulfoamides,50.45,1.69
*C/C=C/C(CC)S(*)(=O)=O,70.1,P500033,Polysulfones/sulfoxides/sufonates/sulfoamides,33.81,1.26
*C/C=C(\C)C(C)S(*)(=O)=O,73.0,P500034,Polysulfones/sulfoxides/sufonates/sulfoamides,36.72,1.27
*C/C=C/C(C)S(*)(=O)=O,71.0,P500035,Polysulfones/sulfoxides/sufonates/sulfoamides,41.47,1.32
*C/C(C)=C/C(C)S(*)(=O)=O,83.0,P500036,Polysulfones/sulfoxides/sufonates/sulfoamides,42.69,1.33
*C/C=C(\C)CS(*)(=O)=O,88.2,P500037,Polysulfones/sulfoxides/sufonates/sulfoamides,41.8,1.26
*C/C=C/CS(*)(=O)=O,86.0,P500038,Polysulfones/sulfoxides/sufonates/sulfoamides,36.23,1.28
*CC(CC(C)C)S(*)(=O)=O,23.0,P500039,Polysulfones/sulfoxides/sufonates/sulfoamides,30.62,0.99
*C1C2CCC(C2)C1S(*)(=O)=O,33.0,P500040,Polysulfones/sulfoxides/sufonates/sulfoamides,39.62,1.19
*c1ccc(S(*)(=O)=O)cc1,219.5,P500041,Polysulfones/sulfoxides/sufonates/sulfoamides,77.48,3.02
*c1c(C)cc(C(C)(C)c2cc(C)c(S(*)(=O)=O)c(C)c2)cc1C,230.0,P502001,Polysulfones/sulfoxides/sufonates/sulfoamides,90.74,3.63
*CCc1ccc(*)c(CCCC)c1,20.0,P510001,Polyphenylenes,45.39,1.78
*c1ccc(C(C#N)(C(=O)OCCCC)C(*)(C#N)C(=O)OCCCC)cc1,108.0,P510011,Polyphenylenes,51.97,1.91
*c1ccc(C(C#N)(C(=O)OC)C(*)(C#N)C(=O)OC)cc1,108.0,P510012,Polyphenylenes,55.8,2.31
*c1ccc(C(C#N)(C(=O)OCC)C(*)(C#N)C(=O)OCC)cc1,108.0,P510013,Polyphenylenes,63.26,1.94
*c1ccc(C(C#N)(C(=O)OCC(C)C)C(*)(C#N)C(=O)OCC(C)C)cc1,108.0,P510017,Polyphenylenes,58.41,2.1
*c1ccc(C(C#N)(C(=O)O)C(*)(C#N)C(=O)O)cc1,108.0,P510018,Polyphenylenes,58.65,1.94
*c1cc(*)cc(-c2nc3ccccc3o2)c1,250.0,P510027,Polyphenylenes,98.06,4.88
*c1ccc(-c2nc3ccccc3o2)c(*)c1,229.0,P510028,Polyphenylenes,111.04,4.87
*c1ccc(-c2nc3cc(C)ccc3o2)c(*)c1,221.0,P510029,Polyphenylenes,109.32,4.51
*c1cc(OCCCC)c(*)cc1OCCCC,37.0,P510043,Polyphenylenes,45.64,1.69
*/C(=C(/c1ccc(*)cc1)c1ccc(Oc2ccccc2)cc1)c1ccc(Oc2ccccc2)cc1,163.0,P510049,Polyphenylenes,117.92,5.74
*/C(=N\c1ccccc1)c1ccc(-c2ccc(*)cc2)cc1,225.0,P510053,Polyphenylenes,107.0,4.1
*c1ccc(*)c(C(=O)c2ccccc2)c1,180.0,P510054,Polyphenylenes,87.67,3.6
*c1ccc(*)c(C(=O)c2ccc(C)cc2)c1,202.0,P510055,Polyphenylenes,91.68,3.63
*c1ccc(*)c(C(=O)c2ccc(F)cc2)c1,194.0,P510056,Polyphenylenes,92.9,3.31
*/C=C/c1cc(OCC(CC)CCCC)c(*)cc1OC,79.0,P512008,Polyphenylenes,52.1,1.63
*/C=C/c1cc(OCCCCCCC)c(/C=C/c2ccc(*)cc2)cc1OCCCCCCC,46.0,P512022,Polyphenylenes,54.69,1.82
*/C=C/c1cc(OCCCCCCCCC)c(/C=C/c2ccc(*)cc2)cc1OCCCCCCCCC,44.0,P512023,Polyphenylenes,45.22,1.89
*/C=C/c1cc(OCCCCCCCCCCCC)c(/C=C/c2ccc(*)cc2)cc1OCCCCCCCCCCCC,38.0,P512024,Polyphenylenes,36.27,1.33
*/C=C/c1cc(OCCCCCCCCCCCCCCCC)c(/C=C/c2ccc(*)cc2)cc1OCCCCCCCCCCCCCCCC,33.0,P512025,Polyphenylenes,24.95,1.11
*/C=C/c1cc(OCCCC)c(*)cc1OC,65.0,P512028,Polyphenylenes,49.39,1.86
*c1ccc(-c2ccc(C(*)(C(F)(F)F)C(F)(F)F)cc2)cc1,264.0,P512029,Polyphenylenes,104.97,4.05
*Oc1cc(Br)cc(Br)c1*,170.0,P512034,Polyoxides/ethers/acetals,67.38,2.71
*Cc1cc(C(C)(C)C)cc(*)c1O,50.0,P512050,Polyphenylenes,53.19,2.14
*c1cc(C(C)(C)c2ccc(O)cc2)cc(*)c1O,135.0,P512055,Polyphenylenes,79.21,3.35
*c1ccc(-c2ccc3c(c2)C(CCCCCCCC)(CCCCCCCC)c2cc(*)ccc2-3)cc1,81.0,P512058,Polyphenylenes,69.75,3.08
*c1ccc(-c2ccc3c(c2)C(CCCCCCCC)(CCCCCCCC)c2cc(*)ccc2-3)c(F)c1,34.0,P512059,Polyphenylenes,66.65,2.56
*c1ccc2c(c1)C(CCCCCCCC)(CCCCCCCC)c1cc(-c3cc(F)c(*)cc3F)ccc1-2,34.0,P512060,Polyphenylenes,75.61,3.02
*c1ccc2c(c1)C(CCCCCCCC)(CCCCCCCC)c1cc(-c3c(F)c(F)c(*)c(F)c3F)ccc1-2,29.0,P512061,Polyphenylenes,77.17,2.76
*/C(C#N)=C/c1cc(OCCCCCCCC)c(/C=C(\C#N)c2cc(OCCCCCCCC)c(*)cc2OC)cc1OC,174.0,P512062,Polyphenylenes,68.72,2.66
*/C(C#N)=C/c1cc(OCCCCCCCCCC)c(/C=C(\C#N)c2cc(OCCCCCCCCCC)c(*)cc2OC)cc1OC,198.0,P512063,Polyphenylenes,55.61,2.54
*/C(C#N)=C/c1cc(OCCCCCCCCCCCC)c(/C=C(\C#N)c2cc(OCCCCCCCCCCCC)c(*)cc2OC)cc1OC,181.0,P512064,Polyphenylenes,57.97,2.22
*/C(C#N)=C/c1cc(OCCCCCCCCCCCCCCCC)c(/C=C(\C#N)c2cc(OCCCCCCCCCCCCCCCC)c(*)cc2OC)cc1OC,190.0,P512065,Polyphenylenes,44.6,1.59
*/C=C(/c1ccc(*)cc1)c1ccc(C(F)(F)F)cc1,199.0,P512066,Polyphenylenes,96.54,3.79
*/C(=C/c1ccc(/C=C(\c2ccccc2)c2ccc(-c3ccc(*)cc3)cc2)cc1)c1ccccc1,220.0,P512067,Polyphenylenes,131.03,5.95
*/C(=C/c1cc(OC)c(/C=C(\c2ccc(F)cc2)c2ccc(-c3ccc(*)cc3)cc2)cc1OC)c1ccc(F)cc1,201.0,P512068,Polyphenylenes,126.83,6.14
*/C(=C/c1cc(OC)c(/C=C(\c2ccccc2)c2ccc(-c3ccc(*)cc3)cc2)cc1OC)c1ccccc1,223.0,P512069,Polyphenylenes,134.03,5.92
*/C(=C/c1cc(OC)c(/C=C(\c2ccccc2)c2ccc3cc(*)ccc3c2)cc1OC)c1ccccc1,198.0,P512070,Polyphenylenes,140.75,6.03
*/C(=C/c1cc(OC)c(/C=C(/c2ccc(*)cc2)c2ccc(C(F)(F)F)cc2)cc1OC)c1ccc(C(F)(F)F)cc1,208.0,P512071,Polyphenylenes,134.39,4.58
*/C(=C/c1cc(OC)c(/C=C(/c2ccc(*)cc2)c2ccc(F)cc2)cc1OC)c1ccc(F)cc1,193.0,P512072,Polyphenylenes,114.09,4.75
*/C(=C/c1cc(OC)c(/C=C(/c2ccc(*)cc2)c2ccc(OC)cc2)cc1OC)c1ccc(OC)cc1,170.0,P512073,Polyphenylenes,124.04,4.95
*/C(=C/c1cc(OC)c(/C=C(\c2ccc(F)cc2)c2ccc3cc(*)ccc3c2)cc1OC)c1ccc(F)cc1,208.0,P512074,Polyphenylenes,132.05,6.11
*/C=C/c1cc(OCC(CC)CCCC)c(/C=C/c2cc(OC)c(*)cc2OC)cc1OC,110.0,P512075,Polyphenylenes,72.41,2.44
*/C=C/c1cc(OC)c(/C=C/c2ccc(/C=C(\Oc3ccccc3)c3ccc(/C(=C/c4ccc(*)cc4)c4ccc(Oc5ccccc5)cc4)cc3)cc2)cc1OC,175.0,P512076,Polyphenylenes,155.44,6.6
*c1cc(/N=N/c2ccc(OC)cc2)cc(*)c1O,134.0,P512083,Polyphenylenes,79.23,3.11
*c1cc(/N=N/c2ccc(C#N)cc2)cc(*)c1O,176.0,P512086,Polyphenylenes,84.32,3.08
*/C=C/c1cc(OCCC(C)CCCC(C)C)c(*)cc1OC,54.5,P512088,Polyphenylenes,45.82,1.66
*/C=C/c1cc(OCCCCCC)c(*)cc1OC,60.0,P512089,Polyphenylenes,47.13,1.73
*/C=C/c1cc(OCCCCCC)c(*)cc1OC,60.0,P512152,Polyphenylenes,42.27,1.73
*c1ccc(-c2cc(-c3ccc(OCCCCCC)cc3)cc(-c3ccc(-c4ccc5c(c4)C(CCCCCC)(CCCCCC)c4cc(*)ccc4-5)cc3)c2-c2ccc(OCCCCCC)cc2)cc1,118.0,P512117,Polyphenylenes,144.35,5.58
*c1ccc(-c2cc(-c3ccc(OCC(CC)CCCC)cc3)cc(-c3ccc(-c4ccc5c(c4)C(CCCCCC)(CCCCCC)c4cc(*)ccc4-5)cc3)c2-c2ccc(OCC(CC)CCCC)cc2)cc1,110.0,P512118,Polyphenylenes,147.81,5.83
*c1ccc(-c2cc(-c3ccc(OCCCCCCCCCCCC)cc3)cc(-c3ccc(-c4ccc5c(c4)C(CCCCCC)(CCCCCC)c4cc(*)ccc4-5)cc3)c2-c2ccc(OCCCCCCCCCCCC)cc2)cc1,79.0,P512119,Polyphenylenes,130.76,5.45
*/C=C/c1ccc(*)c(-c2ccc(OCC(CC)CCCC)c3ccccc23)c1,135.0,P512120,Polyphenylenes,82.05,3.87
*/C=C/c1ccc(*)c(-c2c(OCC(CC)CCCC)ccc3ccccc23)c1,118.0,P512121,Polyphenylenes,80.35,3.21
*/C=C/c1ccc(*)c(-c2c(OCC(CC)CCCC)ccc3cc(-c4ccccc4)ccc23)c1,141.0,P512122,Polyphenylenes,97.1,4.61
*/C=C/c1ccc(*)c(OCc2cc(OCCC(C)CCCC(C)C)cc(OCC(CC)CCCC)c2)c1,227.0,P512127,Polyphenylenes,65.33,2.79
*/C=C/c1ccc(*)c(OCc2cc(OCc3cc(OCCC(C)CCCC(C)C)cc(OCCC(C)CCCC(C)C)c3)cc(OCc3cc(OCC(CC)CCCC)cc(OCC(CC)CCCC)c3)c2)c1,223.0,P512128,Polyphenylenes,89.41,3.03
*c1ccc(-c2ccc3c(c2)C(CCCCCCBr)(CCCCCCBr)c2cc(*)ccc2-3)cc1,122.0,P512129,Polyphenylenes,89.56,3.44
*c1ccc(-c2ccc3c(c2)C(CCCCCCC#N)(CCCCCCC#N)c2cc(*)ccc2-3)cc1,90.0,P512130,Polyphenylenes,81.9,3.09
*/C=C/c1ccc(*)c(-c2cc(OCCC(C)C)c(OCCC(C)C)cc2-c2ccccc2)c1,164.0,P512135,Polyphenylenes,96.04,3.41
*c1ccc(-c2ccc(C3(*)CCCCC3)cc2)cc1,287.0,P512136,Polyphenylenes,87.29,3.63
*c1ccc(-c2ccc(C3(*)c4ccccc4-c4ccccc43)cc2)cc1,297.0,P512138,Polyphenylenes,127.1,6.03
*/C=C/c1cc(OCC2CC3CC2C2CCCC32)c(*)cc1OC,174.0,P512140,Polyphenylenes,72.37,2.37
*c1ccc(-c2ccc3c(c2)C(CCCCCC)(CCCCCC)c2cc(*)ccc2-3)cc1,106.2,P512145,Polyphenylenes,89.7,3.42
*c1ccc2c(c1)C(CCCCCC)(CCCCCC)c1cc(-c3cc(CCCCCC)c(*)cc3CCCCCC)ccc1-2,78.8,P512146,Polyphenylenes,73.11,2.73
*c1ccc2c(c1)C(CCCCCC)(CCCCCC)c1cc(-c3cc(CCCCCCCC)c(*)cc3CCCCCCCC)ccc1-2,74.5,P512147,Polyphenylenes,60.99,2.43
*/C=C/c1cc(OCCCCCCCC)c(*)cc1OC,58.0,P512149,Polyphenylenes,40.87,1.54
*/C=C/c1cc(OCCCCCCCCCCCC)c(*)cc1OC,36.0,P512150,Polyphenylenes,39.71,1.18
*/C=C/c1cc(OCCCCCC)c(*)cc1OC,60.0,P512089,Polyphenylenes,47.9,1.65
*/C=C/c1cc(OCCCCCC)c(*)cc1OC,60.0,P512152,Polyphenylenes,46.27,1.75
*/C=C/c1ccc(/C=C/c2ccc3c(c2)C(CCCCCCOc2ccc4ccc(=O)oc4c2)(CCCCCCOc2ccc4ccc(=O)oc4c2)c2cc(*)ccc2-3)cc1,104.0,P512153,Polyphenylenes,152.87,6.54
*c1ccc2c(c1)C(CCCCCC)(CCCCCC)c1cc(-c3cc(OCCCCCCCC)c(*)cc3OCCCCCCCC)ccc1-2,58.0,P512157,Polyphenylenes,61.81,2.41
*c1ccc2c(c1)C(CCCCCC)(CCCCCC)c1cc(-c3cc(OCc4ccccc4)c(*)cc3OCc3ccccc3)ccc1-2,73.0,P512158,Polyphenylenes,115.4,4.95
*/C=C/c1cc(OCC(CC)CCCC)c(*)cc1-c1ccc(N(c2ccc(OC)cc2)c2ccc(OC)cc2)cc1,163.0,P512159,Polyphenylenes,98.27,4.28
*/C=C/c1cc(OCC(CC)CCCC)c(*)cc1-c1ccc(F)c(C(F)(F)F)c1,122.0,P512165,Polyphenylenes,73.28,2.54
*/C(C#N)=C/c1cc(/C=C(\C#N)c2ccc3c(c2)C(CCCCCCCC)(CCCCCCCC)c2cc(*)ccc2-3)cc(N(c2ccccc2)c2ccccc2)c1,136.0,P512166,Polyphenylenes,124.6,4.76
*/C=C/c1cc(OCCc2ccccc2)c(*)cc1OC,121.0,P512194,Polyphenylenes,68.78,2.65
*c1cc(/C=N/c2ccc3c(c2)c2cc(/N=C/c4cc(*)c(O)c(*)c4)ccc2n3CCCC)ccc1O,306.0,P512199,Polyphenylenes,157.65,6.16
*c1cc(/C=N/c2ccc3c(c2)c2cc(/N=C/c4cc(*)c(O)c(*)c4)ccc2n3CCCCCC)ccc1O,327.0,P512200,Polyphenylenes,137.95,6.75
*c1cc(/C=N/c2ccc3c(c2)c2cc(/N=C/c4cc(*)c(O)c(*)c4)ccc2n3CCCCCCCCCCCC)ccc1O,310.0,P512201,Polyphenylenes,147.66,5.73
*/C=C/[Ge](*)(c1ccccc1)c1ccccc1,-36.0,P520015,Other polymers,64.26,2.35
*[Se]c1c(Cl)c(Cl)c(*)c(Cl)c1Cl,104.0,P520020,Other polymers,61.84,2.15
*CC(*)(F)C(=O)OCC(F)(F)F,124.0,P520022,Other polymers,49.47,1.44
*CC(*)(F)C(=O)OCC(F)(F)C(F)(F)F,99.0,P520023,Other polymers,46.59,1.37
*CC(*)(F)C(=O)OCC(F)(F)C(F)F,90.5,P520024,Other polymers,39.62,1.28
*CC(*)(F)C(=O)OCC(F)(F)C(F)(F)C(F)(F)C(F)F,60.0,P520025,Other polymers,35.05,0.95
*CC(*)(F)C(=O)OCCC(F)(F)C(F)(F)C(F)(F)C(F)(F)C(F)(F)C(F)(F)C(F)(F)C(F)(F)F,87.5,P520026,Other polymers,47.55,0.96
*CC(*)(F)C(=O)OCC(F)(F)C(F)(F)C(F)(F)F,75.0,P522008,Other polymers,40.63,1.22
*CC(*)(F)C(=O)OCC(F)(F)C(F)(F)C(F)(F)C(F)(F)F,63.0,P522009,Other polymers,42.6,1.08
*CC(*)(F)C(=O)OCCC(F)(F)C(F)(F)C(F)(F)C(F)(F)F,6.0,P522016,Other polymers,32.64,0.74
*CC(*)(F)C(=O)OCCC(F)(F)C(F)(F)C(F)(F)C(F)(F)C(F)(F)C(F)(F)F,53.0,P522017,Other polymers,37.04,0.77
*CC(*)(F)C(=O)OCCC(F)(F)C(F)(F)C(F)(F)C(F)(F)C(F)(F)C(F)(F)C(F)(F)C(F)(F)C(F)(F)C(F)(F)F,53.0,P522018,Other polymers,38.32,0.57
*CC(*)(F)C(=O)OC(C(F)(F)F)C(F)(F)F,102.0,P522019,Other polymers,48.47,1.33
*CC(*)(F)C(=O)OCC,94.0,P522020,Other polymers,40.86,1.28
*CC(*)(F)C(=O)OCCC,62.0,P522021,Other polymers,32.71,1.2
*CC(F)(F)C1(F)C(*)CC(O)(C(F)(F)F)C1(F)F,152.0,P522041,Other polymers,59.22,1.78
*CC(F)(F)C1(F)CC(CC(O)(C(F)(F)F)C(F)(F)F)CC1*,98.0,P522047,Other polymers,44.7,1.37
*CC(F)(F)C1(F)CC(C(O)(C(F)(F)F)C(F)(F)F)CC1*,118.0,P522048,Other polymers,55.08,1.42
*CC(*)(F)C(=O)OCC(Cl)(Cl)Cl,127.0,P522055,Other polymers,52.24,1.57
*/C=C/*,332.7088378,P014362,Polydienes,66.02,2.6
*C*,270.6233171,P010001,Polyolefins,62.42,2.28
